wort	laenge	haeufigkeit	schreibweise	grund	evidenz
USA	3	1385	USA	abk_grossschreibung	ALL=1382/1385
EUR	3	860	EUR	abk_grossschreibung	ALL=858/860
SPD	3	651	SPD	abk_grossschreibung	ALL=651/651
ISBN	4	638	ISBN	abk_grossschreibung	ALL=638/638
CDU	3	459	CDU	abk_grossschreibung	ALL=459/459
TSV	3	403	TSV	abk_grossschreibung	ALL=403/403
DDR	3	384	DDR	abk_grossschreibung	ALL=380/384
III	3	384	III	abk_grossschreibung	ALL=350/384
FDP	3	287	FDP	abk_grossschreibung	ALL=287/287
USD	3	237	USD	abk_grossschreibung	ALL=237/237
BMW	3	210	BMW	abk_grossschreibung	ALL=210/210
DVD	3	196	DVD	abk_grossschreibung	ALL=195/196
NRW	3	178	NRW	abk_grossschreibung	ALL=178/178
CSU	3	145	CSU	abk_grossschreibung	ALL=145/145
EBIT	4	101	EBIT	abk_grossschreibung	ALL=81/101
OEVP	4	89	ÖVP	abk_grossschreibung	ALL=89/89
HSV	3	87	HSV	abk_grossschreibung	ALL=87/87
SVP	3	87	SVP	abk_grossschreibung	ALL=87/87
RWE	3	85	RWE	abk_grossschreibung	ALL=85/85
GEA	3	82	GEA	abk_grossschreibung	ALL=76/82
SPOE	4	78	SPÖ	abk_grossschreibung	ALL=78/78
ZDF	3	78	ZDF	abk_grossschreibung	ALL=78/78
SMI	3	77	SMI	abk_grossschreibung	ALL=77/77
RTL	3	76	RTL	abk_grossschreibung	ALL=76/76
NATO	4	75	NATO	abk_grossschreibung	ALL=53/75
ARD	3	73	ARD	abk_grossschreibung	ALL=71/73
CHF	3	72	CHF	abk_grossschreibung	ALL=72/72
NSDAP	5	71	NSDAP	abk_grossschreibung	ALL=71/71
SAP	3	71	SAP	abk_grossschreibung	ALL=69/71
FIFA	4	70	FIFA	abk_grossschreibung	ALL=57/70
PDS	3	70	PDS	abk_grossschreibung	ALL=70/70
TUI	3	68	TUI	abk_grossschreibung	ALL=43/68
VIII	4	68	VIII	abk_grossschreibung	ALL=56/68
DIN	3	61	DIN	abk_grossschreibung	ALL=58/61
EPS	3	61	EPS	abk_grossschreibung	ALL=47/61
EADS	4	59	EADS	abk_grossschreibung	ALL=59/59
BASF	4	57	BASF	abk_grossschreibung	ALL=56/57
BBC	3	57	BBC	abk_grossschreibung	ALL=55/57
BGB	3	57	BGB	abk_grossschreibung	ALL=57/57
UBS	3	57	UBS	abk_grossschreibung	ALL=57/57
DFB	3	56	DFB	abk_grossschreibung	ALL=56/56
ISS	3	56	ISS	abk_grossschreibung	ALL=54/56
VII	3	56	VII	abk_grossschreibung	ALL=42/56
KPD	3	53	KPD	abk_grossschreibung	ALL=53/53
PDF	3	52	PDF	abk_grossschreibung	ALL=48/52
NHL	3	51	NHL	abk_grossschreibung	ALL=51/51
IBM	3	50	IBM	abk_grossschreibung	ALL=50/50
NASA	4	50	NASA	abk_grossschreibung	ALL=42/50
VEB	3	50	VEB	abk_grossschreibung	ALL=50/50
GDL	3	48	GDL	abk_grossschreibung	ALL=48/48
WHO	3	48	WHO	abk_grossschreibung	ALL=31/48
BSG	3	47	BSG	abk_grossschreibung	ALL=47/47
URL	3	47	URL	abk_grossschreibung	ALL=47/47
BGH	3	46	BGH	abk_grossschreibung	ALL=46/46
BSC	3	46	BSC	abk_grossschreibung	ALL=46/46
FPOE	4	46	FPÖ	abk_grossschreibung	ALL=46/46
EBITDA	6	45	EBITDA	abk_grossschreibung	ALL=40/45
UTC	3	45	UTC	abk_grossschreibung	ALL=45/45
AMD	3	44	AMD	abk_grossschreibung	ALL=43/44
SED	3	44	SED	abk_grossschreibung	ALL=42/44
DNA	3	43	DNA	abk_grossschreibung	ALL=43/43
FIA	3	41	FIA	abk_grossschreibung	ALL=37/41
HSG	3	41	HSG	abk_grossschreibung	ALL=40/41
UNO	3	41	UNO	abk_grossschreibung	ALL=27/41
BRT	3	40	BRT	abk_grossschreibung	ALL=40/40
ADAC	4	39	ADAC	abk_grossschreibung	ALL=39/39
EZB	3	39	EZB	abk_grossschreibung	ALL=39/39
ORF	3	39	ORF	abk_grossschreibung	ALL=38/39
UEFA	4	39	UEFA	abk_grossschreibung	ALL=32/39
WDR	3	39	WDR	abk_grossschreibung	ALL=39/39
ABC	3	38	ABC	abk_grossschreibung	ALL=37/38
NPD	3	38	NPD	abk_grossschreibung	ALL=38/38
AOL	3	37	AOL	abk_grossschreibung	ALL=36/37
SMS	3	37	SMS	abk_grossschreibung	ALL=36/37
THW	3	37	THW	abk_grossschreibung	ALL=37/37
DGB	3	35	DGB	abk_grossschreibung	ALL=35/35
HRE	3	35	HRE	abk_grossschreibung	ALL=35/35
NBA	3	35	NBA	abk_grossschreibung	ALL=35/35
STD	3	35	STD	abk_grossschreibung	ALL=29/35
USB	3	35	USB	abk_grossschreibung	ALL=35/35
BIP	3	34	BIP	abk_grossschreibung	ALL=34/34
CIA	3	34	CIA	abk_grossschreibung	ALL=32/34
FTSE	4	34	FTSE	abk_grossschreibung	ALL=33/34
ISO	3	34	ISO	abk_grossschreibung	ALL=29/34
MTV	3	34	MTV	abk_grossschreibung	ALL=34/34
SGB	3	34	SGB	abk_grossschreibung	ALL=34/34
XII	3	34	XII	abk_grossschreibung	ALL=31/34
HTML	4	33	HTML	abk_grossschreibung	ALL=31/33
GAL	3	32	GAL	abk_grossschreibung	ALL=29/32
JPY	3	32	JPY	abk_grossschreibung	ALL=32/32
MDR	3	32	MDR	abk_grossschreibung	ALL=31/32
SSV	3	32	SSV	abk_grossschreibung	ALL=32/32
HKD	3	31	HKD	abk_grossschreibung	ALL=31/31
IHK	3	31	IHK	abk_grossschreibung	ALL=31/31
PLZ	3	31	PLZ	abk_grossschreibung	ALL=29/31
USS	3	31	USS	abk_grossschreibung	ALL=31/31
HSH	3	30	HSH	abk_grossschreibung	ALL=29/30
CEO	3	29	CEO	abk_grossschreibung	ALL=29/29
KSC	3	29	KSC	abk_grossschreibung	ALL=29/29
SBB	3	29	SBB	abk_grossschreibung	ALL=29/29
UMTS	4	29	UMTS	abk_grossschreibung	ALL=29/29
CPU	3	28	CPU	abk_grossschreibung	ALL=27/28
DJK	3	28	DJK	abk_grossschreibung	ALL=28/28
NDR	3	28	NDR	abk_grossschreibung	ALL=27/28
NFL	3	28	NFL	abk_grossschreibung	ALL=28/28
PIN	3	28	PIN	abk_grossschreibung	ALL=18/28
WWE	3	28	WWE	abk_grossschreibung	ALL=26/28
CVP	3	27	CVP	abk_grossschreibung	ALL=27/27
DFL	3	27	DFL	abk_grossschreibung	ALL=27/27
FSV	3	27	FSV	abk_grossschreibung	ALL=27/27
IOC	3	27	IOC	abk_grossschreibung	ALL=27/27
NOE	3	27	NÖ	abk_grossschreibung	ALL=20/27
TSG	3	27	TSG	abk_grossschreibung	ALL=27/27
BUX	3	26	BUX	abk_grossschreibung	ALL=21/26
CNN	3	26	CNN	abk_grossschreibung	ALL=26/26
WWW	3	26	WWW	abk_grossschreibung	ALL=19/26
BRD	3	25	BRD	abk_grossschreibung	ALL=25/25
FCA	3	25	FCA	abk_grossschreibung	ALL=25/25
FCB	3	25	FCB	abk_grossschreibung	ALL=25/25
LED	3	25	LED	abk_grossschreibung	ALL=21/25
MOPO	4	25	MOPO	abk_grossschreibung	ALL=25/25
NSG	3	25	NSG	abk_grossschreibung	ALL=25/25
SWR	3	25	SWR	abk_grossschreibung	ALL=24/25
ASV	3	24	ASV	abk_grossschreibung	ALL=24/24
BVB	3	24	BVB	abk_grossschreibung	ALL=21/24
GBP	3	24	GBP	abk_grossschreibung	ALL=21/24
HMS	3	24	HMS	abk_grossschreibung	ALL=24/24
LBBW	4	24	LBBW	abk_grossschreibung	ALL=24/24
WLAN	4	24	WLAN	abk_grossschreibung	ALL=23/24
XVI	3	24	XVI	abk_grossschreibung	ALL=24/24
ATX	3	23	ATX	abk_grossschreibung	ALL=23/23
BAG	3	23	BAG	abk_grossschreibung	ALL=18/23
FBI	3	23	FBI	abk_grossschreibung	ALL=23/23
PMID	4	23	PMID	abk_grossschreibung	ALL=23/23
AOK	3	22	AOK	abk_grossschreibung	ALL=22/22
FAZ	3	22	FAZ	abk_grossschreibung	ALL=20/22
IRA	3	22	IRA	abk_grossschreibung	ALL=17/22
LSG	3	22	LSG	abk_grossschreibung	ALL=22/22
NABU	4	22	NABU	abk_grossschreibung	ALL=21/22
UCI	3	22	UCI	abk_grossschreibung	ALL=22/22
AFC	3	21	AFC	abk_grossschreibung	ALL=21/21
BSE	3	21	BSE	abk_grossschreibung	ALL=19/21
DLRG	4	21	DLRG	abk_grossschreibung	ALL=21/21
DRK	3	21	DRK	abk_grossschreibung	ALL=21/21
DTM	3	21	DTM	abk_grossschreibung	ALL=21/21
HSBC	4	21	HSBC	abk_grossschreibung	ALL=21/21
IWF	3	21	IWF	abk_grossschreibung	ALL=21/21
LAZ	3	21	LAZ	abk_grossschreibung	ALL=21/21
MSV	3	21	MSV	abk_grossschreibung	ALL=17/21
RAM	3	21	RAM	abk_grossschreibung	ALL=17/21
WASG	4	21	WASG	abk_grossschreibung	ALL=20/21
AFP	3	20	AFP	abk_grossschreibung	ALL=18/20
ATP	3	20	ATP	abk_grossschreibung	ALL=20/20
BKA	3	20	BKA	abk_grossschreibung	ALL=20/20
BVG	3	20	BVG	abk_grossschreibung	ALL=20/20
FDA	3	20	FDA	abk_grossschreibung	ALL=20/20
FTP	3	20	FTP	abk_grossschreibung	ALL=17/20
ISDN	4	20	ISDN	abk_grossschreibung	ALL=20/20
RIA	3	20	RIA	abk_grossschreibung	ALL=16/20
XIV	3	20	XIV	abk_grossschreibung	ALL=20/20
CBS	3	19	CBS	abk_grossschreibung	ALL=19/19
CSS	3	19	CSS	abk_grossschreibung	ALL=19/19
LPG	3	19	LPG	abk_grossschreibung	ALL=19/19
MTS	3	19	MTS	abk_grossschreibung	ALL=18/19
XIII	4	19	XIII	abk_grossschreibung	ALL=18/19
ASK	3	18	ASK	abk_grossschreibung	ALL=13/18
DAB	3	18	DAB	abk_grossschreibung	ALL=17/18
DKP	3	18	DKP	abk_grossschreibung	ALL=18/18
HGB	3	18	HGB	abk_grossschreibung	ALL=18/18
KGV	3	18	KGV	abk_grossschreibung	ALL=18/18
PKK	3	18	PKK	abk_grossschreibung	ALL=18/18
RAG	3	18	RAG	abk_grossschreibung	ALL=13/18
ABS	3	17	ABS	abk_grossschreibung	ALL=14/17
BMI	3	17	BMI	abk_grossschreibung	ALL=16/17
BND	3	17	BND	abk_grossschreibung	ALL=17/17
BSV	3	17	BSV	abk_grossschreibung	ALL=17/17
CAC	3	17	CAC	abk_grossschreibung	ALL=14/17
CAS	3	17	CAS	abk_grossschreibung	ALL=14/17
ETA	3	17	ETA	abk_grossschreibung	ALL=11/17
FWG	3	17	FWG	abk_grossschreibung	ALL=17/17
JVA	3	17	JVA	abk_grossschreibung	ALL=17/17
SEC	3	17	SEC	abk_grossschreibung	ALL=11/17
VHS	3	17	VHS	abk_grossschreibung	ALL=13/17
WTI	3	17	WTI	abk_grossschreibung	ALL=17/17
AIG	3	16	AIG	abk_grossschreibung	ALL=16/16
AUA	3	16	AUA	abk_grossschreibung	ALL=11/16
BNP	3	16	BNP	abk_grossschreibung	ALL=16/16
CAD	3	16	CAD	abk_grossschreibung	ALL=16/16
EMI	3	16	EMI	abk_grossschreibung	ALL=13/16
GPS	3	16	GPS	abk_grossschreibung	ALL=16/16
RAF	3	16	RAF	abk_grossschreibung	ALL=15/16
RWTH	4	16	RWTH	abk_grossschreibung	ALL=16/16
WAP	3	16	WAP	abk_grossschreibung	ALL=16/16
BIOS	4	15	BIOS	abk_grossschreibung	ALL=10/15
DFG	3	15	DFG	abk_grossschreibung	ALL=15/15
FCZ	3	15	FCZ	abk_grossschreibung	ALL=15/15
FTD	3	15	FTD	abk_grossschreibung	ALL=15/15
OEBB	4	15	ÖBB	abk_grossschreibung	ALL=15/15
PSV	3	15	PSV	abk_grossschreibung	ALL=15/15
SFB	3	15	SFB	abk_grossschreibung	ALL=14/15
SPI	3	15	SPI	abk_grossschreibung	ALL=13/15
UPS	3	15	UPS	abk_grossschreibung	ALL=11/15
WWF	3	15	WWF	abk_grossschreibung	ALL=15/15
ANC	3	14	ANC	abk_grossschreibung	ALL=14/14
APA	3	14	APA	abk_grossschreibung	ALL=10/14
ASP	3	14	ASP	abk_grossschreibung	ALL=14/14
AWO	3	14	AWO	abk_grossschreibung	ALL=13/14
BZOE	4	14	BZÖ	abk_grossschreibung	ALL=14/14
DHL	3	14	DHL	abk_grossschreibung	ALL=14/14
EHC	3	14	EHC	abk_grossschreibung	ALL=14/14
ESA	3	14	ESA	abk_grossschreibung	ALL=14/14
EWE	3	14	EWE	abk_grossschreibung	ALL=12/14
FDJ	3	14	FDJ	abk_grossschreibung	ALL=14/14
GEW	3	14	GEW	abk_grossschreibung	ALL=12/14
HTC	3	14	HTC	abk_grossschreibung	ALL=14/14
MGM	3	14	MGM	abk_grossschreibung	ALL=14/14
MLP	3	14	MLP	abk_grossschreibung	ALL=14/14
NASCAR	6	14	NASCAR	abk_grossschreibung	ALL=13/14
OLG	3	14	OLG	abk_grossschreibung	ALL=14/14
OMV	3	14	OMV	abk_grossschreibung	ALL=14/14
PHP	3	14	PHP	abk_grossschreibung	ALL=13/14
PPP	3	14	PPP	abk_grossschreibung	ALL=13/14
PVC	3	14	PVC	abk_grossschreibung	ALL=14/14
WSV	3	14	WSV	abk_grossschreibung	ALL=14/14
API	3	13	API	abk_grossschreibung	ALL=10/13
BVV	3	13	BVV	abk_grossschreibung	ALL=13/13
CMS	3	13	CMS	abk_grossschreibung	ALL=13/13
CRM	3	13	CRM	abk_grossschreibung	ALL=13/13
DSL	3	13	DSL	abk_grossschreibung	ALL=12/13
DSV	3	13	DSV	abk_grossschreibung	ALL=13/13
EDV	3	13	EDV	abk_grossschreibung	ALL=13/13
FFC	3	13	FFC	abk_grossschreibung	ALL=13/13
IEC	3	13	IEC	abk_grossschreibung	ALL=13/13
ING	3	13	ING	abk_grossschreibung	ALL=10/13
JTWC	4	13	JTWC	abk_grossschreibung	ALL=13/13
KSV	3	13	KSV	abk_grossschreibung	ALL=13/13
NBC	3	13	NBC	abk_grossschreibung	ALL=13/13
OEPNV	5	13	ÖPNV	abk_grossschreibung	ALL=13/13
OSC	3	13	OSC	abk_grossschreibung	ALL=13/13
SEK	3	13	SEK	abk_grossschreibung	ALL=12/13
SSF	3	13	SSF	abk_grossschreibung	ALL=13/13
TSC	3	13	TSC	abk_grossschreibung	ALL=13/13
WAZ	3	13	WAZ	abk_grossschreibung	ALL=13/13
XXX	3	13	XXX	abk_grossschreibung	ALL=10/13
AIK	3	12	AIK	abk_grossschreibung	ALL=12/12
AKW	3	12	AKW	abk_grossschreibung	ALL=8/12
AMS	3	12	AMS	abk_grossschreibung	ALL=12/12
BDI	3	12	BDI	abk_grossschreibung	ALL=12/12
DAAD	4	12	DAAD	abk_grossschreibung	ALL=12/12
EOS	3	12	EOS	abk_grossschreibung	ALL=8/12
ESC	3	12	ESC	abk_grossschreibung	ALL=12/12
GTI	3	12	GTI	abk_grossschreibung	ALL=12/12
HIV	3	12	HIV	abk_grossschreibung	ALL=12/12
HRZ	3	12	HRZ	abk_grossschreibung	ALL=12/12
HSC	3	12	HSC	abk_grossschreibung	ALL=12/12
IDE	3	12	IDE	abk_grossschreibung	ALL=10/12
LTTE	4	12	LTTE	abk_grossschreibung	ALL=12/12
MLS	3	12	MLS	abk_grossschreibung	ALL=12/12
NLP	3	12	NLP	abk_grossschreibung	ALL=12/12
PAD	3	12	PAD	abk_grossschreibung	ALL=8/12
QSC	3	12	QSC	abk_grossschreibung	ALL=12/12
SNCF	4	12	SNCF	abk_grossschreibung	ALL=12/12
SUV	3	12	SUV	abk_grossschreibung	ALL=12/12
TEU	3	12	TEU	abk_grossschreibung	ALL=12/12
TEUR	4	12	TEUR	abk_grossschreibung	ALL=12/12
VDI	3	12	VDI	abk_grossschreibung	ALL=12/12
AEG	3	11	AEG	abk_grossschreibung	ALL=11/11
BDA	3	11	BDA	abk_grossschreibung	ALL=11/11
BMF	3	11	BMF	abk_grossschreibung	ALL=11/11
DAF	3	11	DAF	abk_grossschreibung	ALL=8/11
DSB	3	11	DSB	abk_grossschreibung	ALL=11/11
HFC	3	11	HFC	abk_grossschreibung	ALL=11/11
KTM	3	11	KTM	abk_grossschreibung	ALL=11/11
LGA	3	11	LGA	abk_grossschreibung	ALL=11/11
MSC	3	11	MSC	abk_grossschreibung	ALL=11/11
NVA	3	11	NVA	abk_grossschreibung	ALL=11/11
OECD	4	11	OECD	abk_grossschreibung	ALL=11/11
SLI	3	11	SLI	abk_grossschreibung	ALL=11/11
SSW	3	11	SSW	abk_grossschreibung	ALL=11/11
TLZ	3	11	TLZ	abk_grossschreibung	ALL=11/11
TTC	3	11	TTC	abk_grossschreibung	ALL=11/11
USC	3	11	USC	abk_grossschreibung	ALL=11/11
USV	3	11	USV	abk_grossschreibung	ALL=11/11
XML	3	11	XML	abk_grossschreibung	ALL=11/11
ZPO	3	11	ZPO	abk_grossschreibung	ALL=11/11
AMC	3	10	AMC	abk_grossschreibung	ALL=10/10
ASX	3	10	ASX	abk_grossschreibung	ALL=10/10
BAB	3	10	BAB	abk_grossschreibung	ALL=7/10
BDP	3	10	BDP	abk_grossschreibung	ALL=7/10
BMBF	4	10	BMBF	abk_grossschreibung	ALL=10/10
BMG	3	10	BMG	abk_grossschreibung	ALL=10/10
BSR	3	10	BSR	abk_grossschreibung	ALL=10/10
DOSB	4	10	DOSB	abk_grossschreibung	ALL=10/10
FFW	3	10	FFW	abk_grossschreibung	ALL=10/10
FND	3	10	FND	abk_grossschreibung	ALL=10/10
FSK	3	10	FSK	abk_grossschreibung	ALL=9/10
FUZZY	5	10	FUZZY	abk_grossschreibung	ALL=7/10
GEMA	4	10	GEMA	abk_grossschreibung	ALL=8/10
GER	3	10	GER	abk_grossschreibung	ALL=9/10
GPRS	4	10	GPRS	abk_grossschreibung	ALL=10/10
HDMI	4	10	HDMI	abk_grossschreibung	ALL=10/10
HRB	3	10	HRB	abk_grossschreibung	ALL=10/10
IAAF	4	10	IAAF	abk_grossschreibung	ALL=9/10
IPO	3	10	IPO	abk_grossschreibung	ALL=10/10
KPMG	4	10	KPMG	abk_grossschreibung	ALL=10/10
KVB	3	10	KVB	abk_grossschreibung	ALL=10/10
MACD	4	10	MACD	abk_grossschreibung	ALL=10/10
MAS	3	10	MAS	abk_grossschreibung	ALL=7/10
NLB	3	10	NLB	abk_grossschreibung	ALL=10/10
NRZ	3	10	NRZ	abk_grossschreibung	ALL=10/10
OEDP	4	10	ÖDP	abk_grossschreibung	ALL=6/10
PNP	3	10	PNP	abk_grossschreibung	ALL=10/10
RAL	3	10	RAL	abk_grossschreibung	ALL=8/10
RSC	3	10	RSC	abk_grossschreibung	ALL=10/10
RSI	3	10	RSI	abk_grossschreibung	ALL=10/10
SAS	3	10	SAS	abk_grossschreibung	ALL=10/10
SGD	3	10	SGD	abk_grossschreibung	ALL=10/10
SMA	3	10	SMA	abk_grossschreibung	ALL=10/10
SRF	3	10	SRF	abk_grossschreibung	ALL=10/10
SVE	3	10	SVE	abk_grossschreibung	ALL=9/10
VTB	3	10	VTB	abk_grossschreibung	ALL=10/10
XVII	4	10	XVII	abk_grossschreibung	ALL=10/10
ABBA	4	9	ABBA	abk_grossschreibung	ALL=6/9
ATV	3	9	ATV	abk_grossschreibung	ALL=9/9
BGS	3	9	BGS	abk_grossschreibung	ALL=9/9
CCC	3	9	CCC	abk_grossschreibung	ALL=9/9
DSC	3	9	DSC	abk_grossschreibung	ALL=9/9
EBT	3	9	EBT	abk_grossschreibung	ALL=9/9
EKD	3	9	EKD	abk_grossschreibung	ALL=9/9
ESP	3	9	ESP	abk_grossschreibung	ALL=8/9
ESV	3	9	ESV	abk_grossschreibung	ALL=9/9
EUWAX	5	9	EUWAX	abk_grossschreibung	ALL=6/9
FSJ	3	9	FSJ	abk_grossschreibung	ALL=9/9
IAA	3	9	IAA	abk_grossschreibung	ALL=9/9
IGS	3	9	IGS	abk_grossschreibung	ALL=7/9
IRC	3	9	IRC	abk_grossschreibung	ALL=9/9
ISU	3	9	ISU	abk_grossschreibung	ALL=9/9
KBV	3	9	KBV	abk_grossschreibung	ALL=9/9
KMU	3	9	KMU	abk_grossschreibung	ALL=9/9
KSK	3	9	KSK	abk_grossschreibung	ALL=9/9
LKA	3	9	LKA	abk_grossschreibung	ALL=9/9
MESZ	4	9	MESZ	abk_grossschreibung	ALL=9/9
MEZ	3	9	MEZ	abk_grossschreibung	ALL=9/9
MRT	3	9	MRT	abk_grossschreibung	ALL=9/9
MVP	3	9	MVP	abk_grossschreibung	ALL=9/9
NCAA	4	9	NCAA	abk_grossschreibung	ALL=9/9
NES	3	9	NES	abk_grossschreibung	ALL=7/9
OBOY	4	9	OBOY	abk_grossschreibung	ALL=9/9
OETV	4	9	ÖTV	abk_grossschreibung	ALL=9/9
OHL	3	9	OHL	abk_grossschreibung	ALL=8/9
OSZE	4	9	OSZE	abk_grossschreibung	ALL=9/9
OWL	3	9	OWL	abk_grossschreibung	ALL=7/9
PDC	3	9	PDC	abk_grossschreibung	ALL=7/9
RBS	3	9	RBS	abk_grossschreibung	ALL=9/9
RIM	3	9	RIM	abk_grossschreibung	ALL=9/9
RTS	3	9	RTS	abk_grossschreibung	ALL=9/9
RTW	3	9	RTW	abk_grossschreibung	ALL=8/9
RWO	3	9	RWO	abk_grossschreibung	ALL=9/9
SQL	3	9	SQL	abk_grossschreibung	ALL=9/9
SVS	3	9	SVS	abk_grossschreibung	ALL=9/9
SWS	3	9	SWS	abk_grossschreibung	ALL=9/9
VRR	3	9	VRR	abk_grossschreibung	ALL=9/9
WCW	3	9	WCW	abk_grossschreibung	ALL=9/9
WTA	3	9	WTA	abk_grossschreibung	ALL=9/9
XIX	3	9	XIX	abk_grossschreibung	ALL=9/9
XVIII	5	9	XVIII	abk_grossschreibung	ALL=9/9
ZKB	3	9	ZKB	abk_grossschreibung	ALL=9/9
ASB	3	8	ASB	abk_grossschreibung	ALL=7/8
ATC	3	8	ATC	abk_grossschreibung	ALL=8/8
ATS	3	8	ATS	abk_grossschreibung	ALL=7/8
AWD	3	8	AWD	abk_grossschreibung	ALL=8/8
BBL	3	8	BBL	abk_grossschreibung	ALL=7/8
BDR	3	8	BDR	abk_grossschreibung	ALL=8/8
BFC	3	8	BFC	abk_grossschreibung	ALL=8/8
BHKW	4	8	BHKW	abk_grossschreibung	ALL=8/8
BKK	3	8	BKK	abk_grossschreibung	ALL=8/8
COPD	4	8	COPD	abk_grossschreibung	ALL=8/8
CSI	3	8	CSI	abk_grossschreibung	ALL=8/8
DEFA	4	8	DEFA	abk_grossschreibung	ALL=7/8
DEG	3	8	DEG	abk_grossschreibung	ALL=8/8
DIHK	4	8	DIHK	abk_grossschreibung	ALL=8/8
DSP	3	8	DSP	abk_grossschreibung	ALL=8/8
EBU	3	8	EBU	abk_grossschreibung	ALL=6/8
EDF	3	8	EDF	abk_grossschreibung	ALL=5/8
EPA	3	8	EPA	abk_grossschreibung	ALL=8/8
ERC	3	8	ERC	abk_grossschreibung	ALL=8/8
ETH	3	8	ETH	abk_grossschreibung	ALL=8/8
FCK	3	8	FCK	abk_grossschreibung	ALL=8/8
FCM	3	8	FCM	abk_grossschreibung	ALL=8/8
FFF	3	8	FFF	abk_grossschreibung	ALL=7/8
GTA	3	8	GTA	abk_grossschreibung	ALL=7/8
HBOS	4	8	HBOS	abk_grossschreibung	ALL=8/8
HCL	3	8	HCL	abk_grossschreibung	ALL=6/8
HHLA	4	8	HHLA	abk_grossschreibung	ALL=8/8
HVV	3	8	HVV	abk_grossschreibung	ALL=8/8
IAS	3	8	IAS	abk_grossschreibung	ALL=8/8
ICQ	3	8	ICQ	abk_grossschreibung	ALL=8/8
ISAF	4	8	ISAF	abk_grossschreibung	ALL=6/8
ITF	3	8	ITF	abk_grossschreibung	ALL=8/8
KVP	3	8	KVP	abk_grossschreibung	ALL=8/8
LER	3	8	LER	abk_grossschreibung	ALL=6/8
LSB	3	8	LSB	abk_grossschreibung	ALL=8/8
MKS	3	8	MKS	abk_grossschreibung	ALL=8/8
MMS	3	8	MMS	abk_grossschreibung	ALL=8/8
NDL	3	8	NDL	abk_grossschreibung	ALL=8/8
NSA	3	8	NSA	abk_grossschreibung	ALL=8/8
NWA	3	8	NWA	abk_grossschreibung	ALL=8/8
OEGB	4	8	ÖGB	abk_grossschreibung	ALL=8/8
OPAC	4	8	OPAC	abk_grossschreibung	ALL=6/8
PCF	3	8	PCF	abk_grossschreibung	ALL=8/8
PGP	3	8	PGP	abk_grossschreibung	ALL=8/8
PSP	3	8	PSP	abk_grossschreibung	ALL=8/8
PST	3	8	PST	abk_grossschreibung	ALL=6/8
RKI	3	8	RKI	abk_grossschreibung	ALL=8/8
RNA	3	8	RNA	abk_grossschreibung	ALL=8/8
SCC	3	8	SCC	abk_grossschreibung	ALL=8/8
SGL	3	8	SGL	abk_grossschreibung	ALL=8/8
SOS	3	8	SOS	abk_grossschreibung	ALL=8/8
SSC	3	8	SSC	abk_grossschreibung	ALL=8/8
TAM	3	8	TAM	abk_grossschreibung	ALL=6/8
UFC	3	8	UFC	abk_grossschreibung	ALL=8/8
UHC	3	8	UHC	abk_grossschreibung	ALL=8/8
USPD	4	8	USPD	abk_grossschreibung	ALL=8/8
VDP	3	8	VDP	abk_grossschreibung	ALL=6/8
WIPO	4	8	WIPO	abk_grossschreibung	ALL=7/8
WSW	3	8	WSW	abk_grossschreibung	ALL=8/8
ZFS	3	8	ZFS	abk_grossschreibung	ALL=6/8
ZOB	3	8	ZOB	abk_grossschreibung	ALL=8/8
ABGB	4	7	ABGB	abk_grossschreibung	ALL=7/7
ABN	3	7	ABN	abk_grossschreibung	ALL=7/7
ADB	3	7	ADB	abk_grossschreibung	ALL=7/7
AGB	3	7	AGB	abk_grossschreibung	ALL=7/7
AHV	3	7	AHV	abk_grossschreibung	ALL=7/7
AIS	3	7	AIS	abk_grossschreibung	ALL=5/7
AKS	3	7	AKS	abk_grossschreibung	ALL=5/7
ASC	3	7	ASC	abk_grossschreibung	ALL=7/7
BAFTA	5	7	BAFTA	abk_grossschreibung	ALL=7/7
BBB	3	7	BBB	abk_grossschreibung	ALL=6/7
BFW	3	7	BFW	abk_grossschreibung	ALL=7/7
BRETZ	5	7	BRETZ	abk_grossschreibung	ALL=6/7
CERN	4	7	CERN	abk_grossschreibung	ALL=7/7
CTS	3	7	CTS	abk_grossschreibung	ALL=6/7
CVJM	4	7	CVJM	abk_grossschreibung	ALL=7/7
CZK	3	7	CZK	abk_grossschreibung	ALL=7/7
DAV	3	7	DAV	abk_grossschreibung	ALL=7/7
DEKRA	5	7	DEKRA	abk_grossschreibung	ALL=5/7
DHTML	5	7	DHTML	abk_grossschreibung	ALL=7/7
DIW	3	7	DIW	abk_grossschreibung	ALL=7/7
DNVP	4	7	DNVP	abk_grossschreibung	ALL=7/7
DRM	3	7	DRM	abk_grossschreibung	ALL=7/7
DRV	3	7	DRV	abk_grossschreibung	ALL=7/7
DTTB	4	7	DTTB	abk_grossschreibung	ALL=7/7
DVU	3	7	DVU	abk_grossschreibung	ALL=7/7
EEG	3	7	EEG	abk_grossschreibung	ALL=7/7
EHF	3	7	EHF	abk_grossschreibung	ALL=7/7
EMA	3	7	EMA	abk_grossschreibung	ALL=6/7
ETCS	4	7	ETCS	abk_grossschreibung	ALL=6/7
ETF	3	7	ETF	abk_grossschreibung	ALL=7/7
EVP	3	7	EVP	abk_grossschreibung	ALL=7/7
GPL	3	7	GPL	abk_grossschreibung	ALL=7/7
GTS	3	7	GTS	abk_grossschreibung	ALL=6/7
HOAI	4	7	HOAI	abk_grossschreibung	ALL=7/7
HSDPA	5	7	HSDPA	abk_grossschreibung	ALL=7/7
HSPA	4	7	HSPA	abk_grossschreibung	ALL=7/7
HTTP	4	7	HTTP	abk_grossschreibung	ALL=7/7
IBB	3	7	IBB	abk_grossschreibung	ALL=7/7
ICANN	5	7	ICANN	abk_grossschreibung	ALL=5/7
ICAO	4	7	ICAO	abk_grossschreibung	ALL=6/7
IFF	3	7	IFF	abk_grossschreibung	ALL=7/7
IIHF	4	7	IIHF	abk_grossschreibung	ALL=7/7
IKRK	4	7	IKRK	abk_grossschreibung	ALL=7/7
IVG	3	7	IVG	abk_grossschreibung	ALL=7/7
KMK	3	7	KMK	abk_grossschreibung	ALL=7/7
LASK	4	7	LASK	abk_grossschreibung	ALL=7/7
LLC	3	7	LLC	abk_grossschreibung	ALL=7/7
MBA	3	7	MBA	abk_grossschreibung	ALL=6/7
MLB	3	7	MLB	abk_grossschreibung	ALL=7/7
MPS	3	7	MPS	abk_grossschreibung	ALL=5/7
NDS	3	7	NDS	abk_grossschreibung	ALL=7/7
NLA	3	7	NLA	abk_grossschreibung	ALL=7/7
NXP	3	7	NXP	abk_grossschreibung	ALL=6/7
NZZ	3	7	NZZ	abk_grossschreibung	ALL=7/7
OTP	3	7	OTP	abk_grossschreibung	ALL=7/7
OVA	3	7	OVA	abk_grossschreibung	ALL=7/7
PAC	3	7	PAC	abk_grossschreibung	ALL=6/7
PCI	3	7	PCI	abk_grossschreibung	ALL=7/7
PPR	3	7	PPR	abk_grossschreibung	ALL=7/7
PSA	3	7	PSA	abk_grossschreibung	ALL=7/7
RSA	3	7	RSA	abk_grossschreibung	ALL=6/7
RSV	3	7	RSV	abk_grossschreibung	ALL=7/7
SBS	3	7	SBS	abk_grossschreibung	ALL=7/7
SDP	3	7	SDP	abk_grossschreibung	ALL=5/7
SEB	3	7	SEB	abk_grossschreibung	ALL=5/7
SES	3	7	SES	abk_grossschreibung	ALL=5/7
SGS	3	7	SGS	abk_grossschreibung	ALL=7/7
SVB	3	7	SVB	abk_grossschreibung	ALL=7/7
TCM	3	7	TCM	abk_grossschreibung	ALL=7/7
TPSA	4	7	TPSA	abk_grossschreibung	ALL=7/7
TVR	3	7	TVR	abk_grossschreibung	ALL=7/7
UAL	3	7	UAL	abk_grossschreibung	ALL=7/7
UKW	3	7	UKW	abk_grossschreibung	ALL=7/7
UNHCR	5	7	UNHCR	abk_grossschreibung	ALL=7/7
VEM	3	7	VEM	abk_grossschreibung	ALL=6/7
VGA	3	7	VGA	abk_grossschreibung	ALL=7/7
WTC	3	7	WTC	abk_grossschreibung	ALL=7/7
WTO	3	7	WTO	abk_grossschreibung	ALL=7/7
XXI	3	7	XXI	abk_grossschreibung	ALL=7/7
ACC	3	6	ACC	abk_grossschreibung	ALL=5/6
ADK	3	6	ADK	abk_grossschreibung	ALL=6/6
AIDA	4	6	AIDA	abk_grossschreibung	ALL=4/6
AVM	3	6	AVM	abk_grossschreibung	ALL=6/6
BFH	3	6	BFH	abk_grossschreibung	ALL=6/6
BPS	3	6	BPS	abk_grossschreibung	ALL=4/6
BWL	3	6	BWL	abk_grossschreibung	ALL=6/6
CCD	3	6	CCD	abk_grossschreibung	ALL=6/6
CDA	3	6	CDA	abk_grossschreibung	ALL=6/6
CEZ	3	6	CEZ	abk_grossschreibung	ALL=6/6
CIT	3	6	CIT	abk_grossschreibung	ALL=6/6
CMI	3	6	CMI	abk_grossschreibung	ALL=6/6
DFV	3	6	DFV	abk_grossschreibung	ALL=6/6
DLC	3	6	DLC	abk_grossschreibung	ALL=6/6
DNS	3	6	DNS	abk_grossschreibung	ALL=6/6
DRS	3	6	DRS	abk_grossschreibung	ALL=6/6
DSDS	4	6	DSDS	abk_grossschreibung	ALL=6/6
DSG	3	6	DSG	abk_grossschreibung	ALL=6/6
DVP	3	6	DVP	abk_grossschreibung	ALL=6/6
EBITA	5	6	EBITA	abk_grossschreibung	ALL=5/6
ECC	3	6	ECC	abk_grossschreibung	ALL=5/6
EDU	3	6	EDU	abk_grossschreibung	ALL=4/6
EXE	3	6	EXE	abk_grossschreibung	ALL=4/6
FAQ	3	6	FAQ	abk_grossschreibung	ALL=6/6
FCC	3	6	FCC	abk_grossschreibung	ALL=6/6
FCL	3	6	FCL	abk_grossschreibung	ALL=6/6
FIBA	4	6	FIBA	abk_grossschreibung	ALL=4/6
FINA	4	6	FINA	abk_grossschreibung	ALL=4/6
FMC	3	6	FMC	abk_grossschreibung	ALL=6/6
FRETILIN	8	6	FRETILIN	abk_grossschreibung	ALL=5/6
FSB	3	6	FSB	abk_grossschreibung	ALL=6/6
FSG	3	6	FSG	abk_grossschreibung	ALL=6/6
GAK	3	6	GAK	abk_grossschreibung	ALL=6/6
GBS	3	6	GBS	abk_grossschreibung	ALL=6/6
GRIN	4	6	GRIN	abk_grossschreibung	ALL=4/6
HDTV	4	6	HDTV	abk_grossschreibung	ALL=6/6
HRK	3	6	HRK	abk_grossschreibung	ALL=6/6
IAEA	4	6	IAEA	abk_grossschreibung	ALL=6/6
IEEE	4	6	IEEE	abk_grossschreibung	ALL=6/6
IFRS	4	6	IFRS	abk_grossschreibung	ALL=6/6
ISI	3	6	ISI	abk_grossschreibung	ALL=4/6
ITA	3	6	ITA	abk_grossschreibung	ALL=6/6
IUCN	4	6	IUCN	abk_grossschreibung	ALL=6/6
JSG	3	6	JSG	abk_grossschreibung	ALL=6/6
KAB	3	6	KAB	abk_grossschreibung	ALL=5/6
KAC	3	6	KAC	abk_grossschreibung	ALL=5/6
KBA	3	6	KBA	abk_grossschreibung	ALL=5/6
KEF	3	6	KEF	abk_grossschreibung	ALL=6/6
KGB	3	6	KGB	abk_grossschreibung	ALL=6/6
KPOE	4	6	KPÖ	abk_grossschreibung	ALL=6/6
LBK	3	6	LBK	abk_grossschreibung	ALL=6/6
LDP	3	6	LDP	abk_grossschreibung	ALL=6/6
MCA	3	6	MCA	abk_grossschreibung	ALL=6/6
MPG	3	6	MPG	abk_grossschreibung	ALL=6/6
MPU	3	6	MPU	abk_grossschreibung	ALL=6/6
MTB	3	6	MTB	abk_grossschreibung	ALL=6/6
MVV	3	6	MVV	abk_grossschreibung	ALL=6/6
NGC	3	6	NGC	abk_grossschreibung	ALL=6/6
NHC	3	6	NHC	abk_grossschreibung	ALL=6/6
NRHP	4	6	NRHP	abk_grossschreibung	ALL=6/6
NXT	3	6	NXT	abk_grossschreibung	ALL=6/6
NYSE	4	6	NYSE	abk_grossschreibung	ALL=5/6
OBS	3	6	OBS	abk_grossschreibung	ALL=4/6
OHG	3	6	OHG	abk_grossschreibung	ALL=5/6
PAL	3	6	PAL	abk_grossschreibung	ALL=4/6
PAOK	4	6	PAOK	abk_grossschreibung	ALL=6/6
PAP	3	6	PAP	abk_grossschreibung	ALL=4/6
PCR	3	6	PCR	abk_grossschreibung	ALL=6/6
PID	3	6	PID	abk_grossschreibung	ALL=5/6
PIM	3	6	PIM	abk_grossschreibung	ALL=4/6
PLO	3	6	PLO	abk_grossschreibung	ALL=6/6
PUK	3	6	PUK	abk_grossschreibung	ALL=4/6
RDA	3	6	RDA	abk_grossschreibung	ALL=6/6
RMS	3	6	RMS	abk_grossschreibung	ALL=6/6
RPG	3	6	RPG	abk_grossschreibung	ALL=6/6
RSS	3	6	RSS	abk_grossschreibung	ALL=6/6
RUB	3	6	RUB	abk_grossschreibung	ALL=4/6
SAR	3	6	SAR	abk_grossschreibung	ALL=4/6
SCO	3	6	SCO	abk_grossschreibung	ALL=6/6
SCR	3	6	SCR	abk_grossschreibung	ALL=6/6
SGG	3	6	SGG	abk_grossschreibung	ALL=6/6
SIS	3	6	SIS	abk_grossschreibung	ALL=5/6
SLS	3	6	SLS	abk_grossschreibung	ALL=6/6
SNES	4	6	SNES	abk_grossschreibung	ALL=6/6
SRG	3	6	SRG	abk_grossschreibung	ALL=6/6
SSG	3	6	SSG	abk_grossschreibung	ALL=6/6
SSL	3	6	SSL	abk_grossschreibung	ALL=6/6
STATENT	7	6	STATENT	abk_grossschreibung	ALL=6/6
STV	3	6	STV	abk_grossschreibung	ALL=4/6
TKO	3	6	TKO	abk_grossschreibung	ALL=6/6
TSA	3	6	TSA	abk_grossschreibung	ALL=6/6
TVB	3	6	TVB	abk_grossschreibung	ALL=6/6
TVP	3	6	TVP	abk_grossschreibung	ALL=6/6
UML	3	6	UML	abk_grossschreibung	ALL=6/6
USK	3	6	USK	abk_grossschreibung	ALL=5/6
VBG	3	6	VBG	abk_grossschreibung	ALL=6/6
WADA	4	6	WADA	abk_grossschreibung	ALL=4/6
WNBA	4	6	WNBA	abk_grossschreibung	ALL=6/6
WSA	3	6	WSA	abk_grossschreibung	ALL=6/6
ZVS	3	6	ZVS	abk_grossschreibung	ALL=6/6
AAK	3	5	AAK	abk_grossschreibung	ALL=4/5
ACM	3	5	ACM	abk_grossschreibung	ALL=5/5
ACS	3	5	ACS	abk_grossschreibung	ALL=5/5
ADHS	4	5	ADHS	abk_grossschreibung	ALL=5/5
ADS	3	5	ADS	abk_grossschreibung	ALL=5/5
ADV	3	5	ADV	abk_grossschreibung	ALL=3/5
AFL	3	5	AFL	abk_grossschreibung	ALL=5/5
AFS	3	5	AFS	abk_grossschreibung	ALL=5/5
AHS	3	5	AHS	abk_grossschreibung	ALL=5/5
AKO	3	5	AKO	abk_grossschreibung	ALL=4/5
AKP	3	5	AKP	abk_grossschreibung	ALL=5/5
ALK	3	5	ALK	abk_grossschreibung	ALL=3/5
ASF	3	5	ASF	abk_grossschreibung	ALL=3/5
ATA	3	5	ATA	abk_grossschreibung	ALL=5/5
ATM	3	5	ATM	abk_grossschreibung	ALL=4/5
ATSV	4	5	ATSV	abk_grossschreibung	ALL=5/5
ATU	3	5	ATU	abk_grossschreibung	ALL=5/5
AUD	3	5	AUD	abk_grossschreibung	ALL=4/5
AVG	3	5	AVG	abk_grossschreibung	ALL=5/5
AWG	3	5	AWG	abk_grossschreibung	ALL=5/5
AWGN	4	5	AWGN	abk_grossschreibung	ALL=5/5
BBI	3	5	BBI	abk_grossschreibung	ALL=5/5
BBS	3	5	BBS	abk_grossschreibung	ALL=5/5
BJP	3	5	BJP	abk_grossschreibung	ALL=5/5
BLM	3	5	BLM	abk_grossschreibung	ALL=5/5
BMP	3	5	BMP	abk_grossschreibung	ALL=3/5
BTS	3	5	BTS	abk_grossschreibung	ALL=5/5
BTV	3	5	BTV	abk_grossschreibung	ALL=5/5
BVI	3	5	BVI	abk_grossschreibung	ALL=5/5
CAF	3	5	CAF	abk_grossschreibung	ALL=5/5
COMPASS	7	5	COMPASS	abk_grossschreibung	ALL=4/5
CONI	4	5	CONI	abk_grossschreibung	ALL=3/5
DAC	3	5	DAC	abk_grossschreibung	ALL=5/5
DEHOGA	6	5	DEHOGA	abk_grossschreibung	ALL=4/5
DENIC	5	5	DENIC	abk_grossschreibung	ALL=4/5
DFS	3	5	DFS	abk_grossschreibung	ALL=5/5
DGS	3	5	DGS	abk_grossschreibung	ALL=5/5
DKW	3	5	DKW	abk_grossschreibung	ALL=5/5
DLL	3	5	DLL	abk_grossschreibung	ALL=4/5
DLR	3	5	DLR	abk_grossschreibung	ALL=5/5
DNT	3	5	DNT	abk_grossschreibung	ALL=5/5
DPMA	4	5	DPMA	abk_grossschreibung	ALL=5/5
DSA	3	5	DSA	abk_grossschreibung	ALL=5/5
DSF	3	5	DSF	abk_grossschreibung	ALL=5/5
DSU	3	5	DSU	abk_grossschreibung	ALL=5/5
EAA	3	5	EAA	abk_grossschreibung	ALL=5/5
EBA	3	5	EBA	abk_grossschreibung	ALL=5/5
EBS	3	5	EBS	abk_grossschreibung	ALL=4/5
ECE	3	5	ECE	abk_grossschreibung	ALL=3/5
EDS	3	5	EDS	abk_grossschreibung	ALL=3/5
EFF	3	5	EFF	abk_grossschreibung	ALL=3/5
EKG	3	5	EKG	abk_grossschreibung	ALL=5/5
EKHN	4	5	EKHN	abk_grossschreibung	ALL=5/5
ELO	3	5	ELO	abk_grossschreibung	ALL=3/5
EMU	3	5	EMU	abk_grossschreibung	ALL=3/5
EPO	3	5	EPO	abk_grossschreibung	ALL=3/5
FAA	3	5	FAA	abk_grossschreibung	ALL=5/5
FAO	3	5	FAO	abk_grossschreibung	ALL=5/5
FCS	3	5	FCS	abk_grossschreibung	ALL=5/5
FFS	3	5	FFS	abk_grossschreibung	ALL=5/5
FIVB	4	5	FIVB	abk_grossschreibung	ALL=5/5
FMP	3	5	FMP	abk_grossschreibung	ALL=5/5
FMS	3	5	FMS	abk_grossschreibung	ALL=5/5
FNP	3	5	FNP	abk_grossschreibung	ALL=5/5
FOTA	4	5	FOTA	abk_grossschreibung	ALL=4/5
FSC	3	5	FSC	abk_grossschreibung	ALL=5/5
FVN	3	5	FVN	abk_grossschreibung	ALL=5/5
FWV	3	5	FWV	abk_grossschreibung	ALL=5/5
GDI	3	5	GDI	abk_grossschreibung	ALL=5/5
GHB	3	5	GHB	abk_grossschreibung	ALL=5/5
GKS	3	5	GKS	abk_grossschreibung	ALL=5/5
GMD	3	5	GMD	abk_grossschreibung	ALL=4/5
GPU	3	5	GPU	abk_grossschreibung	ALL=5/5
GRU	3	5	GRU	abk_grossschreibung	ALL=3/5
GSV	3	5	GSV	abk_grossschreibung	ALL=5/5
GWB	3	5	GWB	abk_grossschreibung	ALL=5/5
HBO	3	5	HBO	abk_grossschreibung	ALL=5/5
HEYEN	5	5	HEYEN	abk_grossschreibung	ALL=3/5
HWK	3	5	HWK	abk_grossschreibung	ALL=3/5
IBA	3	5	IBA	abk_grossschreibung	ALL=5/5
IBS	3	5	IBS	abk_grossschreibung	ALL=5/5
ICA	3	5	ICA	abk_grossschreibung	ALL=5/5
ICC	3	5	ICC	abk_grossschreibung	ALL=5/5
ICF	3	5	ICF	abk_grossschreibung	ALL=5/5
ICN	3	5	ICN	abk_grossschreibung	ALL=4/5
IGA	3	5	IGA	abk_grossschreibung	ALL=5/5
IHF	3	5	IHF	abk_grossschreibung	ALL=5/5
IIIB	4	5	IIIB	abk_grossschreibung	ALL=4/5
IKB	3	5	IKB	abk_grossschreibung	ALL=5/5
IMA	3	5	IMA	abk_grossschreibung	ALL=3/5
IPCC	4	5	IPCC	abk_grossschreibung	ALL=5/5
ISB	3	5	ISB	abk_grossschreibung	ALL=5/5
ISIN	4	5	ISIN	abk_grossschreibung	ALL=4/5
JMA	3	5	JMA	abk_grossschreibung	ALL=5/5
KERS	4	5	KERS	abk_grossschreibung	ALL=5/5
KFC	3	5	KFC	abk_grossschreibung	ALL=4/5
KGHM	4	5	KGHM	abk_grossschreibung	ALL=5/5
KJG	3	5	KJG	abk_grossschreibung	ALL=5/5
KJR	3	5	KJR	abk_grossschreibung	ALL=5/5
KSS	3	5	KSS	abk_grossschreibung	ALL=5/5
LAK	3	5	LAK	abk_grossschreibung	ALL=4/5
LAV	3	5	LAV	abk_grossschreibung	ALL=5/5
LBG	3	5	LBG	abk_grossschreibung	ALL=4/5
LMBV	4	5	LMBV	abk_grossschreibung	ALL=5/5
LMU	3	5	LMU	abk_grossschreibung	ALL=5/5
LSV	3	5	LSV	abk_grossschreibung	ALL=5/5
LTU	3	5	LTU	abk_grossschreibung	ALL=5/5
LVMH	4	5	LVMH	abk_grossschreibung	ALL=5/5
MLPD	4	5	MLPD	abk_grossschreibung	ALL=5/5
MSI	3	5	MSI	abk_grossschreibung	ALL=5/5
MTU	3	5	MTU	abk_grossschreibung	ALL=5/5
NCIS	4	5	NCIS	abk_grossschreibung	ALL=5/5
NDPD	4	5	NDPD	abk_grossschreibung	ALL=5/5
NGO	3	5	NGO	abk_grossschreibung	ALL=3/5
NIA	3	5	NIA	abk_grossschreibung	ALL=3/5
NKWD	4	5	NKWD	abk_grossschreibung	ALL=5/5
NME	3	5	NME	abk_grossschreibung	ALL=5/5
NOK	3	5	NOK	abk_grossschreibung	ALL=5/5
NOSBUSCH	8	5	NOSBUSCH	abk_grossschreibung	ALL=4/5
NSU	3	5	NSU	abk_grossschreibung	ALL=5/5
NTT	3	5	NTT	abk_grossschreibung	ALL=5/5
NWR	3	5	NWR	abk_grossschreibung	ALL=5/5
OEFB	4	5	ÖFB	abk_grossschreibung	ALL=5/5
OESV	4	5	ÖSV	abk_grossschreibung	ALL=5/5
OFC	3	5	OFC	abk_grossschreibung	ALL=5/5
OFD	3	5	OFD	abk_grossschreibung	ALL=5/5
OSI	3	5	OSI	abk_grossschreibung	ALL=5/5
OSS	3	5	OSS	abk_grossschreibung	ALL=5/5
PBC	3	5	PBC	abk_grossschreibung	ALL=5/5
PKO	3	5	PKO	abk_grossschreibung	ALL=5/5
PLN	3	5	PLN	abk_grossschreibung	ALL=5/5
PSD	3	5	PSD	abk_grossschreibung	ALL=5/5
PSI	3	5	PSI	abk_grossschreibung	ALL=5/5
PTB	3	5	PTB	abk_grossschreibung	ALL=4/5
PTT	3	5	PTT	abk_grossschreibung	ALL=5/5
RBC	3	5	RBC	abk_grossschreibung	ALL=5/5
RDS	3	5	RDS	abk_grossschreibung	ALL=5/5
REM	3	5	REM	abk_grossschreibung	ALL=5/5
RFC	3	5	RFC	abk_grossschreibung	ALL=5/5
RIAS	4	5	RIAS	abk_grossschreibung	ALL=4/5
RIC	3	5	RIC	abk_grossschreibung	ALL=3/5
SBZ	3	5	SBZ	abk_grossschreibung	ALL=5/5
SCHARES	7	5	SCHARES	abk_grossschreibung	ALL=5/5
SCM	3	5	SCM	abk_grossschreibung	ALL=5/5
SCSI	4	5	SCSI	abk_grossschreibung	ALL=5/5
SDS	3	5	SDS	abk_grossschreibung	ALL=5/5
SEP	3	5	SEP	abk_grossschreibung	ALL=3/5
SFA	3	5	SFA	abk_grossschreibung	ALL=5/5
SIP	3	5	SIP	abk_grossschreibung	ALL=4/5
SKF	3	5	SKF	abk_grossschreibung	ALL=4/5
SKV	3	5	SKV	abk_grossschreibung	ALL=5/5
SLM	3	5	SLM	abk_grossschreibung	ALL=5/5
SOKO	4	5	SOKO	abk_grossschreibung	ALL=3/5
SSR	3	5	SSR	abk_grossschreibung	ALL=5/5
SVD	3	5	SVD	abk_grossschreibung	ALL=5/5
SWU	3	5	SWU	abk_grossschreibung	ALL=5/5
TAP	3	5	TAP	abk_grossschreibung	ALL=3/5
THC	3	5	THC	abk_grossschreibung	ALL=5/5
THQ	3	5	THQ	abk_grossschreibung	ALL=5/5
TNT	3	5	TNT	abk_grossschreibung	ALL=5/5
TSB	3	5	TSB	abk_grossschreibung	ALL=5/5
TSI	3	5	TSI	abk_grossschreibung	ALL=5/5
UCK	3	5	UCK	abk_grossschreibung	ALL=5/5
UCLA	4	5	UCLA	abk_grossschreibung	ALL=5/5
USAF	4	5	USAF	abk_grossschreibung	ALL=5/5
USP	3	5	USP	abk_grossschreibung	ALL=4/5
VAE	3	5	VAE	abk_grossschreibung	ALL=5/5
VCS	3	5	VCS	abk_grossschreibung	ALL=4/5
VSS	3	5	VSS	abk_grossschreibung	ALL=5/5
WBA	3	5	WBA	abk_grossschreibung	ALL=5/5
WBC	3	5	WBC	abk_grossschreibung	ALL=5/5
WHA	3	5	WHA	abk_grossschreibung	ALL=3/5
WSC	3	5	WSC	abk_grossschreibung	ALL=5/5
XXII	4	5	XXII	abk_grossschreibung	ALL=5/5
XXIII	5	5	XXIII	abk_grossschreibung	ALL=5/5
ZIM	3	5	ZIM	abk_grossschreibung	ALL=4/5
ZIS	3	5	ZIS	abk_grossschreibung	ALL=3/5
ZNS	3	5	ZNS	abk_grossschreibung	ALL=5/5
GMBH	4	792	GmbH	abk_mischschreibung	GmbH
TECDAX	6	381	TecDax	abk_mischschreibung	TecDax
VFL	3	146	VfL	abk_mischschreibung	VfL
CDS	3	103	CDs	abk_mischschreibung	CDs
IPHONE	6	99	iPhone	abk_mischschreibung	iPhone
JAVASCRIPT	10	99	JavaScript	abk_mischschreibung	JavaScript
VFB	3	96	VfB	abk_mischschreibung	VfB
TUS	3	86	TuS	abk_mischschreibung	TuS
YOUTUBE	7	69	YouTube	abk_mischschreibung	YouTube
UDSSR	5	54	UdSSR	abk_mischschreibung	UdSSR
DVDS	4	51	DVDs	abk_mischschreibung	DVDs
PCS	3	50	PCs	abk_mischschreibung	PCs
BAFIN	5	39	BaFin	abk_mischschreibung	BaFin
VFR	3	36	VfR	abk_mischschreibung	VfR
PLAYSTATION	11	35	PlayStation	abk_mischschreibung	PlayStation
BAYERNLB	8	33	BayernLB	abk_mischschreibung	BayernLB
MBH	3	33	mbH	abk_mischschreibung	mbH
KHZ	3	32	kHz	abk_mischschreibung	kHz
PROSIEBEN	9	32	ProSieben	abk_mischschreibung	ProSieben
MCCAIN	6	31	McCain	abk_mischschreibung	McCain
MCLAREN	7	31	McLaren	abk_mischschreibung	McLaren
STGB	4	31	StGB	abk_mischschreibung	StGB
DHFK	4	30	DHfK	abk_mischschreibung	DHfK
IPAD	4	30	iPad	abk_mischschreibung	iPad
SPVGG	5	30	SpVgg	abk_mischschreibung	SpVgg
GFK	3	26	GfK	abk_mischschreibung	GfK
KWH	3	22	kWh	abk_mischschreibung	kWh
WESTLB	6	21	WestLB	abk_mischschreibung	WestLB
MCDONALD	8	19	McDonald	abk_mischschreibung	McDonald
MYSQL	5	19	MySQL	abk_mischschreibung	MySQL
AFD	3	18	AfD	abk_mischschreibung	AfD
DJS	3	18	DJs	abk_mischschreibung	DJs
LEDS	4	18	LEDs	abk_mischschreibung	LEDs
MFS	3	18	MfS	abk_mischschreibung	MfS
REALPLAYER	10	17	RealPlayer	abk_mischschreibung	RealPlayer
LKWS	4	16	LKWs	abk_mischschreibung	LKWs
WINZIP	6	16	WinZip	abk_mischschreibung	WinZip
STVO	4	15	StVO	abk_mischschreibung	StVO
CEBIT	5	14	CeBIT	abk_mischschreibung	CeBIT
IPHONES	7	14	iPhones	abk_mischschreibung	iPhones
MCCARTNEY	9	14	McCartney	abk_mischschreibung	McCartney
AGBS	4	13	AGBs	abk_mischschreibung	AGBs
GDP	3	13	GdP	abk_mischschreibung	GdP
HAFENCITY	9	13	HafenCity	abk_mischschreibung	HafenCity
HIPHOP	6	13	HipHop	abk_mischschreibung	HipHop
IPOD	4	13	iPod	abk_mischschreibung	iPod
ITUNES	6	13	iTunes	abk_mischschreibung	iTunes
KFW	3	13	KfW	abk_mischschreibung	KfW
KPDSU	5	13	KPdSU	abk_mischschreibung	KPdSU
MYSPACE	7	13	MySpace	abk_mischschreibung	MySpace
URLS	4	13	URLs	abk_mischschreibung	URLs
AGS	3	12	AGs	abk_mischschreibung	AGs
BENQ	4	12	BenQ	abk_mischschreibung	BenQ
DUPONT	6	12	DuPont	abk_mischschreibung	DuPont
ENBW	4	12	EnBW	abk_mischschreibung	EnBW
TURA	4	12	TuRa	abk_mischschreibung	TuRa
BAFOEG	6	11	BAföG	abk_mischschreibung	BAföG
DGZRS	5	11	DGzRS	abk_mischschreibung	DGzRS
EUGH	4	11	EuGH	abk_mischschreibung	EuGH
MCCARTHY	8	11	McCarthy	abk_mischschreibung	McCarthy
AUTOCAD	7	10	AutoCAD	abk_mischschreibung	AutoCAD
GIS	3	10	GIs	abk_mischschreibung	GIs
LPS	3	10	LPs	abk_mischschreibung	LPs
STA	3	10	StA	abk_mischschreibung	StA
STPO	4	10	StPO	abk_mischschreibung	StPO
BVERFG	6	9	BVerfG	abk_mischschreibung	BVerfG
ECOMMERCE	9	9	eCommerce	abk_mischschreibung	eCommerce
GGMBH	5	9	gGmbH	abk_mischschreibung	gGmbH
IOS	3	9	iOS	abk_mischschreibung	iOS
KADEWE	6	9	KaDeWe	abk_mischschreibung	KaDeWe
KGAA	4	9	KGaA	abk_mischschreibung	KGaA
MAH	3	9	mAh	abk_mischschreibung	mAh
MCCOY	5	9	McCoy	abk_mischschreibung	McCoy
MCKENZIE	8	9	McKenzie	abk_mischschreibung	McKenzie
MOTOGP	6	9	MotoGP	abk_mischschreibung	MotoGP
STUDIVZ	7	9	StudiVZ	abk_mischschreibung	StudiVZ
VDK	3	9	VdK	abk_mischschreibung	VdK
VOIP	4	9	VoIP	abk_mischschreibung	VoIP
ALTAVISTA	9	8	AltaVista	abk_mischschreibung	AltaVista
CPUS	4	8	CPUs	abk_mischschreibung	CPUs
ETFS	4	8	ETFs	abk_mischschreibung	ETFs
FLEXNOW	7	8	FlexNow	abk_mischschreibung	FlexNow
GBR	3	8	GbR	abk_mischschreibung	GbR
MMHG	4	8	mmHg	abk_mischschreibung	mmHg
MRNA	4	8	mRNA	abk_mischschreibung	mRNA
PVDA	4	8	PvdA	abk_mischschreibung	PvdA
SEVERSTAL	9	8	SeverStal	abk_mischschreibung	SeverStal
SMACKDOWN	9	8	SmackDown	abk_mischschreibung	SmackDown
VFK	3	8	VfK	abk_mischschreibung	VfK
AKTG	4	7	AktG	abk_mischschreibung	AktG
GUTSMUTHS	9	7	GutsMuths	abk_mischschreibung	GutsMuths
MACOS	5	7	macOS	abk_mischschreibung	macOS
MCDONALDS	9	7	McDonalds	abk_mischschreibung	McDonalds
NGOS	4	7	NGOs	abk_mischschreibung	NGOs
OPENGL	6	7	OpenGL	abk_mischschreibung	OpenGL
TEX	3	7	TeX	abk_mischschreibung	TeX
ZISH	4	7	ZiSH	abk_mischschreibung	ZiSH
BAYARENA	8	6	BayArena	abk_mischschreibung	BayArena
BDV	3	6	BdV	abk_mischschreibung	BdV
BFG	3	6	BfG	abk_mischschreibung	BfG
BFV	3	6	BfV	abk_mischschreibung	BfV
BOD	3	6	BoD	abk_mischschreibung	BoD
BVS	3	6	BvS	abk_mischschreibung	BvS
DEVILLE	7	6	DeVille	abk_mischschreibung	DeVille
EBUSINESS	9	6	eBusiness	abk_mischschreibung	eBusiness
IHKS	4	6	IHKs	abk_mischschreibung	IHKs
IPODS	5	6	iPods	abk_mischschreibung	iPods
JULIS	5	6	JuLis	abk_mischschreibung	JuLis
LFV	3	6	LfV	abk_mischschreibung	LfV
MACLEAN	7	6	MacLean	abk_mischschreibung	MacLean
MCCLELLAN	9	6	McClellan	abk_mischschreibung	McClellan
MCCORMICK	9	6	McCormick	abk_mischschreibung	McCormick
MCDONNELL	9	6	McDonnell	abk_mischschreibung	McDonnell
MCGUINN	7	6	McGuinn	abk_mischschreibung	McGuinn
MCLEOD	6	6	McLeod	abk_mischschreibung	McLeod
MCS	3	6	MCs	abk_mischschreibung	MCs
QUICKTIME	9	6	QuickTime	abk_mischschreibung	QuickTime
SACHSENLB	9	6	SachsenLB	abk_mischschreibung	SachsenLB
SANDISK	7	6	SanDisk	abk_mischschreibung	SanDisk
SIO	3	6	SiO	abk_mischschreibung	SiO
WIMAX	5	6	WiMAX	abk_mischschreibung	WiMAX
ASTRAZENECA	11	5	AstraZeneca	abk_mischschreibung	AstraZeneca
BAUGB	5	5	BauGB	abk_mischschreibung	BauGB
BAYWA	5	5	BayWa	abk_mischschreibung	BayWa
BDB	3	5	BdB	abk_mischschreibung	BdB
BZGA	4	5	BZgA	abk_mischschreibung	BZgA
DICAPRIO	8	5	DiCaprio	abk_mischschreibung	DiCaprio
EXXONMOBIL	10	5	ExxonMobil	abk_mischschreibung	ExxonMobil
HANSENET	8	5	HanseNet	abk_mischschreibung	HanseNet
HFG	3	5	HfG	abk_mischschreibung	HfG
KLOECO	6	5	KlöCo	abk_mischschreibung	KlöCo
LEBRON	6	5	LeBron	abk_mischschreibung	LeBron
MACLEOD	7	5	MacLeod	abk_mischschreibung	MacLeod
MCALLISTER	10	5	McAllister	abk_mischschreibung	McAllister
MCCANN	6	5	McCann	abk_mischschreibung	McCann
MCGREGOR	8	5	McGregor	abk_mischschreibung	McGregor
MCKINSEY	8	5	McKinsey	abk_mischschreibung	McKinsey
MCMAHON	7	5	McMahon	abk_mischschreibung	McMahon
MCPHERSON	9	5	McPherson	abk_mischschreibung	McPherson
MCRAE	5	5	McRae	abk_mischschreibung	McRae
MEV	3	5	MeV	abk_mischschreibung	MeV
MIRC	4	5	mIRC	abk_mischschreibung	mIRC
OES	3	5	öS	abk_mischschreibung	öS
PIS	3	5	PiS	abk_mischschreibung	PiS
PROB	4	5	ProB	abk_mischschreibung	ProB
RHB	3	5	RhB	abk_mischschreibung	RhB
SOVD	4	5	SoVD	abk_mischschreibung	SoVD
TEBE	4	5	TeBe	abk_mischschreibung	TeBe
TOMTOM	6	5	TomTom	abk_mischschreibung	TomTom
WCS	3	5	WCs	abk_mischschreibung	WCs
WINAMP	6	5	WinAmp	abk_mischschreibung	WinAmp
PKW	3	411	Pkw	abk_ohne_vokal	Pkw
BZW	3	219	bzw	abk_ohne_vokal	bzw
LKW	3	176	Lkw	abk_ohne_vokal	Lkw
MRD	3	120	Mrd	abk_ohne_vokal	Mrd
VGL	3	102	vgl	abk_ohne_vokal	vgl
CHR	3	41	Chr	abk_ohne_vokal	Chr
BHP	3	40	bhp	abk_ohne_vokal	bhp
MHZ	3	37	MHz	abk_ohne_vokal	MHz
MWST	4	29	Mwst	abk_ohne_vokal	Mwst
PKWS	4	27	Pkws	abk_ohne_vokal	Pkws
GHZ	3	23	GHz	abk_ohne_vokal	GHz
LTD	3	17	Ltd	abk_ohne_vokal	Ltd
KFZ	3	15	Kfz	abk_ohne_vokal	Kfz
STCK	4	15	Stck	abk_ohne_vokal	Stck
STR	3	15	Str	abk_ohne_vokal	Str
HBF	3	14	Hbf	abk_ohne_vokal	Hbf
HRSG	4	13	Hrsg	abk_ohne_vokal	Hrsg
RBB	3	13	rbb	abk_ohne_vokal	rbb
KGL	3	12	Kgl	abk_ohne_vokal	Kgl
PPM	3	12	ppm	abk_ohne_vokal	ppm
HLL	3	11	hll	abk_ohne_vokal	hll
PLC	3	11	plc	abk_ohne_vokal	plc
BBR	3	9	Bbr	abk_ohne_vokal	Bbr
CPT	3	9	Cpt	abk_ohne_vokal	Cpt
DTV	3	9	dtv	abk_ohne_vokal	dtv
RTR	3	9	rtr	abk_ohne_vokal	rtr
SCH	3	9	Sch	abk_ohne_vokal	Sch
BSPW	4	8	bspw	abk_ohne_vokal	bspw
DKFM	4	8	Dkfm	abk_ohne_vokal	Dkfm
FRZ	3	8	frz	abk_ohne_vokal	frz
MRS	3	8	Mrs	abk_ohne_vokal	Mrs
VRCH	4	8	vrch	abk_ohne_vokal	vrch
BFT	3	7	Bft	abk_ohne_vokal	Bft
BVR	3	7	BVR	abk_ohne_vokal	BVR
DDP	3	7	ddp	abk_ohne_vokal	ddp
GWH	3	7	GWh	abk_ohne_vokal	GWh
MPH	3	7	mph	abk_ohne_vokal	mph
TDW	3	7	tdw	abk_ohne_vokal	tdw
BCF	3	6	Bcf	abk_ohne_vokal	Bcf
BSP	3	6	Bsp	abk_ohne_vokal	Bsp
CBM	3	6	cbm	abk_ohne_vokal	cbm
GGF	3	6	ggf	abk_ohne_vokal	ggf
KPCH	4	6	KPCh	abk_ohne_vokal	KPCh
MFG	3	6	MFG	abk_ohne_vokal	MFG
MRZ	3	6	Mrz	abk_ohne_vokal	Mrz
PTS	3	6	Pts	abk_ohne_vokal	Pts
SFR	3	6	SFr	abk_ohne_vokal	SFr
VND	3	6	vnd	abk_ohne_vokal	vnd
CCM	3	5	ccm	abk_ohne_vokal	ccm
DBB	3	5	dbb	abk_ohne_vokal	dbb
FPS	3	5	fps	abk_ohne_vokal	fps
LFM	3	5	lfm	abk_ohne_vokal	lfm
RTV	3	5	rtv	abk_ohne_vokal	rtv
VWD	3	5	vwd	abk_ohne_vokal	vwd
MIN	3	149	Min	abk_punkt	dot_mid=58/227
MIO	3	139	Mio	abk_punkt	dot_mid=955/1107
SOG	3	90	sog	abk_punkt	dot_mid=212/289
ENGL	4	84	engl	abk_punkt	dot_mid=95/120
TEL	3	83	Tel	abk_punkt	dot_mid=39/130
GEB	3	72	geb	abk_punkt	dot_mid=226/257
USW	3	66	usw	abk_punkt	dot_mid=60/167
ETC	3	45	etc	abk_punkt	dot_mid=73/190
KAP	3	41	Kap	abk_punkt	dot_mid=16/62
ABB	3	39	Abb	abk_punkt	dot_mid=74/107
PHIL	4	38	Phil	abk_punkt	dot_mid=18/58
MED	3	22	med	abk_punkt	dot_mid=21/47
MILL	4	19	Mill	abk_punkt	dot_mid=132/153
LIT	3	18	Lit	abk_punkt	dot_mid=12/28
PROF	4	17	Prof	abk_punkt	dot_mid=156/177
CORP	4	16	Corp	abk_punkt	dot_mid=9/25
MIND	4	16	Mind	abk_punkt	dot_mid=6/23
GEST	4	13	gest	abk_punkt	dot_mid=15/15
INKL	4	13	inkl	abk_punkt	dot_mid=64/64
LAT	3	13	lat	abk_punkt	dot_mid=15/23
GEM	3	10	Gem	abk_punkt	dot_mid=11/22
REG	3	9	reg	abk_punkt	dot_mid=8/11
BULG	4	8	bulg	abk_punkt	dot_mid=9/9
CHIN	4	8	chin	abk_punkt	dot_mid=8/16
JUN	3	8	Jun	abk_punkt	dot_mid=4/15
DISS	4	7	Diss	abk_punkt	dot_mid=4/20
EVTL	4	7	Evtl	abk_punkt	dot_mid=26/31
INC	3	7	Inc	abk_punkt	dot_mid=24/48
IUR	3	7	iur	abk_punkt	dot_mid=2/9
NAT	3	7	Nat	abk_punkt	dot_mid=3/11
SPAN	4	7	span	abk_punkt	dot_mid=3/9
VAR	3	7	VAR	abk_punkt	dot_mid=3/8
CIE	3	6	Cie	abk_punkt	dot_mid=6/13
COD	3	6	Cod	abk_punkt	dot_mid=3/11
SAL	3	6	Sal	abk_punkt	dot_mid=6/12
ERW	3	5	erw	abk_punkt	dot_mid=8/11
GES	3	5	GES	abk_punkt	dot_mid=4/12
JAP	3	5	jap	abk_punkt	dot_mid=5/6
KAT	3	5	Kat	abk_punkt	dot_mid=3/15
KATH	4	5	Kath	abk_punkt	dot_mid=4/9
RUS	3	5	Rus	abk_punkt	dot_mid=1/5
VOL	3	5	Vol	abk_punkt	dot_mid=22/27
ZUGL	4	5	zugl	abk_punkt	dot_mid=6/6
MIX	3	25	Mix	abk_roemisch	MIX
LILI	4	17	Lili	abk_roemisch	LILI
LIDL	4	16	Lidl	abk_roemisch	LIDL
LILLI	5	15	Lilli	abk_roemisch	LILLI
VIC	3	15	Vic	abk_roemisch	VIC
DILI	4	12	Dili	abk_roemisch	DILI
MIMI	4	12	Mimi	abk_roemisch	MIMI
DILL	4	10	Dill	abk_roemisch	DILL
DIDI	4	9	Didi	abk_roemisch	DIDI
LIL	3	9	Lil	abk_roemisch	LIL
DIX	3	7	Dix	abk_roemisch	DIX
CID	3	6	Cid	abk_roemisch	CID
ILM	3	6	Ilm	abk_roemisch	ILM
MILLI	5	6	Milli	abk_roemisch	MILLI
IIC	3	5	IIc	abk_roemisch	IIC
YAHOO	5	3898	Yahoo	eigenname	q=25/3884 next_cap=31/3925 prev_cap=2860/3884 titel=5 ort=32/3884
VERLAG	6	1614	Verlag	eigenname	q=272/1514 next_cap=1075/1822 prev_cap=1224/1514 titel=0 ort=0/1514
PETER	5	1124	Peter	eigenname	q=28/914 next_cap=970/1232 prev_cap=551/914 titel=23 ort=12/914
MICHAEL	7	1103	Michael	eigenname	q=14/790 next_cap=946/1137 prev_cap=448/790 titel=29 ort=13/790
THOMAS	6	953	Thomas	eigenname	q=16/667 next_cap=763/973 prev_cap=370/667 titel=28 ort=16/667
STAATEN	7	931	Staaten	eigenname	q=249/1058 next_cap=53/1067 prev_cap=585/1058 titel=0 ort=5/1058
WELTKRIEG	9	865	Weltkrieg	eigenname	q=67/861 next_cap=17/865 prev_cap=750/861 titel=0 ort=0/861
MARTIN	6	800	Martin	eigenname	q=9/676 next_cap=589/870 prev_cap=402/676 titel=13 ort=17/676
JOHANN	6	755	Johann	eigenname	q=20/624 next_cap=658/788 prev_cap=315/624 titel=12 ort=9/624
MARIA	5	707	Maria	eigenname	q=28/627 next_cap=454/763 prev_cap=334/627 titel=15 ort=14/627
FRIEDRICH	9	705	Friedrich	eigenname	q=12/687 next_cap=635/824 prev_cap=447/687 titel=6 ort=15/687
KARL	4	684	Karl	eigenname	q=24/673 next_cap=735/880 prev_cap=316/673 titel=12 ort=18/673
HANS	4	682	Hans	eigenname	q=25/683 next_cap=864/980 prev_cap=342/683 titel=34 ort=20/683
JOHN	4	648	John	eigenname	q=25/529 next_cap=523/663 prev_cap=267/529 titel=6 ort=6/529
MUELLER	7	642	Müller	eigenname	q=43/603 next_cap=207/714 prev_cap=453/603 titel=9 ort=6/603
PAUL	4	638	Paul	eigenname	q=15/502 next_cap=491/687 prev_cap=267/502 titel=11 ort=6/502
HEINRICH	8	608	Heinrich	eigenname	q=18/571 next_cap=447/670 prev_cap=303/571 titel=8 ort=13/571
WILHELM	7	604	Wilhelm	eigenname	q=10/570 next_cap=496/682 prev_cap=384/570 titel=7 ort=9/570
WOLFGANG	8	587	Wolfgang	eigenname	q=10/449 next_cap=541/597 prev_cap=298/449 titel=29 ort=16/449
BAD	3	570	Bad	eigenname	q=89/547 next_cap=458/603 prev_cap=264/547 titel=0 ort=128/547
CHRISTIAN	9	568	Christian	eigenname	q=11/427 next_cap=488/589 prev_cap=268/427 titel=5 ort=5/427
ANDREAS	7	560	Andreas	eigenname	q=11/393 next_cap=491/574 prev_cap=220/393 titel=18 ort=7/393
FRANZ	5	558	Franz	eigenname	q=18/461 next_cap=476/608 prev_cap=246/461 titel=14 ort=7/461
FUSSBALL	8	551	Fußball	eigenname	q=176/957 next_cap=514/1058 prev_cap=245/957 titel=0 ort=5/957
GEORG	5	525	Georg	eigenname	q=15/453 next_cap=461/573 prev_cap=278/453 titel=8 ort=6/453
FRANK	5	519	Frank	eigenname	q=12/428 next_cap=420/583 prev_cap=264/428 titel=7 ort=10/428
YORK	4	507	York	eigenname	q=4/515 next_cap=135/517 prev_cap=485/515 titel=0 ort=10/515
ROBERT	6	491	Robert	eigenname	q=9/410 next_cap=400/522 prev_cap=178/410 titel=13 ort=9/410
ANNA	4	484	Anna	eigenname	q=24/393 next_cap=333/513 prev_cap=164/393 titel=14 ort=6/393
WALTER	6	458	Walter	eigenname	q=13/390 next_cap=375/519 prev_cap=236/390 titel=9 ort=8/390
KLAUS	5	454	Klaus	eigenname	q=9/336 next_cap=413/501 prev_cap=201/336 titel=20 ort=8/336
ALEXANDER	9	436	Alexander	eigenname	q=12/342 next_cap=288/451 prev_cap=199/342 titel=7 ort=1/342
WERNER	6	436	Werner	eigenname	q=4/345 next_cap=363/466 prev_cap=220/345 titel=13 ort=8/345
BORD	4	428	Bord	eigenname	q=2/432 next_cap=11/432 prev_cap=68/432 titel=0 ort=0/432
LUDWIG	6	426	Ludwig	eigenname	q=8/406 next_cap=313/470 prev_cap=242/406 titel=5 ort=3/406
SCHMIDT	7	424	Schmidt	eigenname	q=11/380 next_cap=136/464 prev_cap=293/380 titel=8 ort=0/380
DAVID	5	420	David	eigenname	q=4/313 next_cap=306/429 prev_cap=167/313 titel=4 ort=5/313
FISCHER	7	417	Fischer	eigenname	q=43/340 next_cap=127/438 prev_cap=242/340 titel=2 ort=4/340
JOHANNES	8	416	Johannes	eigenname	q=26/349 next_cap=304/447 prev_cap=179/349 titel=8 ort=4/349
STEFAN	6	415	Stefan	eigenname	q=4/272 next_cap=317/416 prev_cap=145/272 titel=9 ort=6/272
JUERGEN	7	413	Jürgen	eigenname	q=6/316 next_cap=419/459 prev_cap=203/316 titel=17 ort=5/316
MERKEL	6	409	Merkel	eigenname	q=0/246 next_cap=32/421 prev_cap=193/246 titel=16 ort=0/246
JOSEF	5	389	Josef	eigenname	q=9/324 next_cap=352/427 prev_cap=205/324 titel=16 ort=1/324
OTTO	4	389	Otto	eigenname	q=19/366 next_cap=301/450 prev_cap=195/366 titel=3 ort=6/366
SAN	3	366	San	eigenname	q=35/350 next_cap=327/371 prev_cap=118/350 titel=0 ort=76/350
HERMANN	7	340	Hermann	eigenname	q=8/282 next_cap=293/369 prev_cap=151/282 titel=10 ort=11/282
GOTTES	6	338	Gottes	eigenname	q=21/313 next_cap=110/344 prev_cap=216/313 titel=0 ort=6/313
WEST	4	337	West	eigenname	q=67/635 next_cap=343/647 prev_cap=322/635 titel=1 ort=94/635
FRITZ	5	331	Fritz	eigenname	q=9/240 next_cap=240/331 prev_cap=112/240 titel=4 ort=6/240
CHRISTOPH	9	315	Christoph	eigenname	q=7/224 next_cap=247/319 prev_cap=134/224 titel=5 ort=1/224
ELISABETH	9	315	Elisabeth	eigenname	q=5/274 next_cap=205/333 prev_cap=146/274 titel=12 ort=4/274
RICHARD	7	313	Richard	eigenname	q=7/261 next_cap=230/326 prev_cap=115/261 titel=8 ort=1/261
DIETER	6	303	Dieter	eigenname	q=4/244 next_cap=316/343 prev_cap=162/244 titel=14 ort=4/244
CITY	4	302	City	eigenname	q=56/385 next_cap=152/390 prev_cap=265/385 titel=0 ort=2/385
EUROPAS	7	300	Europas	eigenname	q=4/264 next_cap=39/301 prev_cap=206/264 titel=0 ort=1/264
MARKUS	6	300	Markus	eigenname	q=4/202 next_cap=242/307 prev_cap=107/202 titel=5 ort=6/202
WEIHNACHTEN	11	295	Weihnachten	eigenname	q=4/242 next_cap=7/295 prev_cap=67/242 titel=0 ort=29/242
JESUS	5	292	Jesus	eigenname	q=11/212 next_cap=50/300 prev_cap=37/212 titel=2 ort=6/212
DANIEL	6	289	Daniel	eigenname	q=7/194 next_cap=202/293 prev_cap=88/194 titel=5 ort=4/194
MATTHIAS	8	289	Matthias	eigenname	q=6/199 next_cap=247/294 prev_cap=107/199 titel=10 ort=8/199
GRAF	4	286	Graf	eigenname	q=53/265 next_cap=140/300 prev_cap=129/265 titel=1 ort=1/265
MANFRED	7	283	Manfred	eigenname	q=0/193 next_cap=259/288 prev_cap=106/193 titel=14 ort=2/193
JAMES	5	280	James	eigenname	q=7/229 next_cap=233/296 prev_cap=115/229 titel=4 ort=1/229
JOSEPH	6	280	Joseph	eigenname	q=10/246 next_cap=212/304 prev_cap=152/246 titel=6 ort=3/246
SCHROEDER	9	277	Schröder	eigenname	q=2/191 next_cap=39/287 prev_cap=133/191 titel=2 ort=3/191
GERHARD	7	272	Gerhard	eigenname	q=6/189 next_cap=248/275 prev_cap=105/189 titel=10 ort=7/189
WILLIAM	7	272	William	eigenname	q=12/226 next_cap=214/275 prev_cap=106/226 titel=0 ort=10/226
WOLF	4	269	Wolf	eigenname	q=48/244 next_cap=95/291 prev_cap=136/244 titel=6 ort=3/244
JAN	3	267	Jan	eigenname	q=13/208 next_cap=200/287 prev_cap=93/208 titel=2 ort=4/208
BERND	5	266	Bernd	eigenname	q=5/172 next_cap=236/273 prev_cap=108/172 titel=11 ort=6/172
HAGEN	5	265	Hagen	eigenname	q=7/147 next_cap=24/273 prev_cap=115/147 titel=0 ort=18/147
ULRICH	6	265	Ulrich	eigenname	q=4/221 next_cap=192/276 prev_cap=147/221 titel=10 ort=7/221
GEORGE	6	263	George	eigenname	q=2/209 next_cap=196/269 prev_cap=105/209 titel=5 ort=3/209
HEINZ	5	261	Heinz	eigenname	q=8/277 next_cap=313/356 prev_cap=185/277 titel=8 ort=2/277
KURT	4	260	Kurt	eigenname	q=3/196 next_cap=252/277 prev_cap=108/196 titel=6 ort=6/196
KOCH	4	258	Koch	eigenname	q=31/237 next_cap=81/309 prev_cap=152/237 titel=6 ort=3/237
SCHNEIDER	9	257	Schneider	eigenname	q=13/214 next_cap=82/269 prev_cap=158/214 titel=3 ort=3/214
MICROSOFT	9	253	Microsoft	eigenname	q=6/216 next_cap=123/327 prev_cap=41/216 titel=0 ort=11/216
BERNHARD	8	251	Bernhard	eigenname	q=5/185 next_cap=191/255 prev_cap=109/185 titel=4 ort=1/185
JOACHIM	7	242	Joachim	eigenname	q=2/218 next_cap=243/286 prev_cap=155/218 titel=6 ort=7/218
RUDOLF	6	240	Rudolf	eigenname	q=5/198 next_cap=224/256 prev_cap=101/198 titel=5 ort=5/198
WEBER	5	238	Weber	eigenname	q=18/207 next_cap=64/247 prev_cap=144/207 titel=3 ort=3/207
COUNTY	6	236	County	eigenname	q=56/243 next_cap=59/244 prev_cap=198/243 titel=0 ort=0/243
ALBERT	6	235	Albert	eigenname	q=8/212 next_cap=192/265 prev_cap=107/212 titel=6 ort=7/212
PHILIPP	7	235	Philipp	eigenname	q=4/193 next_cap=173/251 prev_cap=104/193 titel=3 ort=2/193
COLLEGE	7	234	College	eigenname	q=56/263 next_cap=57/263 prev_cap=177/263 titel=0 ort=0/263
BARBARA	7	227	Barbara	eigenname	q=5/178 next_cap=153/229 prev_cap=94/178 titel=3 ort=4/178
WELTKRIEGES	11	226	Weltkrieges	eigenname	q=20/224 next_cap=4/226 prev_cap=197/224 titel=0 ort=0/224
CHARLES	7	218	Charles	eigenname	q=7/177 next_cap=179/227 prev_cap=88/177 titel=2 ort=3/177
ANTON	5	216	Anton	eigenname	q=4/189 next_cap=179/227 prev_cap=107/189 titel=9 ort=4/189
SEBASTIAN	9	216	Sebastian	eigenname	q=3/154 next_cap=144/219 prev_cap=93/154 titel=0 ort=1/154
OBAMA	5	214	Obama	eigenname	q=3/163 next_cap=40/249 prev_cap=75/163 titel=12 ort=3/163
JAKOB	5	213	Jakob	eigenname	q=8/191 next_cap=142/220 prev_cap=114/191 titel=2 ort=1/191
BECKER	6	212	Becker	eigenname	q=4/179 next_cap=35/215 prev_cap=140/179 titel=3 ort=1/179
MEYER	5	211	Meyer	eigenname	q=5/197 next_cap=78/243 prev_cap=157/197 titel=1 ort=0/197
HELMUT	6	210	Helmut	eigenname	q=2/153 next_cap=198/219 prev_cap=74/153 titel=5 ort=9/153
OLIVER	6	210	Oliver	eigenname	q=4/156 next_cap=167/213 prev_cap=78/156 titel=2 ort=1/156
SIMON	5	210	Simon	eigenname	q=4/172 next_cap=99/223 prev_cap=107/172 titel=2 ort=6/172
WAGNER	6	210	Wagner	eigenname	q=6/205 next_cap=72/237 prev_cap=141/205 titel=3 ort=4/205
FELIX	5	209	Felix	eigenname	q=2/144 next_cap=145/216 prev_cap=73/144 titel=4 ort=0/144
JOERG	5	208	Jörg	eigenname	q=2/156 next_cap=198/230 prev_cap=101/156 titel=7 ort=1/156
BAUER	5	207	Bauer	eigenname	q=41/188 next_cap=58/223 prev_cap=105/188 titel=0 ort=0/188
ALFRED	6	205	Alfred	eigenname	q=7/151 next_cap=185/216 prev_cap=75/151 titel=4 ort=3/151
KATHARINA	9	204	Katharina	eigenname	q=2/157 next_cap=120/209 prev_cap=73/157 titel=2 ort=4/157
HERBERT	7	199	Herbert	eigenname	q=5/148 next_cap=167/202 prev_cap=82/148 titel=3 ort=1/148
OPEL	4	197	Opel	eigenname	q=20/248 next_cap=150/319 prev_cap=67/248 titel=0 ort=13/248
STREET	6	197	Street	eigenname	q=22/222 next_cap=72/224 prev_cap=182/222 titel=0 ort=2/222
TOP	3	195	Top	eigenname	q=100/505 next_cap=376/541 prev_cap=101/505 titel=0 ort=6/505
MARIE	5	194	Marie	eigenname	q=12/221 next_cap=157/266 prev_cap=116/221 titel=8 ort=1/221
SCHUMACHER	10	193	Schumacher	eigenname	q=0/160 next_cap=35/205 prev_cap=124/160 titel=0 ort=2/160
SUED	4	191	Süd	eigenname	q=15/465 next_cap=206/468 prev_cap=339/465 titel=0 ort=56/465
TECHNOLOGIE	11	191	Technologie	eigenname	q=84/370 next_cap=70/377 prev_cap=200/370 titel=0 ort=2/370
ANGELA	6	189	Angela	eigenname	q=1/137 next_cap=174/193 prev_cap=93/137 titel=0 ort=1/137
UWE	3	188	Uwe	eigenname	q=1/144 next_cap=174/204 prev_cap=97/144 titel=8 ort=1/144
STEPHAN	7	185	Stephan	eigenname	q=4/132 next_cap=130/188 prev_cap=76/132 titel=1 ort=2/132
JAZZ	4	183	Jazz	eigenname	q=62/262 next_cap=139/276 prev_cap=83/262 titel=0 ort=6/262
ROLAND	6	181	Roland	eigenname	q=5/128 next_cap=149/187 prev_cap=72/128 titel=2 ort=2/128
NEWS	4	180	News	eigenname	q=45/202 next_cap=73/227 prev_cap=114/202 titel=0 ort=0/202
RALF	4	179	Ralf	eigenname	q=1/118 next_cap=156/182 prev_cap=59/118 titel=4 ort=4/118
WELTKRIEGS	10	179	Weltkriegs	eigenname	q=6/180 next_cap=3/180 prev_cap=172/180 titel=0 ort=0/180
MARY	4	178	Mary	eigenname	q=12/152 next_cap=108/182 prev_cap=56/152 titel=3 ort=5/152
NORD	4	176	Nord	eigenname	q=71/500 next_cap=223/510 prev_cap=219/500 titel=0 ort=69/500
IMMOBILIEN	10	175	Immobilien	eigenname	q=37/198 next_cap=78/222 prev_cap=75/198 titel=0 ort=4/198
AWARD	5	174	Award	eigenname	q=32/199 next_cap=15/202 prev_cap=165/199 titel=0 ort=0/199
ROCK	4	174	Rock	eigenname	q=34/256 next_cap=128/278 prev_cap=139/256 titel=1 ort=6/256
ANDREA	6	173	Andrea	eigenname	q=4/130 next_cap=132/174 prev_cap=61/130 titel=4 ort=1/130
OST	3	173	Ost	eigenname	q=30/469 next_cap=235/476 prev_cap=206/469 titel=0 ort=96/469
GUENTER	7	172	Günter	eigenname	q=2/132 next_cap=173/181 prev_cap=83/132 titel=5 ort=3/132
RAINER	6	171	Rainer	eigenname	q=6/117 next_cap=154/176 prev_cap=71/117 titel=10 ort=3/117
HOUSE	5	170	House	eigenname	q=33/196 next_cap=47/197 prev_cap=149/196 titel=2 ort=1/196
ADAM	4	169	Adam	eigenname	q=8/144 next_cap=93/169 prev_cap=73/144 titel=0 ort=3/144
CHRISTUS	8	169	Christus	eigenname	q=7/157 next_cap=9/176 prev_cap=45/157 titel=0 ort=17/157
FERDINAND	9	168	Ferdinand	eigenname	q=4/135 next_cap=119/173 prev_cap=78/135 titel=0 ort=0/135
JULIA	5	167	Julia	eigenname	q=5/108 next_cap=97/169 prev_cap=50/108 titel=2 ort=0/108
GUENTHER	8	166	Günther	eigenname	q=2/135 next_cap=126/176 prev_cap=85/135 titel=1 ort=3/135
HIGH	4	166	High	eigenname	q=41/266 next_cap=260/277 prev_cap=120/266 titel=0 ort=5/266
AIR	3	165	Air	eigenname	q=26/217 next_cap=189/236 prev_cap=158/217 titel=0 ort=3/217
ALEX	4	164	Alex	eigenname	q=3/110 next_cap=73/162 prev_cap=35/110 titel=3 ort=4/110
EVA	3	162	Eva	eigenname	q=4/114 next_cap=97/170 prev_cap=39/114 titel=4 ort=2/114
HALLO	5	162	Hallo	eigenname	q=9/108 next_cap=61/158 prev_cap=80/108 titel=0 ort=1/108
NASDAQ	6	162	Nasdaq	eigenname	q=45/241 next_cap=137/247 prev_cap=192/241 titel=0 ort=0/241
NORBERT	7	162	Norbert	eigenname	q=2/112 next_cap=142/162 prev_cap=65/112 titel=3 ort=2/112
ABSTAENDEN	10	160	Abständen	eigenname	q=1/161 next_cap=9/161 prev_cap=2/161 titel=0 ort=14/161
JENS	4	159	Jens	eigenname	q=1/110 next_cap=126/163 prev_cap=60/110 titel=2 ort=5/110
KONRAD	6	159	Konrad	eigenname	q=8/148 next_cap=119/179 prev_cap=72/148 titel=1 ort=0/148
PORSCHE	7	158	Porsche	eigenname	q=27/186 next_cap=107/257 prev_cap=49/186 titel=0 ort=10/186
CLAUDIA	7	156	Claudia	eigenname	q=1/109 next_cap=105/158 prev_cap=58/109 titel=1 ort=0/109
HITLER	6	156	Hitler	eigenname	q=6/153 next_cap=42/192 prev_cap=37/153 titel=0 ort=4/153
SABINE	6	156	Sabine	eigenname	q=3/113 next_cap=114/157 prev_cap=59/113 titel=1 ort=2/113
ERICH	5	153	Erich	eigenname	q=6/120 next_cap=144/167 prev_cap=56/120 titel=3 ort=5/120
JESU	4	152	Jesu	eigenname	q=2/158 next_cap=46/167 prev_cap=148/158 titel=0 ort=2/158
ANNE	4	150	Anne	eigenname	q=3/149 next_cap=106/186 prev_cap=68/149 titel=4 ort=1/149
FORD	4	149	Ford	eigenname	q=22/140 next_cap=63/190 prev_cap=46/140 titel=0 ort=7/140
REINHARD	8	148	Reinhard	eigenname	q=2/118 next_cap=125/152 prev_cap=76/118 titel=5 ort=2/118
ROTH	4	148	Roth	eigenname	q=0/116 next_cap=23/148 prev_cap=100/116 titel=1 ort=3/116
SCHAEFER	8	147	Schäfer	eigenname	q=14/127 next_cap=63/162 prev_cap=90/127 titel=5 ort=0/127
CHRISTINE	9	145	Christine	eigenname	q=2/104 next_cap=107/146 prev_cap=63/104 titel=1 ort=1/104
MARKETING	9	145	Marketing	eigenname	q=34/232 next_cap=117/252 prev_cap=101/232 titel=0 ort=5/232
ADOLF	5	144	Adolf	eigenname	q=4/129 next_cap=136/161 prev_cap=73/129 titel=1 ort=9/129
ANGELES	7	144	Angeles	eigenname	q=0/145 next_cap=31/145 prev_cap=144/145 titel=0 ort=0/145
HOFFMANN	8	144	Hoffmann	eigenname	q=4/125 next_cap=45/154 prev_cap=100/125 titel=1 ort=1/125
STATE	5	144	State	eigenname	q=24/140 next_cap=118/143 prev_cap=93/140 titel=0 ort=1/140
JONES	5	143	Jones	eigenname	q=2/276 next_cap=171/290 prev_cap=253/276 titel=1 ort=0/276
MARIO	5	141	Mario	eigenname	q=1/107 next_cap=113/149 prev_cap=48/107 titel=1 ort=1/107
ROLF	4	140	Rolf	eigenname	q=2/100 next_cap=130/149 prev_cap=60/100 titel=6 ort=3/100
SCHALKE	7	139	Schalke	eigenname	q=1/110 next_cap=19/154 prev_cap=21/110 titel=0 ort=12/110
SUSANNE	7	138	Susanne	eigenname	q=2/91 next_cap=97/138 prev_cap=40/91 titel=3 ort=3/91
GERD	4	137	Gerd	eigenname	q=5/101 next_cap=129/143 prev_cap=53/101 titel=2 ort=1/101
PATRICK	7	137	Patrick	eigenname	q=5/97 next_cap=91/138 prev_cap=46/97 titel=3 ort=0/97
WILLIAMS	8	136	Williams	eigenname	q=1/145 next_cap=41/170 prev_cap=85/145 titel=0 ort=6/145
AXEL	4	135	Axel	eigenname	q=3/95 next_cap=118/141 prev_cap=51/95 titel=5 ort=1/95
DIETRICH	8	135	Dietrich	eigenname	q=12/120 next_cap=85/155 prev_cap=82/120 titel=0 ort=1/120
HUBER	5	135	Huber	eigenname	q=4/98 next_cap=19/137 prev_cap=79/98 titel=0 ort=0/98
REGENSBURG	10	135	Regensburg	eigenname	q=8/119 next_cap=16/136 prev_cap=66/119 titel=0 ort=26/119
GUSTAV	6	134	Gustav	eigenname	q=4/125 next_cap=129/158 prev_cap=46/125 titel=1 ort=4/125
HARALD	6	134	Harald	eigenname	q=1/104 next_cap=118/141 prev_cap=63/104 titel=5 ort=2/104
KOEHLER	7	134	Köhler	eigenname	q=6/111 next_cap=24/142 prev_cap=80/111 titel=2 ort=0/111
WEB	3	134	Web	eigenname	q=85/367 next_cap=253/377 prev_cap=96/367 titel=1 ort=1/367
VOLKSWAGEN	10	133	Volkswagen	eigenname	q=19/127 next_cap=58/178 prev_cap=27/127 titel=0 ort=16/127
WESTERWELLE	11	133	Westerwelle	eigenname	q=2/82 next_cap=8/138 prev_cap=54/82 titel=2 ort=1/82
EDUARD	6	132	Eduard	eigenname	q=4/113 next_cap=102/137 prev_cap=54/113 titel=1 ort=1/113
ENERGIEN	8	132	Energien	eigenname	q=11/139 next_cap=10/140 prev_cap=29/139 titel=0 ort=1/139
STEINMEIER	10	131	Steinmeier	eigenname	q=1/83 next_cap=13/135 prev_cap=57/83 titel=1 ort=1/83
LEVERKUSEN	10	130	Leverkusen	eigenname	q=7/105 next_cap=6/133 prev_cap=61/105 titel=0 ort=25/105
SCHULZ	6	130	Schulz	eigenname	q=4/125 next_cap=35/143 prev_cap=93/125 titel=2 ort=1/125
NEUSTADT	8	129	Neustadt	eigenname	q=24/134 next_cap=16/144 prev_cap=69/134 titel=0 ort=25/134
ALBRECHT	8	127	Albrecht	eigenname	q=5/110 next_cap=68/136 prev_cap=66/110 titel=2 ort=1/110
ARNOLD	6	126	Arnold	eigenname	q=2/101 next_cap=61/130 prev_cap=63/101 titel=3 ort=4/101
VOLKER	6	126	Volker	eigenname	q=0/90 next_cap=115/128 prev_cap=53/90 titel=2 ort=1/90
BLACK	5	125	Black	eigenname	q=31/137 next_cap=109/143 prev_cap=48/137 titel=0 ort=9/137
HOCHTOUREN	10	125	Hochtouren	eigenname	q=0/123 next_cap=0/123 prev_cap=2/123 titel=0 ort=0/123
GABRIEL	7	122	Gabriel	eigenname	q=0/90 next_cap=33/126 prev_cap=61/90 titel=2 ort=2/90
HAMILTON	8	122	Hamilton	eigenname	q=1/101 next_cap=14/125 prev_cap=54/101 titel=0 ort=6/101
SIEGFRIED	9	121	Siegfried	eigenname	q=2/83 next_cap=94/123 prev_cap=48/83 titel=6 ort=4/83
ARTHUR	6	120	Arthur	eigenname	q=5/100 next_cap=84/124 prev_cap=40/100 titel=0 ort=3/100
JOE	3	120	Joe	eigenname	q=4/90 next_cap=75/122 prev_cap=28/90 titel=0 ort=3/90
JULIUS	6	119	Julius	eigenname	q=3/103 next_cap=110/130 prev_cap=52/103 titel=6 ort=1/103
SAM	3	119	Sam	eigenname	q=2/87 next_cap=43/112 prev_cap=33/87 titel=2 ort=3/87
SVEN	4	119	Sven	eigenname	q=2/85 next_cap=89/122 prev_cap=39/85 titel=1 ort=2/85
JIM	3	118	Jim	eigenname	q=2/85 next_cap=81/123 prev_cap=33/85 titel=1 ort=2/85
JOCHEN	6	118	Jochen	eigenname	q=6/85 next_cap=103/125 prev_cap=44/85 titel=3 ort=1/85
SOUTH	5	118	South	eigenname	q=30/124 next_cap=115/125 prev_cap=48/124 titel=0 ort=16/124
DAIMLER	7	117	Daimler	eigenname	q=3/123 next_cap=103/215 prev_cap=40/123 titel=0 ort=11/123
HUGO	4	117	Hugo	eigenname	q=6/91 next_cap=77/123 prev_cap=46/91 titel=2 ort=1/91
INFINEON	8	116	Infineon	eigenname	q=2/85 next_cap=45/155 prev_cap=31/85 titel=0 ort=7/85
KING	4	116	King	eigenname	q=13/109 next_cap=43/119 prev_cap=66/109 titel=1 ort=2/109
MERCEDES	8	116	Mercedes	eigenname	q=19/197 next_cap=105/231 prev_cap=68/197 titel=0 ort=14/197
NIKOLAUS	8	116	Nikolaus	eigenname	q=16/112 next_cap=68/130 prev_cap=64/112 titel=0 ort=3/112
FRANKREICHS	11	115	Frankreichs	eigenname	q=0/100 next_cap=26/115 prev_cap=79/100 titel=0 ort=2/100
JACKSON	7	115	Jackson	eigenname	q=5/108 next_cap=34/131 prev_cap=67/108 titel=3 ort=1/108
ERWIN	5	113	Erwin	eigenname	q=1/89 next_cap=96/117 prev_cap=47/89 titel=3 ort=5/89
MARCO	5	112	Marco	eigenname	q=2/73 next_cap=80/113 prev_cap=32/73 titel=1 ort=0/73
MICHEL	6	112	Michel	eigenname	q=3/97 next_cap=70/122 prev_cap=60/97 titel=2 ort=2/97
HERTHA	6	110	Hertha	eigenname	q=7/79 next_cap=67/129 prev_cap=17/79 titel=1 ort=7/79
ZIMMERMANN	10	110	Zimmermann	eigenname	q=2/91 next_cap=27/110 prev_cap=69/91 titel=2 ort=0/91
LISA	4	109	Lisa	eigenname	q=1/80 next_cap=46/112 prev_cap=27/80 titel=1 ort=1/80
SCHMID	6	109	Schmid	eigenname	q=2/95 next_cap=20/113 prev_cap=74/95 titel=1 ort=0/95
BERGER	6	108	Berger	eigenname	q=8/92 next_cap=26/111 prev_cap=63/92 titel=0 ort=0/92
CHRIS	5	108	Chris	eigenname	q=1/82 next_cap=74/110 prev_cap=31/82 titel=1 ort=2/82
SCHAEUBLE	9	108	Schäuble	eigenname	q=0/75 next_cap=19/111 prev_cap=50/75 titel=0 ort=1/75
WILLI	5	108	Willi	eigenname	q=0/89 next_cap=88/114 prev_cap=49/89 titel=5 ort=1/89
LEHMANN	7	107	Lehmann	eigenname	q=1/96 next_cap=29/118 prev_cap=71/96 titel=1 ort=2/96
RED	3	107	Red	eigenname	q=23/117 next_cap=114/132 prev_cap=48/117 titel=0 ort=1/117
SARAH	5	107	Sarah	eigenname	q=2/78 next_cap=52/108 prev_cap=30/78 titel=7 ort=1/78
TIM	3	107	Tim	eigenname	q=2/83 next_cap=71/110 prev_cap=27/83 titel=0 ort=2/83
HANDY	5	106	Handy	eigenname	q=56/231 next_cap=129/244 prev_cap=59/231 titel=0 ort=1/231
JACOB	5	106	Jacob	eigenname	q=2/84 next_cap=72/110 prev_cap=44/84 titel=2 ort=0/84
MONIKA	6	106	Monika	eigenname	q=4/66 next_cap=85/107 prev_cap=32/66 titel=1 ort=2/66
FLORIAN	7	105	Florian	eigenname	q=0/72 next_cap=83/108 prev_cap=41/72 titel=0 ort=2/72
HOLGER	6	105	Holger	eigenname	q=0/67 next_cap=87/103 prev_cap=35/67 titel=6 ort=2/67
TENNIS	6	105	Tennis	eigenname	q=22/148 next_cap=86/166 prev_cap=58/148 titel=0 ort=1/148
BRUNO	5	104	Bruno	eigenname	q=0/81 next_cap=82/108 prev_cap=34/81 titel=5 ort=0/81
LEO	3	104	Leo	eigenname	q=5/83 next_cap=60/109 prev_cap=31/83 titel=1 ort=1/83
LORD	4	104	Lord	eigenname	q=13/92 next_cap=78/106 prev_cap=37/92 titel=0 ort=1/92
SANTA	5	104	Santa	eigenname	q=9/106 next_cap=97/109 prev_cap=47/106 titel=0 ort=14/106
KARIN	5	103	Karin	eigenname	q=0/64 next_cap=79/104 prev_cap=36/64 titel=1 ort=2/64
SEEHOFER	8	103	Seehofer	eigenname	q=0/61 next_cap=6/104 prev_cap=44/61 titel=1 ort=0/61
STOIBER	7	103	Stoiber	eigenname	q=0/72 next_cap=17/112 prev_cap=42/72 titel=3 ort=2/72
GERICHTSHOF	11	102	Gerichtshof	eigenname	q=16/105 next_cap=4/105 prev_cap=79/105 titel=0 ort=0/105
OLAF	4	102	Olaf	eigenname	q=4/73 next_cap=85/102 prev_cap=53/73 titel=2 ort=1/73
HARTMUT	7	101	Hartmut	eigenname	q=1/76 next_cap=93/102 prev_cap=56/76 titel=4 ort=2/76
JOHNSON	7	101	Johnson	eigenname	q=3/88 next_cap=16/105 prev_cap=55/88 titel=3 ort=1/88
ANTONIO	7	100	Antonio	eigenname	q=3/86 next_cap=51/101 prev_cap=60/86 titel=0 ort=0/86
INFO	4	100	Info	eigenname	q=27/154 next_cap=104/188 prev_cap=74/154 titel=0 ort=0/154
PIERRE	6	100	Pierre	eigenname	q=4/111 next_cap=88/135 prev_cap=67/111 titel=4 ort=0/111
AIRLINES	8	99	Airlines	eigenname	q=15/103 next_cap=12/106 prev_cap=79/103 titel=0 ort=1/103
ALICE	5	99	Alice	eigenname	q=2/82 next_cap=49/104 prev_cap=33/82 titel=6 ort=1/82
BRIGITTE	8	98	Brigitte	eigenname	q=2/75 next_cap=81/102 prev_cap=41/75 titel=5 ort=0/75
CLINTON	7	98	Clinton	eigenname	q=2/83 next_cap=19/112 prev_cap=52/83 titel=3 ort=3/83
KEVIN	5	98	Kevin	eigenname	q=1/72 next_cap=72/99 prev_cap=37/72 titel=1 ort=1/72
REDAKTEUR	9	98	Redakteur	eigenname	q=23/145 next_cap=47/147 prev_cap=64/145 titel=0 ort=0/145
SCHMITT	7	98	Schmitt	eigenname	q=6/89 next_cap=28/105 prev_cap=69/89 titel=2 ort=0/89
STEVE	5	98	Steve	eigenname	q=2/71 next_cap=69/96 prev_cap=27/71 titel=0 ort=0/71
URSULA	6	98	Ursula	eigenname	q=1/74 next_cap=85/100 prev_cap=44/74 titel=9 ort=2/74
BOB	3	97	Bob	eigenname	q=11/94 next_cap=61/106 prev_cap=43/94 titel=3 ort=2/94
BIG	3	96	Big	eigenname	q=22/101 next_cap=100/109 prev_cap=36/101 titel=1 ort=3/101
ALI	3	95	Ali	eigenname	q=3/84 next_cap=42/97 prev_cap=54/84 titel=0 ort=0/84
EDWARD	6	95	Edward	eigenname	q=4/75 next_cap=76/96 prev_cap=47/75 titel=1 ort=0/75
PETRA	5	95	Petra	eigenname	q=0/62 next_cap=70/95 prev_cap=32/62 titel=3 ort=1/62
STEINER	7	95	Steiner	eigenname	q=5/82 next_cap=39/99 prev_cap=55/82 titel=0 ort=0/82
VORNAME	7	95	Vorname	eigenname	q=16/80 next_cap=58/94 prev_cap=52/80 titel=1 ort=0/80
GUIDO	5	94	Guido	eigenname	q=0/72 next_cap=78/96 prev_cap=40/72 titel=1 ort=1/72
HOME	4	94	Home	eigenname	q=16/78 next_cap=90/109 prev_cap=44/78 titel=0 ort=2/78
MARTINA	7	94	Martina	eigenname	q=2/64 next_cap=70/94 prev_cap=29/64 titel=3 ort=2/64
TOBIAS	6	94	Tobias	eigenname	q=1/67 next_cap=68/96 prev_cap=30/67 titel=0 ort=1/67
JOHANNA	7	93	Johanna	eigenname	q=2/72 next_cap=61/95 prev_cap=34/72 titel=5 ort=0/72
LAURA	5	93	Laura	eigenname	q=3/76 next_cap=43/94 prev_cap=29/76 titel=6 ort=2/76
URSPRUNGS	9	93	Ursprungs	eigenname	q=2/86 next_cap=2/96 prev_cap=1/86 titel=0 ort=1/86
GREEN	5	92	Green	eigenname	q=12/98 next_cap=63/106 prev_cap=58/98 titel=0 ort=1/98
THEODOR	7	92	Theodor	eigenname	q=1/97 next_cap=96/116 prev_cap=60/97 titel=1 ort=2/97
WERDER	6	92	Werder	eigenname	q=4/79 next_cap=50/108 prev_cap=31/79 titel=0 ort=8/79
WHITE	5	92	White	eigenname	q=18/88 next_cap=48/98 prev_cap=50/88 titel=0 ort=2/88
COUNCIL	7	91	Council	eigenname	q=14/89 next_cap=10/89 prev_cap=73/89 titel=0 ort=2/89
KIM	3	91	Kim	eigenname	q=2/73 next_cap=48/92 prev_cap=25/73 titel=0 ort=0/73
MORITZ	6	91	Moritz	eigenname	q=2/80 next_cap=56/98 prev_cap=49/80 titel=1 ort=3/80
SOPHIE	6	91	Sophie	eigenname	q=5/85 next_cap=58/105 prev_cap=49/85 titel=2 ort=0/85
BORUSSIA	8	90	Borussia	eigenname	q=13/69 next_cap=68/101 prev_cap=26/69 titel=0 ort=7/69
PROFI	5	90	Profi	eigenname	q=41/216 next_cap=105/228 prev_cap=84/216 titel=0 ort=1/216
SCOTT	5	90	Scott	eigenname	q=0/75 next_cap=40/92 prev_cap=42/75 titel=1 ort=2/75
STEFFEN	7	90	Steffen	eigenname	q=0/67 next_cap=59/92 prev_cap=46/67 titel=0 ort=0/67
HEIDE	5	89	Heide	eigenname	q=16/94 next_cap=22/99 prev_cap=58/94 titel=1 ort=3/94
MANUEL	6	89	Manuel	eigenname	q=2/64 next_cap=51/88 prev_cap=33/64 titel=1 ort=3/64
TOYOTA	6	89	Toyota	eigenname	q=15/78 next_cap=35/107 prev_cap=21/78 titel=0 ort=4/78
AUSTRIA	7	88	Austria	eigenname	q=18/99 next_cap=39/102 prev_cap=72/99 titel=0 ort=2/99
RUSSLANDS	9	88	Russlands	eigenname	q=0/77 next_cap=26/88 prev_cap=54/77 titel=0 ort=2/77
CHRISTI	7	87	Christi	eigenname	q=1/88 next_cap=17/90 prev_cap=78/88 titel=0 ort=0/88
LUXUS	5	87	Luxus	eigenname	q=31/127 next_cap=43/131 prev_cap=19/127 titel=0 ort=2/127
OSKAR	5	87	Oskar	eigenname	q=2/60 next_cap=80/94 prev_cap=30/60 titel=0 ort=0/60
INGRID	6	86	Ingrid	eigenname	q=0/55 next_cap=68/86 prev_cap=27/55 titel=1 ort=3/55
MAYER	5	86	Mayer	eigenname	q=1/81 next_cap=24/91 prev_cap=62/81 titel=0 ort=0/81
MORGAN	6	86	Morgan	eigenname	q=2/57 next_cap=32/92 prev_cap=38/57 titel=0 ort=0/57
RESEARCH	8	86	Research	eigenname	q=1/87 next_cap=50/88 prev_cap=81/87 titel=0 ort=2/87
REUTLINGEN	10	86	Reutlingen	eigenname	q=0/80 next_cap=6/87 prev_cap=48/80 titel=0 ort=18/80
JUAN	4	85	Juan	eigenname	q=2/74 next_cap=40/86 prev_cap=53/74 titel=1 ort=1/74
NEUMANN	7	85	Neumann	eigenname	q=0/82 next_cap=30/98 prev_cap=66/82 titel=1 ort=0/82
PRIX	4	85	Prix	eigenname	q=9/139 next_cap=58/139 prev_cap=129/139 titel=0 ort=0/139
WESTFALEN	9	85	Westfalen	eigenname	q=9/304 next_cap=42/309 prev_cap=258/304 titel=0 ort=26/304
HIRSCH	6	84	Hirsch	eigenname	q=19/83 next_cap=11/88 prev_cap=53/83 titel=0 ort=0/83
LINUX	5	84	Linux	eigenname	q=3/151 next_cap=90/170 prev_cap=44/151 titel=0 ort=3/151
LOTHAR	6	84	Lothar	eigenname	q=1/58 next_cap=75/85 prev_cap=29/58 titel=2 ort=1/58
SAMUEL	6	84	Samuel	eigenname	q=3/61 next_cap=65/84 prev_cap=32/61 titel=0 ort=0/61
ANDREW	6	83	Andrew	eigenname	q=1/74 next_cap=64/85 prev_cap=36/74 titel=0 ort=1/74
BLUE	4	83	Blue	eigenname	q=23/94 next_cap=78/102 prev_cap=43/94 titel=0 ort=3/94
BUSINESS	8	83	Business	eigenname	q=25/179 next_cap=122/186 prev_cap=80/179 titel=0 ort=1/179
DAVIS	5	83	Davis	eigenname	q=7/83 next_cap=22/93 prev_cap=49/83 titel=0 ort=0/83
FRED	4	83	Fred	eigenname	q=3/60 next_cap=61/83 prev_cap=26/60 titel=0 ort=0/60
FUTURE	6	83	Future	eigenname	q=41/270 next_cap=35/272 prev_cap=225/270 titel=0 ort=0/270
GREGOR	6	83	Gregor	eigenname	q=1/66 next_cap=63/85 prev_cap=31/66 titel=1 ort=4/66
HARTMANN	8	83	Hartmann	eigenname	q=3/76 next_cap=30/90 prev_cap=51/76 titel=1 ort=1/76
LOEW	4	83	Löw	eigenname	q=0/62 next_cap=11/88 prev_cap=47/62 titel=1 ort=0/62
SONY	4	83	Sony	eigenname	q=3/62 next_cap=49/104 prev_cap=11/62 titel=0 ort=1/62
WILSON	6	83	Wilson	eigenname	q=5/67 next_cap=18/87 prev_cap=38/67 titel=2 ort=0/67
BORIS	5	82	Boris	eigenname	q=0/48 next_cap=60/84 prev_cap=25/48 titel=3 ort=1/48
FRANCISCO	9	82	Francisco	eigenname	q=1/82 next_cap=32/83 prev_cap=72/82 titel=0 ort=1/82
PETERSBURG	10	82	Petersburg	eigenname	q=1/78 next_cap=4/82 prev_cap=68/78 titel=0 ort=6/78
FAN	3	81	Fan	eigenname	q=28/236 next_cap=92/240 prev_cap=123/236 titel=0 ort=2/236
MARX	4	81	Marx	eigenname	q=2/100 next_cap=57/115 prev_cap=57/100 titel=1 ort=4/100
EMIL	4	80	Emil	eigenname	q=1/60 next_cap=67/84 prev_cap=32/60 titel=0 ort=1/60
EMMA	4	80	Emma	eigenname	q=3/71 next_cap=44/87 prev_cap=37/71 titel=3 ort=1/71
LADY	4	80	Lady	eigenname	q=9/75 next_cap=57/85 prev_cap=29/75 titel=3 ort=3/75
LORENZ	6	80	Lorenz	eigenname	q=1/79 next_cap=49/93 prev_cap=47/79 titel=0 ort=3/79
PHOENIX	7	80	Phoenix	eigenname	q=14/75 next_cap=52/93 prev_cap=21/75 titel=0 ort=13/75
CONRAD	6	79	Conrad	eigenname	q=5/69 next_cap=47/80 prev_cap=46/69 titel=0 ort=1/69
LAFONTAINE	10	79	Lafontaine	eigenname	q=0/64 next_cap=10/84 prev_cap=38/64 titel=1 ort=1/64
MEIER	5	79	Meier	eigenname	q=2/75 next_cap=20/87 prev_cap=56/75 titel=5 ort=3/75
OLYMPIA	7	79	Olympia	eigenname	q=2/174 next_cap=131/189 prev_cap=56/174 titel=0 ort=20/174
CAPTAIN	7	78	Captain	eigenname	q=16/71 next_cap=61/82 prev_cap=23/71 titel=0 ort=0/71
CHRISTOPHER	11	78	Christopher	eigenname	q=4/57 next_cap=65/78 prev_cap=29/57 titel=0 ort=2/57
FIEBER	6	78	Fieber	eigenname	q=12/109 next_cap=11/119 prev_cap=56/109 titel=0 ort=4/109
LEOPOLD	7	78	Leopold	eigenname	q=5/67 next_cap=51/81 prev_cap=38/67 titel=0 ort=0/67
CARLOS	6	77	Carlos	eigenname	q=2/73 next_cap=49/82 prev_cap=29/73 titel=2 ort=2/73
CHRISTINA	9	77	Christina	eigenname	q=3/59 next_cap=53/78 prev_cap=26/59 titel=1 ort=0/59
ERIC	4	77	Eric	eigenname	q=1/61 next_cap=59/79 prev_cap=22/61 titel=0 ort=0/61
LUKAS	5	77	Lukas	eigenname	q=1/58 next_cap=51/83 prev_cap=28/58 titel=3 ort=4/58
MISS	4	77	Miss	eigenname	q=12/72 next_cap=79/83 prev_cap=17/72 titel=0 ort=2/72
NINA	4	77	Nina	eigenname	q=4/50 next_cap=34/75 prev_cap=18/50 titel=2 ort=2/50
RENATE	6	77	Renate	eigenname	q=1/58 next_cap=69/79 prev_cap=35/58 titel=2 ort=4/58
YOUNG	5	77	Young	eigenname	q=10/77 next_cap=39/82 prev_cap=51/77 titel=0 ort=1/77
EBERHARD	8	76	Eberhard	eigenname	q=4/54 next_cap=64/78 prev_cap=28/54 titel=1 ort=0/54
HAAS	4	76	Haas	eigenname	q=1/63 next_cap=24/78 prev_cap=49/63 titel=0 ort=2/63
HANSEN	6	76	Hansen	eigenname	q=2/66 next_cap=13/76 prev_cap=49/66 titel=2 ort=0/66
HOFMANN	7	76	Hofmann	eigenname	q=4/70 next_cap=17/77 prev_cap=50/70 titel=0 ort=0/70
HOLDING	7	76	Holding	eigenname	q=23/97 next_cap=30/98 prev_cap=67/97 titel=0 ort=0/97
NOKIA	5	76	Nokia	eigenname	q=9/73 next_cap=33/104 prev_cap=21/73 titel=0 ort=3/73
PAULUS	6	76	Paulus	eigenname	q=5/62 next_cap=22/82 prev_cap=23/62 titel=2 ort=0/62
AWARDS	6	75	Awards	eigenname	q=9/78 next_cap=5/82 prev_cap=63/78 titel=0 ort=0/78
EUGEN	5	75	Eugen	eigenname	q=0/66 next_cap=61/82 prev_cap=32/66 titel=1 ort=3/66
GOTTFRIED	9	75	Gottfried	eigenname	q=4/74 next_cap=68/84 prev_cap=42/74 titel=2 ort=4/74
LUTHER	6	75	Luther	eigenname	q=0/91 next_cap=44/107 prev_cap=67/91 titel=0 ort=0/91
ELIZABETH	9	74	Elizabeth	eigenname	q=8/70 next_cap=41/75 prev_cap=38/70 titel=8 ort=0/70
ERDGAS	6	74	Erdgas	eigenname	q=6/80 next_cap=12/87 prev_cap=12/80 titel=0 ort=6/80
SANDRA	6	74	Sandra	eigenname	q=1/47 next_cap=49/75 prev_cap=21/47 titel=4 ort=2/47
AGNES	5	73	Agnes	eigenname	q=4/58 next_cap=37/74 prev_cap=25/58 titel=1 ort=0/58
DIEGO	5	73	Diego	eigenname	q=1/53 next_cap=34/73 prev_cap=30/53 titel=0 ort=1/53
DOROTHEA	8	73	Dorothea	eigenname	q=0/67 next_cap=59/75 prev_cap=38/67 titel=1 ort=0/67
MARCUS	6	73	Marcus	eigenname	q=5/47 next_cap=52/74 prev_cap=21/47 titel=0 ort=0/47
PUTIN	5	73	Putin	eigenname	q=0/45 next_cap=3/75 prev_cap=24/45 titel=5 ort=2/45
SCHOLZ	6	73	Scholz	eigenname	q=0/67 next_cap=23/83 prev_cap=47/67 titel=0 ort=1/67
TAYLOR	6	73	Taylor	eigenname	q=4/56 next_cap=13/75 prev_cap=30/56 titel=0 ort=1/56
ANHIEB	6	72	Anhieb	eigenname	q=2/72 next_cap=3/72 prev_cap=2/72 titel=0 ort=0/72
CLARA	5	72	Clara	eigenname	q=1/69 next_cap=44/76 prev_cap=33/69 titel=1 ort=1/69
EDMUND	6	72	Edmund	eigenname	q=1/59 next_cap=55/72 prev_cap=36/59 titel=2 ort=1/59
GABRIELE	8	72	Gabriele	eigenname	q=1/48 next_cap=65/72 prev_cap=22/48 titel=0 ort=4/48
ARTS	4	71	Arts	eigenname	q=7/77 next_cap=35/78 prev_cap=52/77 titel=0 ort=1/77
DENNIS	6	71	Dennis	eigenname	q=2/52 next_cap=48/71 prev_cap=19/52 titel=0 ort=1/52
MAXIMILIAN	10	71	Maximilian	eigenname	q=2/58 next_cap=46/74 prev_cap=31/58 titel=3 ort=0/58
ALLEE	5	70	Allee	eigenname	q=12/102 next_cap=5/102 prev_cap=80/102 titel=0 ort=0/102
ANGEL	5	70	Angel	eigenname	q=11/57 next_cap=21/70 prev_cap=19/57 titel=0 ort=1/57
BIRGIT	6	70	Birgit	eigenname	q=1/52 next_cap=56/70 prev_cap=27/52 titel=1 ort=1/52
CHURCH	6	70	Church	eigenname	q=10/70 next_cap=14/70 prev_cap=53/70 titel=0 ort=0/70
FRANCE	6	70	France	eigenname	q=0/82 next_cap=36/93 prev_cap=30/82 titel=0 ort=4/82
JACQUES	7	70	Jacques	eigenname	q=0/65 next_cap=64/81 prev_cap=46/65 titel=8 ort=2/65
LUTZ	4	70	Lutz	eigenname	q=0/60 next_cap=41/74 prev_cap=39/60 titel=1 ort=2/60
MANCHESTER	10	70	Manchester	eigenname	q=9/67 next_cap=37/75 prev_cap=13/67 titel=0 ort=16/67
MARION	6	70	Marion	eigenname	q=0/44 next_cap=50/69 prev_cap=17/44 titel=1 ort=4/44
YORKER	6	70	Yorker	eigenname	q=1/70 next_cap=63/70 prev_cap=69/70 titel=0 ort=0/70
BAUMANN	7	69	Baumann	eigenname	q=1/61 next_cap=19/74 prev_cap=45/61 titel=1 ort=1/61
GAMES	5	69	Games	eigenname	q=10/84 next_cap=23/85 prev_cap=68/84 titel=0 ort=0/84
PETRUS	6	69	Petrus	eigenname	q=6/67 next_cap=24/73 prev_cap=23/67 titel=1 ort=1/67
STRAUSS	7	69	Strauß	eigenname	q=10/74 next_cap=27/89 prev_cap=41/74 titel=0 ort=1/74
BASSIST	7	68	Bassist	eigenname	q=17/72 next_cap=38/74 prev_cap=15/72 titel=1 ort=0/72
FIAT	4	68	Fiat	eigenname	q=14/69 next_cap=41/94 prev_cap=8/69 titel=0 ort=1/69
ITALIENS	8	68	Italiens	eigenname	q=0/55 next_cap=20/68 prev_cap=43/55 titel=1 ort=1/55
MAGAZINE	8	68	Magazine	eigenname	q=11/76 next_cap=6/78 prev_cap=45/76 titel=0 ort=0/76
SOUND	5	68	Sound	eigenname	q=14/101 next_cap=28/103 prev_cap=57/101 titel=0 ort=0/101
FRANCIS	7	67	Francis	eigenname	q=2/52 next_cap=43/69 prev_cap=32/52 titel=1 ort=0/52
HANDBALL	8	67	Handball	eigenname	q=20/138 next_cap=95/153 prev_cap=48/138 titel=0 ort=2/138
MAILS	5	67	Mails	eigenname	q=33/149 next_cap=3/155 prev_cap=107/149 titel=0 ort=0/149
MOELLER	7	67	Möller	eigenname	q=2/54 next_cap=12/69 prev_cap=36/54 titel=1 ort=2/54
PAULI	5	67	Pauli	eigenname	q=1/59 next_cap=14/73 prev_cap=54/59 titel=0 ort=0/59
PHILIP	6	67	Philip	eigenname	q=4/50 next_cap=48/64 prev_cap=21/50 titel=0 ort=1/50
RUDI	4	67	Rudi	eigenname	q=1/47 next_cap=50/67 prev_cap=22/47 titel=4 ort=0/47
STEINBRUECK	11	67	Steinbrück	eigenname	q=0/37 next_cap=8/70 prev_cap=21/37 titel=2 ort=1/37
SUPPORT	7	67	Support	eigenname	q=26/108 next_cap=35/114 prev_cap=49/108 titel=0 ort=0/108
ULRIKE	6	67	Ulrike	eigenname	q=1/43 next_cap=50/67 prev_cap=24/43 titel=1 ort=2/43
VIRGINIA	8	67	Virginia	eigenname	q=5/70 next_cap=29/72 prev_cap=28/70 titel=0 ort=10/70
ANDY	4	66	Andy	eigenname	q=3/51 next_cap=41/67 prev_cap=22/51 titel=0 ort=1/51
CELSIUS	7	66	Celsius	eigenname	q=5/67 next_cap=3/67 prev_cap=58/67 titel=0 ort=0/67
ERIK	4	66	Erik	eigenname	q=0/52 next_cap=49/70 prev_cap=28/52 titel=1 ort=1/52
HENKEL	6	66	Henkel	eigenname	q=5/53 next_cap=14/76 prev_cap=32/53 titel=2 ort=2/53
JAHRBUCH	8	66	Jahrbuch	eigenname	q=15/65 next_cap=8/77 prev_cap=47/65 titel=0 ort=13/65
JULIAN	6	66	Julian	eigenname	q=4/50 next_cap=29/66 prev_cap=15/50 titel=1 ort=1/50
METRO	5	66	Metro	eigenname	q=12/67 next_cap=49/94 prev_cap=28/67 titel=0 ort=1/67
GORDON	6	65	Gordon	eigenname	q=2/61 next_cap=31/69 prev_cap=38/61 titel=0 ort=0/61
HEIKE	5	65	Heike	eigenname	q=0/40 next_cap=58/66 prev_cap=18/40 titel=1 ort=2/40
HILDESHEIM	10	65	Hildesheim	eigenname	q=2/65 next_cap=15/67 prev_cap=43/65 titel=0 ort=14/65
KLINSMANN	9	65	Klinsmann	eigenname	q=3/56 next_cap=9/69 prev_cap=33/56 titel=2 ort=1/56
MASTER	6	65	Master	eigenname	q=27/116 next_cap=72/120 prev_cap=55/116 titel=0 ort=1/116
NICOLE	6	65	Nicole	eigenname	q=1/45 next_cap=39/65 prev_cap=16/45 titel=0 ort=0/45
ROSS	4	65	Ross	eigenname	q=5/65 next_cap=23/74 prev_cap=33/65 titel=0 ort=1/65
BERLUSCONI	10	64	Berlusconi	eigenname	q=0/37 next_cap=7/67 prev_cap=18/37 titel=0 ort=0/37
CAROLINA	8	64	Carolina	eigenname	q=1/61 next_cap=21/64 prev_cap=58/61 titel=0 ort=0/61
CATHERINE	9	64	Catherine	eigenname	q=2/57 next_cap=45/68 prev_cap=30/57 titel=4 ort=1/57
DORIS	5	64	Doris	eigenname	q=2/42 next_cap=46/64 prev_cap=20/42 titel=1 ort=0/42
HITLERS	7	64	Hitlers	eigenname	q=1/54 next_cap=39/64 prev_cap=28/54 titel=0 ort=9/54
INGO	4	64	Ingo	eigenname	q=1/47 next_cap=54/67 prev_cap=24/47 titel=0 ort=0/47
JONAS	5	64	Jonas	eigenname	q=1/45 next_cap=34/65 prev_cap=19/45 titel=0 ort=0/45
JURA	4	64	Jura	eigenname	q=13/83 next_cap=30/86 prev_cap=26/83 titel=1 ort=2/83
MAGDALENA	9	64	Magdalena	eigenname	q=2/59 next_cap=38/69 prev_cap=42/59 titel=0 ort=0/59
MALLORCA	8	64	Mallorca	eigenname	q=0/59 next_cap=5/67 prev_cap=9/59 titel=0 ort=9/59
STUDIOALBUM	11	64	Studioalbum	eigenname	q=8/63 next_cap=29/64 prev_cap=2/63 titel=0 ort=0/63
VETTEL	6	64	Vettel	eigenname	q=1/53 next_cap=5/66 prev_cap=31/53 titel=0 ort=0/53
AVENUE	6	63	Avenue	eigenname	q=11/62 next_cap=10/63 prev_cap=50/62 titel=0 ort=0/62
BRIAN	5	63	Brian	eigenname	q=2/46 next_cap=45/63 prev_cap=20/46 titel=0 ort=3/46
FEDERER	7	63	Federer	eigenname	q=2/39 next_cap=4/65 prev_cap=17/39 titel=0 ort=0/39
FULDA	5	63	Fulda	eigenname	q=3/55 next_cap=10/61 prev_cap=29/55 titel=0 ort=13/55
KRAUSE	6	63	Krause	eigenname	q=2/53 next_cap=9/62 prev_cap=40/53 titel=3 ort=1/53
KRUEGER	7	63	Krüger	eigenname	q=2/61 next_cap=23/70 prev_cap=47/61 titel=2 ort=0/61
NICOLAS	7	63	Nicolas	eigenname	q=0/55 next_cap=48/73 prev_cap=37/55 titel=4 ort=1/55
SIMONE	6	63	Simone	eigenname	q=1/45 next_cap=48/63 prev_cap=21/45 titel=0 ort=3/45
TIMES	5	63	Times	eigenname	q=7/67 next_cap=14/68 prev_cap=59/67 titel=0 ort=1/67
TONI	4	63	Toni	eigenname	q=0/51 next_cap=36/67 prev_cap=26/51 titel=1 ort=1/51
VOGT	4	63	Vogt	eigenname	q=8/57 next_cap=12/65 prev_cap=38/57 titel=1 ort=0/57
ANDERSON	8	62	Anderson	eigenname	q=2/53 next_cap=9/62 prev_cap=40/53 titel=0 ort=0/53
DETLEF	6	62	Detlef	eigenname	q=2/45 next_cap=56/63 prev_cap=26/45 titel=0 ort=2/45
DOW	3	62	Dow	eigenname	q=28/198 next_cap=197/204 prev_cap=176/198 titel=0 ort=0/198
HUBERT	6	62	Hubert	eigenname	q=1/62 next_cap=46/68 prev_cap=30/62 titel=1 ort=1/62
MARIANNE	8	62	Marianne	eigenname	q=1/52 next_cap=39/64 prev_cap=18/52 titel=2 ort=1/52
TOMMY	5	62	Tommy	eigenname	q=3/46 next_cap=34/62 prev_cap=24/46 titel=0 ort=1/46
VERDI	5	62	Verdi	eigenname	q=0/55 next_cap=23/84 prev_cap=29/55 titel=0 ort=1/55
BENEDIKT	8	61	Benedikt	eigenname	q=3/50 next_cap=37/60 prev_cap=23/50 titel=0 ort=0/50
BRIDGE	6	61	Bridge	eigenname	q=7/65 next_cap=12/68 prev_cap=52/65 titel=0 ort=0/65
FACEBOOK	8	61	Facebook	eigenname	q=0/77 next_cap=41/101 prev_cap=15/77 titel=0 ort=4/77
ISRAELS	7	61	Israels	eigenname	q=1/50 next_cap=18/61 prev_cap=41/50 titel=1 ort=2/50
KAI	3	61	Kai	eigenname	q=5/64 next_cap=39/74 prev_cap=24/64 titel=1 ort=0/64
LOUISE	6	61	Louise	eigenname	q=3/54 next_cap=30/66 prev_cap=36/54 titel=4 ort=1/54
MARGARET	8	61	Margaret	eigenname	q=2/54 next_cap=44/62 prev_cap=23/54 titel=2 ort=3/54
SERVICES	8	61	Services	eigenname	q=13/80 next_cap=15/81 prev_cap=53/80 titel=0 ort=0/80
THORSTEN	8	61	Thorsten	eigenname	q=0/45 next_cap=50/61 prev_cap=23/45 titel=2 ort=1/45
ABRAHAM	7	60	Abraham	eigenname	q=1/55 next_cap=30/61 prev_cap=25/55 titel=0 ort=0/55
ALAN	4	60	Alan	eigenname	q=3/45 next_cap=49/59 prev_cap=17/45 titel=0 ort=0/45
ANJA	4	60	Anja	eigenname	q=2/39 next_cap=48/62 prev_cap=15/39 titel=0 ort=0/39
BEACH	5	60	Beach	eigenname	q=9/89 next_cap=53/91 prev_cap=57/89 titel=0 ort=0/89
CAROLINE	8	60	Caroline	eigenname	q=1/53 next_cap=30/61 prev_cap=26/53 titel=6 ort=1/53
DAN	3	60	Dan	eigenname	q=5/48 next_cap=31/62 prev_cap=26/48 titel=0 ort=1/48
GOETHE	6	60	Goethe	eigenname	q=4/108 next_cap=68/123 prev_cap=27/108 titel=0 ort=3/108
SCHUSTER	8	60	Schuster	eigenname	q=7/54 next_cap=8/60 prev_cap=40/54 titel=0 ort=0/54
SUSAN	5	60	Susan	eigenname	q=1/49 next_cap=39/61 prev_cap=24/49 titel=1 ort=1/49
TASCHENBUCH	11	60	Taschenbuch	eigenname	q=5/63 next_cap=48/69 prev_cap=48/63 titel=0 ort=0/63
VIKTOR	6	60	Viktor	eigenname	q=0/48 next_cap=38/60 prev_cap=24/48 titel=2 ort=3/48
BUSCH	5	59	Busch	eigenname	q=16/67 next_cap=19/75 prev_cap=41/67 titel=1 ort=3/67
CLAUS	5	59	Claus	eigenname	q=0/55 next_cap=56/71 prev_cap=34/55 titel=4 ort=0/55
CLEMENS	7	59	Clemens	eigenname	q=1/47 next_cap=37/62 prev_cap=27/47 titel=1 ort=1/47
FREIHERR	8	59	Freiherr	eigenname	q=5/60 next_cap=12/63 prev_cap=45/60 titel=1 ort=1/60
HEIKO	5	59	Heiko	eigenname	q=0/41 next_cap=52/59 prev_cap=22/41 titel=4 ort=0/41
HEINRICHS	9	59	Heinrichs	eigenname	q=2/57 next_cap=38/59 prev_cap=41/57 titel=0 ort=0/57
KAHN	4	59	Kahn	eigenname	q=8/58 next_cap=9/68 prev_cap=37/58 titel=0 ort=2/58
ROY	3	59	Roy	eigenname	q=4/35 next_cap=33/58 prev_cap=16/35 titel=0 ort=1/35
RUEDIGER	8	59	Rüdiger	eigenname	q=2/42 next_cap=51/61 prev_cap=22/42 titel=2 ort=2/42
ADAMS	5	58	Adams	eigenname	q=6/56 next_cap=18/61 prev_cap=38/56 titel=1 ort=1/56
CLARK	5	58	Clark	eigenname	q=2/46 next_cap=13/59 prev_cap=21/46 titel=0 ort=2/46
DANNY	5	58	Danny	eigenname	q=3/45 next_cap=29/59 prev_cap=13/45 titel=0 ort=1/45
KATE	4	58	Kate	eigenname	q=3/46 next_cap=28/58 prev_cap=12/46 titel=0 ort=3/46
LITTLE	6	58	Little	eigenname	q=10/52 next_cap=53/56 prev_cap=23/52 titel=0 ort=3/52
MOORE	5	58	Moore	eigenname	q=7/51 next_cap=9/60 prev_cap=29/51 titel=0 ort=1/51
SALZGITTER	10	58	Salzgitter	eigenname	q=3/49 next_cap=21/77 prev_cap=15/49 titel=0 ort=8/49
ALONSO	6	57	Alonso	eigenname	q=0/42 next_cap=5/58 prev_cap=20/42 titel=0 ort=1/42
ANLAESSEN	9	57	Anlässen	eigenname	q=4/57 next_cap=1/57 prev_cap=0/57 titel=0 ort=0/57
GERTRUD	7	57	Gertrud	eigenname	q=0/44 next_cap=47/60 prev_cap=22/44 titel=1 ort=0/44
GOETZ	5	57	Götz	eigenname	q=2/48 next_cap=27/59 prev_cap=37/48 titel=1 ort=0/48
HENNING	7	57	Henning	eigenname	q=3/48 next_cap=40/62 prev_cap=27/48 titel=1 ort=2/48
KATRIN	6	57	Katrin	eigenname	q=2/42 next_cap=43/59 prev_cap=24/42 titel=0 ort=0/42
MAIER	5	57	Maier	eigenname	q=2/47 next_cap=7/60 prev_cap=36/47 titel=1 ort=0/47
MATTHAEUS	9	57	Matthäus	eigenname	q=1/57 next_cap=26/69 prev_cap=31/57 titel=0 ort=0/57
RITA	4	57	Rita	eigenname	q=0/39 next_cap=34/58 prev_cap=13/39 titel=2 ort=1/39
SORGFALT	8	57	Sorgfalt	eigenname	q=4/55 next_cap=0/57 prev_cap=10/55 titel=0 ort=0/55
SPACE	5	57	Space	eigenname	q=16/74 next_cap=57/76 prev_cap=42/74 titel=0 ort=1/74
SPECIAL	7	57	Special	eigenname	q=16/77 next_cap=51/80 prev_cap=40/77 titel=0 ort=0/77
ANGELIKA	8	56	Angelika	eigenname	q=0/39 next_cap=39/57 prev_cap=23/39 titel=1 ort=2/39
BERTHOLD	8	56	Berthold	eigenname	q=1/45 next_cap=37/57 prev_cap=27/45 titel=0 ort=0/45
BRECHT	6	56	Brecht	eigenname	q=2/61 next_cap=16/68 prev_cap=28/61 titel=0 ort=1/61
BUFFY	5	56	Buffy	eigenname	q=1/13 next_cap=4/49 prev_cap=5/13 titel=0 ort=0/13
COMMITTEE	9	56	Committee	eigenname	q=6/57 next_cap=3/57 prev_cap=51/57 titel=0 ort=0/57
DAVE	4	56	Dave	eigenname	q=1/46 next_cap=37/56 prev_cap=22/46 titel=1 ort=0/46
GIOVANNI	8	56	Giovanni	eigenname	q=1/43 next_cap=36/56 prev_cap=23/43 titel=1 ort=0/43
KULT	4	56	Kult	eigenname	q=24/107 next_cap=42/111 prev_cap=35/107 titel=0 ort=0/107
MARGARETHE	10	56	Margarethe	eigenname	q=2/52 next_cap=39/57 prev_cap=29/52 titel=3 ort=2/52
REGINA	6	56	Regina	eigenname	q=4/44 next_cap=43/55 prev_cap=21/44 titel=0 ort=0/44
WOLFF	5	56	Wolff	eigenname	q=1/56 next_cap=14/61 prev_cap=48/56 titel=1 ort=0/56
AIRPORT	7	55	Airport	eigenname	q=9/66 next_cap=15/66 prev_cap=51/66 titel=0 ort=0/66
CAMPBELL	8	55	Campbell	eigenname	q=0/51 next_cap=14/59 prev_cap=33/51 titel=0 ort=0/51
CHRISTIANE	10	55	Christiane	eigenname	q=2/40 next_cap=47/57 prev_cap=21/40 titel=2 ort=0/40
DOUGLAS	7	55	Douglas	eigenname	q=4/52 next_cap=36/65 prev_cap=31/52 titel=0 ort=2/52
GALLEN	6	55	Gallen	eigenname	q=4/53 next_cap=4/57 prev_cap=47/53 titel=0 ort=0/53
MALTA	5	55	Malta	eigenname	q=3/57 next_cap=6/59 prev_cap=16/57 titel=0 ort=14/57
MARTHA	6	55	Martha	eigenname	q=3/42 next_cap=35/55 prev_cap=13/42 titel=2 ort=0/42
RUETTGERS	9	55	Rüttgers	eigenname	q=2/36 next_cap=13/59 prev_cap=20/36 titel=1 ort=0/36
STEFANIE	8	55	Stefanie	eigenname	q=0/45 next_cap=34/55 prev_cap=19/45 titel=0 ort=1/45
STEWART	7	55	Stewart	eigenname	q=0/50 next_cap=9/56 prev_cap=42/50 titel=0 ort=1/50
TANJA	5	55	Tanja	eigenname	q=0/36 next_cap=30/55 prev_cap=11/36 titel=1 ort=0/36
WLADIMIR	8	55	Wladimir	eigenname	q=0/42 next_cap=55/59 prev_cap=28/42 titel=5 ort=1/42
AMERIKAS	8	54	Amerikas	eigenname	q=1/43 next_cap=17/56 prev_cap=34/43 titel=1 ort=1/43
ELLEN	5	54	Ellen	eigenname	q=10/46 next_cap=28/54 prev_cap=17/46 titel=1 ort=2/46
FITNESS	7	54	Fitness	eigenname	q=17/97 next_cap=54/107 prev_cap=23/97 titel=0 ort=0/97
FORTUNA	7	54	Fortuna	eigenname	q=10/51 next_cap=29/61 prev_cap=19/51 titel=0 ort=3/51
GREENPEACE	10	54	Greenpeace	eigenname	q=1/51 next_cap=21/70 prev_cap=21/51 titel=0 ort=2/51
JONATHAN	8	54	Jonathan	eigenname	q=2/39 next_cap=33/54 prev_cap=21/39 titel=0 ort=1/39
MATHIAS	7	54	Mathias	eigenname	q=0/38 next_cap=38/56 prev_cap=19/38 titel=0 ort=0/38
PEDRO	5	54	Pedro	eigenname	q=0/48 next_cap=31/54 prev_cap=28/48 titel=0 ort=2/48
SARA	4	54	Sara	eigenname	q=2/39 next_cap=18/54 prev_cap=20/39 titel=3 ort=0/39
SKI	3	54	Ski	eigenname	q=14/121 next_cap=71/131 prev_cap=41/121 titel=0 ort=0/121
SOPHIA	6	54	Sophia	eigenname	q=2/48 next_cap=27/54 prev_cap=30/48 titel=3 ort=1/48
ALOIS	5	53	Alois	eigenname	q=0/42 next_cap=48/54 prev_cap=24/42 titel=3 ort=1/42
ERIKA	5	53	Erika	eigenname	q=2/39 next_cap=37/54 prev_cap=21/39 titel=1 ort=0/39
FABIAN	6	53	Fabian	eigenname	q=3/34 next_cap=40/53 prev_cap=15/34 titel=1 ort=1/34
FORST	5	53	Forst	eigenname	q=14/65 next_cap=18/70 prev_cap=34/65 titel=0 ort=6/65
HELENE	6	53	Helene	eigenname	q=3/48 next_cap=32/58 prev_cap=25/48 titel=4 ort=0/48
HOT	3	53	Hot	eigenname	q=13/54 next_cap=47/61 prev_cap=26/54 titel=0 ort=0/54
KATJA	5	53	Katja	eigenname	q=2/33 next_cap=30/53 prev_cap=5/33 titel=1 ort=0/33
LEONHARD	8	53	Leonhard	eigenname	q=1/43 next_cap=33/56 prev_cap=27/43 titel=0 ort=1/43
RALPH	5	53	Ralph	eigenname	q=1/39 next_cap=40/54 prev_cap=17/39 titel=1 ort=0/39
SARKOZY	7	53	Sarkozy	eigenname	q=0/38 next_cap=2/57 prev_cap=18/38 titel=2 ort=1/38
SKY	3	53	Sky	eigenname	q=7/47 next_cap=25/57 prev_cap=17/47 titel=0 ort=2/47
STANLEY	7	53	Stanley	eigenname	q=7/61 next_cap=32/65 prev_cap=37/61 titel=0 ort=0/61
STOFFEN	7	53	Stoffen	eigenname	q=4/52 next_cap=2/53 prev_cap=3/52 titel=0 ort=1/52
ACHIM	5	52	Achim	eigenname	q=3/38 next_cap=35/53 prev_cap=21/38 titel=2 ort=0/38
BALLACK	7	52	Ballack	eigenname	q=0/42 next_cap=5/56 prev_cap=20/42 titel=0 ort=1/42
BAYERNS	7	52	Bayerns	eigenname	q=1/38 next_cap=19/52 prev_cap=30/38 titel=0 ort=1/38
BERNARD	7	52	Bernard	eigenname	q=1/41 next_cap=38/54 prev_cap=25/41 titel=0 ort=0/41
CARSTEN	7	52	Carsten	eigenname	q=0/36 next_cap=47/54 prev_cap=13/36 titel=1 ort=1/36
CHRISTA	7	52	Christa	eigenname	q=0/35 next_cap=43/51 prev_cap=20/35 titel=0 ort=1/35
DANIELA	7	52	Daniela	eigenname	q=0/34 next_cap=33/52 prev_cap=20/34 titel=1 ort=0/34
HELEN	5	52	Helen	eigenname	q=3/38 next_cap=27/52 prev_cap=13/38 titel=2 ort=3/38
HENRI	5	52	Henri	eigenname	q=1/48 next_cap=35/55 prev_cap=28/48 titel=0 ort=0/48
HERRMANN	8	52	Herrmann	eigenname	q=1/46 next_cap=21/57 prev_cap=32/46 titel=0 ort=0/46
MADAME	6	52	Madame	eigenname	q=5/41 next_cap=35/52 prev_cap=13/41 titel=0 ort=2/41
MAURER	6	52	Maurer	eigenname	q=7/48 next_cap=11/55 prev_cap=26/48 titel=0 ort=0/48
ROMA	4	52	Roma	eigenname	q=16/66 next_cap=25/71 prev_cap=18/66 titel=1 ort=0/66
SILVESTER	9	52	Silvester	eigenname	q=4/53 next_cap=10/58 prev_cap=17/53 titel=0 ort=2/53
STEPHEN	7	52	Stephen	eigenname	q=3/38 next_cap=41/52 prev_cap=22/38 titel=0 ort=0/38
WINKLER	7	52	Winkler	eigenname	q=2/47 next_cap=10/53 prev_cap=33/47 titel=1 ort=1/47
BUNDESEBENE	11	51	Bundesebene	eigenname	q=4/52 next_cap=1/52 prev_cap=7/52 titel=0 ort=0/52
DIETMAR	7	51	Dietmar	eigenname	q=0/36 next_cap=47/54 prev_cap=25/36 titel=1 ort=0/36
DISNEY	6	51	Disney	eigenname	q=10/70 next_cap=49/79 prev_cap=32/70 titel=0 ort=4/70
HARRIS	6	51	Harris	eigenname	q=1/48 next_cap=19/56 prev_cap=26/48 titel=0 ort=0/48
LINDA	5	51	Linda	eigenname	q=0/42 next_cap=26/54 prev_cap=17/42 titel=1 ort=1/42
LUCAS	5	51	Lucas	eigenname	q=2/38 next_cap=20/53 prev_cap=18/38 titel=0 ort=1/38
SCHUBERT	8	51	Schubert	eigenname	q=1/48 next_cap=17/60 prev_cap=33/48 titel=0 ort=0/48
SPRACHRAUM	10	51	Sprachraum	eigenname	q=1/51 next_cap=1/51 prev_cap=0/51 titel=0 ort=0/51
VERA	4	51	Vera	eigenname	q=2/35 next_cap=21/52 prev_cap=17/35 titel=1 ort=3/35
DIANA	5	50	Diana	eigenname	q=5/44 next_cap=18/55 prev_cap=21/44 titel=0 ort=0/44
EVANS	5	50	Evans	eigenname	q=1/44 next_cap=14/54 prev_cap=28/44 titel=0 ort=1/44
FRANZISKA	9	50	Franziska	eigenname	q=3/40 next_cap=28/52 prev_cap=16/40 titel=1 ort=1/40
ILSE	4	50	Ilse	eigenname	q=1/38 next_cap=37/51 prev_cap=20/38 titel=3 ort=0/38
JORDAN	6	50	Jordan	eigenname	q=6/46 next_cap=18/57 prev_cap=24/46 titel=1 ort=3/46
LUISE	5	50	Luise	eigenname	q=5/51 next_cap=35/58 prev_cap=29/51 titel=2 ort=0/51
NICO	4	50	Nico	eigenname	q=0/27 next_cap=30/48 prev_cap=9/27 titel=0 ort=1/27
REINHOLD	8	50	Reinhold	eigenname	q=2/38 next_cap=43/54 prev_cap=19/38 titel=0 ort=2/38
RUNDFUNKS	9	50	Rundfunks	eigenname	q=8/49 next_cap=2/50 prev_cap=28/49 titel=0 ort=0/49
SCHULZE	7	50	Schulze	eigenname	q=3/53 next_cap=18/61 prev_cap=43/53 titel=3 ort=1/53
TOOLS	5	50	Tools	eigenname	q=20/85 next_cap=5/86 prev_cap=50/85 titel=0 ort=0/85
TOWER	5	50	Tower	eigenname	q=13/58 next_cap=9/58 prev_cap=41/58 titel=0 ort=0/58
TRAENENGAS	10	50	Tränengas	eigenname	q=0/47 next_cap=4/50 prev_cap=5/47 titel=0 ort=0/47
ACKERMANN	9	49	Ackermann	eigenname	q=2/35 next_cap=9/53 prev_cap=29/35 titel=3 ort=0/35
CHRYSLER	8	49	Chrysler	eigenname	q=10/86 next_cap=36/96 prev_cap=45/86 titel=0 ort=2/86
DURCHFALL	9	49	Durchfall	eigenname	q=2/44 next_cap=5/50 prev_cap=11/44 titel=0 ort=4/44
EUROPE	6	49	Europe	eigenname	q=2/57 next_cap=15/58 prev_cap=44/57 titel=0 ort=4/57
FERNANDO	8	49	Fernando	eigenname	q=0/30 next_cap=25/49 prev_cap=19/30 titel=0 ort=0/30
GYSI	4	49	Gysi	eigenname	q=0/27 next_cap=7/49 prev_cap=19/27 titel=0 ort=0/27
HOWARD	6	49	Howard	eigenname	q=1/44 next_cap=20/50 prev_cap=26/44 titel=0 ort=1/44
JASON	5	49	Jason	eigenname	q=0/34 next_cap=31/49 prev_cap=11/34 titel=2 ort=0/34
MASSA	5	49	Massa	eigenname	q=1/40 next_cap=4/50 prev_cap=18/40 titel=0 ort=0/40
MOZART	6	49	Mozart	eigenname	q=2/51 next_cap=12/58 prev_cap=25/51 titel=1 ort=1/51
NACHNAHME	9	49	Nachnahme	eigenname	q=1/46 next_cap=4/49 prev_cap=1/46 titel=0 ort=0/46
NACIONAL	8	49	Nacional	eigenname	q=1/50 next_cap=8/50 prev_cap=33/50 titel=0 ort=0/50
PRINCE	6	49	Prince	eigenname	q=10/65 next_cap=23/69 prev_cap=13/65 titel=0 ort=1/65
SASCHA	6	49	Sascha	eigenname	q=1/35 next_cap=36/50 prev_cap=12/35 titel=0 ort=1/35
SCHMITZ	7	49	Schmitz	eigenname	q=0/37 next_cap=12/49 prev_cap=26/37 titel=2 ort=0/37
ULLRICH	7	49	Ullrich	eigenname	q=0/47 next_cap=14/55 prev_cap=33/47 titel=0 ort=0/47
VINCENT	7	49	Vincent	eigenname	q=1/38 next_cap=21/51 prev_cap=19/38 titel=1 ort=0/38
WARNER	6	49	Warner	eigenname	q=4/51 next_cap=28/56 prev_cap=17/51 titel=0 ort=6/51
WENZEL	6	49	Wenzel	eigenname	q=2/43 next_cap=15/50 prev_cap=30/43 titel=1 ort=0/43
ZYPERN	6	49	Zypern	eigenname	q=0/48 next_cap=5/52 prev_cap=14/48 titel=0 ort=11/48
AIRES	5	48	Aires	eigenname	q=1/48 next_cap=5/48 prev_cap=48/48 titel=0 ort=0/48
CHELSEA	7	48	Chelsea	eigenname	q=3/42 next_cap=10/53 prev_cap=10/42 titel=0 ort=7/42
CLAUDE	6	48	Claude	eigenname	q=2/66 next_cap=44/69 prev_cap=39/66 titel=1 ort=2/66
DUEREN	6	48	Düren	eigenname	q=1/46 next_cap=3/48 prev_cap=27/46 titel=0 ort=11/46
HANNA	5	48	Hanna	eigenname	q=0/36 next_cap=22/51 prev_cap=12/36 titel=0 ort=1/36
HANNES	6	48	Hannes	eigenname	q=3/32 next_cap=29/49 prev_cap=16/32 titel=1 ort=1/32
HOCKEY	6	48	Hockey	eigenname	q=8/63 next_cap=44/71 prev_cap=40/63 titel=0 ort=1/63
IAN	3	48	Ian	eigenname	q=2/37 next_cap=39/49 prev_cap=15/37 titel=0 ort=1/37
JENNIFER	8	48	Jennifer	eigenname	q=0/30 next_cap=35/47 prev_cap=12/30 titel=0 ort=0/30
JESSICA	7	48	Jessica	eigenname	q=5/36 next_cap=25/48 prev_cap=16/36 titel=2 ort=0/36
KRAUS	5	48	Kraus	eigenname	q=1/41 next_cap=9/47 prev_cap=36/41 titel=0 ort=0/41
KUHN	4	48	Kuhn	eigenname	q=0/42 next_cap=11/50 prev_cap=34/42 titel=0 ort=0/42
MAGNUS	6	48	Magnus	eigenname	q=1/40 next_cap=34/51 prev_cap=24/40 titel=0 ort=1/40
MUSTERN	7	48	Mustern	eigenname	q=3/47 next_cap=1/47 prev_cap=2/47 titel=0 ort=3/47
RHEINLAND	9	48	Rheinland	eigenname	q=15/157 next_cap=124/168 prev_cap=84/157 titel=0 ort=34/157
ROBERTO	7	48	Roberto	eigenname	q=2/42 next_cap=33/49 prev_cap=20/42 titel=1 ort=0/42
THEO	4	48	Theo	eigenname	q=1/38 next_cap=41/52 prev_cap=21/38 titel=1 ort=1/38
TIMO	4	48	Timo	eigenname	q=1/30 next_cap=35/50 prev_cap=15/30 titel=0 ort=1/30
WALTHER	7	48	Walther	eigenname	q=4/44 next_cap=30/52 prev_cap=29/44 titel=0 ort=1/44
ALFONS	6	47	Alfons	eigenname	q=2/36 next_cap=38/49 prev_cap=18/36 titel=4 ort=0/36
BOSCH	5	47	Bosch	eigenname	q=5/57 next_cap=32/69 prev_cap=24/57 titel=0 ort=0/57
ICE	3	47	Ice	eigenname	q=7/32 next_cap=26/35 prev_cap=15/32 titel=0 ort=1/32
INDIENS	7	47	Indiens	eigenname	q=0/39 next_cap=7/47 prev_cap=33/39 titel=2 ort=0/39
MARGE	5	47	Marge	eigenname	q=16/141 next_cap=2/141 prev_cap=103/141 titel=0 ort=0/141
MELANIE	7	47	Melanie	eigenname	q=2/31 next_cap=19/47 prev_cap=15/31 titel=0 ort=1/31
MOHAMMED	8	47	Mohammed	eigenname	q=1/46 next_cap=17/51 prev_cap=21/46 titel=2 ort=2/46
REICHS	6	47	Reichs	eigenname	q=15/62 next_cap=15/64 prev_cap=33/62 titel=0 ort=0/62
ROBERTS	7	47	Roberts	eigenname	q=1/43 next_cap=13/48 prev_cap=31/43 titel=0 ort=1/43
SCHARPING	9	47	Scharping	eigenname	q=0/28 next_cap=4/47 prev_cap=23/28 titel=4 ort=1/28
SONJA	5	47	Sonja	eigenname	q=0/29 next_cap=30/47 prev_cap=17/29 titel=0 ort=0/29
STEVEN	6	47	Steven	eigenname	q=2/31 next_cap=33/47 prev_cap=10/31 titel=0 ort=1/31
BARTH	5	46	Barth	eigenname	q=0/41 next_cap=12/50 prev_cap=32/41 titel=0 ort=4/41
CARLO	5	46	Carlo	eigenname	q=0/42 next_cap=29/51 prev_cap=24/42 titel=1 ort=0/42
COMIC	5	46	Comic	eigenname	q=22/93 next_cap=56/98 prev_cap=30/93 titel=0 ort=2/93
ERHARD	6	46	Erhard	eigenname	q=1/37 next_cap=35/50 prev_cap=26/37 titel=2 ort=0/37
GABRIELLE	9	46	Gabrielle	eigenname	q=0/20 next_cap=8/46 prev_cap=5/20 titel=0 ort=0/20
GLADBACH	8	46	Gladbach	eigenname	q=0/41 next_cap=6/54 prev_cap=21/41 titel=0 ort=9/41
HANSA	5	46	Hansa	eigenname	q=1/45 next_cap=40/60 prev_cap=20/45 titel=0 ort=2/45
HELGA	5	46	Helga	eigenname	q=1/35 next_cap=30/46 prev_cap=16/35 titel=1 ort=1/35
HESS	4	46	Hess	eigenname	q=5/44 next_cap=13/50 prev_cap=30/44 titel=0 ort=2/44
HONDA	5	46	Honda	eigenname	q=7/50 next_cap=27/64 prev_cap=14/50 titel=0 ort=2/50
JAHN	4	46	Jahn	eigenname	q=1/41 next_cap=14/50 prev_cap=30/41 titel=1 ort=1/41
KRAMER	6	46	Kramer	eigenname	q=2/39 next_cap=10/48 prev_cap=20/39 titel=0 ort=1/39
LLOYD	5	46	Lloyd	eigenname	q=4/64 next_cap=23/65 prev_cap=47/64 titel=1 ort=1/64
PFEIFFER	8	46	Pfeiffer	eigenname	q=1/40 next_cap=13/49 prev_cap=34/40 titel=1 ort=0/40
RUNDSCHAU	9	46	Rundschau	eigenname	q=5/38 next_cap=7/39 prev_cap=32/38 titel=0 ort=0/38
AMY	3	45	Amy	eigenname	q=0/23 next_cap=16/45 prev_cap=9/23 titel=2 ort=0/23
ANKE	4	45	Anke	eigenname	q=0/26 next_cap=30/44 prev_cap=15/26 titel=0 ort=0/26
ANNETTE	7	45	Annette	eigenname	q=0/32 next_cap=37/47 prev_cap=17/32 titel=2 ort=2/32
AUGUSTE	7	45	Auguste	eigenname	q=2/42 next_cap=27/48 prev_cap=25/42 titel=1 ort=0/42
BERGMANN	8	45	Bergmann	eigenname	q=1/42 next_cap=8/49 prev_cap=29/42 titel=2 ort=0/42
BLAIR	5	45	Blair	eigenname	q=0/32 next_cap=4/47 prev_cap=21/32 titel=0 ort=0/32
COOK	4	45	Cook	eigenname	q=8/39 next_cap=11/46 prev_cap=29/39 titel=0 ort=0/39
DANCE	5	45	Dance	eigenname	q=7/63 next_cap=41/64 prev_cap=40/63 titel=0 ort=1/63
DISTRICT	8	45	District	eigenname	q=8/45 next_cap=19/45 prev_cap=33/45 titel=0 ort=0/45
HILDEGARD	9	45	Hildegard	eigenname	q=1/40 next_cap=35/48 prev_cap=19/40 titel=3 ort=3/40
HOCHDRUCK	9	45	Hochdruck	eigenname	q=2/53 next_cap=9/53 prev_cap=8/53 titel=0 ort=0/53
HOENESS	7	45	Hoeneß	eigenname	q=1/32 next_cap=6/47 prev_cap=16/32 titel=0 ort=1/32
IRENE	5	45	Irene	eigenname	q=0/37 next_cap=26/45 prev_cap=13/37 titel=1 ort=1/37
IWAN	4	45	Iwan	eigenname	q=1/37 next_cap=34/46 prev_cap=12/37 titel=0 ort=1/37
KONG	4	45	Kong	eigenname	q=2/50 next_cap=22/50 prev_cap=41/50 titel=0 ort=1/50
LIBRARY	7	45	Library	eigenname	q=6/43 next_cap=6/43 prev_cap=33/43 titel=0 ort=1/43
LUIS	4	45	Luis	eigenname	q=0/38 next_cap=21/47 prev_cap=16/38 titel=0 ort=0/38
MONTE	5	45	Monte	eigenname	q=9/47 next_cap=37/48 prev_cap=19/47 titel=0 ort=11/47
OSWALD	6	45	Oswald	eigenname	q=0/39 next_cap=23/46 prev_cap=28/39 titel=0 ort=0/39
PETERSEN	8	45	Petersen	eigenname	q=0/45 next_cap=6/50 prev_cap=35/45 titel=1 ort=0/45
PFINGSTEN	9	45	Pfingsten	eigenname	q=0/41 next_cap=1/45 prev_cap=19/41 titel=0 ort=5/41
RON	3	45	Ron	eigenname	q=0/33 next_cap=23/44 prev_cap=16/33 titel=0 ort=0/33
SACHS	5	45	Sachs	eigenname	q=0/49 next_cap=18/55 prev_cap=46/49 titel=0 ort=0/49
ANTHONY	7	44	Anthony	eigenname	q=2/34 next_cap=26/44 prev_cap=20/34 titel=1 ort=0/34
ARMSTRONG	9	44	Armstrong	eigenname	q=0/38 next_cap=7/48 prev_cap=20/38 titel=0 ort=0/38
CATHARINA	9	44	Catharina	eigenname	q=0/42 next_cap=36/44 prev_cap=27/42 titel=0 ort=0/42
DAGMAR	6	44	Dagmar	eigenname	q=0/33 next_cap=39/44 prev_cap=16/33 titel=1 ort=1/33
FRANCESCO	9	44	Francesco	eigenname	q=1/36 next_cap=28/44 prev_cap=20/36 titel=0 ort=0/36
FRIEDRICHS	10	44	Friedrichs	eigenname	q=0/42 next_cap=22/45 prev_cap=36/42 titel=0 ort=3/42
GISELA	6	44	Gisela	eigenname	q=0/27 next_cap=34/43 prev_cap=14/27 titel=1 ort=0/27
JUTTA	5	44	Jutta	eigenname	q=1/29 next_cap=34/45 prev_cap=12/29 titel=0 ort=0/29
KEITH	5	44	Keith	eigenname	q=1/37 next_cap=32/45 prev_cap=15/37 titel=0 ort=2/37
LENA	4	44	Lena	eigenname	q=1/35 next_cap=20/52 prev_cap=16/35 titel=0 ort=0/35
LICHTENBERG	11	44	Lichtenberg	eigenname	q=0/53 next_cap=8/54 prev_cap=31/53 titel=0 ort=8/53
MARGARETE	9	44	Margarete	eigenname	q=2/36 next_cap=27/45 prev_cap=19/36 titel=2 ort=0/36
MURRAY	6	44	Murray	eigenname	q=3/38 next_cap=11/46 prev_cap=20/38 titel=0 ort=1/38
RYAN	4	44	Ryan	eigenname	q=0/34 next_cap=19/43 prev_cap=15/34 titel=0 ort=0/34
SABRINA	7	44	Sabrina	eigenname	q=0/24 next_cap=18/44 prev_cap=12/24 titel=0 ort=0/24
SCHILY	6	44	Schily	eigenname	q=0/24 next_cap=2/45 prev_cap=18/24 titel=1 ort=0/24
STEINKOHLE	10	44	Steinkohle	eigenname	q=4/51 next_cap=10/51 prev_cap=28/51 titel=0 ort=0/51
THEATRE	7	44	Theatre	eigenname	q=5/45 next_cap=12/45 prev_cap=36/45 titel=0 ort=0/45
VOLLEYBALL	10	44	Volleyball	eigenname	q=10/75 next_cap=40/79 prev_cap=30/75 titel=0 ort=1/75
ABU	3	43	Abu	eigenname	q=1/36 next_cap=42/46 prev_cap=19/36 titel=0 ort=6/36
ANTONIUS	8	43	Antonius	eigenname	q=6/49 next_cap=20/51 prev_cap=24/49 titel=0 ort=0/49
AUSTRALIENS	11	43	Australiens	eigenname	q=0/40 next_cap=4/43 prev_cap=38/40 titel=0 ort=0/40
BISMARCK	8	43	Bismarck	eigenname	q=3/44 next_cap=14/54 prev_cap=13/44 titel=0 ort=1/44
ENNEPE	6	43	Ennepe	eigenname	q=4/45 next_cap=40/45 prev_cap=40/45 titel=0 ort=0/45
GOMEZ	5	43	Gomez	eigenname	q=2/37 next_cap=4/44 prev_cap=25/37 titel=0 ort=1/37
HEINER	6	43	Heiner	eigenname	q=2/33 next_cap=44/47 prev_cap=20/33 titel=2 ort=1/33
JEFF	4	43	Jeff	eigenname	q=1/30 next_cap=28/41 prev_cap=15/30 titel=0 ort=1/30
OPERA	5	43	Opera	eigenname	q=6/41 next_cap=22/44 prev_cap=27/41 titel=0 ort=0/41
REINHARDT	9	43	Reinhardt	eigenname	q=1/43 next_cap=16/48 prev_cap=33/43 titel=0 ort=0/43
REUTER	6	43	Reuter	eigenname	q=0/51 next_cap=20/55 prev_cap=37/51 titel=1 ort=1/51
RUECK	5	43	Rück	eigenname	q=2/49 next_cap=3/50 prev_cap=45/49 titel=0 ort=0/49
RUECKFRAGEN	11	43	Rückfragen	eigenname	q=3/38 next_cap=1/41 prev_cap=20/38 titel=0 ort=3/38
URBAN	5	43	Urban	eigenname	q=5/44 next_cap=35/50 prev_cap=21/44 titel=0 ort=1/44
VALENTIN	8	43	Valentin	eigenname	q=0/38 next_cap=30/45 prev_cap=20/38 titel=1 ort=0/38
VODAFONE	8	43	Vodafone	eigenname	q=3/40 next_cap=22/60 prev_cap=10/40 titel=0 ort=2/40
ADOBE	5	42	Adobe	eigenname	q=7/36 next_cap=21/50 prev_cap=2/36 titel=0 ort=2/36
ARCANDOR	8	42	Arcandor	eigenname	q=0/43 next_cap=23/64 prev_cap=8/43 titel=0 ort=4/43
ARMIN	5	42	Armin	eigenname	q=0/29 next_cap=39/46 prev_cap=13/29 titel=1 ort=0/29
BRUCE	5	42	Bruce	eigenname	q=0/37 next_cap=30/45 prev_cap=15/37 titel=1 ort=0/37
EDGAR	5	42	Edgar	eigenname	q=4/37 next_cap=35/45 prev_cap=11/37 titel=2 ort=1/37
EDITH	5	42	Edith	eigenname	q=0/38 next_cap=33/46 prev_cap=17/38 titel=1 ort=0/38
ERDEN	5	42	Erden	eigenname	q=3/40 next_cap=1/40 prev_cap=1/40 titel=0 ort=0/40
GERMANISTIK	11	42	Germanistik	eigenname	q=10/41 next_cap=15/45 prev_cap=12/41 titel=0 ort=1/41
HELENA	6	42	Helena	eigenname	q=1/35 next_cap=15/45 prev_cap=15/35 titel=1 ort=0/35
INGE	4	42	Inge	eigenname	q=2/29 next_cap=25/42 prev_cap=11/29 titel=0 ort=0/29
KONSTANTIN	10	42	Konstantin	eigenname	q=1/27 next_cap=18/42 prev_cap=12/27 titel=1 ort=0/27
KRUPP	5	42	Krupp	eigenname	q=1/56 next_cap=18/61 prev_cap=35/56 titel=0 ort=3/56
MANGELWARE	10	42	Mangelware	eigenname	q=1/42 next_cap=0/42 prev_cap=6/42 titel=0 ort=0/42
MARGARETHA	10	42	Margaretha	eigenname	q=0/37 next_cap=30/42 prev_cap=19/37 titel=0 ort=0/37
MEHDORN	7	42	Mehdorn	eigenname	q=0/30 next_cap=1/43 prev_cap=18/30 titel=0 ort=0/30
SUEDWEST	8	42	Südwest	eigenname	q=1/60 next_cap=27/66 prev_cap=29/60 titel=0 ort=14/60
THOMPSON	8	42	Thompson	eigenname	q=2/38 next_cap=3/43 prev_cap=29/38 titel=0 ort=0/38
TORSTEN	7	42	Torsten	eigenname	q=0/31 next_cap=32/43 prev_cap=12/31 titel=0 ort=1/31
UNIVERSAL	9	42	Universal	eigenname	q=7/49 next_cap=31/52 prev_cap=17/49 titel=0 ort=5/49
AFRIKAS	7	41	Afrikas	eigenname	q=0/40 next_cap=1/42 prev_cap=33/40 titel=0 ort=0/40
ANNIE	5	41	Annie	eigenname	q=3/36 next_cap=22/42 prev_cap=8/36 titel=1 ort=1/36
CONFERENCE	10	41	Conference	eigenname	q=9/45 next_cap=13/45 prev_cap=31/45 titel=0 ort=1/45
DAUM	4	41	Daum	eigenname	q=2/34 next_cap=8/44 prev_cap=19/34 titel=1 ort=0/34
FRANKE	6	41	Franke	eigenname	q=3/37 next_cap=12/43 prev_cap=25/37 titel=2 ort=0/37
GRAN	4	41	Gran	eigenname	q=9/43 next_cap=40/44 prev_cap=14/43 titel=0 ort=5/43
GRANT	5	41	Grant	eigenname	q=4/36 next_cap=14/42 prev_cap=28/36 titel=0 ort=0/36
IDA	3	41	Ida	eigenname	q=5/35 next_cap=27/40 prev_cap=12/35 titel=1 ort=1/35
KARLS	5	41	Karls	eigenname	q=3/43 next_cap=28/48 prev_cap=27/43 titel=1 ort=1/43
KAY	3	41	Kay	eigenname	q=1/29 next_cap=18/41 prev_cap=12/29 titel=2 ort=1/29
LENZ	4	41	Lenz	eigenname	q=1/35 next_cap=7/47 prev_cap=24/35 titel=0 ort=0/35
MAURICE	7	41	Maurice	eigenname	q=0/40 next_cap=24/49 prev_cap=21/40 titel=1 ort=0/40
RONALD	6	41	Ronald	eigenname	q=1/31 next_cap=39/42 prev_cap=20/31 titel=0 ort=0/31
SCHULTE	7	41	Schulte	eigenname	q=2/34 next_cap=12/42 prev_cap=29/34 titel=1 ort=0/34
SCHUMANN	8	41	Schumann	eigenname	q=1/40 next_cap=9/45 prev_cap=28/40 titel=0 ort=0/40
STALIN	6	41	Stalin	eigenname	q=2/42 next_cap=13/52 prev_cap=14/42 titel=0 ort=2/42
SYLVIA	6	41	Sylvia	eigenname	q=2/28 next_cap=28/41 prev_cap=13/28 titel=2 ort=0/28
TISCHTENNIS	11	41	Tischtennis	eigenname	q=8/64 next_cap=39/72 prev_cap=25/64 titel=0 ort=0/64
WULFF	5	41	Wulff	eigenname	q=0/26 next_cap=5/41 prev_cap=18/26 titel=0 ort=0/26
ALTHAUS	7	40	Althaus	eigenname	q=0/24 next_cap=2/40 prev_cap=10/24 titel=0 ort=0/24
BARRY	5	40	Barry	eigenname	q=1/29 next_cap=18/40 prev_cap=11/29 titel=0 ort=1/29
BIBERACH	8	40	Biberach	eigenname	q=0/39 next_cap=7/40 prev_cap=28/39 titel=0 ort=9/39
BRANDT	6	40	Brandt	eigenname	q=0/52 next_cap=17/59 prev_cap=46/52 titel=0 ort=0/52
ENGELS	6	40	Engels	eigenname	q=10/44 next_cap=18/50 prev_cap=24/44 titel=0 ort=0/44
GARY	4	40	Gary	eigenname	q=2/30 next_cap=27/40 prev_cap=8/30 titel=2 ort=0/30
GLORIA	6	40	Gloria	eigenname	q=5/33 next_cap=19/40 prev_cap=9/33 titel=1 ort=1/33
GUTTENBERG	10	40	Guttenberg	eigenname	q=0/19 next_cap=1/41 prev_cap=5/19 titel=0 ort=0/19
KERSTIN	7	40	Kerstin	eigenname	q=0/22 next_cap=29/40 prev_cap=8/22 titel=0 ort=0/22
MOSER	5	40	Moser	eigenname	q=0/36 next_cap=12/42 prev_cap=26/36 titel=1 ort=0/36
PALM	4	40	Palm	eigenname	q=4/32 next_cap=23/54 prev_cap=11/32 titel=0 ort=3/32
PARKER	6	40	Parker	eigenname	q=2/37 next_cap=7/42 prev_cap=23/37 titel=0 ort=0/37
PUNK	4	40	Punk	eigenname	q=8/69 next_cap=27/72 prev_cap=30/69 titel=0 ort=2/69
RAFAEL	6	40	Rafael	eigenname	q=1/27 next_cap=29/40 prev_cap=16/27 titel=2 ort=0/27
REPORT	6	40	Report	eigenname	q=14/71 next_cap=9/72 prev_cap=48/71 titel=0 ort=0/71
RUSSELL	7	40	Russell	eigenname	q=3/35 next_cap=14/43 prev_cap=19/35 titel=1 ort=0/35
SAISONSIEG	10	40	Saisonsieg	eigenname	q=2/38 next_cap=2/41 prev_cap=2/38 titel=0 ort=0/38
VIKTORIA	8	40	Viktoria	eigenname	q=2/40 next_cap=28/45 prev_cap=25/40 titel=0 ort=1/40
VOSS	4	40	Voss	eigenname	q=1/37 next_cap=8/40 prev_cap=26/37 titel=0 ort=0/37
BASTIAN	7	39	Bastian	eigenname	q=0/23 next_cap=22/39 prev_cap=11/23 titel=1 ort=0/23
CHALLENGE	9	39	Challenge	eigenname	q=7/44 next_cap=17/44 prev_cap=32/44 titel=0 ort=0/44
CORNELIA	8	39	Cornelia	eigenname	q=1/28 next_cap=32/39 prev_cap=13/28 titel=1 ort=1/28
DONALD	6	39	Donald	eigenname	q=1/26 next_cap=33/39 prev_cap=8/26 titel=2 ort=0/26
EDITOR	6	39	Editor	eigenname	q=16/75 next_cap=7/76 prev_cap=48/75 titel=0 ort=0/75
EGON	4	39	Egon	eigenname	q=0/27 next_cap=27/40 prev_cap=9/27 titel=0 ort=0/27
EISHOCKEY	9	39	Eishockey	eigenname	q=15/115 next_cap=79/122 prev_cap=34/115 titel=0 ort=0/115
GEIGER	6	39	Geiger	eigenname	q=4/40 next_cap=13/41 prev_cap=20/40 titel=0 ort=0/40
HARTZ	5	39	Hartz	eigenname	q=5/134 next_cap=137/153 prev_cap=30/134 titel=0 ort=5/134
HOLMES	6	39	Holmes	eigenname	q=1/30 next_cap=7/43 prev_cap=12/30 titel=0 ort=1/30
JUDITH	6	39	Judith	eigenname	q=1/31 next_cap=23/40 prev_cap=13/31 titel=2 ort=0/31
JULIE	5	39	Julie	eigenname	q=3/33 next_cap=17/41 prev_cap=12/33 titel=3 ort=0/33
KABARETT	8	39	Kabarett	eigenname	q=10/41 next_cap=18/48 prev_cap=17/41 titel=1 ort=2/41
KANADAS	7	39	Kanadas	eigenname	q=0/35 next_cap=4/40 prev_cap=31/35 titel=0 ort=0/35
KNUT	4	39	Knut	eigenname	q=2/32 next_cap=20/41 prev_cap=10/32 titel=0 ort=0/32
LEON	4	39	Leon	eigenname	q=1/31 next_cap=19/40 prev_cap=14/31 titel=0 ort=1/31
MASTERS	7	39	Masters	eigenname	q=14/63 next_cap=24/64 prev_cap=35/63 titel=0 ort=0/63
MERCK	5	39	Merck	eigenname	q=1/28 next_cap=16/48 prev_cap=13/28 titel=0 ort=1/28
MICHIGAN	8	39	Michigan	eigenname	q=4/42 next_cap=13/43 prev_cap=14/42 titel=0 ort=9/42
ROSBERG	7	39	Rosberg	eigenname	q=0/33 next_cap=6/40 prev_cap=15/33 titel=0 ort=1/33
SADDAM	6	39	Saddam	eigenname	q=0/36 next_cap=28/44 prev_cap=10/36 titel=0 ort=2/36
ULLA	4	39	Ulla	eigenname	q=0/29 next_cap=35/39 prev_cap=21/29 titel=0 ort=0/29
VOIGT	5	39	Voigt	eigenname	q=0/32 next_cap=11/41 prev_cap=28/32 titel=0 ort=0/32
AUGENHOEHE	10	38	Augenhöhe	eigenname	q=1/38 next_cap=1/38 prev_cap=0/38 titel=0 ort=2/38
BECKENBAUER	11	38	Beckenbauer	eigenname	q=0/30 next_cap=6/41 prev_cap=23/30 titel=0 ort=1/30
BERT	4	38	Bert	eigenname	q=1/26 next_cap=33/38 prev_cap=10/26 titel=0 ort=0/26
CARMEN	6	38	Carmen	eigenname	q=0/24 next_cap=19/36 prev_cap=10/24 titel=0 ort=0/24
CLASSIC	7	38	Classic	eigenname	q=4/40 next_cap=18/43 prev_cap=28/40 titel=0 ort=1/40
COLONEL	7	38	Colonel	eigenname	q=4/33 next_cap=31/37 prev_cap=13/33 titel=0 ort=1/33
DOMINIK	7	38	Dominik	eigenname	q=2/31 next_cap=33/42 prev_cap=18/31 titel=0 ort=0/31
ELENA	5	38	Elena	eigenname	q=0/25 next_cap=18/38 prev_cap=11/25 titel=1 ort=0/25
ENGLANDS	8	38	Englands	eigenname	q=1/35 next_cap=5/38 prev_cap=26/35 titel=0 ort=1/35
GERALD	6	38	Gerald	eigenname	q=1/27 next_cap=30/39 prev_cap=15/27 titel=1 ort=1/27
GERMANY	7	38	Germany	eigenname	q=0/40 next_cap=11/40 prev_cap=29/40 titel=0 ort=4/40
GOTTLIEB	8	38	Gottlieb	eigenname	q=0/42 next_cap=31/46 prev_cap=30/42 titel=0 ort=0/42
INSIDER	7	38	Insider	eigenname	q=9/43 next_cap=20/54 prev_cap=11/43 titel=0 ort=0/43
JUELICH	7	38	Jülich	eigenname	q=1/43 next_cap=7/43 prev_cap=21/43 titel=0 ort=10/43
KASPAR	6	38	Kaspar	eigenname	q=0/34 next_cap=26/40 prev_cap=21/34 titel=1 ort=2/34
LINCOLN	7	38	Lincoln	eigenname	q=6/37 next_cap=15/41 prev_cap=15/37 titel=1 ort=2/37
MOHR	4	38	Mohr	eigenname	q=4/34 next_cap=9/39 prev_cap=23/34 titel=1 ort=0/34
NORMAN	6	38	Norman	eigenname	q=1/26 next_cap=22/38 prev_cap=16/26 titel=0 ort=0/26
RACHEL	6	38	Rachel	eigenname	q=0/26 next_cap=13/38 prev_cap=6/26 titel=1 ort=1/26
SILVER	6	38	Silver	eigenname	q=7/38 next_cap=25/39 prev_cap=22/38 titel=1 ort=1/38
STEINBACH	9	38	Steinbach	eigenname	q=7/34 next_cap=6/41 prev_cap=19/34 titel=0 ort=4/34
STEPHANIE	9	38	Stephanie	eigenname	q=0/28 next_cap=24/40 prev_cap=15/28 titel=2 ort=1/28
ULI	3	38	Uli	eigenname	q=1/24 next_cap=27/38 prev_cap=14/24 titel=2 ort=0/24
ADRIAN	6	37	Adrian	eigenname	q=2/23 next_cap=30/37 prev_cap=11/23 titel=0 ort=0/23
ANTHES	6	37	Anthes	eigenname	q=0/37 next_cap=1/37 prev_cap=37/37 titel=0 ort=0/37
ANTJE	5	37	Antje	eigenname	q=0/23 next_cap=31/37 prev_cap=11/23 titel=1 ort=0/23
BETTINA	7	37	Bettina	eigenname	q=0/28 next_cap=29/37 prev_cap=11/28 titel=1 ort=0/28
CASPAR	6	37	Caspar	eigenname	q=0/34 next_cap=32/38 prev_cap=20/34 titel=0 ort=0/34
CHANNEL	7	37	Channel	eigenname	q=7/47 next_cap=12/48 prev_cap=38/47 titel=0 ort=1/47
DEAD	4	37	Dead	eigenname	q=4/32 next_cap=17/36 prev_cap=17/32 titel=0 ort=0/32
FRANCO	6	37	Franco	eigenname	q=2/39 next_cap=20/45 prev_cap=19/39 titel=0 ort=0/39
GERMANIA	8	37	Germania	eigenname	q=9/38 next_cap=16/42 prev_cap=19/38 titel=0 ort=4/38
GIUSEPPE	8	37	Giuseppe	eigenname	q=2/26 next_cap=29/37 prev_cap=8/26 titel=0 ort=2/26
GRIMM	5	37	Grimm	eigenname	q=0/42 next_cap=15/47 prev_cap=30/42 titel=0 ort=1/42
JORGE	5	37	Jorge	eigenname	q=0/29 next_cap=28/38 prev_cap=11/29 titel=0 ort=0/29
LABOUR	6	37	Labour	eigenname	q=12/54 next_cap=41/61 prev_cap=18/54 titel=0 ort=0/54
MICHELLE	8	37	Michelle	eigenname	q=1/26 next_cap=20/38 prev_cap=8/26 titel=0 ort=2/26
MIRIAM	6	37	Miriam	eigenname	q=1/24 next_cap=20/36 prev_cap=9/24 titel=1 ort=0/24
MOSES	5	37	Moses	eigenname	q=3/35 next_cap=15/41 prev_cap=13/35 titel=0 ort=2/35
NETZWERKEN	10	37	Netzwerken	eigenname	q=2/39 next_cap=1/39 prev_cap=5/39 titel=0 ort=5/39
NICHOLAS	8	37	Nicholas	eigenname	q=0/30 next_cap=23/38 prev_cap=15/30 titel=0 ort=0/30
PIETRO	6	37	Pietro	eigenname	q=4/32 next_cap=22/37 prev_cap=18/32 titel=0 ort=0/32
PROJECT	7	37	Project	eigenname	q=5/32 next_cap=19/37 prev_cap=19/32 titel=0 ort=0/32
SANTIAGO	8	37	Santiago	eigenname	q=2/34 next_cap=9/37 prev_cap=7/34 titel=0 ort=8/34
SARRAZIN	8	37	Sarrazin	eigenname	q=0/29 next_cap=6/40 prev_cap=11/29 titel=1 ort=1/29
SIGMAR	6	37	Sigmar	eigenname	q=1/30 next_cap=35/37 prev_cap=27/30 titel=2 ort=0/30
SOCIAL	6	37	Social	eigenname	q=6/51 next_cap=51/52 prev_cap=17/51 titel=0 ort=0/51
TINA	4	37	Tina	eigenname	q=0/28 next_cap=11/37 prev_cap=10/28 titel=2 ort=0/28
TITAN	5	37	Titan	eigenname	q=10/45 next_cap=18/47 prev_cap=10/45 titel=0 ort=7/45
TRUST	5	37	Trust	eigenname	q=6/39 next_cap=18/40 prev_cap=27/39 titel=0 ort=0/39
WAYNE	5	37	Wayne	eigenname	q=1/29 next_cap=19/37 prev_cap=18/29 titel=0 ort=1/29
WILFRIED	8	37	Wilfried	eigenname	q=0/27 next_cap=35/37 prev_cap=14/27 titel=1 ort=1/27
WILHELMINE	10	37	Wilhelmine	eigenname	q=1/30 next_cap=26/37 prev_cap=24/30 titel=0 ort=0/30
BEATE	5	36	Beate	eigenname	q=0/23 next_cap=26/36 prev_cap=10/23 titel=1 ort=2/23
BLEI	4	36	Blei	eigenname	q=2/41 next_cap=12/45 prev_cap=14/41 titel=0 ort=5/41
EWALD	5	36	Ewald	eigenname	q=0/30 next_cap=21/38 prev_cap=19/30 titel=0 ort=2/30
GARDEN	6	36	Garden	eigenname	q=7/37 next_cap=6/37 prev_cap=25/37 titel=0 ort=1/37
GIRL	4	36	Girl	eigenname	q=5/47 next_cap=16/48 prev_cap=39/47 titel=0 ort=0/47
HAIE	4	36	Haie	eigenname	q=8/38 next_cap=6/41 prev_cap=22/38 titel=0 ort=0/38
HENRIETTE	9	36	Henriette	eigenname	q=2/31 next_cap=19/37 prev_cap=17/31 titel=2 ort=0/31
JOAN	4	36	Joan	eigenname	q=2/27 next_cap=20/36 prev_cap=12/27 titel=2 ort=1/27
MINI	4	36	Mini	eigenname	q=24/174 next_cap=155/188 prev_cap=49/174 titel=0 ort=4/174
NASSAU	6	36	Nassau	eigenname	q=0/54 next_cap=20/55 prev_cap=24/54 titel=0 ort=5/54
PAULO	5	36	Paulo	eigenname	q=0/33 next_cap=12/36 prev_cap=11/33 titel=1 ort=0/33
PETE	4	36	Pete	eigenname	q=1/28 next_cap=21/37 prev_cap=10/28 titel=0 ort=0/28
RAEIKKOENEN	11	36	Räikkönen	eigenname	q=1/28 next_cap=6/36 prev_cap=15/28 titel=0 ort=0/28
READER	6	36	Reader	eigenname	q=10/75 next_cap=1/75 prev_cap=64/75 titel=0 ort=0/75
ROCHE	5	36	Roche	eigenname	q=1/32 next_cap=13/48 prev_cap=18/32 titel=0 ort=1/32
RUDOLPH	7	36	Rudolph	eigenname	q=0/29 next_cap=16/36 prev_cap=22/29 titel=0 ort=0/29
SEAN	4	36	Sean	eigenname	q=0/30 next_cap=18/36 prev_cap=12/30 titel=1 ort=1/30
SUMMER	6	36	Summer	eigenname	q=6/41 next_cap=18/42 prev_cap=27/41 titel=0 ort=0/41
UTE	3	36	Ute	eigenname	q=1/20 next_cap=32/36 prev_cap=11/20 titel=0 ort=0/20
VEIT	4	36	Veit	eigenname	q=1/33 next_cap=18/38 prev_cap=21/33 titel=0 ort=0/33
WOWEREIT	8	36	Wowereit	eigenname	q=0/25 next_cap=2/36 prev_cap=14/25 titel=3 ort=1/25
AARON	5	35	Aaron	eigenname	q=0/26 next_cap=21/35 prev_cap=11/26 titel=0 ort=0/26
BRITTA	6	35	Britta	eigenname	q=1/21 next_cap=26/35 prev_cap=12/21 titel=0 ort=0/21
CAMERON	7	35	Cameron	eigenname	q=1/24 next_cap=11/35 prev_cap=14/24 titel=0 ort=1/24
CONERGY	7	35	Conergy	eigenname	q=1/24 next_cap=7/42 prev_cap=8/24 titel=0 ort=4/24
CRUZ	4	35	Cruz	eigenname	q=1/31 next_cap=7/35 prev_cap=21/31 titel=0 ort=0/31
DARK	4	35	Dark	eigenname	q=7/35 next_cap=28/36 prev_cap=17/35 titel=0 ort=1/35
ELSA	4	35	Elsa	eigenname	q=0/26 next_cap=15/34 prev_cap=6/26 titel=0 ort=2/26
EMILIE	6	35	Emilie	eigenname	q=2/33 next_cap=26/36 prev_cap=13/33 titel=3 ort=0/33
FORSTER	7	35	Forster	eigenname	q=3/31 next_cap=8/35 prev_cap=23/31 titel=0 ort=2/31
FRANKLIN	8	35	Franklin	eigenname	q=8/33 next_cap=24/38 prev_cap=15/33 titel=1 ort=0/33
HEDWIG	6	35	Hedwig	eigenname	q=0/30 next_cap=23/35 prev_cap=14/30 titel=3 ort=1/30
HEINE	5	35	Heine	eigenname	q=0/45 next_cap=20/49 prev_cap=36/45 titel=1 ort=1/45
IVAN	4	35	Ivan	eigenname	q=1/23 next_cap=21/35 prev_cap=11/23 titel=0 ort=1/23
JENSEN	6	35	Jensen	eigenname	q=0/37 next_cap=5/40 prev_cap=32/37 titel=0 ort=0/37
JOHAN	5	35	Johan	eigenname	q=1/27 next_cap=30/35 prev_cap=12/27 titel=0 ort=3/27
LARA	4	35	Lara	eigenname	q=0/21 next_cap=12/34 prev_cap=4/21 titel=0 ort=0/21
LINDNER	7	35	Lindner	eigenname	q=0/29 next_cap=10/37 prev_cap=24/29 titel=0 ort=1/29
LORENZO	7	35	Lorenzo	eigenname	q=0/33 next_cap=15/36 prev_cap=24/33 titel=0 ort=0/33
LUDWIGS	7	35	Ludwigs	eigenname	q=0/36 next_cap=26/39 prev_cap=30/36 titel=1 ort=0/36
MATTHEW	7	35	Matthew	eigenname	q=0/28 next_cap=27/35 prev_cap=10/28 titel=0 ort=0/28
MAUSTASTE	9	35	Maustaste	eigenname	q=2/34 next_cap=0/35 prev_cap=3/34 titel=0 ort=0/34
METZ	4	35	Metz	eigenname	q=1/36 next_cap=7/38 prev_cap=20/36 titel=0 ort=6/36
PAT	3	35	Pat	eigenname	q=5/25 next_cap=22/36 prev_cap=6/25 titel=4 ort=0/25
PAULA	5	35	Paula	eigenname	q=1/30 next_cap=17/36 prev_cap=13/30 titel=1 ort=1/30
PISA	4	35	Pisa	eigenname	q=1/54 next_cap=36/59 prev_cap=9/54 titel=0 ort=8/54
RAAB	4	35	Raab	eigenname	q=3/28 next_cap=2/36 prev_cap=16/28 titel=0 ort=2/28
REVIEW	6	35	Review	eigenname	q=5/42 next_cap=12/42 prev_cap=28/42 titel=0 ort=1/42
SCHENK	6	35	Schenk	eigenname	q=0/27 next_cap=4/34 prev_cap=18/27 titel=0 ort=0/27
SIX	3	35	Six	eigenname	q=4/34 next_cap=18/37 prev_cap=20/34 titel=0 ort=0/34
STOXX	5	35	Stoxx	eigenname	q=14/59 next_cap=5/59 prev_cap=44/59 titel=0 ort=0/59
TIEFENSEE	9	35	Tiefensee	eigenname	q=0/18 next_cap=1/35 prev_cap=13/18 titel=1 ort=1/18
URAN	4	35	Uran	eigenname	q=3/45 next_cap=13/47 prev_cap=12/45 titel=0 ort=1/45
VORBILDERN	10	35	Vorbildern	eigenname	q=2/35 next_cap=0/35 prev_cap=3/35 titel=0 ort=1/35
ALBERTO	7	34	Alberto	eigenname	q=0/22 next_cap=26/34 prev_cap=17/22 titel=0 ort=1/22
BRUNNER	7	34	Brunner	eigenname	q=0/32 next_cap=12/41 prev_cap=22/32 titel=1 ort=0/32
BURKHARD	8	34	Burkhard	eigenname	q=0/26 next_cap=23/34 prev_cap=16/26 titel=0 ort=0/26
CHIRAC	6	34	Chirac	eigenname	q=0/22 next_cap=0/34 prev_cap=14/22 titel=1 ort=1/22
CLAIRE	6	34	Claire	eigenname	q=0/28 next_cap=13/35 prev_cap=11/28 titel=5 ort=0/28
COMMISSION	10	34	Commission	eigenname	q=4/37 next_cap=3/37 prev_cap=32/37 titel=0 ort=0/37
EMILY	5	34	Emily	eigenname	q=2/30 next_cap=13/35 prev_cap=8/30 titel=0 ort=0/30
GOLDMAN	7	34	Goldman	eigenname	q=2/22 next_cap=30/41 prev_cap=12/22 titel=0 ort=0/22
GUDRUN	6	34	Gudrun	eigenname	q=0/22 next_cap=28/35 prev_cap=11/22 titel=0 ort=2/22
HAIDER	6	34	Haider	eigenname	q=1/25 next_cap=8/39 prev_cap=13/25 titel=0 ort=0/25
HESSE	5	34	Hesse	eigenname	q=5/36 next_cap=13/39 prev_cap=26/36 titel=0 ort=0/36
HILDE	5	34	Hilde	eigenname	q=1/25 next_cap=20/34 prev_cap=10/25 titel=0 ort=3/25
LEONARD	7	34	Leonard	eigenname	q=0/27 next_cap=26/36 prev_cap=12/27 titel=0 ort=0/27
MAC	3	34	Mac	eigenname	q=6/45 next_cap=39/54 prev_cap=14/45 titel=0 ort=2/45
NORA	4	34	Nora	eigenname	q=3/25 next_cap=18/33 prev_cap=14/25 titel=0 ort=1/25
NOTFAELLE	9	34	Notfälle	eigenname	q=2/30 next_cap=1/34 prev_cap=7/30 titel=0 ort=0/30
ORLEANS	7	34	Orleans	eigenname	q=1/36 next_cap=13/36 prev_cap=35/36 titel=0 ort=0/36
RICHARDS	8	34	Richards	eigenname	q=1/34 next_cap=16/37 prev_cap=22/34 titel=0 ort=1/34
RICO	4	34	Rico	eigenname	q=0/32 next_cap=15/36 prev_cap=25/32 titel=0 ort=0/32
SAAR	4	34	Saar	eigenname	q=9/40 next_cap=13/42 prev_cap=24/40 titel=0 ort=0/40
SPONSORING	10	34	Sponsoring	eigenname	q=10/46 next_cap=16/53 prev_cap=17/46 titel=0 ort=0/46
STEFFI	6	34	Steffi	eigenname	q=0/20 next_cap=20/34 prev_cap=6/20 titel=0 ort=0/20
STEVENS	7	34	Stevens	eigenname	q=1/25 next_cap=6/35 prev_cap=13/25 titel=2 ort=0/25
STUART	6	34	Stuart	eigenname	q=2/34 next_cap=22/36 prev_cap=18/34 titel=0 ort=0/34
TRAUNSTEIN	10	34	Traunstein	eigenname	q=1/34 next_cap=3/34 prev_cap=25/34 titel=0 ort=6/34
USER	4	34	User	eigenname	q=12/63 next_cap=24/63 prev_cap=32/63 titel=0 ort=0/63
ARNSBERG	8	33	Arnsberg	eigenname	q=0/33 next_cap=6/37 prev_cap=21/33 titel=0 ort=7/33
CANADA	6	33	Canada	eigenname	q=2/35 next_cap=10/35 prev_cap=17/35 titel=0 ort=5/35
COOPER	6	33	Cooper	eigenname	q=3/23 next_cap=2/32 prev_cap=16/23 titel=1 ort=0/23
CRAIG	5	33	Craig	eigenname	q=1/30 next_cap=14/33 prev_cap=19/30 titel=1 ort=0/30
EDWARDS	7	33	Edwards	eigenname	q=0/29 next_cap=7/37 prev_cap=21/29 titel=0 ort=0/29
ELKE	4	33	Elke	eigenname	q=0/21 next_cap=26/33 prev_cap=10/21 titel=1 ort=0/21
FREUD	5	33	Freud	eigenname	q=0/26 next_cap=6/34 prev_cap=13/26 titel=0 ort=0/26
GRUBER	6	33	Gruber	eigenname	q=0/29 next_cap=6/33 prev_cap=20/29 titel=0 ort=0/29
HARRISON	8	33	Harrison	eigenname	q=1/27 next_cap=9/35 prev_cap=20/27 titel=0 ort=1/27
HILLARY	7	33	Hillary	eigenname	q=0/20 next_cap=27/33 prev_cap=8/20 titel=0 ort=1/20
HOCHTIEF	8	33	Hochtief	eigenname	q=0/27 next_cap=14/34 prev_cap=7/27 titel=0 ort=1/27
HUBERTUS	8	33	Hubertus	eigenname	q=0/28 next_cap=27/33 prev_cap=18/28 titel=0 ort=0/28
HUSSEIN	7	33	Hussein	eigenname	q=1/28 next_cap=7/34 prev_cap=25/28 titel=0 ort=0/28
INDIAN	6	33	Indian	eigenname	q=6/33 next_cap=29/34 prev_cap=16/33 titel=0 ort=1/33
ISABELLA	8	33	Isabella	eigenname	q=3/25 next_cap=15/33 prev_cap=9/25 titel=0 ort=0/25
JANA	4	33	Jana	eigenname	q=0/24 next_cap=18/34 prev_cap=13/24 titel=0 ort=0/24
KAREN	5	33	Karen	eigenname	q=1/27 next_cap=20/35 prev_cap=11/27 titel=2 ort=2/27
KARSAI	6	33	Karsai	eigenname	q=0/20 next_cap=2/35 prev_cap=14/20 titel=2 ort=0/20
KURIER	6	33	Kurier	eigenname	q=5/38 next_cap=8/38 prev_cap=24/38 titel=0 ort=0/38
LOTTE	5	33	Lotte	eigenname	q=0/27 next_cap=15/33 prev_cap=11/27 titel=1 ort=4/27
MATHILDE	8	33	Mathilde	eigenname	q=2/31 next_cap=20/37 prev_cap=12/31 titel=3 ort=1/31
NATALIE	7	33	Natalie	eigenname	q=0/26 next_cap=16/34 prev_cap=8/26 titel=0 ort=0/26
NATHAN	6	33	Nathan	eigenname	q=1/29 next_cap=15/34 prev_cap=13/29 titel=0 ort=0/29
NEUKOELLN	9	33	Neukölln	eigenname	q=0/35 next_cap=9/39 prev_cap=25/35 titel=0 ort=8/35
ORLANDO	7	33	Orlando	eigenname	q=2/26 next_cap=15/33 prev_cap=13/26 titel=0 ort=6/26
OWEN	4	33	Owen	eigenname	q=3/24 next_cap=14/34 prev_cap=9/24 titel=0 ort=0/24
PATRICIA	8	33	Patricia	eigenname	q=0/30 next_cap=21/34 prev_cap=12/30 titel=1 ort=0/30
PHILIPPE	8	33	Philippe	eigenname	q=0/28 next_cap=21/36 prev_cap=11/28 titel=0 ort=0/28
SILKE	5	33	Silke	eigenname	q=1/19 next_cap=26/33 prev_cap=7/19 titel=0 ort=0/19
SIMPSON	7	33	Simpson	eigenname	q=0/27 next_cap=2/34 prev_cap=21/27 titel=0 ort=0/27
SPANIENS	8	33	Spaniens	eigenname	q=0/27 next_cap=6/33 prev_cap=22/27 titel=0 ort=1/27
ZIEGLER	7	33	Ziegler	eigenname	q=2/32 next_cap=9/38 prev_cap=24/32 titel=0 ort=0/32
ZINK	4	33	Zink	eigenname	q=3/38 next_cap=11/44 prev_cap=14/38 titel=0 ort=1/38
AMATEUR	7	32	Amateur	eigenname	q=11/68 next_cap=47/70 prev_cap=17/68 titel=0 ort=0/68
ARTUR	5	32	Artur	eigenname	q=1/27 next_cap=26/35 prev_cap=12/27 titel=0 ort=0/27
BARACK	6	32	Barack	eigenname	q=0/16 next_cap=32/34 prev_cap=7/16 titel=4 ort=1/16
BERTELSMANN	11	32	Bertelsmann	eigenname	q=4/37 next_cap=26/49 prev_cap=15/37 titel=0 ort=2/37
BOEHM	5	32	Böhm	eigenname	q=2/27 next_cap=6/36 prev_cap=23/27 titel=1 ort=0/27
BRASILIENS	10	32	Brasiliens	eigenname	q=1/26 next_cap=5/32 prev_cap=23/26 titel=0 ort=0/26
CORNELIUS	9	32	Cornelius	eigenname	q=1/28 next_cap=22/34 prev_cap=18/28 titel=2 ort=0/28
DATA	4	32	Data	eigenname	q=4/33 next_cap=28/40 prev_cap=17/33 titel=0 ort=1/33
DUNCAN	6	32	Duncan	eigenname	q=0/24 next_cap=10/33 prev_cap=12/24 titel=0 ort=1/24
ELMAR	5	32	Elmar	eigenname	q=1/24 next_cap=28/32 prev_cap=13/24 titel=1 ort=0/24
FRANZISKUS	10	32	Franziskus	eigenname	q=1/33 next_cap=7/36 prev_cap=13/33 titel=0 ort=1/33
FRIEDERIKE	10	32	Friederike	eigenname	q=0/23 next_cap=25/32 prev_cap=16/23 titel=0 ort=0/23
GEISSLER	8	32	Geißler	eigenname	q=1/23 next_cap=8/33 prev_cap=20/23 titel=0 ort=0/23
GELDSTRAFEN	11	32	Geldstrafen	eigenname	q=1/29 next_cap=0/32 prev_cap=3/29 titel=0 ort=1/29
GEORGES	7	32	Georges	eigenname	q=1/30 next_cap=23/38 prev_cap=14/30 titel=0 ort=1/30
HANNAH	6	32	Hannah	eigenname	q=2/23 next_cap=20/35 prev_cap=7/23 titel=0 ort=0/23
HIMMELFAHRT	11	32	Himmelfahrt	eigenname	q=7/34 next_cap=7/34 prev_cap=20/34 titel=0 ort=1/34
HUEBNER	7	32	Hübner	eigenname	q=0/28 next_cap=2/33 prev_cap=26/28 titel=0 ort=1/28
INTENDANT	9	32	Intendant	eigenname	q=8/38 next_cap=14/42 prev_cap=14/38 titel=0 ort=0/38
JAHRESSICHT	11	32	Jahressicht	eigenname	q=0/31 next_cap=0/32 prev_cap=20/31 titel=0 ort=0/31
JANEIRO	7	32	Janeiro	eigenname	q=0/32 next_cap=2/32 prev_cap=0/32 titel=0 ort=0/32
JANSSEN	7	32	Janssen	eigenname	q=0/32 next_cap=15/36 prev_cap=27/32 titel=0 ort=0/32
JEANNE	6	32	Jeanne	eigenname	q=2/32 next_cap=19/39 prev_cap=15/32 titel=1 ort=1/32
KESSLER	7	32	Kessler	eigenname	q=0/28 next_cap=4/33 prev_cap=22/28 titel=0 ort=0/28
KLEE	4	32	Klee	eigenname	q=2/32 next_cap=15/34 prev_cap=19/32 titel=0 ort=3/32
LARRY	5	32	Larry	eigenname	q=0/26 next_cap=20/33 prev_cap=11/26 titel=1 ort=0/26
MAIK	4	32	Maik	eigenname	q=0/23 next_cap=21/32 prev_cap=10/23 titel=3 ort=1/23
MEDWEDEW	8	32	Medwedew	eigenname	q=0/17 next_cap=2/32 prev_cap=6/17 titel=1 ort=0/17
MOUNTAIN	8	32	Mountain	eigenname	q=5/42 next_cap=26/45 prev_cap=31/42 titel=0 ort=0/42
MUHAMMAD	8	32	Muhammad	eigenname	q=0/28 next_cap=12/32 prev_cap=17/28 titel=0 ort=1/28
NEUHAUS	7	32	Neuhaus	eigenname	q=0/32 next_cap=3/36 prev_cap=24/32 titel=0 ort=3/32
PACIFIC	7	32	Pacific	eigenname	q=5/32 next_cap=15/33 prev_cap=22/32 titel=0 ort=1/32
POLENS	6	32	Polens	eigenname	q=0/30 next_cap=2/32 prev_cap=23/30 titel=0 ort=0/30
ROBINSON	8	32	Robinson	eigenname	q=0/27 next_cap=8/32 prev_cap=16/27 titel=0 ort=0/27
SALVADOR	8	32	Salvador	eigenname	q=0/32 next_cap=6/32 prev_cap=19/32 titel=0 ort=1/32
SPENCER	7	32	Spencer	eigenname	q=0/23 next_cap=10/32 prev_cap=12/23 titel=0 ort=0/23
SWING	5	32	Swing	eigenname	q=7/41 next_cap=13/43 prev_cap=16/41 titel=0 ort=2/41
UNKLARHEIT	10	32	Unklarheit	eigenname	q=1/27 next_cap=0/32 prev_cap=4/27 titel=0 ort=0/27
WEBLINKS	8	32	Weblinks	eigenname	q=1/28 next_cap=4/32 prev_cap=4/28 titel=0 ort=1/28
WIENS	5	32	Wiens	eigenname	q=0/29 next_cap=5/33 prev_cap=25/29 titel=0 ort=1/29
ALEXANDRA	9	31	Alexandra	eigenname	q=2/27 next_cap=17/31 prev_cap=18/27 titel=0 ort=0/27
ANDERSEN	8	31	Andersen	eigenname	q=0/31 next_cap=7/35 prev_cap=20/31 titel=0 ort=2/31
BEYER	5	31	Beyer	eigenname	q=1/25 next_cap=6/30 prev_cap=16/25 titel=0 ort=0/25
CASTRO	6	31	Castro	eigenname	q=1/26 next_cap=6/32 prev_cap=12/26 titel=0 ort=1/26
COAST	5	31	Coast	eigenname	q=6/31 next_cap=21/31 prev_cap=23/31 titel=0 ort=0/31
EDDIE	5	31	Eddie	eigenname	q=1/22 next_cap=13/30 prev_cap=8/22 titel=0 ort=1/22
EINSTEIN	8	31	Einstein	eigenname	q=3/39 next_cap=19/43 prev_cap=23/39 titel=1 ort=0/39
FALK	4	31	Falk	eigenname	q=0/20 next_cap=11/31 prev_cap=12/20 titel=0 ort=1/20
GUMMERSBACH	11	31	Gummersbach	eigenname	q=2/31 next_cap=3/33 prev_cap=20/31 titel=0 ort=7/31
HARVEY	6	31	Harvey	eigenname	q=2/23 next_cap=11/32 prev_cap=12/23 titel=0 ort=1/23
JULIANE	7	31	Juliane	eigenname	q=3/24 next_cap=25/31 prev_cap=8/24 titel=1 ort=0/24
KARSTEN	7	31	Karsten	eigenname	q=0/20 next_cap=23/33 prev_cap=14/20 titel=1 ort=0/20
LAWRENCE	8	31	Lawrence	eigenname	q=2/28 next_cap=15/34 prev_cap=18/28 titel=0 ort=2/28
LUIGI	5	31	Luigi	eigenname	q=0/24 next_cap=21/31 prev_cap=11/24 titel=0 ort=0/24
MARKO	5	31	Marko	eigenname	q=0/22 next_cap=20/32 prev_cap=14/22 titel=0 ort=0/22
MARSHALL	8	31	Marshall	eigenname	q=1/36 next_cap=13/36 prev_cap=23/36 titel=1 ort=1/36
MILAN	5	31	Milan	eigenname	q=1/22 next_cap=15/34 prev_cap=8/22 titel=0 ort=2/22
NOWITZKI	8	31	Nowitzki	eigenname	q=0/22 next_cap=2/32 prev_cap=17/22 titel=0 ort=0/22
PAOLO	5	31	Paolo	eigenname	q=1/23 next_cap=21/31 prev_cap=13/23 titel=1 ort=0/23
PRACHT	6	31	Pracht	eigenname	q=7/31 next_cap=1/31 prev_cap=4/31 titel=1 ort=1/31
RAYMOND	7	31	Raymond	eigenname	q=2/22 next_cap=20/32 prev_cap=11/22 titel=0 ort=0/22
SANTO	5	31	Santo	eigenname	q=1/28 next_cap=10/30 prev_cap=13/28 titel=0 ort=6/28
SHELL	5	31	Shell	eigenname	q=5/39 next_cap=20/48 prev_cap=16/39 titel=0 ort=3/39
TATJANA	7	31	Tatjana	eigenname	q=0/18 next_cap=18/31 prev_cap=9/18 titel=0 ort=1/18
UNTERTITELN	11	31	Untertiteln	eigenname	q=1/32 next_cap=3/32 prev_cap=1/32 titel=0 ort=0/32
WANG	4	31	Wang	eigenname	q=1/27 next_cap=15/30 prev_cap=20/27 titel=0 ort=1/27
WASSERDAMPF	11	31	Wasserdampf	eigenname	q=2/30 next_cap=1/31 prev_cap=3/30 titel=0 ort=2/30
ABDULLAH	8	30	Abdullah	eigenname	q=0/23 next_cap=8/30 prev_cap=16/23 titel=0 ort=0/23
ANTOINE	7	30	Antoine	eigenname	q=0/29 next_cap=15/38 prev_cap=16/29 titel=0 ort=0/29
BECKMANN	8	30	Beckmann	eigenname	q=0/30 next_cap=10/34 prev_cap=26/30 titel=0 ort=0/30
BOHLEN	6	30	Bohlen	eigenname	q=3/29 next_cap=4/35 prev_cap=15/29 titel=1 ort=0/29
BUCHHOLZ	8	30	Buchholz	eigenname	q=3/31 next_cap=5/36 prev_cap=25/31 titel=0 ort=2/31
EINFLUESSEN	11	30	Einflüssen	eigenname	q=2/34 next_cap=0/35 prev_cap=5/34 titel=0 ort=0/34
ESSLINGEN	9	30	Esslingen	eigenname	q=0/28 next_cap=6/32 prev_cap=22/28 titel=0 ort=5/28
EXPLORER	8	30	Explorer	eigenname	q=8/58 next_cap=12/58 prev_cap=48/58 titel=0 ort=0/58
FLORENCE	8	30	Florence	eigenname	q=1/24 next_cap=13/30 prev_cap=6/24 titel=0 ort=2/24
FRAPORT	7	30	Fraport	eigenname	q=5/21 next_cap=14/42 prev_cap=7/21 titel=0 ort=1/21
IGOR	4	30	Igor	eigenname	q=0/22 next_cap=23/31 prev_cap=13/22 titel=1 ort=0/22
KANT	4	30	Kant	eigenname	q=2/36 next_cap=9/39 prev_cap=9/36 titel=0 ort=1/36
KAROLINE	8	30	Karoline	eigenname	q=1/25 next_cap=18/30 prev_cap=18/25 titel=0 ort=0/25
KENNEDY	7	30	Kennedy	eigenname	q=1/35 next_cap=13/39 prev_cap=23/35 titel=0 ort=0/35
KUEHN	5	30	Kühn	eigenname	q=0/23 next_cap=7/30 prev_cap=18/23 titel=1 ort=0/23
LUCA	4	30	Luca	eigenname	q=1/26 next_cap=21/30 prev_cap=13/26 titel=2 ort=0/26
LUCY	4	30	Lucy	eigenname	q=3/25 next_cap=11/30 prev_cap=9/25 titel=0 ort=0/25
MANUELA	7	30	Manuela	eigenname	q=0/19 next_cap=16/30 prev_cap=9/19 titel=0 ort=1/19
NIKLAS	6	30	Niklas	eigenname	q=0/26 next_cap=17/32 prev_cap=12/26 titel=0 ort=2/26
PALMER	6	30	Palmer	eigenname	q=1/26 next_cap=4/30 prev_cap=19/26 titel=0 ort=0/26
REICHENBACH	11	30	Reichenbach	eigenname	q=1/26 next_cap=3/29 prev_cap=12/26 titel=0 ort=5/26
ROSENTHAL	9	30	Rosenthal	eigenname	q=0/26 next_cap=8/33 prev_cap=14/26 titel=0 ort=1/26
RUEGEN	6	30	Rügen	eigenname	q=1/31 next_cap=3/33 prev_cap=14/31 titel=0 ort=4/31
SILVIA	6	30	Silvia	eigenname	q=0/21 next_cap=21/30 prev_cap=12/21 titel=0 ort=0/21
STOP	4	30	Stop	eigenname	q=8/46 next_cap=18/50 prev_cap=16/46 titel=0 ort=0/46
STORM	5	30	Storm	eigenname	q=6/28 next_cap=9/33 prev_cap=19/28 titel=0 ort=0/28
TOTSCHLAG	9	30	Totschlag	eigenname	q=0/31 next_cap=2/31 prev_cap=9/31 titel=0 ort=1/31
UNGARNS	7	30	Ungarns	eigenname	q=0/32 next_cap=8/35 prev_cap=23/32 titel=0 ort=0/32
VATTENFALL	10	30	Vattenfall	eigenname	q=0/33 next_cap=15/41 prev_cap=7/33 titel=0 ort=1/33
WARENTEST	9	30	Warentest	eigenname	q=0/31 next_cap=3/31 prev_cap=30/31 titel=0 ort=0/31
YVONNE	6	30	Yvonne	eigenname	q=0/21 next_cap=22/30 prev_cap=7/21 titel=0 ort=0/21
AKTIENINDEX	11	29	Aktienindex	eigenname	q=4/29 next_cap=2/29 prev_cap=21/29 titel=0 ort=0/29
ANDREJ	6	29	Andrej	eigenname	q=1/19 next_cap=23/29 prev_cap=11/19 titel=0 ort=0/19
APOLLO	6	29	Apollo	eigenname	q=9/43 next_cap=29/47 prev_cap=13/43 titel=0 ort=2/43
BACHMANN	8	29	Bachmann	eigenname	q=1/31 next_cap=11/36 prev_cap=27/31 titel=1 ort=0/31
BASE	4	29	Base	eigenname	q=5/38 next_cap=12/39 prev_cap=27/38 titel=0 ort=0/38
BEHRENS	7	29	Behrens	eigenname	q=2/24 next_cap=3/28 prev_cap=18/24 titel=0 ort=0/24
BJOERN	6	29	Björn	eigenname	q=0/17 next_cap=24/30 prev_cap=7/17 titel=0 ort=1/17
BREUER	6	29	Breuer	eigenname	q=0/26 next_cap=5/31 prev_cap=18/26 titel=0 ort=0/26
BRUEDERLE	9	29	Brüderle	eigenname	q=0/21 next_cap=4/29 prev_cap=14/21 titel=1 ort=0/21
DAVIES	6	29	Davies	eigenname	q=1/30 next_cap=5/33 prev_cap=21/30 titel=0 ort=0/30
DIEPGEN	7	29	Diepgen	eigenname	q=0/23 next_cap=2/31 prev_cap=9/23 titel=1 ort=1/23
EBERT	5	29	Ebert	eigenname	q=1/42 next_cap=31/54 prev_cap=34/42 titel=0 ort=1/42
ECKERT	6	29	Eckert	eigenname	q=0/21 next_cap=4/30 prev_cap=15/21 titel=0 ort=0/21
ERDMANN	7	29	Erdmann	eigenname	q=0/25 next_cap=6/29 prev_cap=21/25 titel=0 ort=0/25
FAMILY	6	29	Family	eigenname	q=5/34 next_cap=21/35 prev_cap=23/34 titel=0 ort=0/34
GOLDMANN	8	29	Goldmann	eigenname	q=2/19 next_cap=15/29 prev_cap=14/19 titel=1 ort=0/19
GUIDE	5	29	Guide	eigenname	q=6/35 next_cap=8/36 prev_cap=25/35 titel=0 ort=0/35
HOFER	5	29	Hofer	eigenname	q=3/30 next_cap=13/32 prev_cap=18/30 titel=0 ort=1/30
INGEBORG	8	29	Ingeborg	eigenname	q=0/24 next_cap=31/35 prev_cap=11/24 titel=2 ort=0/24
ISABEL	6	29	Isabel	eigenname	q=0/21 next_cap=10/30 prev_cap=10/21 titel=1 ort=0/21
JACOBS	6	29	Jacobs	eigenname	q=2/24 next_cap=10/29 prev_cap=12/24 titel=0 ort=0/24
JOSCHKA	7	29	Joschka	eigenname	q=0/18 next_cap=28/30 prev_cap=12/18 titel=0 ort=0/18
JOYCE	5	29	Joyce	eigenname	q=1/24 next_cap=12/28 prev_cap=11/24 titel=3 ort=1/24
KARSTADT	8	29	Karstadt	eigenname	q=0/66 next_cap=59/82 prev_cap=18/66 titel=0 ort=5/66
KLARA	5	29	Klara	eigenname	q=2/23 next_cap=17/29 prev_cap=11/23 titel=2 ort=0/23
KNIGHT	6	29	Knight	eigenname	q=4/28 next_cap=8/31 prev_cap=19/28 titel=0 ort=1/28
KOST	4	29	Kost	eigenname	q=2/33 next_cap=0/33 prev_cap=11/33 titel=0 ort=0/33
KRAEMER	7	29	Krämer	eigenname	q=4/24 next_cap=8/29 prev_cap=18/24 titel=1 ort=0/24
LANKA	5	29	Lanka	eigenname	q=0/29 next_cap=2/29 prev_cap=29/29 titel=0 ort=0/29
LIMBURG	7	29	Limburg	eigenname	q=0/33 next_cap=8/35 prev_cap=26/33 titel=0 ort=3/33
LUCKY	5	29	Lucky	eigenname	q=3/20 next_cap=19/28 prev_cap=8/20 titel=0 ort=0/20
MADELEINE	9	29	Madeleine	eigenname	q=3/28 next_cap=10/32 prev_cap=17/28 titel=0 ort=0/28
MAGIC	5	29	Magic	eigenname	q=4/30 next_cap=18/33 prev_cap=18/30 titel=0 ort=0/30
MARGOT	6	29	Margot	eigenname	q=0/21 next_cap=22/29 prev_cap=7/21 titel=1 ort=2/21
MIGUEL	6	29	Miguel	eigenname	q=0/23 next_cap=9/29 prev_cap=11/23 titel=0 ort=0/23
MOBILFUNK	9	29	Mobilfunk	eigenname	q=13/64 next_cap=38/67 prev_cap=22/64 titel=0 ort=1/64
MOTOROLA	8	29	Motorola	eigenname	q=1/23 next_cap=8/35 prev_cap=5/23 titel=0 ort=2/23
OLGA	4	29	Olga	eigenname	q=2/25 next_cap=16/30 prev_cap=13/25 titel=0 ort=1/25
PFALZ	5	29	Pfalz	eigenname	q=22/154 next_cap=20/155 prev_cap=125/154 titel=0 ort=0/154
PODOLSKI	8	29	Podolski	eigenname	q=1/21 next_cap=0/29 prev_cap=17/21 titel=0 ort=0/21
RICARDO	7	29	Ricardo	eigenname	q=1/19 next_cap=20/28 prev_cap=7/19 titel=0 ort=0/19
SIGISMUND	9	29	Sigismund	eigenname	q=4/25 next_cap=11/29 prev_cap=19/25 titel=0 ort=0/25
SPARTA	6	29	Sparta	eigenname	q=1/24 next_cap=7/30 prev_cap=11/24 titel=0 ort=4/24
SPRING	6	29	Spring	eigenname	q=5/33 next_cap=22/35 prev_cap=19/33 titel=0 ort=1/33
THERESIA	8	29	Theresia	eigenname	q=1/32 next_cap=13/34 prev_cap=24/32 titel=0 ort=0/32
VERENA	6	29	Verena	eigenname	q=0/20 next_cap=19/30 prev_cap=8/20 titel=0 ort=1/20
VISA	4	29	Visa	eigenname	q=7/32 next_cap=18/38 prev_cap=3/32 titel=0 ort=0/32
WATER	5	29	Water	eigenname	q=6/29 next_cap=19/29 prev_cap=19/29 titel=0 ort=0/29
WINFRIED	8	29	Winfried	eigenname	q=0/24 next_cap=28/29 prev_cap=14/24 titel=5 ort=0/24
AUER	4	28	Auer	eigenname	q=2/29 next_cap=11/30 prev_cap=22/29 titel=0 ort=0/29
AUGUSTA	7	28	Augusta	eigenname	q=1/29 next_cap=16/33 prev_cap=21/29 titel=2 ort=2/29
AUSSCHAU	8	28	Ausschau	eigenname	q=0/26 next_cap=0/28 prev_cap=16/26 titel=0 ort=0/26
BILDRAND	8	28	Bildrand	eigenname	q=1/28 next_cap=0/28 prev_cap=0/28 titel=0 ort=0/28
CHURCHILL	9	28	Churchill	eigenname	q=0/21 next_cap=2/29 prev_cap=11/21 titel=0 ort=1/21
CLARKE	6	28	Clarke	eigenname	q=0/27 next_cap=4/29 prev_cap=16/27 titel=0 ort=0/27
COHEN	5	28	Cohen	eigenname	q=0/24 next_cap=4/30 prev_cap=19/24 titel=0 ort=0/24
CONTI	5	28	Conti	eigenname	q=1/47 next_cap=34/61 prev_cap=17/47 titel=0 ort=2/47
DEGEN	5	28	Degen	eigenname	q=6/25 next_cap=6/31 prev_cap=15/25 titel=0 ort=0/25
ESTHER	6	28	Esther	eigenname	q=0/23 next_cap=14/29 prev_cap=13/23 titel=1 ort=0/23
GERHARDT	8	28	Gerhardt	eigenname	q=0/25 next_cap=9/32 prev_cap=17/25 titel=0 ort=1/25
GILES	5	28	Giles	eigenname	q=0/10 next_cap=4/27 prev_cap=2/10 titel=0 ort=0/10
GOETHES	7	28	Goethes	eigenname	q=0/25 next_cap=18/28 prev_cap=6/25 titel=0 ort=6/25
GOTTSCHALK	10	28	Gottschalk	eigenname	q=0/24 next_cap=4/29 prev_cap=18/24 titel=0 ort=0/24
HANSER	6	28	Hanser	eigenname	q=2/19 next_cap=25/29 prev_cap=16/19 titel=0 ort=1/19
JUDO	4	28	Judo	eigenname	q=9/38 next_cap=21/43 prev_cap=14/38 titel=0 ort=1/38
MITCHELL	8	28	Mitchell	eigenname	q=3/25 next_cap=8/29 prev_cap=18/25 titel=0 ort=1/25
NADINE	6	28	Nadine	eigenname	q=0/22 next_cap=17/28 prev_cap=12/22 titel=0 ort=0/22
NEIL	4	28	Neil	eigenname	q=0/24 next_cap=21/28 prev_cap=14/24 titel=0 ort=1/24
NETSCAPE	8	28	Netscape	eigenname	q=3/30 next_cap=13/35 prev_cap=4/30 titel=0 ort=1/30
NORDOST	7	28	Nordost	eigenname	q=2/48 next_cap=20/48 prev_cap=17/48 titel=0 ort=11/48
OTT	3	28	Ott	eigenname	q=0/26 next_cap=5/29 prev_cap=25/26 titel=2 ort=0/26
PAULINE	7	28	Pauline	eigenname	q=0/20 next_cap=14/29 prev_cap=11/20 titel=0 ort=0/20
PLATIN	6	28	Platin	eigenname	q=2/40 next_cap=17/44 prev_cap=5/40 titel=0 ort=2/40
POLITIKERIN	11	28	Politikerin	eigenname	q=16/70 next_cap=13/70 prev_cap=47/70 titel=0 ort=0/70
POWELL	6	28	Powell	eigenname	q=0/20 next_cap=2/30 prev_cap=12/20 titel=0 ort=0/20
RATZEBURG	9	28	Ratzeburg	eigenname	q=0/28 next_cap=1/28 prev_cap=21/28 titel=0 ort=3/28
RONALDO	7	28	Ronaldo	eigenname	q=0/21 next_cap=3/30 prev_cap=9/21 titel=1 ort=0/21
SANDER	6	28	Sander	eigenname	q=4/27 next_cap=9/29 prev_cap=23/27 titel=0 ort=0/27
SANTOS	6	28	Santos	eigenname	q=0/29 next_cap=10/31 prev_cap=13/29 titel=0 ort=2/29
SCHAEFFLER	10	28	Schaeffler	eigenname	q=0/33 next_cap=18/43 prev_cap=9/33 titel=0 ort=1/33
SCHULTZ	7	28	Schultz	eigenname	q=0/29 next_cap=4/32 prev_cap=25/29 titel=0 ort=0/29
SHOP	4	28	Shop	eigenname	q=13/96 next_cap=22/101 prev_cap=78/96 titel=0 ort=1/96
TRIATHLON	9	28	Triathlon	eigenname	q=12/60 next_cap=31/63 prev_cap=27/60 titel=0 ort=0/60
UMRAHMUNG	9	28	Umrahmung	eigenname	q=1/28 next_cap=0/28 prev_cap=1/28 titel=0 ort=0/28
ADOLPH	6	27	Adolph	eigenname	q=1/25 next_cap=23/28 prev_cap=15/25 titel=1 ort=0/25
ALESSANDRO	10	27	Alessandro	eigenname	q=0/22 next_cap=16/27 prev_cap=9/22 titel=1 ort=0/22
ANITA	5	27	Anita	eigenname	q=0/23 next_cap=18/27 prev_cap=13/23 titel=2 ort=0/23
ASIENS	6	27	Asiens	eigenname	q=0/24 next_cap=4/27 prev_cap=21/24 titel=0 ort=0/24
ASTRID	6	27	Astrid	eigenname	q=1/27 next_cap=29/34 prev_cap=7/27 titel=0 ort=0/27
BENNO	5	27	Benno	eigenname	q=0/22 next_cap=21/28 prev_cap=10/22 titel=0 ort=0/22
BIANCA	6	27	Bianca	eigenname	q=0/23 next_cap=10/27 prev_cap=10/23 titel=0 ort=0/23
BLAKE	5	27	Blake	eigenname	q=0/25 next_cap=8/28 prev_cap=13/25 titel=0 ort=0/25
BRITNEY	7	27	Britney	eigenname	q=0/12 next_cap=19/27 prev_cap=4/12 titel=0 ort=0/12
CHEN	4	27	Chen	eigenname	q=0/21 next_cap=15/29 prev_cap=7/21 titel=1 ort=1/21
CREDIT	6	27	Credit	eigenname	q=3/19 next_cap=32/33 prev_cap=8/19 titel=0 ort=1/19
DRAGON	6	27	Dragon	eigenname	q=4/25 next_cap=20/31 prev_cap=9/25 titel=0 ort=0/25
EAGLE	5	27	Eagle	eigenname	q=5/29 next_cap=17/31 prev_cap=19/29 titel=0 ort=1/29
ELIAS	5	27	Elias	eigenname	q=0/23 next_cap=15/32 prev_cap=11/23 titel=0 ort=0/23
ERWAEGUNGEN	11	27	Erwägungen	eigenname	q=2/27 next_cap=0/27 prev_cap=5/27 titel=0 ort=0/27
FOUR	4	27	Four	eigenname	q=6/33 next_cap=23/34 prev_cap=21/33 titel=0 ort=0/33
GABI	4	27	Gabi	eigenname	q=0/19 next_cap=21/27 prev_cap=7/19 titel=0 ort=1/19
HANNS	5	27	Hanns	eigenname	q=1/34 next_cap=38/40 prev_cap=16/34 titel=2 ort=1/34
HAROLD	6	27	Harold	eigenname	q=0/20 next_cap=17/27 prev_cap=7/20 titel=0 ort=1/20
HOPPE	5	27	Hoppe	eigenname	q=2/20 next_cap=5/27 prev_cap=16/20 titel=0 ort=0/20
JAKE	4	27	Jake	eigenname	q=0/18 next_cap=8/27 prev_cap=6/18 titel=0 ort=0/18
KIRCHNER	8	27	Kirchner	eigenname	q=1/18 next_cap=6/28 prev_cap=11/18 titel=0 ort=1/18
KIRSTEN	7	27	Kirsten	eigenname	q=0/16 next_cap=15/28 prev_cap=10/16 titel=0 ort=0/16
KISSINGEN	9	27	Kissingen	eigenname	q=0/27 next_cap=2/27 prev_cap=25/27 titel=0 ort=2/27
KRISTINA	8	27	Kristina	eigenname	q=0/20 next_cap=20/27 prev_cap=12/20 titel=1 ort=1/20
LIU	3	27	Liu	eigenname	q=0/21 next_cap=21/27 prev_cap=7/21 titel=0 ort=0/21
MAHMUD	6	27	Mahmud	eigenname	q=0/21 next_cap=22/27 prev_cap=17/21 titel=6 ort=0/21
MERZ	4	27	Merz	eigenname	q=0/28 next_cap=4/30 prev_cap=15/28 titel=2 ort=0/28
MICHAELA	8	27	Michaela	eigenname	q=0/18 next_cap=21/27 prev_cap=7/18 titel=0 ort=2/18
MIRANDA	7	27	Miranda	eigenname	q=0/24 next_cap=10/29 prev_cap=9/24 titel=1 ort=3/24
NEUBURG	7	27	Neuburg	eigenname	q=2/30 next_cap=3/32 prev_cap=19/30 titel=0 ort=5/30
NIKOLAI	7	27	Nikolai	eigenname	q=0/32 next_cap=26/34 prev_cap=17/32 titel=1 ort=2/32
OLIVIER	7	27	Olivier	eigenname	q=0/23 next_cap=16/28 prev_cap=13/23 titel=0 ort=1/23
PLATZECK	8	27	Platzeck	eigenname	q=0/14 next_cap=4/29 prev_cap=8/14 titel=0 ort=0/14
PREUSSENS	9	27	Preußens	eigenname	q=0/26 next_cap=7/27 prev_cap=20/26 titel=0 ort=0/26
REBECCA	7	27	Rebecca	eigenname	q=0/16 next_cap=8/27 prev_cap=6/16 titel=0 ort=0/16
RIED	4	27	Ried	eigenname	q=3/26 next_cap=3/26 prev_cap=18/26 titel=0 ort=1/26
SAAB	4	27	Saab	eigenname	q=4/18 next_cap=6/29 prev_cap=2/18 titel=1 ort=1/18
SERGEJ	6	27	Sergej	eigenname	q=0/23 next_cap=23/27 prev_cap=19/23 titel=0 ort=0/23
SULLIVAN	8	27	Sullivan	eigenname	q=2/23 next_cap=4/28 prev_cap=13/23 titel=0 ort=1/23
THOR	4	27	Thor	eigenname	q=1/23 next_cap=9/30 prev_cap=18/23 titel=0 ort=0/23
WALLACE	7	27	Wallace	eigenname	q=1/27 next_cap=13/33 prev_cap=16/27 titel=0 ort=2/27
WATSON	6	27	Watson	eigenname	q=0/22 next_cap=2/28 prev_cap=13/22 titel=0 ort=0/22
WILHELMS	8	27	Wilhelms	eigenname	q=0/40 next_cap=32/40 prev_cap=33/40 titel=0 ort=1/40
YOGA	4	27	Yoga	eigenname	q=8/37 next_cap=16/43 prev_cap=14/37 titel=0 ort=0/37
ARNO	4	26	Arno	eigenname	q=0/18 next_cap=26/30 prev_cap=5/18 titel=0 ort=2/18
ATLANTIC	8	26	Atlantic	eigenname	q=5/28 next_cap=19/29 prev_cap=16/28 titel=0 ort=3/28
AUSTIN	6	26	Austin	eigenname	q=3/24 next_cap=11/28 prev_cap=7/24 titel=0 ort=4/24
AVIV	4	26	Aviv	eigenname	q=0/30 next_cap=3/30 prev_cap=30/30 titel=0 ort=0/30
BACHS	5	26	Bachs	eigenname	q=3/25 next_cap=8/26 prev_cap=16/25 titel=0 ort=1/25
BARNES	6	26	Barnes	eigenname	q=0/21 next_cap=1/26 prev_cap=15/21 titel=0 ort=0/21
BEATRICE	8	26	Beatrice	eigenname	q=0/20 next_cap=10/26 prev_cap=5/20 titel=0 ort=1/20
BETTY	5	26	Betty	eigenname	q=1/19 next_cap=13/25 prev_cap=7/19 titel=0 ort=0/19
BODO	4	26	Bodo	eigenname	q=0/23 next_cap=24/28 prev_cap=12/23 titel=0 ort=1/23
CLAUDIUS	8	26	Claudius	eigenname	q=1/22 next_cap=15/27 prev_cap=7/22 titel=1 ort=1/22
COLORADO	8	26	Colorado	eigenname	q=5/29 next_cap=14/31 prev_cap=7/29 titel=0 ort=7/29
FAHRRAEDERN	11	26	Fahrrädern	eigenname	q=2/27 next_cap=0/27 prev_cap=3/27 titel=0 ort=0/27
FRANCK	6	26	Franck	eigenname	q=0/21 next_cap=7/29 prev_cap=9/21 titel=0 ort=0/21
FREDERICK	9	26	Frederick	eigenname	q=0/20 next_cap=22/26 prev_cap=10/20 titel=0 ort=0/20
FREY	4	26	Frey	eigenname	q=0/23 next_cap=7/30 prev_cap=19/23 titel=0 ort=0/23
GERDA	5	26	Gerda	eigenname	q=2/19 next_cap=16/26 prev_cap=4/19 titel=0 ort=0/19
GIBSON	6	26	Gibson	eigenname	q=1/22 next_cap=4/27 prev_cap=16/22 titel=0 ort=0/22
GRETA	5	26	Greta	eigenname	q=1/14 next_cap=11/26 prev_cap=6/14 titel=0 ort=0/14
HAUG	4	26	Haug	eigenname	q=0/22 next_cap=8/28 prev_cap=14/22 titel=0 ort=1/22
HEIDFELD	8	26	Heidfeld	eigenname	q=0/21 next_cap=4/27 prev_cap=15/21 titel=0 ort=0/21
HILBERT	7	26	Hilbert	eigenname	q=1/21 next_cap=3/27 prev_cap=8/21 titel=0 ort=0/21
HUGH	4	26	Hugh	eigenname	q=0/17 next_cap=16/25 prev_cap=8/17 titel=0 ort=0/17
HUGHES	6	26	Hughes	eigenname	q=0/26 next_cap=5/29 prev_cap=11/26 titel=0 ort=0/26
IRINA	5	26	Irina	eigenname	q=0/18 next_cap=11/26 prev_cap=6/18 titel=0 ort=2/18
IRMGARD	7	26	Irmgard	eigenname	q=1/20 next_cap=19/26 prev_cap=10/20 titel=2 ort=0/20
JANET	5	26	Janet	eigenname	q=1/18 next_cap=12/26 prev_cap=6/18 titel=2 ort=0/18
KAMERUN	7	26	Kamerun	eigenname	q=0/22 next_cap=3/26 prev_cap=3/22 titel=0 ort=4/22
KLOSE	5	26	Klose	eigenname	q=1/17 next_cap=4/27 prev_cap=9/17 titel=0 ort=1/17
LOU	3	26	Lou	eigenname	q=0/23 next_cap=10/28 prev_cap=15/23 titel=0 ort=0/23
MAGATH	6	26	Magath	eigenname	q=0/22 next_cap=4/28 prev_cap=17/22 titel=0 ort=1/22
MAHLER	6	26	Mahler	eigenname	q=0/28 next_cap=8/33 prev_cap=12/28 titel=0 ort=0/28
MARTA	5	26	Marta	eigenname	q=0/22 next_cap=11/26 prev_cap=10/22 titel=1 ort=0/22
MARVIN	6	26	Marvin	eigenname	q=1/19 next_cap=12/26 prev_cap=12/19 titel=1 ort=0/19
MILES	5	26	Miles	eigenname	q=3/22 next_cap=10/25 prev_cap=8/22 titel=0 ort=1/22
NETANJAHU	9	26	Netanjahu	eigenname	q=0/17 next_cap=1/26 prev_cap=11/17 titel=0 ort=0/17
NICOLA	6	26	Nicola	eigenname	q=0/20 next_cap=15/26 prev_cap=10/20 titel=1 ort=0/20
NVIDIA	6	26	Nvidia	eigenname	q=1/20 next_cap=5/29 prev_cap=2/20 titel=0 ort=1/20
OETTINGER	9	26	Oettinger	eigenname	q=1/12 next_cap=4/27 prev_cap=7/12 titel=0 ort=0/12
OLMERT	6	26	Olmert	eigenname	q=0/14 next_cap=1/27 prev_cap=10/14 titel=0 ort=0/14
PLATON	6	26	Platon	eigenname	q=1/25 next_cap=5/28 prev_cap=5/25 titel=0 ort=3/25
PUMA	4	26	Puma	eigenname	q=4/27 next_cap=11/35 prev_cap=8/27 titel=0 ort=2/27
RAPHAEL	7	26	Raphael	eigenname	q=1/21 next_cap=13/26 prev_cap=16/21 titel=0 ort=0/21
REVUE	5	26	Revue	eigenname	q=7/29 next_cap=8/30 prev_cap=17/29 titel=0 ort=2/29
ROESLER	7	26	Rösler	eigenname	q=0/18 next_cap=7/28 prev_cap=11/18 titel=0 ort=0/18
RUGBY	5	26	Rugby	eigenname	q=5/44 next_cap=25/47 prev_cap=18/44 titel=0 ort=0/44
SCHUETZ	7	26	Schütz	eigenname	q=1/20 next_cap=5/25 prev_cap=13/20 titel=0 ort=0/20
SCHUMI	6	26	Schumi	eigenname	q=0/15 next_cap=7/31 prev_cap=4/15 titel=0 ort=0/15
SIGMUND	7	26	Sigmund	eigenname	q=1/23 next_cap=16/26 prev_cap=12/23 titel=0 ort=1/23
STORE	5	26	Store	eigenname	q=4/34 next_cap=3/34 prev_cap=25/34 titel=0 ort=0/34
STRAEUCHER	10	26	Sträucher	eigenname	q=2/26 next_cap=3/27 prev_cap=7/26 titel=0 ort=0/26
STRAFTAETER	11	26	Straftäter	eigenname	q=2/26 next_cap=0/26 prev_cap=4/26 titel=0 ort=0/26
TERESA	6	26	Teresa	eigenname	q=2/22 next_cap=14/27 prev_cap=10/22 titel=1 ort=1/22
TRAIL	5	26	Trail	eigenname	q=5/30 next_cap=6/31 prev_cap=21/30 titel=0 ort=0/30
ALDI	4	25	Aldi	eigenname	q=0/25 next_cap=19/38 prev_cap=4/25 titel=0 ort=2/25
BEETHOVEN	9	25	Beethoven	eigenname	q=2/32 next_cap=16/37 prev_cap=10/32 titel=1 ort=1/32
BOEHME	6	25	Böhme	eigenname	q=1/18 next_cap=4/25 prev_cap=12/18 titel=0 ort=0/18
BRUSTKREBS	10	25	Brustkrebs	eigenname	q=2/27 next_cap=5/29 prev_cap=1/27 titel=0 ort=4/27
BUETTNER	8	25	Büttner	eigenname	q=3/21 next_cap=6/25 prev_cap=11/21 titel=0 ort=1/21
COLIN	5	25	Colin	eigenname	q=1/17 next_cap=17/25 prev_cap=4/17 titel=0 ort=0/17
DAWSON	6	25	Dawson	eigenname	q=1/17 next_cap=7/25 prev_cap=8/17 titel=0 ort=2/17
DENIS	5	25	Denis	eigenname	q=0/29 next_cap=16/35 prev_cap=21/29 titel=0 ort=1/29
ELISE	5	25	Elise	eigenname	q=0/24 next_cap=13/25 prev_cap=15/24 titel=2 ort=0/24
ELLIS	5	25	Ellis	eigenname	q=0/19 next_cap=11/26 prev_cap=9/19 titel=0 ort=1/19
EMANUEL	7	25	Emanuel	eigenname	q=1/24 next_cap=19/27 prev_cap=14/24 titel=0 ort=1/24
EVELYN	6	25	Evelyn	eigenname	q=0/21 next_cap=17/29 prev_cap=11/21 titel=2 ort=1/21
FOREST	6	25	Forest	eigenname	q=3/24 next_cap=13/26 prev_cap=19/24 titel=0 ort=0/24
GAY	3	25	Gay	eigenname	q=3/22 next_cap=13/30 prev_cap=9/22 titel=0 ort=0/22
GERLACH	7	25	Gerlach	eigenname	q=0/23 next_cap=3/26 prev_cap=15/23 titel=0 ort=0/23
GRUNER	6	25	Gruner	eigenname	q=1/18 next_cap=3/24 prev_cap=10/18 titel=0 ort=2/18
HANNELORE	9	25	Hannelore	eigenname	q=0/12 next_cap=21/25 prev_cap=6/12 titel=0 ort=0/12
HAUSER	6	25	Hauser	eigenname	q=1/25 next_cap=7/27 prev_cap=18/25 titel=2 ort=1/25
HEIN	4	25	Hein	eigenname	q=0/21 next_cap=8/25 prev_cap=13/21 titel=0 ort=1/21
HILDEBRANDT	11	25	Hildebrandt	eigenname	q=0/20 next_cap=2/26 prev_cap=20/20 titel=0 ort=0/20
HITZFELD	8	25	Hitzfeld	eigenname	q=0/17 next_cap=1/26 prev_cap=8/17 titel=1 ort=1/17
HOLSTEIN	8	25	Holstein	eigenname	q=0/184 next_cap=25/186 prev_cap=168/184 titel=0 ort=5/184
HUMBOLDT	8	25	Humboldt	eigenname	q=3/82 next_cap=68/88 prev_cap=19/82 titel=0 ort=1/82
JAMAIKA	7	25	Jamaika	eigenname	q=0/25 next_cap=4/27 prev_cap=6/25 titel=0 ort=6/25
JAMIE	5	25	Jamie	eigenname	q=1/15 next_cap=15/25 prev_cap=7/15 titel=0 ort=0/15
JANSEN	6	25	Jansen	eigenname	q=0/20 next_cap=8/27 prev_cap=13/20 titel=0 ort=0/20
JEFFERSON	9	25	Jefferson	eigenname	q=3/23 next_cap=11/25 prev_cap=11/23 titel=1 ort=0/23
JUSTIN	6	25	Justin	eigenname	q=0/15 next_cap=14/24 prev_cap=5/15 titel=0 ort=0/15
KARLHEINZ	9	25	Karlheinz	eigenname	q=0/19 next_cap=23/25 prev_cap=13/19 titel=1 ort=1/19
KATHRIN	7	25	Kathrin	eigenname	q=1/21 next_cap=22/29 prev_cap=12/21 titel=0 ort=0/21
KIRCHBERG	9	25	Kirchberg	eigenname	q=5/25 next_cap=3/27 prev_cap=14/25 titel=0 ort=3/25
KRETA	5	25	Kreta	eigenname	q=0/26 next_cap=1/26 prev_cap=3/26 titel=0 ort=3/26
LANXESS	7	25	Lanxess	eigenname	q=0/14 next_cap=4/23 prev_cap=4/14 titel=0 ort=0/14
LUTHERS	7	25	Luthers	eigenname	q=0/22 next_cap=10/25 prev_cap=16/22 titel=0 ort=1/22
LUX	3	25	Lux	eigenname	q=5/23 next_cap=10/27 prev_cap=16/23 titel=0 ort=1/23
MARIHUANA	9	25	Marihuana	eigenname	q=2/30 next_cap=7/31 prev_cap=13/30 titel=0 ort=0/30
MITSUBISHI	10	25	Mitsubishi	eigenname	q=3/21 next_cap=17/31 prev_cap=4/21 titel=0 ort=0/21
NAUMANN	7	25	Naumann	eigenname	q=1/22 next_cap=7/29 prev_cap=16/22 titel=0 ort=0/22
NIELSEN	7	25	Nielsen	eigenname	q=0/25 next_cap=12/29 prev_cap=19/25 titel=0 ort=0/25
NORDBANK	8	25	Nordbank	eigenname	q=1/31 next_cap=6/33 prev_cap=27/31 titel=0 ort=0/31
PAN	3	25	Pan	eigenname	q=4/30 next_cap=18/34 prev_cap=15/30 titel=0 ort=0/30
RANGE	5	25	Range	eigenname	q=7/29 next_cap=6/29 prev_cap=16/29 titel=0 ort=0/29
ROSSI	5	25	Rossi	eigenname	q=0/17 next_cap=3/25 prev_cap=12/17 titel=0 ort=0/17
SCHOENBOHM	10	25	Schönbohm	eigenname	q=0/13 next_cap=4/24 prev_cap=8/13 titel=0 ort=0/13
SEITZ	5	25	Seitz	eigenname	q=0/23 next_cap=5/25 prev_cap=15/23 titel=0 ort=1/23
SHAKESPEARE	11	25	Shakespeare	eigenname	q=0/35 next_cap=13/37 prev_cap=13/35 titel=0 ort=4/35
SHOPS	5	25	Shops	eigenname	q=14/60 next_cap=5/60 prev_cap=33/60 titel=0 ort=2/60
SINGH	5	25	Singh	eigenname	q=0/22 next_cap=5/25 prev_cap=22/22 titel=0 ort=0/22
SPEED	5	25	Speed	eigenname	q=5/46 next_cap=33/51 prev_cap=30/46 titel=0 ort=0/46
STEFANO	7	25	Stefano	eigenname	q=0/21 next_cap=14/25 prev_cap=11/21 titel=0 ort=0/21
VORKASSE	8	25	Vorkasse	eigenname	q=0/24 next_cap=1/26 prev_cap=4/24 titel=0 ort=2/24
WIELAND	7	25	Wieland	eigenname	q=0/20 next_cap=17/30 prev_cap=14/20 titel=0 ort=0/20
XAVER	5	25	Xaver	eigenname	q=0/27 next_cap=20/28 prev_cap=20/27 titel=0 ort=1/27
YPSILANTI	9	25	Ypsilanti	eigenname	q=1/19 next_cap=4/29 prev_cap=8/19 titel=0 ort=0/19
AIGNER	6	24	Aigner	eigenname	q=0/14 next_cap=4/24 prev_cap=10/14 titel=0 ort=0/14
AIXTRON	7	24	Aixtron	eigenname	q=0/11 next_cap=2/19 prev_cap=2/11 titel=0 ort=1/11
ALAIN	5	24	Alain	eigenname	q=0/15 next_cap=16/24 prev_cap=6/15 titel=0 ort=0/15
AMANDA	6	24	Amanda	eigenname	q=0/15 next_cap=12/24 prev_cap=5/15 titel=2 ort=0/15
ARNE	4	24	Arne	eigenname	q=0/25 next_cap=23/26 prev_cap=11/25 titel=1 ort=0/25
ATEMSCHUTZ	10	24	Atemschutz	eigenname	q=1/25 next_cap=1/25 prev_cap=3/25 titel=0 ort=0/25
DOERING	7	24	Döring	eigenname	q=1/21 next_cap=8/25 prev_cap=14/21 titel=0 ort=0/21
ELEONORE	8	24	Eleonore	eigenname	q=0/19 next_cap=7/24 prev_cap=11/19 titel=0 ort=0/19
ERNA	4	24	Erna	eigenname	q=0/19 next_cap=18/24 prev_cap=8/19 titel=1 ort=0/19
FRIEDA	6	24	Frieda	eigenname	q=0/21 next_cap=19/25 prev_cap=9/21 titel=0 ort=1/21
GERBER	6	24	Gerber	eigenname	q=5/23 next_cap=9/27 prev_cap=15/23 titel=0 ort=0/23
GREG	4	24	Greg	eigenname	q=0/15 next_cap=12/24 prev_cap=8/15 titel=1 ort=0/15
HAASE	5	24	Haase	eigenname	q=0/23 next_cap=9/26 prev_cap=22/23 titel=0 ort=0/23
HAN	3	24	Han	eigenname	q=5/37 next_cap=26/46 prev_cap=12/37 titel=1 ort=1/37
HENDRIK	7	24	Hendrik	eigenname	q=1/18 next_cap=16/25 prev_cap=10/18 titel=0 ort=0/18
HERMAN	6	24	Herman	eigenname	q=3/20 next_cap=13/26 prev_cap=8/20 titel=0 ort=3/20
HOCHBETRIEB	11	24	Hochbetrieb	eigenname	q=0/20 next_cap=0/24 prev_cap=2/20 titel=0 ort=0/20
JAHRESFRIST	11	24	Jahresfrist	eigenname	q=0/24 next_cap=0/24 prev_cap=9/24 titel=0 ort=0/24
JON	3	24	Jon	eigenname	q=1/22 next_cap=15/25 prev_cap=10/22 titel=0 ort=0/22
KLITSCHKO	9	24	Klitschko	eigenname	q=0/25 next_cap=5/28 prev_cap=18/25 titel=0 ort=0/25
KOLLER	6	24	Koller	eigenname	q=0/19 next_cap=3/27 prev_cap=15/19 titel=0 ort=0/19
LAHN	4	24	Lahn	eigenname	q=19/84 next_cap=16/84 prev_cap=61/84 titel=0 ort=0/84
LAURENT	7	24	Laurent	eigenname	q=3/23 next_cap=10/25 prev_cap=11/23 titel=0 ort=0/23
LOLA	4	24	Lola	eigenname	q=1/18 next_cap=10/25 prev_cap=6/18 titel=0 ort=0/18
LUCIE	5	24	Lucie	eigenname	q=1/18 next_cap=15/26 prev_cap=6/18 titel=1 ort=1/18
MALCOLM	7	24	Malcolm	eigenname	q=0/20 next_cap=12/24 prev_cap=10/20 titel=1 ort=0/20
MICHELE	7	24	Michele	eigenname	q=1/16 next_cap=15/24 prev_cap=13/16 titel=0 ort=1/16
NIETZSCHE	9	24	Nietzsche	eigenname	q=1/25 next_cap=11/30 prev_cap=7/25 titel=0 ort=0/25
NOVARTIS	8	24	Novartis	eigenname	q=0/18 next_cap=6/30 prev_cap=3/18 titel=0 ort=1/18
PFIZER	6	24	Pfizer	eigenname	q=0/13 next_cap=2/25 prev_cap=3/13 titel=0 ort=0/13
RAP	3	24	Rap	eigenname	q=10/44 next_cap=23/46 prev_cap=14/44 titel=0 ort=0/44
RIEGER	6	24	Rieger	eigenname	q=0/22 next_cap=4/27 prev_cap=16/22 titel=0 ort=0/22
RILEY	5	24	Riley	eigenname	q=0/13 next_cap=5/21 prev_cap=8/13 titel=1 ort=0/13
SALOMON	7	24	Salomon	eigenname	q=1/27 next_cap=14/31 prev_cap=17/27 titel=0 ort=0/27
SCHAVAN	7	24	Schavan	eigenname	q=0/16 next_cap=4/24 prev_cap=11/16 titel=0 ort=0/16
SEA	3	24	Sea	eigenname	q=5/24 next_cap=18/25 prev_cap=13/24 titel=0 ort=0/24
SECURITY	8	24	Security	eigenname	q=6/47 next_cap=35/48 prev_cap=27/47 titel=0 ort=0/47
SHAW	4	24	Shaw	eigenname	q=2/20 next_cap=6/24 prev_cap=15/20 titel=0 ort=0/20
SHORT	5	24	Short	eigenname	q=7/37 next_cap=33/37 prev_cap=11/37 titel=0 ort=5/37
SOLOTHURN	9	24	Solothurn	eigenname	q=1/23 next_cap=2/24 prev_cap=13/23 titel=0 ort=5/23
STUDIES	7	24	Studies	eigenname	q=0/24 next_cap=2/24 prev_cap=23/24 titel=0 ort=1/24
THILO	5	24	Thilo	eigenname	q=0/17 next_cap=22/25 prev_cap=9/17 titel=0 ort=0/17
UNIT	4	24	Unit	eigenname	q=4/28 next_cap=9/28 prev_cap=26/28 titel=0 ort=0/28
VOGTS	5	24	Vogts	eigenname	q=1/18 next_cap=4/26 prev_cap=12/18 titel=0 ort=0/18
WALT	4	24	Walt	eigenname	q=3/21 next_cap=23/27 prev_cap=3/21 titel=0 ort=4/21
ZHANG	5	24	Zhang	eigenname	q=0/20 next_cap=19/24 prev_cap=10/20 titel=0 ort=0/20
ABE	3	23	Abe	eigenname	q=1/14 next_cap=7/18 prev_cap=8/14 titel=0 ort=0/14
ALLAN	5	23	Allan	eigenname	q=2/23 next_cap=14/25 prev_cap=10/23 titel=0 ort=2/23
ALLIANCE	8	23	Alliance	eigenname	q=5/24 next_cap=6/25 prev_cap=19/24 titel=0 ort=0/24
ALZHEIMER	9	23	Alzheimer	eigenname	q=3/35 next_cap=20/38 prev_cap=8/35 titel=0 ort=1/35
ANGELO	6	23	Angelo	eigenname	q=0/17 next_cap=9/23 prev_cap=6/17 titel=0 ort=1/17
ANSBACH	7	23	Ansbach	eigenname	q=0/21 next_cap=6/25 prev_cap=12/21 titel=0 ort=3/21
ARAFAT	6	23	Arafat	eigenname	q=0/11 next_cap=1/24 prev_cap=5/11 titel=1 ort=0/11
AUGUSTIN	8	23	Augustin	eigenname	q=0/21 next_cap=6/23 prev_cap=16/21 titel=2 ort=0/21
AURORA	6	23	Aurora	eigenname	q=3/23 next_cap=6/26 prev_cap=12/23 titel=0 ort=0/23
BECKHAM	7	23	Beckham	eigenname	q=0/18 next_cap=2/25 prev_cap=14/18 titel=0 ort=0/18
BYZANZ	6	23	Byzanz	eigenname	q=0/21 next_cap=1/23 prev_cap=3/21 titel=0 ort=5/21
CRAWFORD	8	23	Crawford	eigenname	q=1/18 next_cap=4/23 prev_cap=13/18 titel=0 ort=0/18
ECKHARD	7	23	Eckhard	eigenname	q=1/17 next_cap=19/23 prev_cap=11/17 titel=0 ort=0/17
ENGELHARDT	10	23	Engelhardt	eigenname	q=1/20 next_cap=4/22 prev_cap=13/20 titel=0 ort=0/20
ENKE	4	23	Enke	eigenname	q=0/23 next_cap=8/26 prev_cap=22/23 titel=0 ort=0/23
ERNEST	6	23	Ernest	eigenname	q=1/20 next_cap=19/24 prev_cap=10/20 titel=0 ort=2/20
FELIPE	6	23	Felipe	eigenname	q=0/12 next_cap=19/23 prev_cap=4/12 titel=1 ort=0/12
FRINGS	6	23	Frings	eigenname	q=0/12 next_cap=3/22 prev_cap=9/12 titel=0 ort=0/12
FURORE	6	23	Furore	eigenname	q=1/23 next_cap=1/23 prev_cap=8/23 titel=0 ort=0/23
GERT	4	23	Gert	eigenname	q=0/20 next_cap=21/25 prev_cap=9/20 titel=0 ort=0/20
GIL	3	23	Gil	eigenname	q=2/18 next_cap=7/22 prev_cap=6/18 titel=0 ort=0/18
GUARD	5	23	Guard	eigenname	q=3/29 next_cap=7/29 prev_cap=21/29 titel=0 ort=0/29
HALBERSTADT	11	23	Halberstadt	eigenname	q=0/23 next_cap=1/23 prev_cap=11/23 titel=0 ort=5/23
HARRIET	7	23	Harriet	eigenname	q=0/19 next_cap=15/23 prev_cap=2/19 titel=0 ort=0/19
HEIDI	5	23	Heidi	eigenname	q=0/19 next_cap=19/27 prev_cap=5/19 titel=0 ort=0/19
HENDERSON	9	23	Henderson	eigenname	q=0/18 next_cap=6/24 prev_cap=12/18 titel=0 ort=2/18
IGNAZ	5	23	Ignaz	eigenname	q=0/19 next_cap=18/24 prev_cap=11/19 titel=0 ort=0/19
KATHERINE	9	23	Katherine	eigenname	q=2/19 next_cap=7/23 prev_cap=5/19 titel=1 ort=1/19
KATI	4	23	Kati	eigenname	q=0/15 next_cap=12/23 prev_cap=6/15 titel=0 ort=0/15
KIRCH	5	23	Kirch	eigenname	q=0/34 next_cap=19/41 prev_cap=18/34 titel=0 ort=0/34
LIEUTENANT	10	23	Lieutenant	eigenname	q=3/28 next_cap=17/30 prev_cap=16/28 titel=0 ort=0/28
MAGGIE	6	23	Maggie	eigenname	q=2/18 next_cap=8/23 prev_cap=7/18 titel=0 ort=0/18
MEHMET	6	23	Mehmet	eigenname	q=0/21 next_cap=17/24 prev_cap=11/21 titel=1 ort=0/21
MONA	4	23	Mona	eigenname	q=2/15 next_cap=10/24 prev_cap=6/15 titel=0 ort=0/15
MONTGOMERY	10	23	Montgomery	eigenname	q=1/19 next_cap=8/25 prev_cap=12/19 titel=0 ort=1/19
MUENCHENS	9	23	Münchens	eigenname	q=0/21 next_cap=8/23 prev_cap=14/21 titel=0 ort=2/21
NADAL	5	23	Nadal	eigenname	q=0/21 next_cap=0/23 prev_cap=16/21 titel=0 ort=0/21
NIKE	4	23	Nike	eigenname	q=3/27 next_cap=15/29 prev_cap=9/27 titel=0 ort=0/27
OEZIL	5	23	Özil	eigenname	q=0/16 next_cap=4/24 prev_cap=10/16 titel=0 ort=1/16
OVATIONEN	9	23	Ovationen	eigenname	q=0/21 next_cap=0/23 prev_cap=4/21 titel=0 ort=2/21
PASCHA	6	23	Pascha	eigenname	q=2/25 next_cap=3/25 prev_cap=15/25 titel=0 ort=0/25
PIUS	4	23	Pius	eigenname	q=0/30 next_cap=26/33 prev_cap=17/30 titel=0 ort=0/30
POHL	4	23	Pohl	eigenname	q=0/20 next_cap=9/24 prev_cap=15/20 titel=0 ort=1/20
RIEDEL	6	23	Riedel	eigenname	q=1/22 next_cap=6/26 prev_cap=17/22 titel=0 ort=1/22
SACHSENS	8	23	Sachsens	eigenname	q=0/18 next_cap=8/23 prev_cap=16/18 titel=0 ort=0/18
SAMSUNG	7	23	Samsung	eigenname	q=1/17 next_cap=9/30 prev_cap=5/17 titel=0 ort=0/17
SOLARWORLD	10	23	Solarworld	eigenname	q=2/23 next_cap=13/34 prev_cap=2/23 titel=0 ort=0/23
STELLA	6	23	Stella	eigenname	q=3/13 next_cap=10/24 prev_cap=6/13 titel=0 ort=2/13
SUSANNA	7	23	Susanna	eigenname	q=2/17 next_cap=15/23 prev_cap=9/17 titel=2 ort=1/17
THERESA	7	23	Theresa	eigenname	q=0/17 next_cap=10/23 prev_cap=10/17 titel=0 ort=0/17
THOMSON	7	23	Thomson	eigenname	q=1/22 next_cap=8/28 prev_cap=13/22 titel=0 ort=0/22
TRAB	4	23	Trab	eigenname	q=0/23 next_cap=0/23 prev_cap=0/23 titel=0 ort=1/23
TRITTIN	7	23	Trittin	eigenname	q=0/11 next_cap=2/24 prev_cap=11/11 titel=0 ort=0/11
VANESSA	7	23	Vanessa	eigenname	q=1/17 next_cap=10/23 prev_cap=8/17 titel=0 ort=0/17
VOLLGAS	7	23	Vollgas	eigenname	q=0/25 next_cap=3/26 prev_cap=11/25 titel=1 ort=1/25
WALSER	6	23	Walser	eigenname	q=4/26 next_cap=5/26 prev_cap=15/26 titel=0 ort=1/26
WITT	4	23	Witt	eigenname	q=0/17 next_cap=4/24 prev_cap=13/17 titel=1 ort=0/17
ZEITZ	5	23	Zeitz	eigenname	q=1/21 next_cap=1/24 prev_cap=12/21 titel=1 ort=5/21
ZEMENT	6	23	Zement	eigenname	q=2/26 next_cap=5/27 prev_cap=8/26 titel=0 ort=4/26
ABEL	4	22	Abel	eigenname	q=0/18 next_cap=9/23 prev_cap=11/18 titel=0 ort=0/18
ABO	3	22	Abo	eigenname	q=15/65 next_cap=27/67 prev_cap=35/65 titel=0 ort=0/65
ADELHEID	8	22	Adelheid	eigenname	q=1/22 next_cap=11/22 prev_cap=13/22 titel=1 ort=1/22
ADENAUER	8	22	Adenauer	eigenname	q=0/32 next_cap=17/40 prev_cap=22/32 titel=0 ort=0/32
AJAX	4	22	Ajax	eigenname	q=1/21 next_cap=8/24 prev_cap=3/21 titel=0 ort=4/21
AMALIE	6	22	Amalie	eigenname	q=2/22 next_cap=11/23 prev_cap=13/22 titel=0 ort=0/22
ANNEMARIE	9	22	Annemarie	eigenname	q=1/9 next_cap=18/22 prev_cap=2/9 titel=0 ort=0/9
BERTRAM	7	22	Bertram	eigenname	q=1/16 next_cap=9/23 prev_cap=8/16 titel=1 ort=1/16
BLOOMBERG	9	22	Bloomberg	eigenname	q=0/21 next_cap=0/22 prev_cap=15/21 titel=0 ort=0/21
BLUM	4	22	Blum	eigenname	q=0/19 next_cap=3/23 prev_cap=12/19 titel=1 ort=0/19
BUEHLER	7	22	Bühler	eigenname	q=1/20 next_cap=3/23 prev_cap=18/20 titel=0 ort=0/20
CAPE	4	22	Cape	eigenname	q=5/23 next_cap=19/23 prev_cap=11/23 titel=0 ort=4/23
CARLA	5	22	Carla	eigenname	q=0/16 next_cap=17/22 prev_cap=5/16 titel=0 ort=0/16
CESARE	6	22	Cesare	eigenname	q=2/18 next_cap=10/22 prev_cap=6/18 titel=0 ort=0/18
CURTIS	6	22	Curtis	eigenname	q=3/16 next_cap=7/22 prev_cap=10/16 titel=0 ort=1/16
DOUG	4	22	Doug	eigenname	q=1/17 next_cap=13/22 prev_cap=7/17 titel=1 ort=0/17
ELLA	4	22	Ella	eigenname	q=0/18 next_cap=13/22 prev_cap=10/18 titel=2 ort=0/18
FABER	5	22	Faber	eigenname	q=0/21 next_cap=7/21 prev_cap=13/21 titel=0 ort=0/21
FERGUSON	8	22	Ferguson	eigenname	q=2/18 next_cap=5/24 prev_cap=8/18 titel=1 ort=0/18
FIREFOX	7	22	Firefox	eigenname	q=2/32 next_cap=13/37 prev_cap=8/32 titel=0 ort=0/32
GIORGIO	7	22	Giorgio	eigenname	q=0/17 next_cap=11/22 prev_cap=10/17 titel=0 ort=0/17
GOEBEL	6	22	Göbel	eigenname	q=0/17 next_cap=10/23 prev_cap=12/17 titel=0 ort=1/17
HAMID	5	22	Hamid	eigenname	q=0/18 next_cap=19/23 prev_cap=17/18 titel=8 ort=0/18
HASAN	5	22	Hasan	eigenname	q=0/17 next_cap=11/23 prev_cap=12/17 titel=0 ort=0/17
HERIBERT	8	22	Heribert	eigenname	q=0/13 next_cap=19/22 prev_cap=8/13 titel=0 ort=0/13
HERMES	6	22	Hermes	eigenname	q=2/20 next_cap=13/25 prev_cap=5/20 titel=0 ort=0/20
HIERONYMUS	10	22	Hieronymus	eigenname	q=0/18 next_cap=10/22 prev_cap=10/18 titel=0 ort=2/18
HINRICH	7	22	Hinrich	eigenname	q=0/19 next_cap=20/22 prev_cap=15/19 titel=0 ort=0/19
JEREMY	6	22	Jeremy	eigenname	q=1/15 next_cap=14/22 prev_cap=8/15 titel=0 ort=0/15
JOSEPHINE	9	22	Josephine	eigenname	q=0/19 next_cap=14/23 prev_cap=13/19 titel=1 ort=1/19
KAREL	5	22	Karel	eigenname	q=1/20 next_cap=10/22 prev_cap=11/20 titel=2 ort=0/20
KARIES	6	22	Karies	eigenname	q=0/19 next_cap=3/25 prev_cap=2/19 titel=0 ort=0/19
KINGS	5	22	Kings	eigenname	q=3/23 next_cap=10/23 prev_cap=11/23 titel=0 ort=3/23
KUNZ	4	22	Kunz	eigenname	q=0/24 next_cap=3/24 prev_cap=19/24 titel=0 ort=0/24
LAUTERBACH	10	22	Lauterbach	eigenname	q=1/21 next_cap=4/23 prev_cap=15/21 titel=0 ort=4/21
LECH	4	22	Lech	eigenname	q=4/20 next_cap=8/22 prev_cap=7/20 titel=0 ort=2/20
LINA	4	22	Lina	eigenname	q=0/21 next_cap=8/23 prev_cap=10/21 titel=1 ort=0/21
LINDENBERG	10	22	Lindenberg	eigenname	q=1/23 next_cap=2/24 prev_cap=17/23 titel=0 ort=3/23
MAJA	4	22	Maja	eigenname	q=2/20 next_cap=7/22 prev_cap=7/20 titel=0 ort=1/20
MARINO	6	22	Marino	eigenname	q=0/21 next_cap=3/21 prev_cap=18/21 titel=0 ort=0/21
MICHAIL	7	22	Michail	eigenname	q=0/19 next_cap=18/22 prev_cap=10/19 titel=3 ort=1/19
MONROE	6	22	Monroe	eigenname	q=5/21 next_cap=9/24 prev_cap=8/21 titel=0 ort=0/21
MUSTAFA	7	22	Mustafa	eigenname	q=0/19 next_cap=12/22 prev_cap=7/19 titel=0 ort=0/19
NETFLIX	7	22	Netflix	eigenname	q=0/18 next_cap=1/23 prev_cap=8/18 titel=0 ort=0/18
NEVADA	6	22	Nevada	eigenname	q=1/25 next_cap=8/26 prev_cap=14/25 titel=0 ort=6/25
NORDEX	6	22	Nordex	eigenname	q=0/21 next_cap=10/32 prev_cap=9/21 titel=0 ort=0/21
PACK	4	22	Pack	eigenname	q=6/28 next_cap=3/30 prev_cap=16/28 titel=0 ort=0/28
PECHSTEIN	9	22	Pechstein	eigenname	q=0/18 next_cap=5/25 prev_cap=14/18 titel=0 ort=0/18
PHILLIP	7	22	Phillip	eigenname	q=1/13 next_cap=9/23 prev_cap=4/13 titel=0 ort=0/13
PHILLIPS	8	22	Phillips	eigenname	q=1/25 next_cap=9/28 prev_cap=14/25 titel=0 ort=0/25
PLATONS	7	22	Platons	eigenname	q=0/21 next_cap=15/22 prev_cap=6/21 titel=0 ort=3/21
PLAUEN	6	22	Plauen	eigenname	q=1/23 next_cap=2/23 prev_cap=13/23 titel=0 ort=3/23
REY	3	22	Rey	eigenname	q=1/29 next_cap=4/31 prev_cap=16/29 titel=0 ort=0/29
RICKY	5	22	Ricky	eigenname	q=1/14 next_cap=10/22 prev_cap=3/14 titel=0 ort=0/14
ROBERTSON	9	22	Robertson	eigenname	q=0/17 next_cap=2/22 prev_cap=10/17 titel=0 ort=0/17
RUPRECHT	8	22	Ruprecht	eigenname	q=0/21 next_cap=9/23 prev_cap=9/21 titel=0 ort=0/21
SCHARON	7	22	Scharon	eigenname	q=0/13 next_cap=0/22 prev_cap=9/13 titel=0 ort=0/13
SCHOTT	6	22	Schott	eigenname	q=2/21 next_cap=12/26 prev_cap=13/21 titel=1 ort=2/21
SCHOTTLANDS	11	22	Schottlands	eigenname	q=0/20 next_cap=5/22 prev_cap=15/20 titel=0 ort=1/20
SCHRAMM	7	22	Schramm	eigenname	q=0/21 next_cap=6/24 prev_cap=19/21 titel=0 ort=1/21
SEIFERT	7	22	Seifert	eigenname	q=0/19 next_cap=6/23 prev_cap=13/19 titel=1 ort=0/19
SEUCHEN	7	22	Seuchen	eigenname	q=0/21 next_cap=1/22 prev_cap=2/21 titel=0 ort=0/21
SIGRID	6	22	Sigrid	eigenname	q=0/15 next_cap=18/22 prev_cap=6/15 titel=0 ort=0/15
SILVIO	6	22	Silvio	eigenname	q=0/12 next_cap=16/22 prev_cap=6/12 titel=0 ort=0/12
SUSI	4	22	Susi	eigenname	q=0/10 next_cap=5/21 prev_cap=3/10 titel=0 ort=0/10
THIEME	6	22	Thieme	eigenname	q=0/16 next_cap=13/23 prev_cap=13/16 titel=1 ort=0/16
TRAKT	5	22	Trakt	eigenname	q=4/35 next_cap=0/35 prev_cap=18/35 titel=0 ort=0/35
TRANSIT	7	22	Transit	eigenname	q=5/22 next_cap=7/23 prev_cap=14/22 titel=0 ort=1/22
VERONIKA	8	22	Veronika	eigenname	q=2/19 next_cap=12/22 prev_cap=12/19 titel=0 ort=0/19
WALDEMAR	8	22	Waldemar	eigenname	q=1/18 next_cap=14/22 prev_cap=8/18 titel=0 ort=0/18
WENDT	5	22	Wendt	eigenname	q=0/18 next_cap=5/22 prev_cap=15/18 titel=0 ort=0/18
ZINN	4	22	Zinn	eigenname	q=0/21 next_cap=4/26 prev_cap=7/21 titel=0 ort=4/21
ALCOA	5	21	Alcoa	eigenname	q=0/10 next_cap=4/25 prev_cap=4/10 titel=0 ort=0/10
ALIEN	5	21	Alien	eigenname	q=3/25 next_cap=12/25 prev_cap=11/25 titel=0 ort=0/25
ANBEGINN	8	21	Anbeginn	eigenname	q=1/21 next_cap=0/21 prev_cap=8/21 titel=0 ort=1/21
ANNAN	5	21	Annan	eigenname	q=0/18 next_cap=0/21 prev_cap=12/18 titel=0 ort=1/18
ANNELIESE	9	21	Anneliese	eigenname	q=0/14 next_cap=12/21 prev_cap=7/14 titel=0 ort=0/14
ARNDT	5	21	Arndt	eigenname	q=1/24 next_cap=18/30 prev_cap=19/24 titel=0 ort=0/24
ASTON	5	21	Aston	eigenname	q=4/22 next_cap=23/24 prev_cap=5/22 titel=0 ort=3/22
BARRICHELLO	11	21	Barrichello	eigenname	q=0/14 next_cap=1/21 prev_cap=6/14 titel=0 ort=0/14
BAUTEILEN	9	21	Bauteilen	eigenname	q=1/22 next_cap=0/22 prev_cap=1/22 titel=0 ort=2/22
BERTI	5	21	Berti	eigenname	q=0/12 next_cap=10/22 prev_cap=7/12 titel=0 ort=0/12
BLOCH	5	21	Bloch	eigenname	q=0/17 next_cap=4/22 prev_cap=8/17 titel=0 ort=1/17
BLUETOOTH	9	21	Bluetooth	eigenname	q=0/40 next_cap=23/44 prev_cap=9/40 titel=0 ort=0/40
CASE	4	21	Case	eigenname	q=3/28 next_cap=15/28 prev_cap=19/28 titel=0 ort=0/28
CHECK	5	21	Check	eigenname	q=8/68 next_cap=15/73 prev_cap=44/68 titel=0 ort=0/68
CONNY	5	21	Conny	eigenname	q=2/14 next_cap=11/21 prev_cap=4/14 titel=0 ort=0/14
CONSTANTIN	10	21	Constantin	eigenname	q=0/19 next_cap=14/24 prev_cap=11/19 titel=0 ort=0/19
CORDELIA	8	21	Cordelia	eigenname	q=0/8 next_cap=3/16 prev_cap=0/8 titel=0 ort=0/8
CORINNA	7	21	Corinna	eigenname	q=1/14 next_cap=15/21 prev_cap=6/14 titel=0 ort=0/14
CRAMER	6	21	Cramer	eigenname	q=0/16 next_cap=2/20 prev_cap=10/16 titel=0 ort=0/16
DAENEMARKS	10	21	Dänemarks	eigenname	q=0/20 next_cap=0/21 prev_cap=17/20 titel=0 ort=0/20
DANIELS	7	21	Daniels	eigenname	q=0/23 next_cap=15/24 prev_cap=13/23 titel=0 ort=1/23
DARWIN	6	21	Darwin	eigenname	q=0/19 next_cap=4/22 prev_cap=7/19 titel=0 ort=2/19
DEUTZ	5	21	Deutz	eigenname	q=2/24 next_cap=9/25 prev_cap=15/24 titel=0 ort=4/24
DUMONT	6	21	Dumont	eigenname	q=0/14 next_cap=14/23 prev_cap=12/14 titel=0 ort=2/14
DYLAN	5	21	Dylan	eigenname	q=0/19 next_cap=8/25 prev_cap=10/19 titel=0 ort=0/19
EICHSTAETT	10	21	Eichstätt	eigenname	q=1/21 next_cap=4/23 prev_cap=18/21 titel=0 ort=3/21
ELVIS	5	21	Elvis	eigenname	q=2/21 next_cap=11/27 prev_cap=3/21 titel=0 ort=1/21
EXECUTIVE	9	21	Executive	eigenname	q=4/24 next_cap=21/24 prev_cap=15/24 titel=0 ort=0/24
FILZ	4	21	Filz	eigenname	q=1/24 next_cap=4/25 prev_cap=3/24 titel=0 ort=3/24
FREDDY	6	21	Freddy	eigenname	q=1/18 next_cap=4/21 prev_cap=9/18 titel=0 ort=0/18
GLUEHWEIN	9	21	Glühwein	eigenname	q=1/21 next_cap=4/22 prev_cap=2/21 titel=0 ort=3/21
HARD	4	21	Hard	eigenname	q=4/31 next_cap=17/33 prev_cap=13/31 titel=0 ort=3/31
HARPER	6	21	Harper	eigenname	q=1/17 next_cap=8/21 prev_cap=12/17 titel=0 ort=0/17
HARTWIG	7	21	Hartwig	eigenname	q=0/18 next_cap=6/21 prev_cap=13/18 titel=1 ort=0/18
HIGGINS	7	21	Higgins	eigenname	q=0/21 next_cap=4/24 prev_cap=8/21 titel=0 ort=1/21
HOLM	4	21	Holm	eigenname	q=3/21 next_cap=3/22 prev_cap=14/21 titel=0 ort=0/21
INA	3	21	Ina	eigenname	q=0/13 next_cap=16/18 prev_cap=7/13 titel=0 ort=0/13
INDUSTRIAL	10	21	Industrial	eigenname	q=4/23 next_cap=22/26 prev_cap=14/23 titel=0 ort=0/23
INES	4	21	Ines	eigenname	q=0/9 next_cap=11/19 prev_cap=3/9 titel=0 ort=0/9
JOERN	5	21	Jörn	eigenname	q=0/15 next_cap=21/22 prev_cap=9/15 titel=0 ort=0/15
JOSHUA	6	21	Joshua	eigenname	q=0/13 next_cap=9/22 prev_cap=7/13 titel=0 ort=0/13
KAUDER	6	21	Kauder	eigenname	q=0/13 next_cap=1/22 prev_cap=10/13 titel=0 ort=0/13
KERRY	5	21	Kerry	eigenname	q=0/14 next_cap=5/23 prev_cap=4/14 titel=0 ort=0/14
KIRCHHEIM	9	21	Kirchheim	eigenname	q=0/21 next_cap=1/21 prev_cap=11/21 titel=0 ort=5/21
KRUSE	5	21	Kruse	eigenname	q=1/17 next_cap=7/22 prev_cap=15/17 titel=1 ort=1/17
KURANYI	7	21	Kuranyi	eigenname	q=0/14 next_cap=1/21 prev_cap=10/14 titel=0 ort=0/14
KURTH	5	21	Kurth	eigenname	q=0/16 next_cap=3/21 prev_cap=13/16 titel=0 ort=0/16
LANDBAU	7	21	Landbau	eigenname	q=0/23 next_cap=3/23 prev_cap=9/23 titel=0 ort=0/23
LEASING	7	21	Leasing	eigenname	q=3/43 next_cap=24/46 prev_cap=18/43 titel=0 ort=1/43
LEONARDO	8	21	Leonardo	eigenname	q=1/17 next_cap=9/24 prev_cap=3/17 titel=0 ort=0/17
LEUKAEMIE	9	21	Leukämie	eigenname	q=1/22 next_cap=2/24 prev_cap=1/22 titel=0 ort=0/22
MAAS	4	21	Maas	eigenname	q=5/21 next_cap=2/23 prev_cap=14/21 titel=0 ort=0/21
MARADONA	8	21	Maradona	eigenname	q=0/12 next_cap=1/22 prev_cap=9/12 titel=0 ort=0/12
MARIENS	7	21	Mariens	eigenname	q=0/20 next_cap=1/21 prev_cap=19/20 titel=0 ort=0/20
MEDINA	6	21	Medina	eigenname	q=0/19 next_cap=1/21 prev_cap=5/19 titel=1 ort=4/19
MELISSA	7	21	Melissa	eigenname	q=0/19 next_cap=8/22 prev_cap=7/19 titel=1 ort=0/19
NAOMI	5	21	Naomi	eigenname	q=0/11 next_cap=7/19 prev_cap=4/11 titel=0 ort=0/11
NEWTON	6	21	Newton	eigenname	q=3/25 next_cap=10/27 prev_cap=8/25 titel=0 ort=6/25
NOAH	4	21	Noah	eigenname	q=0/21 next_cap=3/23 prev_cap=13/21 titel=0 ort=0/21
NOWAK	5	21	Nowak	eigenname	q=1/19 next_cap=4/21 prev_cap=13/19 titel=0 ort=0/19
OLDENBOURG	10	21	Oldenbourg	eigenname	q=1/10 next_cap=19/21 prev_cap=8/10 titel=0 ort=0/10
ORTSZEIT	8	21	Ortszeit	eigenname	q=2/21 next_cap=1/21 prev_cap=16/21 titel=0 ort=0/21
PABLO	5	21	Pablo	eigenname	q=1/19 next_cap=16/21 prev_cap=7/19 titel=0 ort=1/19
PHILIPS	7	21	Philips	eigenname	q=0/22 next_cap=8/26 prev_cap=5/22 titel=0 ort=1/22
PORTUGALS	9	21	Portugals	eigenname	q=0/18 next_cap=6/22 prev_cap=14/18 titel=0 ort=0/18
PROGRAM	7	21	Program	eigenname	q=3/23 next_cap=5/23 prev_cap=18/23 titel=0 ort=1/23
RAIMUND	7	21	Raimund	eigenname	q=0/16 next_cap=12/22 prev_cap=7/16 titel=0 ort=0/16
ROSENBERG	9	21	Rosenberg	eigenname	q=1/26 next_cap=6/27 prev_cap=20/26 titel=0 ort=0/26
RUPERT	6	21	Rupert	eigenname	q=0/19 next_cap=19/24 prev_cap=14/19 titel=0 ort=0/19
SCHEER	6	21	Scheer	eigenname	q=0/20 next_cap=4/22 prev_cap=14/20 titel=0 ort=0/20
SCHLEGEL	8	21	Schlegel	eigenname	q=1/18 next_cap=4/23 prev_cap=11/18 titel=0 ort=0/18
SCHRADER	8	21	Schrader	eigenname	q=1/20 next_cap=6/23 prev_cap=17/20 titel=0 ort=0/20
SCHROEDERS	10	21	Schröders	eigenname	q=0/13 next_cap=16/21 prev_cap=7/13 titel=0 ort=1/13
SERGIO	6	21	Sergio	eigenname	q=0/14 next_cap=14/21 prev_cap=8/14 titel=1 ort=0/14
SOLARSTROM	10	21	Solarstrom	eigenname	q=3/14 next_cap=10/24 prev_cap=5/14 titel=0 ort=0/14
SPENGLER	8	21	Spengler	eigenname	q=1/15 next_cap=4/23 prev_cap=9/15 titel=0 ort=1/15
STAN	4	21	Stan	eigenname	q=1/15 next_cap=10/21 prev_cap=5/15 titel=0 ort=0/15
TECHNICAL	9	21	Technical	eigenname	q=4/19 next_cap=20/20 prev_cap=11/19 titel=0 ort=0/19
THUERINGENS	11	21	Thüringens	eigenname	q=0/19 next_cap=5/22 prev_cap=18/19 titel=0 ort=0/19
TURBO	5	21	Turbo	eigenname	q=12/54 next_cap=35/55 prev_cap=18/54 titel=0 ort=0/54
UMGEBUNGEN	10	21	Umgebungen	eigenname	q=1/24 next_cap=0/24 prev_cap=4/24 titel=0 ort=2/24
UNICEF	6	21	UNICEF	eigenname	q=1/13 next_cap=12/19 prev_cap=3/13 titel=0 ort=2/13
VEGAS	5	21	Vegas	eigenname	q=0/22 next_cap=6/22 prev_cap=22/22 titel=0 ort=0/22
XAVIER	6	21	Xavier	eigenname	q=0/17 next_cap=17/22 prev_cap=8/17 titel=1 ort=0/17
AEGYPTENS	9	20	Ägyptens	eigenname	q=0/18 next_cap=4/20 prev_cap=15/18 titel=0 ort=1/18
ANDRZEJ	7	20	Andrzej	eigenname	q=2/13 next_cap=15/20 prev_cap=5/13 titel=0 ort=0/13
BADMINTON	9	20	Badminton	eigenname	q=6/40 next_cap=24/41 prev_cap=15/40 titel=0 ort=0/40
BARTSCH	7	20	Bartsch	eigenname	q=0/13 next_cap=1/20 prev_cap=12/13 titel=0 ort=0/13
BASEBALL	8	20	Baseball	eigenname	q=4/36 next_cap=21/37 prev_cap=8/36 titel=0 ort=2/36
BODE	4	20	Bode	eigenname	q=2/20 next_cap=5/22 prev_cap=11/20 titel=0 ort=0/20
BOEBLINGEN	10	20	Böblingen	eigenname	q=0/19 next_cap=1/20 prev_cap=14/19 titel=0 ort=4/19
BOETTCHER	9	20	Böttcher	eigenname	q=2/19 next_cap=1/20 prev_cap=15/19 titel=0 ort=0/19
CALVIN	6	20	Calvin	eigenname	q=0/19 next_cap=8/22 prev_cap=3/19 titel=0 ort=0/19
CORA	4	20	Cora	eigenname	q=2/12 next_cap=7/20 prev_cap=1/12 titel=0 ort=0/12
DAKOTA	6	20	Dakota	eigenname	q=0/22 next_cap=7/22 prev_cap=19/22 titel=0 ort=0/22
EDWIN	5	20	Edwin	eigenname	q=1/17 next_cap=12/20 prev_cap=7/17 titel=0 ort=0/17
ELFRIEDE	8	20	Elfriede	eigenname	q=2/15 next_cap=15/20 prev_cap=5/15 titel=1 ort=2/15
ELVIRA	6	20	Elvira	eigenname	q=0/16 next_cap=8/19 prev_cap=6/16 titel=0 ort=0/16
ERASMUS	7	20	Erasmus	eigenname	q=0/22 next_cap=14/23 prev_cap=9/22 titel=0 ort=2/22
FABIO	5	20	Fabio	eigenname	q=0/15 next_cap=13/20 prev_cap=6/15 titel=0 ort=0/15
FIRMWARE	8	20	Firmware	eigenname	q=8/38 next_cap=15/40 prev_cap=11/38 titel=0 ort=0/38
GARRETT	7	20	Garrett	eigenname	q=0/17 next_cap=3/20 prev_cap=12/17 titel=0 ort=1/17
GELNHAUSEN	10	20	Gelnhausen	eigenname	q=0/17 next_cap=1/20 prev_cap=13/17 titel=0 ort=4/17
GRAFFITI	8	20	Graffiti	eigenname	q=5/40 next_cap=21/42 prev_cap=8/40 titel=0 ort=0/40
GREGORY	7	20	Gregory	eigenname	q=2/19 next_cap=15/22 prev_cap=8/19 titel=0 ort=0/19
HASSAN	6	20	Hassan	eigenname	q=1/21 next_cap=14/22 prev_cap=10/21 titel=1 ort=0/21
HAUSLEHRER	10	20	Hauslehrer	eigenname	q=0/20 next_cap=1/20 prev_cap=0/20 titel=0 ort=0/20
HENRIK	6	20	Henrik	eigenname	q=0/15 next_cap=15/20 prev_cap=4/15 titel=0 ort=0/15
HILDEBRAND	10	20	Hildebrand	eigenname	q=1/20 next_cap=7/23 prev_cap=16/20 titel=0 ort=0/20
HILTON	6	20	Hilton	eigenname	q=2/22 next_cap=9/24 prev_cap=13/22 titel=0 ort=0/22
INPUT	5	20	Input	eigenname	q=7/31 next_cap=12/31 prev_cap=8/31 titel=0 ort=0/31
IONEN	5	20	Ionen	eigenname	q=6/53 next_cap=27/53 prev_cap=34/53 titel=0 ort=0/53
JACOBI	6	20	Jacobi	eigenname	q=1/21 next_cap=5/22 prev_cap=14/21 titel=0 ort=0/21
JOHNSTON	8	20	Johnston	eigenname	q=0/16 next_cap=3/22 prev_cap=11/16 titel=0 ort=0/16
KAFKA	5	20	Kafka	eigenname	q=0/16 next_cap=4/22 prev_cap=7/16 titel=0 ort=0/16
KANE	4	20	Kane	eigenname	q=0/17 next_cap=1/20 prev_cap=8/17 titel=0 ort=0/17
KRESS	5	20	Kress	eigenname	q=2/16 next_cap=5/21 prev_cap=9/16 titel=0 ort=0/16
KUENAST	7	20	Künast	eigenname	q=0/14 next_cap=0/20 prev_cap=9/14 titel=0 ort=0/14
LANDESKUNDE	11	20	Landeskunde	eigenname	q=1/20 next_cap=2/21 prev_cap=5/20 titel=0 ort=0/20
LIZ	3	20	Liz	eigenname	q=0/6 next_cap=11/19 prev_cap=1/6 titel=0 ort=0/6
LONDONS	7	20	Londons	eigenname	q=0/17 next_cap=7/20 prev_cap=14/17 titel=0 ort=0/17
LUCIA	5	20	Lucia	eigenname	q=0/20 next_cap=8/23 prev_cap=14/20 titel=1 ort=0/20
LUDGER	6	20	Ludger	eigenname	q=0/17 next_cap=19/21 prev_cap=7/17 titel=1 ort=2/17
MAE	3	20	Mae	eigenname	q=0/19 next_cap=8/20 prev_cap=14/19 titel=0 ort=0/19
MAIGRET	7	20	Maigret	eigenname	q=1/20 next_cap=2/22 prev_cap=7/20 titel=1 ort=1/20
MANIER	6	20	Manier	eigenname	q=1/28 next_cap=0/29 prev_cap=9/28 titel=0 ort=0/28
MARCOS	6	20	Marcos	eigenname	q=1/18 next_cap=9/21 prev_cap=7/18 titel=1 ort=1/18
MARGRET	7	20	Margret	eigenname	q=1/17 next_cap=14/20 prev_cap=8/17 titel=0 ort=0/17
MARIUS	6	20	Marius	eigenname	q=0/17 next_cap=11/22 prev_cap=9/17 titel=0 ort=0/17
MATHE	5	20	Mathe	eigenname	q=2/25 next_cap=12/30 prev_cap=7/25 titel=0 ort=3/25
MELCHIOR	8	20	Melchior	eigenname	q=1/17 next_cap=13/21 prev_cap=8/17 titel=1 ort=0/17
MENZEL	6	20	Menzel	eigenname	q=0/19 next_cap=4/23 prev_cap=13/19 titel=1 ort=0/19
MOELLEMANN	10	20	Möllemann	eigenname	q=0/13 next_cap=0/20 prev_cap=5/13 titel=1 ort=0/13
NAHLES	6	20	Nahles	eigenname	q=0/15 next_cap=0/20 prev_cap=12/15 titel=1 ort=1/15
PEER	4	20	Peer	eigenname	q=4/32 next_cap=29/37 prev_cap=13/32 titel=0 ort=0/32
PICASSO	7	20	Picasso	eigenname	q=1/26 next_cap=11/29 prev_cap=10/26 titel=0 ort=4/26
PRODI	5	20	Prodi	eigenname	q=0/11 next_cap=4/23 prev_cap=5/11 titel=0 ort=0/11
RECLAM	6	20	Reclam	eigenname	q=0/14 next_cap=11/21 prev_cap=11/14 titel=0 ort=0/14
REIMANN	7	20	Reimann	eigenname	q=1/18 next_cap=2/21 prev_cap=15/18 titel=0 ort=0/18
ROOSEVELT	9	20	Roosevelt	eigenname	q=0/18 next_cap=5/20 prev_cap=13/18 titel=2 ort=0/18
ROWOHLT	7	20	Rowohlt	eigenname	q=0/12 next_cap=16/23 prev_cap=7/12 titel=0 ort=2/12
RUPP	4	20	Rupp	eigenname	q=0/14 next_cap=1/19 prev_cap=13/14 titel=0 ort=0/14
SCHELL	6	20	Schell	eigenname	q=0/19 next_cap=3/22 prev_cap=15/19 titel=0 ort=0/19
SCHLUETER	9	20	Schlüter	eigenname	q=0/20 next_cap=6/21 prev_cap=14/20 titel=0 ort=0/20
SEYMOUR	7	20	Seymour	eigenname	q=1/19 next_cap=9/21 prev_cap=13/19 titel=0 ort=0/19
SHARP	5	20	Sharp	eigenname	q=1/17 next_cap=6/20 prev_cap=7/17 titel=0 ort=1/17
SKATER	6	20	Skater	eigenname	q=7/29 next_cap=2/31 prev_cap=20/29 titel=0 ort=0/29
SKIVERBAND	10	20	Skiverband	eigenname	q=2/20 next_cap=2/20 prev_cap=14/20 titel=0 ort=0/20
STAGE	5	20	Stage	eigenname	q=3/23 next_cap=10/25 prev_cap=16/23 titel=0 ort=1/23
SUZUKI	6	20	Suzuki	eigenname	q=0/17 next_cap=7/23 prev_cap=5/17 titel=0 ort=2/17
SYLT	4	20	Sylt	eigenname	q=0/18 next_cap=4/23 prev_cap=4/18 titel=0 ort=2/18
THIERSE	7	20	Thierse	eigenname	q=0/14 next_cap=3/20 prev_cap=13/14 titel=0 ort=0/14
TITUS	5	20	Titus	eigenname	q=0/16 next_cap=7/21 prev_cap=7/16 titel=0 ort=0/16
TOMAS	5	20	Tomas	eigenname	q=1/13 next_cap=14/20 prev_cap=5/13 titel=1 ort=1/13
TOURENWAGEN	11	20	Tourenwagen	eigenname	q=6/30 next_cap=11/31 prev_cap=10/30 titel=0 ort=1/30
ULTRASCHALL	11	20	Ultraschall	eigenname	q=6/34 next_cap=15/36 prev_cap=5/34 titel=0 ort=1/34
VIZE	4	20	Vize	eigenname	q=11/123 next_cap=109/131 prev_cap=45/123 titel=0 ort=0/123
VLADIMIR	8	20	Vladimir	eigenname	q=0/14 next_cap=19/20 prev_cap=7/14 titel=1 ort=0/14
WARBURG	7	20	Warburg	eigenname	q=1/17 next_cap=8/24 prev_cap=9/17 titel=0 ort=3/17
WINTERN	7	20	Wintern	eigenname	q=0/20 next_cap=0/20 prev_cap=0/20 titel=0 ort=0/20
YOUTH	5	20	Youth	eigenname	q=3/21 next_cap=18/21 prev_cap=14/21 titel=0 ort=0/21
ANNIKA	6	19	Annika	eigenname	q=0/13 next_cap=7/19 prev_cap=7/13 titel=0 ort=0/13
ANTONIA	7	19	Antonia	eigenname	q=1/14 next_cap=11/20 prev_cap=7/14 titel=0 ort=0/14
ANZEIGER	8	19	Anzeiger	eigenname	q=1/36 next_cap=5/37 prev_cap=33/36 titel=0 ort=0/36
ASHLEY	6	19	Ashley	eigenname	q=1/16 next_cap=7/19 prev_cap=8/16 titel=1 ort=1/16
ASHTON	6	19	Ashton	eigenname	q=1/15 next_cap=4/19 prev_cap=9/15 titel=2 ort=0/15
BALTHASAR	9	19	Balthasar	eigenname	q=1/17 next_cap=13/21 prev_cap=12/17 titel=0 ort=0/17
BENZ	4	19	Benz	eigenname	q=0/68 next_cap=22/72 prev_cap=63/68 titel=0 ort=1/68
BERRY	5	19	Berry	eigenname	q=2/19 next_cap=8/20 prev_cap=12/19 titel=0 ort=1/19
BISCHOFF	8	19	Bischoff	eigenname	q=1/15 next_cap=3/17 prev_cap=10/15 titel=0 ort=0/15
BOEHMER	7	19	Böhmer	eigenname	q=0/8 next_cap=2/19 prev_cap=4/8 titel=0 ort=0/8
BRADLEY	7	19	Bradley	eigenname	q=1/19 next_cap=3/21 prev_cap=14/19 titel=0 ort=0/19
BRAHMS	6	19	Brahms	eigenname	q=0/24 next_cap=11/26 prev_cap=11/24 titel=0 ort=1/24
CAROLA	6	19	Carola	eigenname	q=0/19 next_cap=17/22 prev_cap=9/19 titel=0 ort=1/19
CELLO	5	19	Cello	eigenname	q=4/23 next_cap=8/24 prev_cap=12/23 titel=0 ort=1/23
CIRCLE	6	19	Circle	eigenname	q=4/19 next_cap=7/20 prev_cap=17/19 titel=0 ort=0/19
CLAUDIO	7	19	Claudio	eigenname	q=0/14 next_cap=16/19 prev_cap=8/14 titel=1 ort=0/14
CONCORDIA	9	19	Concordia	eigenname	q=3/18 next_cap=6/20 prev_cap=11/18 titel=0 ort=1/18
CONVENTION	10	19	Convention	eigenname	q=4/20 next_cap=3/20 prev_cap=15/20 titel=0 ort=0/20
DETLEV	6	19	Detlev	eigenname	q=1/12 next_cap=18/19 prev_cap=9/12 titel=0 ort=2/12
EDUARDO	7	19	Eduardo	eigenname	q=0/14 next_cap=11/19 prev_cap=8/14 titel=1 ort=0/14
FRANKENBERG	11	19	Frankenberg	eigenname	q=0/18 next_cap=2/20 prev_cap=10/18 titel=0 ort=4/18
FRESENIUS	9	19	Fresenius	eigenname	q=0/18 next_cap=12/25 prev_cap=7/18 titel=0 ort=1/18
FUNKSTILLE	10	19	Funkstille	eigenname	q=1/16 next_cap=0/19 prev_cap=1/16 titel=0 ort=0/16
GAUCK	5	19	Gauck	eigenname	q=1/19 next_cap=8/26 prev_cap=7/19 titel=0 ort=0/19
GERNOT	6	19	Gernot	eigenname	q=0/13 next_cap=18/19 prev_cap=6/13 titel=0 ort=1/13
GERTRUDE	8	19	Gertrude	eigenname	q=2/18 next_cap=9/19 prev_cap=8/18 titel=3 ort=0/18
GEYER	5	19	Geyer	eigenname	q=0/15 next_cap=2/19 prev_cap=8/15 titel=0 ort=1/15
GLENN	5	19	Glenn	eigenname	q=2/15 next_cap=7/19 prev_cap=5/15 titel=0 ort=1/15
HAMANN	6	19	Hamann	eigenname	q=0/15 next_cap=3/21 prev_cap=15/15 titel=0 ort=0/15
HEIDEGGER	9	19	Heidegger	eigenname	q=0/17 next_cap=1/20 prev_cap=7/17 titel=0 ort=2/17
HELGOLAND	9	19	Helgoland	eigenname	q=0/19 next_cap=3/21 prev_cap=6/19 titel=0 ort=2/19
HOFFMAN	7	19	Hoffman	eigenname	q=0/17 next_cap=2/21 prev_cap=13/17 titel=0 ort=0/17
ISAAC	5	19	Isaac	eigenname	q=2/19 next_cap=12/19 prev_cap=10/19 titel=0 ort=0/19
JACQUELINE	10	19	Jacqueline	eigenname	q=1/15 next_cap=6/19 prev_cap=3/15 titel=0 ort=1/15
JELZIN	6	19	Jelzin	eigenname	q=0/14 next_cap=3/21 prev_cap=7/14 titel=0 ort=1/14
JOHANSSON	9	19	Johansson	eigenname	q=0/14 next_cap=0/19 prev_cap=7/14 titel=1 ort=0/14
JOSE	4	19	Jose	eigenname	q=0/18 next_cap=9/19 prev_cap=12/18 titel=1 ort=0/18
LECHNER	7	19	Lechner	eigenname	q=0/18 next_cap=4/20 prev_cap=17/18 titel=0 ort=0/18
LILLY	5	19	Lilly	eigenname	q=1/15 next_cap=6/21 prev_cap=3/15 titel=0 ort=0/15
LOEB	4	19	Loeb	eigenname	q=0/15 next_cap=1/18 prev_cap=4/15 titel=0 ort=0/15
LOEFFLER	8	19	Löffler	eigenname	q=0/18 next_cap=3/20 prev_cap=11/18 titel=0 ort=0/18
LUCIUS	6	19	Lucius	eigenname	q=1/15 next_cap=11/20 prev_cap=6/15 titel=0 ort=0/15
MALARIA	7	19	Malaria	eigenname	q=5/30 next_cap=16/32 prev_cap=4/30 titel=0 ort=0/30
MANDELA	7	19	Mandela	eigenname	q=0/21 next_cap=7/23 prev_cap=16/21 titel=0 ort=0/21
MEG	3	19	Meg	eigenname	q=0/9 next_cap=6/16 prev_cap=3/9 titel=0 ort=0/9
MOHAMED	7	19	Mohamed	eigenname	q=0/10 next_cap=15/19 prev_cap=8/10 titel=0 ort=0/10
MORGENPOST	10	19	Morgenpost	eigenname	q=2/21 next_cap=1/22 prev_cap=19/21 titel=0 ort=0/21
MORRISON	8	19	Morrison	eigenname	q=1/20 next_cap=3/22 prev_cap=12/20 titel=0 ort=0/20
MUSHARRAF	9	19	Musharraf	eigenname	q=0/13 next_cap=1/19 prev_cap=5/13 titel=1 ort=0/13
NASH	4	19	Nash	eigenname	q=0/16 next_cap=8/23 prev_cap=9/16 titel=0 ort=0/16
NIKOLA	6	19	Nikola	eigenname	q=1/16 next_cap=10/21 prev_cap=7/16 titel=0 ort=1/16
NORWEGENS	9	19	Norwegens	eigenname	q=0/18 next_cap=3/19 prev_cap=11/18 titel=0 ort=0/18
OUTSOURCING	11	19	Outsourcing	eigenname	q=6/33 next_cap=17/36 prev_cap=7/33 titel=0 ort=0/33
PENNY	5	19	Penny	eigenname	q=2/18 next_cap=10/21 prev_cap=6/18 titel=0 ort=1/18
PETERSON	8	19	Peterson	eigenname	q=0/18 next_cap=5/20 prev_cap=10/18 titel=0 ort=0/18
PFEIFER	7	19	Pfeifer	eigenname	q=2/19 next_cap=6/20 prev_cap=10/19 titel=0 ort=0/19
PROBST	6	19	Probst	eigenname	q=2/18 next_cap=8/19 prev_cap=12/18 titel=0 ort=0/18
PUTINS	6	19	Putins	eigenname	q=1/12 next_cap=10/19 prev_cap=6/12 titel=0 ort=0/12
RECEIVER	8	19	Receiver	eigenname	q=6/32 next_cap=4/32 prev_cap=18/32 titel=0 ort=0/32
REUTERS	7	19	Reuters	eigenname	q=1/21 next_cap=9/23 prev_cap=14/21 titel=0 ort=2/21
ROUSSEAU	8	19	Rousseau	eigenname	q=1/16 next_cap=4/22 prev_cap=8/16 titel=0 ort=0/16
RUMMENIGGE	10	19	Rummenigge	eigenname	q=0/14 next_cap=2/20 prev_cap=12/14 titel=0 ort=0/14
SCHOENFELD	10	19	Schönfeld	eigenname	q=1/19 next_cap=5/20 prev_cap=10/19 titel=0 ort=2/19
SCHOLL	6	19	Scholl	eigenname	q=1/34 next_cap=26/39 prev_cap=31/34 titel=0 ort=0/34
SCHROETER	9	19	Schröter	eigenname	q=2/16 next_cap=5/18 prev_cap=9/16 titel=0 ort=0/16
SCIENTOLOGY	11	19	Scientology	eigenname	q=3/33 next_cap=22/39 prev_cap=4/33 titel=0 ort=2/33
SEASON	6	19	Season	eigenname	q=5/24 next_cap=8/24 prev_cap=18/24 titel=0 ort=0/24
SEIDEL	6	19	Seidel	eigenname	q=3/21 next_cap=10/23 prev_cap=13/21 titel=1 ort=0/21
SEPP	4	19	Sepp	eigenname	q=1/17 next_cap=15/22 prev_cap=9/17 titel=0 ort=0/17
SIMONS	6	19	Simons	eigenname	q=0/16 next_cap=11/20 prev_cap=12/16 titel=0 ort=0/16
SUZANNE	7	19	Suzanne	eigenname	q=0/17 next_cap=6/19 prev_cap=9/17 titel=0 ort=0/17
TAIWANS	7	19	Taiwans	eigenname	q=0/19 next_cap=1/19 prev_cap=15/19 titel=0 ort=0/19
TAN	3	19	Tan	eigenname	q=0/11 next_cap=5/13 prev_cap=6/11 titel=0 ort=1/11
TARA	4	19	Tara	eigenname	q=1/14 next_cap=7/18 prev_cap=7/14 titel=0 ort=0/14
THERESE	7	19	Therese	eigenname	q=0/15 next_cap=12/19 prev_cap=8/15 titel=1 ort=0/15
ULF	3	19	Ulf	eigenname	q=0/13 next_cap=16/19 prev_cap=8/13 titel=1 ort=0/13
UNGER	5	19	Unger	eigenname	q=0/14 next_cap=1/19 prev_cap=12/14 titel=0 ort=0/14
VIOLA	5	19	Viola	eigenname	q=2/14 next_cap=6/19 prev_cap=5/14 titel=0 ort=1/14
VIVIAN	6	19	Vivian	eigenname	q=0/19 next_cap=9/21 prev_cap=8/19 titel=0 ort=1/19
WILLIS	6	19	Willis	eigenname	q=2/15 next_cap=6/20 prev_cap=10/15 titel=0 ort=0/15
WIRTH	5	19	Wirth	eigenname	q=0/17 next_cap=6/19 prev_cap=11/17 titel=0 ort=0/17
WITTMANN	8	19	Wittmann	eigenname	q=0/19 next_cap=4/20 prev_cap=16/19 titel=0 ort=0/19
ZELL	4	19	Zell	eigenname	q=0/32 next_cap=10/32 prev_cap=17/32 titel=0 ort=3/32
ZUMWINKEL	9	19	Zumwinkel	eigenname	q=0/18 next_cap=4/23 prev_cap=11/18 titel=0 ort=0/18
ZYPRIES	7	19	Zypries	eigenname	q=0/15 next_cap=4/19 prev_cap=13/15 titel=0 ort=0/15
AHMED	5	18	Ahmed	eigenname	q=0/13 next_cap=10/18 prev_cap=7/13 titel=0 ort=0/13
ALEJANDRO	9	18	Alejandro	eigenname	q=0/15 next_cap=9/18 prev_cap=9/15 titel=1 ort=1/15
ALEXANDRE	9	18	Alexandre	eigenname	q=0/14 next_cap=9/18 prev_cap=8/14 titel=0 ort=0/14
ANGER	5	18	Anger	eigenname	q=5/22 next_cap=7/22 prev_cap=9/22 titel=0 ort=1/22
ARIANE	6	18	Ariane	eigenname	q=5/24 next_cap=9/26 prev_cap=8/24 titel=0 ort=1/24
ARTUS	5	18	Artus	eigenname	q=0/17 next_cap=5/21 prev_cap=9/17 titel=0 ort=0/17
ASSISTANT	9	18	Assistant	eigenname	q=3/20 next_cap=14/20 prev_cap=7/20 titel=0 ort=1/20
BAERBEL	7	18	Bärbel	eigenname	q=0/15 next_cap=15/18 prev_cap=9/15 titel=0 ort=1/15
BARTELS	7	18	Bartels	eigenname	q=0/15 next_cap=3/18 prev_cap=12/15 titel=0 ort=0/15
BAUR	4	18	Baur	eigenname	q=1/17 next_cap=7/20 prev_cap=11/17 titel=0 ort=0/17
BERNANKE	8	18	Bernanke	eigenname	q=0/17 next_cap=5/21 prev_cap=8/17 titel=0 ort=1/17
BETH	4	18	Beth	eigenname	q=1/16 next_cap=12/19 prev_cap=5/16 titel=1 ort=0/16
BRUNS	5	18	Bruns	eigenname	q=0/19 next_cap=9/22 prev_cap=17/19 titel=0 ort=0/19
BRYAN	5	18	Bryan	eigenname	q=1/18 next_cap=14/21 prev_cap=12/18 titel=0 ort=1/18
BUECHNER	8	18	Büchner	eigenname	q=0/23 next_cap=13/27 prev_cap=20/23 titel=0 ort=1/23
CASEY	5	18	Casey	eigenname	q=0/13 next_cap=5/17 prev_cap=9/13 titel=0 ort=0/13
CENTERS	7	18	Centers	eigenname	q=5/29 next_cap=3/29 prev_cap=24/29 titel=0 ort=0/29
CHRISTEL	8	18	Christel	eigenname	q=0/12 next_cap=16/18 prev_cap=6/12 titel=1 ort=0/12
COLD	4	18	Cold	eigenname	q=2/17 next_cap=15/18 prev_cap=10/17 titel=0 ort=1/17
CONTENT	7	18	Content	eigenname	q=5/41 next_cap=30/45 prev_cap=11/41 titel=0 ort=0/41
CORNER	6	18	Corner	eigenname	q=3/19 next_cap=7/19 prev_cap=14/19 titel=0 ort=2/19
DANTE	5	18	Dante	eigenname	q=1/18 next_cap=10/19 prev_cap=8/18 titel=0 ort=0/18
DIETZ	5	18	Dietz	eigenname	q=0/14 next_cap=9/19 prev_cap=13/14 titel=0 ort=0/14
DOMINIQUE	9	18	Dominique	eigenname	q=0/14 next_cap=17/18 prev_cap=6/14 titel=1 ort=0/14
EKKEHARD	8	18	Ekkehard	eigenname	q=1/18 next_cap=16/22 prev_cap=13/18 titel=1 ort=0/18
ENGELBERT	9	18	Engelbert	eigenname	q=1/18 next_cap=12/19 prev_cap=9/18 titel=2 ort=0/18
ENGINE	6	18	Engine	eigenname	q=6/28 next_cap=5/28 prev_cap=20/28 titel=0 ort=0/28
ENRICO	6	18	Enrico	eigenname	q=2/14 next_cap=16/18 prev_cap=5/14 titel=0 ort=0/14
FILMPREIS	9	18	Filmpreis	eigenname	q=1/23 next_cap=5/23 prev_cap=15/23 titel=0 ort=0/23
FORSTEN	7	18	Forsten	eigenname	q=0/17 next_cap=3/17 prev_cap=2/17 titel=0 ort=0/17
FRANCES	7	18	Frances	eigenname	q=0/15 next_cap=13/18 prev_cap=8/15 titel=3 ort=0/15
FREDERIK	8	18	Frederik	eigenname	q=0/17 next_cap=13/19 prev_cap=12/17 titel=0 ort=0/17
FUHRMANN	8	18	Fuhrmann	eigenname	q=2/17 next_cap=2/18 prev_cap=11/17 titel=0 ort=0/17
GARCIA	6	18	Garcia	eigenname	q=0/14 next_cap=1/19 prev_cap=8/14 titel=0 ort=0/14
GEBHARD	7	18	Gebhard	eigenname	q=1/17 next_cap=7/18 prev_cap=10/17 titel=2 ort=0/17
GOETZE	6	18	Götze	eigenname	q=2/17 next_cap=5/20 prev_cap=13/17 titel=0 ort=0/17
GROVE	5	18	Grove	eigenname	q=2/18 next_cap=6/18 prev_cap=14/18 titel=0 ort=1/18
HAEKKINEN	9	18	Häkkinen	eigenname	q=0/16 next_cap=0/18 prev_cap=8/16 titel=0 ort=1/16
HAL	3	18	Hal	eigenname	q=0/13 next_cap=11/18 prev_cap=4/13 titel=0 ort=0/13
HANNIBAL	8	18	Hannibal	eigenname	q=0/15 next_cap=5/18 prev_cap=7/15 titel=0 ort=0/15
HANNOVERS	9	18	Hannovers	eigenname	q=0/15 next_cap=5/18 prev_cap=13/15 titel=1 ort=0/15
HELGE	5	18	Helge	eigenname	q=1/11 next_cap=16/20 prev_cap=7/11 titel=0 ort=0/11
HEROLD	6	18	Herold	eigenname	q=3/18 next_cap=3/19 prev_cap=9/18 titel=0 ort=1/18
IBIZA	5	18	Ibiza	eigenname	q=1/18 next_cap=1/18 prev_cap=7/18 titel=0 ort=2/18
ILONA	5	18	Ilona	eigenname	q=0/14 next_cap=9/18 prev_cap=5/14 titel=0 ort=0/14
IRLANDS	7	18	Irlands	eigenname	q=0/16 next_cap=2/18 prev_cap=14/16 titel=0 ort=0/16
JACKSONS	8	18	Jacksons	eigenname	q=1/15 next_cap=10/18 prev_cap=9/15 titel=0 ort=1/15
JASMIN	6	18	Jasmin	eigenname	q=0/11 next_cap=7/19 prev_cap=4/11 titel=0 ort=0/11
JESSE	5	18	Jesse	eigenname	q=0/14 next_cap=11/21 prev_cap=4/14 titel=0 ort=0/14
JUERGENS	8	18	Jürgens	eigenname	q=0/16 next_cap=4/19 prev_cap=12/16 titel=0 ort=0/16
JUSTUS	6	18	Justus	eigenname	q=0/20 next_cap=16/24 prev_cap=9/20 titel=1 ort=1/20
KAESTNER	8	18	Kästner	eigenname	q=0/18 next_cap=7/20 prev_cap=15/18 titel=0 ort=0/18
KARA	4	18	Kara	eigenname	q=2/17 next_cap=14/20 prev_cap=7/17 titel=0 ort=0/17
KIESSLING	9	18	Kießling	eigenname	q=0/14 next_cap=2/18 prev_cap=12/14 titel=0 ort=1/14
KOEPENICK	9	18	Köpenick	eigenname	q=1/19 next_cap=2/20 prev_cap=9/19 titel=0 ort=4/19
LAMMERT	7	18	Lammert	eigenname	q=0/15 next_cap=2/19 prev_cap=10/15 titel=0 ort=0/15
LAURENTIUS	10	18	Laurentius	eigenname	q=1/18 next_cap=2/18 prev_cap=11/18 titel=0 ort=0/18
LENIN	5	18	Lenin	eigenname	q=1/18 next_cap=9/25 prev_cap=2/18 titel=0 ort=1/18
LESLIE	6	18	Leslie	eigenname	q=1/14 next_cap=9/18 prev_cap=11/14 titel=0 ort=0/14
LEVI	4	18	Levi	eigenname	q=0/15 next_cap=7/19 prev_cap=11/15 titel=0 ort=1/15
LINDEMANN	9	18	Lindemann	eigenname	q=0/19 next_cap=3/20 prev_cap=14/19 titel=0 ort=0/19
LYNN	4	18	Lynn	eigenname	q=0/16 next_cap=9/19 prev_cap=6/16 titel=2 ort=0/16
MANNS	5	18	Manns	eigenname	q=3/22 next_cap=8/23 prev_cap=17/22 titel=0 ort=2/22
MANZ	4	18	Manz	eigenname	q=2/12 next_cap=6/18 prev_cap=6/12 titel=1 ort=0/12
MAREK	5	18	Marek	eigenname	q=0/12 next_cap=10/18 prev_cap=4/12 titel=0 ort=1/12
MAREN	5	18	Maren	eigenname	q=0/11 next_cap=13/18 prev_cap=4/11 titel=1 ort=0/11
MARIAN	6	18	Marian	eigenname	q=0/14 next_cap=9/19 prev_cap=9/14 titel=0 ort=0/14
MATTHEWS	8	18	Matthews	eigenname	q=0/17 next_cap=6/18 prev_cap=13/17 titel=0 ort=0/17
MECHTHILD	9	18	Mechthild	eigenname	q=0/12 next_cap=12/17 prev_cap=7/12 titel=0 ort=1/12
MERRILL	7	18	Merrill	eigenname	q=0/8 next_cap=16/19 prev_cap=2/8 titel=0 ort=0/8
MORGENSTERN	11	18	Morgenstern	eigenname	q=3/20 next_cap=5/21 prev_cap=13/20 titel=0 ort=0/20
NEPOMUK	7	18	Nepomuk	eigenname	q=0/19 next_cap=6/20 prev_cap=13/19 titel=0 ort=1/19
OCEAN	5	18	Ocean	eigenname	q=4/18 next_cap=13/19 prev_cap=9/18 titel=0 ort=1/18
PARISH	6	18	Parish	eigenname	q=4/17 next_cap=7/17 prev_cap=13/17 titel=0 ort=0/17
PERCY	5	18	Percy	eigenname	q=0/15 next_cap=10/18 prev_cap=3/15 titel=0 ort=0/15
PETRI	5	18	Petri	eigenname	q=0/21 next_cap=11/24 prev_cap=15/21 titel=1 ort=0/21
PICARD	6	18	Picard	eigenname	q=0/12 next_cap=4/18 prev_cap=4/12 titel=0 ort=1/12
PIEPER	6	18	Pieper	eigenname	q=1/16 next_cap=5/20 prev_cap=12/16 titel=0 ort=0/16
RAMSAUER	8	18	Ramsauer	eigenname	q=0/9 next_cap=0/18 prev_cap=7/9 titel=0 ort=0/9
REGINE	6	18	Regine	eigenname	q=0/14 next_cap=14/19 prev_cap=7/14 titel=1 ort=0/14
REIMER	6	18	Reimer	eigenname	q=0/14 next_cap=10/18 prev_cap=12/14 titel=0 ort=1/14
RICHARDSON	10	18	Richardson	eigenname	q=0/16 next_cap=3/20 prev_cap=11/16 titel=0 ort=2/16
RIHANNA	7	18	Rihanna	eigenname	q=0/11 next_cap=0/17 prev_cap=4/11 titel=2 ort=0/11
ROCKET	6	18	Rocket	eigenname	q=2/15 next_cap=9/19 prev_cap=9/15 titel=0 ort=0/15
ROETTGEN	8	18	Röttgen	eigenname	q=0/10 next_cap=2/18 prev_cap=7/10 titel=0 ort=1/10
ROHDE	5	18	Rohde	eigenname	q=0/15 next_cap=3/18 prev_cap=13/15 titel=0 ort=0/15
RONNY	5	18	Ronny	eigenname	q=0/11 next_cap=12/18 prev_cap=2/11 titel=0 ort=0/11
SAFARI	6	18	Safari	eigenname	q=4/29 next_cap=10/30 prev_cap=16/29 titel=0 ort=0/29
SCHWAB	6	18	Schwab	eigenname	q=0/13 next_cap=4/18 prev_cap=12/13 titel=0 ort=0/13
SEVERIN	7	18	Severin	eigenname	q=0/16 next_cap=3/20 prev_cap=13/16 titel=0 ort=0/16
SIEGMUND	8	18	Siegmund	eigenname	q=0/15 next_cap=11/18 prev_cap=9/15 titel=0 ort=0/15
SINCLAIR	8	18	Sinclair	eigenname	q=0/17 next_cap=5/20 prev_cap=9/17 titel=0 ort=0/17
SPEZIAL	7	18	Spezial	eigenname	q=2/54 next_cap=42/59 prev_cap=23/54 titel=0 ort=0/54
SYNDROM	7	18	Syndrom	eigenname	q=9/86 next_cap=5/86 prev_cap=71/86 titel=0 ort=0/86
TALBOT	6	18	Talbot	eigenname	q=2/20 next_cap=10/23 prev_cap=13/20 titel=0 ort=0/20
TIMM	4	18	Timm	eigenname	q=0/15 next_cap=8/18 prev_cap=10/15 titel=0 ort=0/15
TOBY	4	18	Toby	eigenname	q=0/13 next_cap=7/18 prev_cap=3/13 titel=0 ort=0/13
TRACY	5	18	Tracy	eigenname	q=0/17 next_cap=6/18 prev_cap=8/17 titel=1 ort=1/17
TYLER	5	18	Tyler	eigenname	q=0/14 next_cap=8/18 prev_cap=6/14 titel=0 ort=2/14
WAADT	5	18	Waadt	eigenname	q=2/18 next_cap=0/18 prev_cap=16/18 titel=0 ort=1/18
WALSH	5	18	Walsh	eigenname	q=1/14 next_cap=2/17 prev_cap=8/14 titel=0 ort=0/14
WEBBER	6	18	Webber	eigenname	q=0/13 next_cap=2/19 prev_cap=5/13 titel=0 ort=1/13
WHITNEY	7	18	Whitney	eigenname	q=1/16 next_cap=7/19 prev_cap=5/16 titel=0 ort=0/16
WIEDEKING	9	18	Wiedeking	eigenname	q=0/13 next_cap=2/19 prev_cap=9/13 titel=0 ort=0/13
WIMMER	6	18	Wimmer	eigenname	q=0/13 next_cap=3/18 prev_cap=8/13 titel=0 ort=0/13
WITTE	5	18	Witte	eigenname	q=0/15 next_cap=5/18 prev_cap=11/15 titel=0 ort=0/15
YARD	4	18	Yard	eigenname	q=3/27 next_cap=12/27 prev_cap=17/27 titel=0 ort=0/27
ZABEL	5	18	Zabel	eigenname	q=0/15 next_cap=2/19 prev_cap=12/15 titel=0 ort=0/15
ZACK	4	18	Zack	eigenname	q=0/30 next_cap=18/31 prev_cap=20/30 titel=0 ort=1/30
ZERO	4	18	Zero	eigenname	q=2/19 next_cap=9/24 prev_cap=10/19 titel=0 ort=0/19
ABBEY	5	17	Abbey	eigenname	q=4/18 next_cap=8/18 prev_cap=11/18 titel=0 ort=0/18
ABGABEDRUCK	11	17	Abgabedruck	eigenname	q=1/17 next_cap=0/17 prev_cap=4/17 titel=0 ort=0/17
AGATHA	6	17	Agatha	eigenname	q=1/15 next_cap=9/18 prev_cap=6/15 titel=0 ort=0/15
AKKORDEON	9	17	Akkordeon	eigenname	q=5/26 next_cap=13/27 prev_cap=5/26 titel=0 ort=0/26
ANDREWS	7	17	Andrews	eigenname	q=0/17 next_cap=2/17 prev_cap=11/17 titel=0 ort=0/17
ATOM	4	17	Atom	eigenname	q=9/62 next_cap=43/65 prev_cap=22/62 titel=1 ort=1/62
BERNIE	6	17	Bernie	eigenname	q=0/16 next_cap=9/17 prev_cap=9/16 titel=0 ort=0/16
BEVERLY	7	17	Beverly	eigenname	q=1/15 next_cap=11/17 prev_cap=3/15 titel=0 ort=3/15
BRAVO	5	17	Bravo	eigenname	q=3/19 next_cap=13/24 prev_cap=8/19 titel=0 ort=1/19
BRINKMANN	9	17	Brinkmann	eigenname	q=0/14 next_cap=2/17 prev_cap=11/14 titel=2 ort=1/14
BUCHENWALD	10	17	Buchenwald	eigenname	q=1/19 next_cap=1/19 prev_cap=8/19 titel=0 ort=3/19
CHAPMAN	7	17	Chapman	eigenname	q=2/15 next_cap=3/17 prev_cap=10/15 titel=0 ort=0/15
CHARLY	6	17	Charly	eigenname	q=0/12 next_cap=9/17 prev_cap=3/12 titel=0 ort=0/12
CHRISTOF	8	17	Christof	eigenname	q=1/14 next_cap=12/17 prev_cap=7/14 titel=0 ort=0/14
COULTHARD	9	17	Coulthard	eigenname	q=0/14 next_cap=4/17 prev_cap=10/14 titel=0 ort=0/14
DANA	4	17	Dana	eigenname	q=0/11 next_cap=6/16 prev_cap=5/11 titel=0 ort=1/11
DARIO	5	17	Dario	eigenname	q=0/12 next_cap=16/17 prev_cap=5/12 titel=1 ort=0/12
DEBORAH	7	17	Deborah	eigenname	q=1/14 next_cap=9/17 prev_cap=5/14 titel=1 ort=0/14
DEREK	5	17	Derek	eigenname	q=1/13 next_cap=10/17 prev_cap=3/13 titel=0 ort=0/13
DETECTIVE	9	17	Detective	eigenname	q=3/15 next_cap=11/17 prev_cap=5/15 titel=0 ort=0/15
DMITRI	6	17	Dmitri	eigenname	q=1/15 next_cap=13/17 prev_cap=9/15 titel=3 ort=0/15
DOROTHY	7	17	Dorothy	eigenname	q=2/13 next_cap=10/17 prev_cap=7/13 titel=0 ort=0/13
DRESSUR	7	17	Dressur	eigenname	q=7/30 next_cap=12/31 prev_cap=11/30 titel=0 ort=4/30
EMMERICH	8	17	Emmerich	eigenname	q=0/12 next_cap=9/19 prev_cap=7/12 titel=0 ort=2/12
ERICSSON	8	17	Ericsson	eigenname	q=0/21 next_cap=9/25 prev_cap=10/21 titel=0 ort=0/21
ERZHERZOG	9	17	Erzherzog	eigenname	q=3/18 next_cap=17/20 prev_cap=9/18 titel=0 ort=0/18
ESSER	5	17	Esser	eigenname	q=1/15 next_cap=8/19 prev_cap=9/15 titel=0 ort=0/15
EXIT	4	17	Exit	eigenname	q=3/21 next_cap=9/23 prev_cap=5/21 titel=0 ort=0/21
FALKE	5	17	Falke	eigenname	q=1/18 next_cap=6/19 prev_cap=12/18 titel=1 ort=0/18
FED	3	17	Fed	eigenname	q=8/35 next_cap=25/39 prev_cap=13/35 titel=0 ort=0/35
FEHLANZEIGE	11	17	Fehlanzeige	eigenname	q=1/13 next_cap=1/17 prev_cap=3/13 titel=0 ort=0/13
FLOYD	5	17	Floyd	eigenname	q=0/18 next_cap=10/20 prev_cap=10/18 titel=0 ort=0/18
FRICK	5	17	Frick	eigenname	q=1/14 next_cap=3/17 prev_cap=9/14 titel=0 ort=1/14
GARTENBAU	9	17	Gartenbau	eigenname	q=3/19 next_cap=7/19 prev_cap=5/19 titel=0 ort=0/19
GAUSS	5	17	Gauß	eigenname	q=3/25 next_cap=11/29 prev_cap=9/25 titel=1 ort=0/25
GLASER	6	17	Glaser	eigenname	q=2/17 next_cap=4/18 prev_cap=13/17 titel=0 ort=0/17
GMUEND	6	17	Gmünd	eigenname	q=0/18 next_cap=0/18 prev_cap=16/18 titel=0 ort=1/18
GOEBBELS	8	17	Goebbels	eigenname	q=0/12 next_cap=1/17 prev_cap=7/12 titel=0 ort=1/12
GREENE	6	17	Greene	eigenname	q=0/12 next_cap=2/17 prev_cap=8/12 titel=0 ort=0/12
GROTE	5	17	Grote	eigenname	q=4/17 next_cap=9/17 prev_cap=10/17 titel=0 ort=0/17
GUILLAUME	9	17	Guillaume	eigenname	q=0/15 next_cap=4/17 prev_cap=7/15 titel=0 ort=0/15
HALLOWEEN	9	17	Halloween	eigenname	q=0/29 next_cap=13/29 prev_cap=8/29 titel=0 ort=1/29
HANNE	5	17	Hanne	eigenname	q=0/12 next_cap=8/17 prev_cap=6/12 titel=0 ort=0/12
HEIDENHEIM	10	17	Heidenheim	eigenname	q=0/18 next_cap=1/18 prev_cap=13/18 titel=0 ort=3/18
HEINEMANN	9	17	Heinemann	eigenname	q=0/19 next_cap=5/20 prev_cap=15/19 titel=0 ort=0/19
HERMINE	7	17	Hermine	eigenname	q=1/13 next_cap=4/17 prev_cap=4/13 titel=0 ort=0/13
HERODES	7	17	Herodes	eigenname	q=2/15 next_cap=4/17 prev_cap=11/15 titel=1 ort=0/15
HERSFELD	8	17	Hersfeld	eigenname	q=0/16 next_cap=1/16 prev_cap=10/16 titel=0 ort=3/16
JENKINS	7	17	Jenkins	eigenname	q=0/14 next_cap=0/17 prev_cap=11/14 titel=0 ort=0/14
JOHANNS	7	17	Johanns	eigenname	q=0/16 next_cap=7/17 prev_cap=12/16 titel=0 ort=3/16
JOHNS	5	17	Johns	eigenname	q=3/16 next_cap=14/18 prev_cap=5/16 titel=1 ort=2/16
JULES	5	17	Jules	eigenname	q=0/20 next_cap=12/22 prev_cap=8/20 titel=0 ort=0/20
KACHELMANN	10	17	Kachelmann	eigenname	q=0/13 next_cap=5/22 prev_cap=7/13 titel=0 ort=0/13
KIT	3	17	Kit	eigenname	q=4/26 next_cap=1/27 prev_cap=19/26 titel=0 ort=0/26
KLEIST	6	17	Kleist	eigenname	q=0/15 next_cap=6/22 prev_cap=4/15 titel=0 ort=0/15
KOHLER	6	17	Kohler	eigenname	q=1/12 next_cap=5/17 prev_cap=10/12 titel=0 ort=0/12
KOLB	4	17	Kolb	eigenname	q=1/16 next_cap=6/18 prev_cap=13/16 titel=0 ort=0/16
LAMA	4	17	Lama	eigenname	q=2/20 next_cap=7/21 prev_cap=13/20 titel=0 ort=0/20
LIONEL	6	17	Lionel	eigenname	q=0/11 next_cap=16/17 prev_cap=6/11 titel=2 ort=0/11
LOPEZ	5	17	Lopez	eigenname	q=0/14 next_cap=3/17 prev_cap=12/14 titel=0 ort=0/14
LYDIA	5	17	Lydia	eigenname	q=0/12 next_cap=7/17 prev_cap=6/12 titel=0 ort=0/12
MAD	3	17	Mad	eigenname	q=1/12 next_cap=12/12 prev_cap=3/12 titel=0 ort=0/12
MALI	4	17	Mali	eigenname	q=0/14 next_cap=3/17 prev_cap=2/14 titel=0 ort=3/14
MANET	5	17	Manet	eigenname	q=1/16 next_cap=4/17 prev_cap=6/16 titel=0 ort=2/16
MARILYN	7	17	Marilyn	eigenname	q=1/15 next_cap=10/17 prev_cap=8/15 titel=1 ort=0/15
MARKGRAF	8	17	Markgraf	eigenname	q=4/19 next_cap=9/20 prev_cap=9/19 titel=0 ort=1/19
MARYLAND	8	17	Maryland	eigenname	q=1/17 next_cap=3/17 prev_cap=3/17 titel=0 ort=4/17
MAYR	4	17	Mayr	eigenname	q=0/16 next_cap=5/19 prev_cap=11/16 titel=0 ort=1/16
MELZER	6	17	Melzer	eigenname	q=0/10 next_cap=1/17 prev_cap=9/10 titel=0 ort=0/10
MENDELSSOHN	11	17	Mendelssohn	eigenname	q=0/28 next_cap=16/29 prev_cap=20/28 titel=0 ort=0/28
MICHAELIS	9	17	Michaelis	eigenname	q=1/20 next_cap=6/20 prev_cap=12/20 titel=0 ort=0/20
MICHAELS	8	17	Michaels	eigenname	q=0/21 next_cap=20/23 prev_cap=12/21 titel=0 ort=0/21
MONICA	6	17	Monica	eigenname	q=1/14 next_cap=10/17 prev_cap=7/14 titel=0 ort=0/14
MOSLEY	6	17	Mosley	eigenname	q=0/12 next_cap=1/18 prev_cap=7/12 titel=0 ort=0/12
NADJA	5	17	Nadja	eigenname	q=1/11 next_cap=8/17 prev_cap=5/11 titel=1 ort=0/11
NATIONS	7	17	Nations	eigenname	q=1/18 next_cap=11/18 prev_cap=15/18 titel=0 ort=0/18
NEVILLE	7	17	Neville	eigenname	q=0/14 next_cap=6/17 prev_cap=8/14 titel=0 ort=1/14
NIEMEYER	8	17	Niemeyer	eigenname	q=0/14 next_cap=11/17 prev_cap=13/14 titel=0 ort=0/14
NOTTINGHAM	10	17	Nottingham	eigenname	q=3/16 next_cap=8/17 prev_cap=3/16 titel=0 ort=3/16
OBERNDORF	9	17	Oberndorf	eigenname	q=0/17 next_cap=1/17 prev_cap=6/17 titel=0 ort=4/17
PALACE	6	17	Palace	eigenname	q=3/16 next_cap=4/17 prev_cap=11/16 titel=0 ort=1/16
PANEL	5	17	Panel	eigenname	q=5/25 next_cap=8/26 prev_cap=16/25 titel=0 ort=0/25
PEGGY	5	17	Peggy	eigenname	q=0/13 next_cap=9/17 prev_cap=3/13 titel=1 ort=0/13
PLUGIN	6	17	Plugin	eigenname	q=8/43 next_cap=5/44 prev_cap=34/43 titel=0 ort=0/43
RARITAETEN	10	17	Raritäten	eigenname	q=1/16 next_cap=3/20 prev_cap=3/16 titel=0 ort=0/16
RASMUSSEN	9	17	Rasmussen	eigenname	q=0/14 next_cap=2/18 prev_cap=11/14 titel=0 ort=0/14
RONNIE	6	17	Ronnie	eigenname	q=3/13 next_cap=8/16 prev_cap=3/13 titel=0 ort=0/13
ROSNEFT	7	17	Rosneft	eigenname	q=0/3 next_cap=0/17 prev_cap=1/3 titel=0 ort=0/3
RYANAIR	7	17	Ryanair	eigenname	q=0/13 next_cap=4/20 prev_cap=3/13 titel=0 ort=1/13
SCHINDLER	9	17	Schindler	eigenname	q=0/15 next_cap=3/17 prev_cap=13/15 titel=0 ort=0/15
SCHMIDTS	8	17	Schmidts	eigenname	q=0/14 next_cap=11/17 prev_cap=9/14 titel=0 ort=2/14
SHARON	6	17	Sharon	eigenname	q=1/12 next_cap=10/18 prev_cap=5/12 titel=0 ort=1/12
SPIES	5	17	Spies	eigenname	q=1/16 next_cap=1/17 prev_cap=12/16 titel=0 ort=0/16
STEINBERG	9	17	Steinberg	eigenname	q=2/16 next_cap=5/19 prev_cap=10/16 titel=0 ort=2/16
STONES	6	17	Stones	eigenname	q=3/23 next_cap=10/23 prev_cap=16/23 titel=0 ort=2/23
TELECOM	7	17	Telecom	eigenname	q=0/18 next_cap=6/20 prev_cap=16/18 titel=0 ort=0/18
TODD	4	17	Todd	eigenname	q=0/14 next_cap=11/18 prev_cap=6/14 titel=0 ort=1/14
TOEPFER	7	17	Töpfer	eigenname	q=2/19 next_cap=5/19 prev_cap=11/19 titel=0 ort=0/19
UNIX	4	17	Unix	eigenname	q=0/27 next_cap=16/27 prev_cap=8/27 titel=0 ort=0/27
UTA	3	17	Uta	eigenname	q=0/10 next_cap=13/16 prev_cap=3/10 titel=0 ort=1/10
VITAMIN	7	17	Vitamin	eigenname	q=3/29 next_cap=28/36 prev_cap=5/29 titel=0 ort=1/29
VOX	3	17	Vox	eigenname	q=0/7 next_cap=6/13 prev_cap=2/7 titel=0 ort=1/7
ZETSCHE	7	17	Zetsche	eigenname	q=0/12 next_cap=0/17 prev_cap=8/12 titel=0 ort=0/12
ADALBERT	8	16	Adalbert	eigenname	q=0/15 next_cap=12/21 prev_cap=5/15 titel=0 ort=0/15
AHRWEILER	9	16	Ahrweiler	eigenname	q=0/20 next_cap=3/20 prev_cap=16/20 titel=0 ort=1/20
ALEXANDERS	10	16	Alexanders	eigenname	q=0/17 next_cap=9/17 prev_cap=9/17 titel=0 ort=3/17
ALICIA	6	16	Alicia	eigenname	q=2/12 next_cap=7/16 prev_cap=1/12 titel=0 ort=0/12
ANDI	4	16	Andi	eigenname	q=1/11 next_cap=11/17 prev_cap=6/11 titel=1 ort=0/11
ANGELINA	8	16	Angelina	eigenname	q=0/6 next_cap=7/16 prev_cap=3/6 titel=0 ort=0/6
ASIA	4	16	Asia	eigenname	q=1/18 next_cap=7/19 prev_cap=14/18 titel=0 ort=0/18
BADER	5	16	Bader	eigenname	q=1/12 next_cap=3/16 prev_cap=9/12 titel=0 ort=0/12
BARAK	5	16	Barak	eigenname	q=0/10 next_cap=4/16 prev_cap=7/10 titel=0 ort=0/10
BARCLAYS	8	16	Barclays	eigenname	q=0/10 next_cap=6/20 prev_cap=4/10 titel=0 ort=1/10
BAUMGARTNER	11	16	Baumgartner	eigenname	q=0/12 next_cap=3/16 prev_cap=11/12 titel=0 ort=0/12
BELGIENS	8	16	Belgiens	eigenname	q=0/13 next_cap=3/16 prev_cap=13/13 titel=0 ort=0/13
BOTTAS	6	16	Bottas	eigenname	q=0/11 next_cap=1/16 prev_cap=3/11 titel=0 ort=0/11
BRAVOUR	7	16	Bravour	eigenname	q=0/16 next_cap=0/16 prev_cap=0/16 titel=0 ort=0/16
BRESCIA	7	16	Brescia	eigenname	q=1/15 next_cap=1/16 prev_cap=6/15 titel=0 ort=3/15
BSIRSKE	7	16	Bsirske	eigenname	q=0/12 next_cap=1/16 prev_cap=10/12 titel=1 ort=0/12
BUCHER	6	16	Bucher	eigenname	q=2/15 next_cap=6/19 prev_cap=12/15 titel=0 ort=0/15
CAESARS	7	16	Caesars	eigenname	q=2/16 next_cap=4/16 prev_cap=9/16 titel=0 ort=2/16
CECILIA	7	16	Cecilia	eigenname	q=0/12 next_cap=8/16 prev_cap=4/12 titel=0 ort=0/12
CHANG	5	16	Chang	eigenname	q=0/13 next_cap=6/17 prev_cap=11/13 titel=0 ort=0/13
CHERRY	6	16	Cherry	eigenname	q=2/13 next_cap=9/16 prev_cap=5/13 titel=0 ort=1/13
CONTADOR	8	16	Contador	eigenname	q=0/14 next_cap=0/17 prev_cap=13/14 titel=0 ort=0/14
DEEP	4	16	Deep	eigenname	q=3/21 next_cap=16/21 prev_cap=7/21 titel=0 ort=1/21
DIDIER	6	16	Didier	eigenname	q=0/13 next_cap=17/19 prev_cap=6/13 titel=0 ort=1/13
DIEHL	5	16	Diehl	eigenname	q=0/15 next_cap=5/18 prev_cap=12/15 titel=0 ort=0/15
DOMENICO	8	16	Domenico	eigenname	q=2/13 next_cap=9/16 prev_cap=8/13 titel=0 ort=0/13
DRAEGERWERK	11	16	Drägerwerk	eigenname	q=0/9 next_cap=0/16 prev_cap=2/9 titel=0 ort=0/9
DROSTE	6	16	Droste	eigenname	q=2/16 next_cap=12/20 prev_cap=11/16 titel=0 ort=0/16
EFFENBERG	9	16	Effenberg	eigenname	q=0/11 next_cap=1/17 prev_cap=7/11 titel=1 ort=0/11
ELEANOR	7	16	Eleanor	eigenname	q=1/13 next_cap=8/16 prev_cap=6/13 titel=2 ort=0/13
ENGLER	6	16	Engler	eigenname	q=0/14 next_cap=3/16 prev_cap=12/14 titel=1 ort=0/14
ESSEX	5	16	Essex	eigenname	q=0/15 next_cap=3/15 prev_cap=3/15 titel=0 ort=3/15
FRENZEL	7	16	Frenzel	eigenname	q=0/17 next_cap=9/22 prev_cap=12/17 titel=0 ort=0/17
FRIEDMAN	8	16	Friedman	eigenname	q=0/14 next_cap=1/16 prev_cap=9/14 titel=0 ort=1/14
GANDHI	6	16	Gandhi	eigenname	q=0/14 next_cap=3/18 prev_cap=10/14 titel=1 ort=0/14
GARDNER	7	16	Gardner	eigenname	q=0/13 next_cap=3/17 prev_cap=8/13 titel=0 ort=0/13
GEBHARDT	8	16	Gebhardt	eigenname	q=1/15 next_cap=3/16 prev_cap=10/15 titel=0 ort=0/15
GIACOMO	7	16	Giacomo	eigenname	q=1/13 next_cap=9/16 prev_cap=8/13 titel=0 ort=0/13
GODESBERG	9	16	Godesberg	eigenname	q=0/16 next_cap=1/16 prev_cap=15/16 titel=0 ort=1/16
GOLDBERG	8	16	Goldberg	eigenname	q=3/16 next_cap=3/17 prev_cap=8/16 titel=0 ort=2/16
GUERRERO	8	16	Guerrero	eigenname	q=0/14 next_cap=4/17 prev_cap=6/14 titel=0 ort=1/14
GUNNAR	6	16	Gunnar	eigenname	q=0/11 next_cap=11/16 prev_cap=7/11 titel=0 ort=0/11
GUNTHER	7	16	Gunther	eigenname	q=0/10 next_cap=10/16 prev_cap=5/10 titel=0 ort=1/10
HECKING	7	16	Hecking	eigenname	q=0/12 next_cap=0/16 prev_cap=10/12 titel=0 ort=0/12
HEINO	5	16	Heino	eigenname	q=0/11 next_cap=7/17 prev_cap=5/11 titel=0 ort=0/11
HENKE	5	16	Henke	eigenname	q=0/14 next_cap=4/17 prev_cap=10/14 titel=0 ort=0/14
HIMMLER	7	16	Himmler	eigenname	q=2/12 next_cap=1/17 prev_cap=6/12 titel=0 ort=0/12
HUNDT	5	16	Hundt	eigenname	q=0/8 next_cap=1/16 prev_cap=8/8 titel=0 ort=0/8
INTERVALLEN	11	16	Intervallen	eigenname	q=0/20 next_cap=0/20 prev_cap=3/20 titel=0 ort=2/20
IRVING	6	16	Irving	eigenname	q=2/14 next_cap=12/16 prev_cap=7/14 titel=0 ort=0/14
ISA	3	16	Isa	eigenname	q=0/5 next_cap=3/10 prev_cap=3/5 titel=0 ort=1/5
JENOPTIK	8	16	Jenoptik	eigenname	q=1/11 next_cap=3/16 prev_cap=6/11 titel=0 ort=0/11
JERICHO	7	16	Jericho	eigenname	q=0/16 next_cap=0/16 prev_cap=3/16 titel=0 ort=2/16
JUNCKER	7	16	Juncker	eigenname	q=0/10 next_cap=2/16 prev_cap=7/10 titel=0 ort=0/10
JUNIORS	7	16	Juniors	eigenname	q=2/15 next_cap=4/16 prev_cap=11/15 titel=0 ort=0/15
KASPAROW	8	16	Kasparow	eigenname	q=0/10 next_cap=1/16 prev_cap=4/10 titel=0 ort=0/10
KERNER	6	16	Kerner	eigenname	q=0/16 next_cap=3/19 prev_cap=11/16 titel=0 ort=2/16
KERR	4	16	Kerr	eigenname	q=0/18 next_cap=7/19 prev_cap=8/18 titel=0 ort=0/18
KINKEL	6	16	Kinkel	eigenname	q=0/15 next_cap=7/22 prev_cap=14/15 titel=0 ort=0/15
KOCHS	5	16	Kochs	eigenname	q=3/14 next_cap=10/17 prev_cap=3/14 titel=0 ort=1/14
KOFLER	6	16	Kofler	eigenname	q=0/14 next_cap=3/17 prev_cap=9/14 titel=0 ort=0/14
KOHLHAMMER	10	16	Kohlhammer	eigenname	q=2/11 next_cap=10/16 prev_cap=8/11 titel=0 ort=0/11
KOPP	4	16	Kopp	eigenname	q=0/14 next_cap=4/17 prev_cap=9/14 titel=0 ort=0/14
KUBICA	6	16	Kubica	eigenname	q=0/11 next_cap=0/16 prev_cap=7/11 titel=0 ort=0/11
KUNZE	5	16	Kunze	eigenname	q=0/17 next_cap=3/19 prev_cap=12/17 titel=1 ort=0/17
KYLE	4	16	Kyle	eigenname	q=1/8 next_cap=5/16 prev_cap=3/8 titel=0 ort=0/8
LEHRSTELLEN	11	16	Lehrstellen	eigenname	q=5/22 next_cap=8/22 prev_cap=4/22 titel=0 ort=0/22
LINDSAY	7	16	Lindsay	eigenname	q=0/14 next_cap=4/16 prev_cap=4/14 titel=0 ort=0/14
LOTTO	5	16	Lotto	eigenname	q=8/55 next_cap=42/60 prev_cap=16/55 titel=0 ort=0/55
LUNGENKREBS	11	16	Lungenkrebs	eigenname	q=1/17 next_cap=2/17 prev_cap=1/17 titel=0 ort=0/17
MACK	4	16	Mack	eigenname	q=0/13 next_cap=2/16 prev_cap=11/13 titel=0 ort=0/13
MANNESMANN	10	16	Mannesmann	eigenname	q=0/20 next_cap=16/28 prev_cap=6/20 titel=0 ort=0/20
MARIN	5	16	Marin	eigenname	q=1/10 next_cap=3/16 prev_cap=6/10 titel=0 ort=0/10
MARQUARDT	9	16	Marquardt	eigenname	q=0/14 next_cap=2/16 prev_cap=12/14 titel=0 ort=0/14
MERKELS	7	16	Merkels	eigenname	q=0/13 next_cap=13/16 prev_cap=3/13 titel=0 ort=0/13
METZINGEN	9	16	Metzingen	eigenname	q=0/15 next_cap=0/16 prev_cap=12/15 titel=0 ort=3/15
MEYERS	6	16	Meyers	eigenname	q=2/12 next_cap=12/16 prev_cap=6/12 titel=0 ort=0/12
MICHELIN	8	16	Michelin	eigenname	q=1/18 next_cap=14/25 prev_cap=5/18 titel=0 ort=0/18
MILTENBERG	10	16	Miltenberg	eigenname	q=0/16 next_cap=3/16 prev_cap=10/16 titel=0 ort=2/16
MINNA	5	16	Minna	eigenname	q=1/15 next_cap=8/16 prev_cap=6/15 titel=0 ort=1/15
NATASCHA	8	16	Natascha	eigenname	q=0/11 next_cap=8/16 prev_cap=5/11 titel=0 ort=0/11
NERO	4	16	Nero	eigenname	q=1/15 next_cap=5/19 prev_cap=3/15 titel=0 ort=1/15
NEUSCHNEE	9	16	Neuschnee	eigenname	q=2/16 next_cap=0/16 prev_cap=9/16 titel=0 ort=0/16
NIEBEL	6	16	Niebel	eigenname	q=0/13 next_cap=0/16 prev_cap=11/13 titel=0 ort=0/13
NOVELLEN	8	16	Novellen	eigenname	q=3/18 next_cap=3/18 prev_cap=10/18 titel=0 ort=0/18
OEZDEMIR	8	16	Özdemir	eigenname	q=0/8 next_cap=4/17 prev_cap=6/8 titel=0 ort=0/8
PAU	3	16	Pau	eigenname	q=0/15 next_cap=8/17 prev_cap=8/15 titel=0 ort=1/15
PFAFF	5	16	Pfaff	eigenname	q=0/16 next_cap=5/18 prev_cap=6/16 titel=0 ort=2/16
PHELPS	6	16	Phelps	eigenname	q=0/10 next_cap=2/16 prev_cap=8/10 titel=0 ort=0/10
PLYMOUTH	8	16	Plymouth	eigenname	q=3/17 next_cap=9/18 prev_cap=6/17 titel=0 ort=4/17
POELTEN	7	16	Pölten	eigenname	q=0/15 next_cap=2/16 prev_cap=15/15 titel=0 ort=0/15
PRODUCTION	10	16	Production	eigenname	q=3/16 next_cap=9/16 prev_cap=10/16 titel=0 ort=0/16
RAPP	4	16	Rapp	eigenname	q=0/14 next_cap=5/17 prev_cap=11/14 titel=0 ort=0/14
RETTICH	7	16	Rettich	eigenname	q=0/6 next_cap=1/11 prev_cap=4/6 titel=0 ort=0/6
RICA	4	16	Rica	eigenname	q=0/16 next_cap=4/16 prev_cap=16/16 titel=0 ort=0/16
RIES	4	16	Ries	eigenname	q=3/14 next_cap=3/18 prev_cap=10/14 titel=0 ort=0/14
ROSARIO	7	16	Rosario	eigenname	q=0/15 next_cap=2/16 prev_cap=4/15 titel=0 ort=2/15
SCHEICH	7	16	Scheich	eigenname	q=3/14 next_cap=9/17 prev_cap=8/14 titel=0 ort=0/14
SCHERER	7	16	Scherer	eigenname	q=0/14 next_cap=6/18 prev_cap=10/14 titel=0 ort=0/14
SCHWEDENS	9	16	Schwedens	eigenname	q=0/13 next_cap=6/16 prev_cap=9/13 titel=0 ort=0/13
SIDNEY	6	16	Sidney	eigenname	q=0/10 next_cap=8/16 prev_cap=3/10 titel=0 ort=1/10
SOEDER	6	16	Söder	eigenname	q=0/11 next_cap=5/16 prev_cap=9/11 titel=0 ort=0/11
SOEREN	6	16	Sören	eigenname	q=0/11 next_cap=14/16 prev_cap=5/11 titel=0 ort=1/11
SPORTBUND	9	16	Sportbund	eigenname	q=2/16 next_cap=2/16 prev_cap=15/16 titel=0 ort=0/16
SQUADRON	8	16	Squadron	eigenname	q=3/14 next_cap=2/14 prev_cap=11/14 titel=0 ort=0/14
STOCKER	7	16	Stocker	eigenname	q=0/12 next_cap=4/17 prev_cap=9/12 titel=0 ort=0/12
STOLPE	6	16	Stolpe	eigenname	q=1/11 next_cap=2/16 prev_cap=8/11 titel=0 ort=1/11
STRAUB	6	16	Straub	eigenname	q=0/15 next_cap=5/17 prev_cap=9/15 titel=0 ort=0/15
SUEDAFRIKAS	11	16	Südafrikas	eigenname	q=1/14 next_cap=3/16 prev_cap=13/14 titel=0 ort=0/14
THIEL	5	16	Thiel	eigenname	q=0/13 next_cap=1/16 prev_cap=9/13 titel=0 ort=1/13
TSCHERNOBYL	11	16	Tschernobyl	eigenname	q=0/21 next_cap=8/23 prev_cap=6/21 titel=0 ort=2/21
ULLI	4	16	Ulli	eigenname	q=0/13 next_cap=3/16 prev_cap=6/13 titel=0 ort=1/13
VEH	3	16	Veh	eigenname	q=0/13 next_cap=1/17 prev_cap=8/13 titel=1 ort=0/13
VINCENZO	8	16	Vincenzo	eigenname	q=0/14 next_cap=11/16 prev_cap=9/14 titel=0 ort=0/14
VITTORIO	8	16	Vittorio	eigenname	q=0/14 next_cap=14/16 prev_cap=11/14 titel=0 ort=0/14
VOGELSANG	9	16	Vogelsang	eigenname	q=0/15 next_cap=1/16 prev_cap=13/15 titel=2 ort=1/15
WALDHOF	7	16	Waldhof	eigenname	q=1/17 next_cap=9/19 prev_cap=9/17 titel=0 ort=2/17
WELLER	6	16	Weller	eigenname	q=1/14 next_cap=2/17 prev_cap=10/14 titel=0 ort=0/14
WELS	4	16	Wels	eigenname	q=4/18 next_cap=3/19 prev_cap=9/18 titel=0 ort=3/18
WESLEY	6	16	Wesley	eigenname	q=0/10 next_cap=7/16 prev_cap=5/10 titel=0 ort=0/10
WILDBAHN	8	16	Wildbahn	eigenname	q=1/16 next_cap=0/16 prev_cap=0/16 titel=0 ort=0/16
WILLEM	6	16	Willem	eigenname	q=1/14 next_cap=12/16 prev_cap=7/14 titel=0 ort=0/14
WINSTON	7	16	Winston	eigenname	q=3/14 next_cap=12/17 prev_cap=4/14 titel=0 ort=0/14
YAN	3	16	Yan	eigenname	q=1/17 next_cap=7/18 prev_cap=14/17 titel=0 ort=0/17
ZEISS	5	16	Zeiss	eigenname	q=2/31 next_cap=23/31 prev_cap=19/31 titel=0 ort=0/31
AKTIVIST	8	15	Aktivist	eigenname	q=5/22 next_cap=5/22 prev_cap=11/22 titel=0 ort=0/22
BACKUP	6	15	Backup	eigenname	q=5/28 next_cap=13/29 prev_cap=7/28 titel=0 ort=0/28
BECHTLE	7	15	Bechtle	eigenname	q=0/9 next_cap=3/18 prev_cap=3/9 titel=0 ort=0/9
BEHRENDS	8	15	Behrends	eigenname	q=0/10 next_cap=2/11 prev_cap=8/10 titel=1 ort=1/10
BENTLEY	7	15	Bentley	eigenname	q=3/14 next_cap=6/18 prev_cap=8/14 titel=0 ort=0/14
BOYLE	5	15	Boyle	eigenname	q=0/12 next_cap=0/15 prev_cap=8/12 titel=1 ort=0/12
CAMILLE	7	15	Camille	eigenname	q=1/12 next_cap=9/15 prev_cap=4/12 titel=0 ort=0/12
CANARIA	7	15	Canaria	eigenname	q=0/16 next_cap=3/16 prev_cap=16/16 titel=0 ort=0/16
CARR	4	15	Carr	eigenname	q=1/15 next_cap=3/15 prev_cap=12/15 titel=0 ort=0/15
CARRIE	6	15	Carrie	eigenname	q=0/11 next_cap=4/15 prev_cap=5/11 titel=0 ort=0/11
CAVE	4	15	Cave	eigenname	q=3/15 next_cap=3/15 prev_cap=9/15 titel=0 ort=0/15
CODY	4	15	Cody	eigenname	q=0/11 next_cap=3/15 prev_cap=6/11 titel=0 ort=0/11
CONSTANZE	9	15	Constanze	eigenname	q=0/9 next_cap=7/15 prev_cap=2/9 titel=0 ort=0/9
CORONA	6	15	Corona	eigenname	q=4/35 next_cap=30/38 prev_cap=0/35 titel=0 ort=0/35
COURSE	6	15	Course	eigenname	q=2/13 next_cap=0/13 prev_cap=11/13 titel=0 ort=0/13
CRUISE	6	15	Cruise	eigenname	q=3/19 next_cap=10/19 prev_cap=12/19 titel=0 ort=0/19
CRYSTAL	7	15	Crystal	eigenname	q=2/14 next_cap=13/15 prev_cap=6/14 titel=0 ort=0/14
DAVIDSON	8	15	Davidson	eigenname	q=0/17 next_cap=8/23 prev_cap=11/17 titel=0 ort=0/17
DECKER	6	15	Decker	eigenname	q=0/13 next_cap=2/15 prev_cap=7/13 titel=0 ort=1/13
DIAMANT	7	15	Diamant	eigenname	q=3/16 next_cap=7/19 prev_cap=4/16 titel=0 ort=1/16
DJANGO	6	15	Django	eigenname	q=1/11 next_cap=8/16 prev_cap=3/11 titel=0 ort=2/11
DOROTHEE	8	15	Dorothee	eigenname	q=0/12 next_cap=14/15 prev_cap=6/12 titel=0 ort=0/12
DOYLE	5	15	Doyle	eigenname	q=1/10 next_cap=3/15 prev_cap=5/10 titel=0 ort=0/10
ECUADORS	8	15	Ecuadors	eigenname	q=0/13 next_cap=0/15 prev_cap=13/13 titel=0 ort=0/13
ELAINE	6	15	Elaine	eigenname	q=0/15 next_cap=10/15 prev_cap=7/15 titel=0 ort=0/15
EPIDEMIEN	9	15	Epidemien	eigenname	q=1/15 next_cap=2/15 prev_cap=1/15 titel=0 ort=0/15
ERDOGAN	7	15	Erdogan	eigenname	q=0/9 next_cap=3/17 prev_cap=3/9 titel=1 ort=0/9
EVAN	4	15	Evan	eigenname	q=0/12 next_cap=12/16 prev_cap=7/12 titel=1 ort=0/12
FEDERICO	8	15	Federico	eigenname	q=1/13 next_cap=9/15 prev_cap=7/13 titel=0 ort=2/13
FIEDLER	7	15	Fiedler	eigenname	q=0/13 next_cap=4/17 prev_cap=10/13 titel=0 ort=0/13
FLO	3	15	Flo	eigenname	q=0/11 next_cap=4/16 prev_cap=4/11 titel=0 ort=0/11
FRIEDLAND	9	15	Friedland	eigenname	q=0/14 next_cap=1/15 prev_cap=10/14 titel=0 ort=2/14
FUTURES	7	15	Futures	eigenname	q=12/79 next_cap=0/79 prev_cap=63/79 titel=0 ort=0/79
GERARD	6	15	Gerard	eigenname	q=0/11 next_cap=9/15 prev_cap=7/11 titel=0 ort=0/11
GREY	4	15	Grey	eigenname	q=1/14 next_cap=6/16 prev_cap=9/14 titel=0 ort=0/14
HAENDCHEN	9	15	Händchen	eigenname	q=1/14 next_cap=0/15 prev_cap=0/14 titel=0 ort=0/14
HANF	4	15	Hanf	eigenname	q=2/13 next_cap=6/20 prev_cap=1/13 titel=0 ort=0/13
HELLMANN	8	15	Hellmann	eigenname	q=0/13 next_cap=1/16 prev_cap=8/13 titel=0 ort=0/13
HERTA	5	15	Herta	eigenname	q=1/10 next_cap=11/15 prev_cap=6/10 titel=0 ort=0/10
HOHENLOHE	9	15	Hohenlohe	eigenname	q=1/18 next_cap=6/21 prev_cap=4/18 titel=0 ort=1/18
HONECKER	8	15	Honecker	eigenname	q=0/12 next_cap=3/18 prev_cap=8/12 titel=0 ort=0/12
HOPKINS	7	15	Hopkins	eigenname	q=1/13 next_cap=7/16 prev_cap=11/13 titel=0 ort=0/13
IGNACIO	7	15	Ignacio	eigenname	q=0/13 next_cap=6/15 prev_cap=6/13 titel=0 ort=0/13
INDUSTRIES	10	15	Industries	eigenname	q=0/15 next_cap=3/15 prev_cap=15/15 titel=0 ort=0/15
ISABELLE	8	15	Isabelle	eigenname	q=0/11 next_cap=6/15 prev_cap=3/11 titel=0 ort=0/11
JAKOBS	6	15	Jakobs	eigenname	q=0/16 next_cap=9/17 prev_cap=12/16 titel=0 ort=0/16
JENNINGS	8	15	Jennings	eigenname	q=0/12 next_cap=1/15 prev_cap=8/12 titel=0 ort=0/12
JOEL	4	15	Joel	eigenname	q=1/10 next_cap=9/15 prev_cap=4/10 titel=2 ort=0/10
JOOP	4	15	Joop	eigenname	q=0/10 next_cap=2/13 prev_cap=6/10 titel=0 ort=1/10
JOST	4	15	Jost	eigenname	q=0/14 next_cap=9/16 prev_cap=11/14 titel=1 ort=0/14
JULIO	5	15	Julio	eigenname	q=0/12 next_cap=12/15 prev_cap=6/12 titel=1 ort=0/12
KATHY	5	15	Kathy	eigenname	q=0/11 next_cap=5/15 prev_cap=5/11 titel=2 ort=0/11
KIMI	4	15	Kimi	eigenname	q=0/8 next_cap=9/14 prev_cap=3/8 titel=0 ort=0/8
KIRK	4	15	Kirk	eigenname	q=0/12 next_cap=7/15 prev_cap=8/12 titel=0 ort=0/12
KOBAYASHI	9	15	Kobayashi	eigenname	q=0/12 next_cap=2/15 prev_cap=8/12 titel=0 ort=0/12
KOEHLERS	8	15	Köhlers	eigenname	q=3/13 next_cap=7/15 prev_cap=5/13 titel=0 ort=0/13
LACKE	5	15	Lacke	eigenname	q=2/15 next_cap=1/17 prev_cap=8/15 titel=0 ort=0/15
LEMKE	5	15	Lemke	eigenname	q=0/14 next_cap=4/17 prev_cap=12/14 titel=0 ort=0/14
LENNON	6	15	Lennon	eigenname	q=0/16 next_cap=1/16 prev_cap=12/16 titel=0 ort=0/16
LENNY	5	15	Lenny	eigenname	q=0/9 next_cap=10/15 prev_cap=4/9 titel=0 ort=0/9
LEONE	5	15	Leone	eigenname	q=2/15 next_cap=3/15 prev_cap=11/15 titel=0 ort=0/15
LESSING	7	15	Lessing	eigenname	q=0/17 next_cap=8/21 prev_cap=5/17 titel=0 ort=0/17
LIBERIA	7	15	Liberia	eigenname	q=0/11 next_cap=0/15 prev_cap=4/11 titel=0 ort=1/11
LIFESTYLE	9	15	Lifestyle	eigenname	q=3/27 next_cap=15/28 prev_cap=6/27 titel=0 ort=1/27
LOUISA	6	15	Louisa	eigenname	q=0/12 next_cap=10/16 prev_cap=10/12 titel=1 ort=0/12
MACKENZIE	9	15	Mackenzie	eigenname	q=3/14 next_cap=5/16 prev_cap=10/14 titel=0 ort=1/14
MARIEN	6	15	Marien	eigenname	q=0/35 next_cap=22/35 prev_cap=21/35 titel=0 ort=1/35
MARTY	5	15	Marty	eigenname	q=0/10 next_cap=4/15 prev_cap=5/10 titel=0 ort=0/10
MEERBLICK	9	15	Meerblick	eigenname	q=0/16 next_cap=0/16 prev_cap=0/16 titel=0 ort=0/16
MENDOZA	7	15	Mendoza	eigenname	q=0/12 next_cap=1/16 prev_cap=6/12 titel=0 ort=1/12
METZLER	7	15	Metzler	eigenname	q=1/11 next_cap=13/16 prev_cap=8/11 titel=0 ort=0/11
MICHELS	7	15	Michels	eigenname	q=0/11 next_cap=6/13 prev_cap=8/11 titel=0 ort=0/11
MIRKO	5	15	Mirko	eigenname	q=0/10 next_cap=11/15 prev_cap=7/10 titel=3 ort=0/10
MOZARTS	7	15	Mozarts	eigenname	q=0/14 next_cap=7/15 prev_cap=8/14 titel=0 ort=0/14
MUECKE	6	15	Mücke	eigenname	q=3/14 next_cap=1/18 prev_cap=8/14 titel=2 ort=0/14
MUSSOLINI	9	15	Mussolini	eigenname	q=1/15 next_cap=0/15 prev_cap=5/15 titel=0 ort=0/15
NEBRASKA	8	15	Nebraska	eigenname	q=3/15 next_cap=5/15 prev_cap=6/15 titel=0 ort=2/15
NEUENDORF	9	15	Neuendorf	eigenname	q=0/16 next_cap=2/17 prev_cap=11/16 titel=0 ort=2/16
NIELS	5	15	Niels	eigenname	q=0/14 next_cap=11/16 prev_cap=8/14 titel=0 ort=0/14
NOVOSTI	7	15	Novosti	eigenname	q=0/19 next_cap=4/19 prev_cap=18/19 titel=0 ort=0/19
NUSSBAUM	8	15	Nussbaum	eigenname	q=1/17 next_cap=4/19 prev_cap=6/17 titel=0 ort=3/17
OBER	4	15	Ober	eigenname	q=18/115 next_cap=60/124 prev_cap=30/115 titel=0 ort=20/115
OWENS	5	15	Owens	eigenname	q=1/10 next_cap=5/16 prev_cap=6/10 titel=0 ort=0/10
PAKISTANS	9	15	Pakistans	eigenname	q=0/11 next_cap=4/15 prev_cap=11/11 titel=0 ort=0/11
PARKINSON	9	15	Parkinson	eigenname	q=1/25 next_cap=14/28 prev_cap=9/25 titel=0 ort=0/25
PITT	4	15	Pitt	eigenname	q=2/14 next_cap=5/17 prev_cap=10/14 titel=0 ort=0/14
PIZARRO	7	15	Pizarro	eigenname	q=1/12 next_cap=0/15 prev_cap=7/12 titel=0 ort=0/12
POFALLA	7	15	Pofalla	eigenname	q=0/13 next_cap=1/15 prev_cap=13/13 titel=1 ort=0/13
PONT	4	15	Pont	eigenname	q=4/23 next_cap=9/24 prev_cap=7/23 titel=0 ort=1/23
PRESTON	7	15	Preston	eigenname	q=1/11 next_cap=5/15 prev_cap=4/11 titel=0 ort=1/11
RABBINER	8	15	Rabbiner	eigenname	q=2/15 next_cap=7/17 prev_cap=4/15 titel=0 ort=0/15
REDAKTEURIN	11	15	Redakteurin	eigenname	q=1/25 next_cap=11/27 prev_cap=14/25 titel=0 ort=0/25
REGIO	5	15	Regio	eigenname	q=2/21 next_cap=15/22 prev_cap=12/21 titel=0 ort=0/21
REID	4	15	Reid	eigenname	q=1/12 next_cap=3/15 prev_cap=7/12 titel=0 ort=0/12
REUSS	5	15	Reuß	eigenname	q=2/14 next_cap=2/16 prev_cap=9/14 titel=0 ort=0/14
RHODOS	6	15	Rhodos	eigenname	q=0/13 next_cap=1/15 prev_cap=2/13 titel=0 ort=0/13
ROCHESTER	9	15	Rochester	eigenname	q=2/17 next_cap=6/17 prev_cap=6/17 titel=0 ort=4/17
ROSALIE	7	15	Rosalie	eigenname	q=0/13 next_cap=7/15 prev_cap=9/13 titel=0 ort=0/13
RUBIN	5	15	Rubin	eigenname	q=3/13 next_cap=2/15 prev_cap=11/13 titel=0 ort=0/13
RUMAENIENS	10	15	Rumäniens	eigenname	q=0/14 next_cap=3/15 prev_cap=13/14 titel=0 ort=1/14
SALZWEDEL	9	15	Salzwedel	eigenname	q=0/16 next_cap=3/16 prev_cap=13/16 titel=0 ort=2/16
SAMI	4	15	Sami	eigenname	q=1/13 next_cap=10/16 prev_cap=7/13 titel=1 ort=0/13
SAMMER	6	15	Sammer	eigenname	q=1/13 next_cap=0/15 prev_cap=7/13 titel=0 ort=0/13
SANTANDER	9	15	Santander	eigenname	q=1/13 next_cap=3/16 prev_cap=6/13 titel=0 ort=2/13
SCHILL	6	15	Schill	eigenname	q=1/19 next_cap=9/24 prev_cap=5/19 titel=0 ort=0/19
SCHLECKER	9	15	Schlecker	eigenname	q=1/13 next_cap=8/22 prev_cap=5/13 titel=0 ort=0/13
SCHLEICHER	10	15	Schleicher	eigenname	q=2/12 next_cap=3/15 prev_cap=6/12 titel=0 ort=1/12
SCHULER	7	15	Schuler	eigenname	q=0/14 next_cap=5/16 prev_cap=10/14 titel=0 ort=0/14
SCHWARTZ	8	15	Schwartz	eigenname	q=1/13 next_cap=1/16 prev_cap=9/13 titel=0 ort=0/13
SCHWARZACH	10	15	Schwarzach	eigenname	q=2/16 next_cap=3/16 prev_cap=10/16 titel=0 ort=1/16
SHI	3	15	Shi	eigenname	q=0/11 next_cap=8/15 prev_cap=8/11 titel=0 ort=0/11
SKLEROSE	8	15	Sklerose	eigenname	q=0/14 next_cap=1/16 prev_cap=13/14 titel=0 ort=0/14
STERNBERG	9	15	Sternberg	eigenname	q=0/15 next_cap=1/15 prev_cap=10/15 titel=0 ort=1/15
STRASSER	8	15	Strasser	eigenname	q=1/14 next_cap=3/15 prev_cap=8/14 titel=0 ort=0/14
TAMARA	6	15	Tamara	eigenname	q=0/10 next_cap=4/15 prev_cap=6/10 titel=0 ort=0/10
THUN	4	15	Thun	eigenname	q=0/15 next_cap=3/16 prev_cap=8/15 titel=0 ort=2/15
TITO	4	15	Tito	eigenname	q=1/15 next_cap=4/16 prev_cap=3/15 titel=0 ort=2/15
TODESFOLGE	10	15	Todesfolge	eigenname	q=0/15 next_cap=1/15 prev_cap=0/15 titel=0 ort=0/15
TRAVIS	6	15	Travis	eigenname	q=1/17 next_cap=10/18 prev_cap=7/17 titel=0 ort=0/17
VARGAS	6	15	Vargas	eigenname	q=0/13 next_cap=3/15 prev_cap=7/13 titel=0 ort=0/13
VARIETY	7	15	Variety	eigenname	q=2/14 next_cap=4/16 prev_cap=11/14 titel=0 ort=1/14
VINCE	5	15	Vince	eigenname	q=0/11 next_cap=7/15 prev_cap=5/11 titel=0 ort=0/11
VOELLER	7	15	Völler	eigenname	q=0/11 next_cap=2/15 prev_cap=6/11 titel=1 ort=0/11
VOLKSLIEDER	11	15	Volkslieder	eigenname	q=0/15 next_cap=3/16 prev_cap=3/15 titel=0 ort=0/15
VORSAETZE	9	15	Vorsätze	eigenname	q=1/15 next_cap=0/15 prev_cap=6/15 titel=0 ort=0/15
WALDECK	7	15	Waldeck	eigenname	q=1/17 next_cap=3/19 prev_cap=11/17 titel=0 ort=1/17
WEBSTER	7	15	Webster	eigenname	q=0/11 next_cap=1/15 prev_cap=9/11 titel=1 ort=0/11
WEGNER	6	15	Wegner	eigenname	q=0/11 next_cap=5/15 prev_cap=9/11 titel=1 ort=0/11
WEIHNACHT	9	15	Weihnacht	eigenname	q=1/15 next_cap=1/15 prev_cap=7/15 titel=0 ort=0/15
WELTKLASSE	10	15	Weltklasse	eigenname	q=1/23 next_cap=12/26 prev_cap=6/23 titel=0 ort=0/23
WENDELIN	8	15	Wendelin	eigenname	q=0/12 next_cap=9/15 prev_cap=6/12 titel=0 ort=0/12
WIKTOR	6	15	Wiktor	eigenname	q=1/11 next_cap=15/15 prev_cap=2/11 titel=0 ort=0/11
WINDSOR	7	15	Windsor	eigenname	q=1/18 next_cap=6/18 prev_cap=10/18 titel=0 ort=2/18
WINTERKORN	10	15	Winterkorn	eigenname	q=0/11 next_cap=0/15 prev_cap=10/11 titel=0 ort=0/11
WONG	4	15	Wong	eigenname	q=1/14 next_cap=4/16 prev_cap=7/14 titel=0 ort=0/14
WULF	4	15	Wulf	eigenname	q=0/20 next_cap=14/22 prev_cap=14/20 titel=0 ort=0/20
YILMAZ	6	15	Yilmaz	eigenname	q=0/11 next_cap=2/15 prev_cap=9/11 titel=2 ort=0/11
ZANDER	6	15	Zander	eigenname	q=2/13 next_cap=2/15 prev_cap=9/13 titel=0 ort=1/13
ACER	4	14	Acer	eigenname	q=1/14 next_cap=6/19 prev_cap=3/14 titel=0 ort=0/14
ALLIANZEN	9	14	Allianzen	eigenname	q=0/14 next_cap=1/15 prev_cap=3/14 titel=0 ort=0/14
ANETTE	6	14	Anette	eigenname	q=0/11 next_cap=11/14 prev_cap=4/11 titel=0 ort=0/11
ANNEGRET	8	14	Annegret	eigenname	q=1/11 next_cap=11/14 prev_cap=6/11 titel=0 ort=0/11
AUFDRUCK	8	14	Aufdruck	eigenname	q=3/15 next_cap=5/16 prev_cap=4/15 titel=0 ort=0/15
AUGUSTINUS	10	14	Augustinus	eigenname	q=1/17 next_cap=5/18 prev_cap=7/17 titel=0 ort=1/17
BALDWIN	7	14	Baldwin	eigenname	q=0/11 next_cap=4/14 prev_cap=5/11 titel=0 ort=1/11
BERGMAN	7	14	Bergman	eigenname	q=0/12 next_cap=2/15 prev_cap=9/12 titel=0 ort=0/12
BERNDT	6	14	Berndt	eigenname	q=1/13 next_cap=5/15 prev_cap=11/13 titel=0 ort=0/13
BERTRAND	8	14	Bertrand	eigenname	q=0/10 next_cap=0/14 prev_cap=5/10 titel=0 ort=0/10
BIERHOFF	8	14	Bierhoff	eigenname	q=0/11 next_cap=4/15 prev_cap=9/11 titel=0 ort=1/11
BILLARD	7	14	Billard	eigenname	q=4/17 next_cap=11/20 prev_cap=7/17 titel=0 ort=0/17
BLATTER	7	14	Blatter	eigenname	q=0/8 next_cap=1/15 prev_cap=4/8 titel=1 ort=0/8
BOEEN	5	14	Böen	eigenname	q=1/13 next_cap=1/14 prev_cap=1/13 titel=0 ort=0/13
BON	3	14	Bon	eigenname	q=2/17 next_cap=5/19 prev_cap=10/17 titel=0 ort=0/17
BORCHERT	8	14	Borchert	eigenname	q=1/11 next_cap=3/17 prev_cap=8/11 titel=0 ort=0/11
BREMENS	7	14	Bremens	eigenname	q=1/11 next_cap=5/14 prev_cap=7/11 titel=0 ort=0/11
BRUECKNER	9	14	Brückner	eigenname	q=0/14 next_cap=7/18 prev_cap=10/14 titel=0 ort=0/14
CALCIUM	7	14	Calcium	eigenname	q=3/21 next_cap=8/21 prev_cap=2/21 titel=0 ort=0/21
CAO	3	14	Cao	eigenname	q=1/14 next_cap=10/14 prev_cap=6/14 titel=0 ort=0/14
CAREY	5	14	Carey	eigenname	q=0/12 next_cap=4/15 prev_cap=9/12 titel=1 ort=0/12
CECIL	5	14	Cecil	eigenname	q=1/16 next_cap=10/17 prev_cap=7/16 titel=0 ort=3/16
CIRCUIT	7	14	Circuit	eigenname	q=3/14 next_cap=4/15 prev_cap=9/14 titel=0 ort=0/14
CLARE	5	14	Clare	eigenname	q=0/11 next_cap=2/14 prev_cap=5/11 titel=0 ort=0/11
COMFORT	7	14	Comfort	eigenname	q=2/14 next_cap=6/15 prev_cap=8/14 titel=0 ort=0/14
DELUXE	6	14	Deluxe	eigenname	q=3/28 next_cap=18/28 prev_cap=14/28 titel=0 ort=0/28
DEVIL	5	14	Devil	eigenname	q=1/9 next_cap=5/12 prev_cap=5/9 titel=0 ort=0/9
DIANE	5	14	Diane	eigenname	q=1/10 next_cap=5/14 prev_cap=4/10 titel=0 ort=1/10
DIMITRI	7	14	Dimitri	eigenname	q=0/9 next_cap=5/14 prev_cap=3/9 titel=0 ort=0/9
DIXON	5	14	Dixon	eigenname	q=1/14 next_cap=4/16 prev_cap=7/14 titel=0 ort=0/14
DOMINGO	7	14	Domingo	eigenname	q=0/12 next_cap=3/14 prev_cap=9/12 titel=0 ort=0/12
DUDLEY	6	14	Dudley	eigenname	q=1/13 next_cap=6/15 prev_cap=9/13 titel=0 ort=0/13
ECKART	6	14	Eckart	eigenname	q=0/10 next_cap=11/15 prev_cap=5/10 titel=0 ort=0/10
EDMOND	6	14	Edmond	eigenname	q=1/12 next_cap=10/15 prev_cap=6/12 titel=0 ort=0/12
EHUD	4	14	Ehud	eigenname	q=1/11 next_cap=14/14 prev_cap=8/11 titel=0 ort=0/11
ELLIOT	6	14	Elliot	eigenname	q=1/13 next_cap=6/15 prev_cap=8/13 titel=0 ort=0/13
EMILIO	6	14	Emilio	eigenname	q=0/12 next_cap=5/14 prev_cap=5/12 titel=0 ort=0/12
EMINEM	6	14	Eminem	eigenname	q=0/10 next_cap=1/14 prev_cap=3/10 titel=0 ort=0/10
ENGPAESSEN	10	14	Engpässen	eigenname	q=0/14 next_cap=0/14 prev_cap=1/14 titel=0 ort=1/14
EPILEPSIE	9	14	Epilepsie	eigenname	q=1/16 next_cap=3/18 prev_cap=3/16 titel=0 ort=1/16
ERLEN	5	14	Erlen	eigenname	q=1/15 next_cap=2/16 prev_cap=5/15 titel=0 ort=3/15
ESCHER	6	14	Escher	eigenname	q=1/17 next_cap=7/18 prev_cap=11/17 titel=0 ort=0/17
FALCON	6	14	Falcon	eigenname	q=3/18 next_cap=9/18 prev_cap=9/18 titel=0 ort=1/18
FALKENBERG	10	14	Falkenberg	eigenname	q=1/13 next_cap=2/14 prev_cap=5/13 titel=0 ort=1/13
FAVRE	5	14	Favre	eigenname	q=0/10 next_cap=0/14 prev_cap=7/10 titel=2 ort=0/10
FEI	3	14	Fei	eigenname	q=0/9 next_cap=4/11 prev_cap=6/9 titel=0 ort=1/9
FIONA	5	14	Fiona	eigenname	q=0/10 next_cap=5/14 prev_cap=4/10 titel=0 ort=1/10
FREEDOM	7	14	Freedom	eigenname	q=2/14 next_cap=8/15 prev_cap=11/14 titel=0 ort=0/14
FRENTZEN	8	14	Frentzen	eigenname	q=0/11 next_cap=1/14 prev_cap=9/11 titel=0 ort=0/11
FRIED	5	14	Fried	eigenname	q=0/14 next_cap=7/14 prev_cap=12/14 titel=0 ort=0/14
GAO	3	14	Gao	eigenname	q=0/11 next_cap=5/13 prev_cap=6/11 titel=0 ort=0/11
GEORGI	6	14	Georgi	eigenname	q=0/12 next_cap=7/14 prev_cap=9/12 titel=0 ort=0/12
GERHART	7	14	Gerhart	eigenname	q=0/13 next_cap=19/21 prev_cap=4/13 titel=0 ort=0/13
GLEICHSTROM	11	14	Gleichstrom	eigenname	q=1/20 next_cap=5/20 prev_cap=5/20 titel=0 ort=1/20
GLEN	4	14	Glen	eigenname	q=3/13 next_cap=11/14 prev_cap=4/13 titel=0 ort=1/13
GOERING	7	14	Göring	eigenname	q=0/17 next_cap=9/23 prev_cap=13/17 titel=0 ort=0/17
GORBATSCHOW	11	14	Gorbatschow	eigenname	q=0/12 next_cap=2/15 prev_cap=3/12 titel=0 ort=0/12
GROSSMANN	9	14	Großmann	eigenname	q=0/10 next_cap=0/14 prev_cap=5/10 titel=0 ort=0/10
GRUNDIG	7	14	Grundig	eigenname	q=0/17 next_cap=8/19 prev_cap=10/17 titel=0 ort=1/17
HAMPSHIRE	9	14	Hampshire	eigenname	q=0/13 next_cap=1/13 prev_cap=10/13 titel=0 ort=1/13
HANDKE	6	14	Handke	eigenname	q=1/15 next_cap=4/17 prev_cap=10/15 titel=0 ort=0/15
HAUSMANN	8	14	Hausmann	eigenname	q=0/13 next_cap=3/14 prev_cap=10/13 titel=1 ort=0/13
HEINZE	6	14	Heinze	eigenname	q=1/12 next_cap=3/13 prev_cap=9/12 titel=0 ort=0/12
HEYNCKES	8	14	Heynckes	eigenname	q=0/8 next_cap=1/14 prev_cap=6/8 titel=0 ort=1/8
HINTZE	6	14	Hintze	eigenname	q=0/11 next_cap=0/14 prev_cap=9/11 titel=0 ort=0/11
HIPP	4	14	Hipp	eigenname	q=0/12 next_cap=2/14 prev_cap=10/12 titel=0 ort=0/12
HOEHN	5	14	Höhn	eigenname	q=0/9 next_cap=4/15 prev_cap=5/9 titel=0 ort=2/9
HOEPPNER	8	14	Höppner	eigenname	q=0/11 next_cap=1/14 prev_cap=8/11 titel=1 ort=0/11
HOOD	4	14	Hood	eigenname	q=2/15 next_cap=4/16 prev_cap=13/15 titel=0 ort=0/15
HUBBARD	7	14	Hubbard	eigenname	q=0/11 next_cap=4/14 prev_cap=8/11 titel=0 ort=0/11
IDAHO	5	14	Idaho	eigenname	q=2/15 next_cap=7/15 prev_cap=6/15 titel=0 ort=3/15
IKEA	4	14	Ikea	eigenname	q=0/19 next_cap=12/23 prev_cap=1/19 titel=0 ort=2/19
INDEPENDENT	11	14	Independent	eigenname	q=6/25 next_cap=24/25 prev_cap=7/25 titel=0 ort=0/25
JAKOBUS	7	14	Jakobus	eigenname	q=1/16 next_cap=4/17 prev_cap=6/16 titel=0 ort=1/16
JASPER	6	14	Jasper	eigenname	q=1/10 next_cap=7/15 prev_cap=6/10 titel=0 ort=1/10
JEFFREY	7	14	Jeffrey	eigenname	q=2/14 next_cap=12/14 prev_cap=9/14 titel=0 ort=0/14
JOSEFINE	8	14	Josefine	eigenname	q=1/9 next_cap=6/14 prev_cap=3/9 titel=1 ort=0/9
JULIETTE	8	14	Juliette	eigenname	q=0/11 next_cap=2/14 prev_cap=5/11 titel=1 ort=1/11
JUPP	4	14	Jupp	eigenname	q=1/9 next_cap=11/15 prev_cap=3/9 titel=0 ort=0/9
KAESSMANN	9	14	Käßmann	eigenname	q=0/14 next_cap=0/14 prev_cap=11/14 titel=0 ort=0/14
KALI	4	14	Kali	eigenname	q=2/17 next_cap=8/20 prev_cap=3/17 titel=0 ort=0/17
KALLE	5	14	Kalle	eigenname	q=0/13 next_cap=4/15 prev_cap=7/13 titel=0 ort=0/13
KATIE	5	14	Katie	eigenname	q=1/12 next_cap=5/14 prev_cap=3/12 titel=0 ort=1/12
KHMER	5	14	Khmer	eigenname	q=2/19 next_cap=6/20 prev_cap=14/19 titel=0 ort=0/19
KILIAN	6	14	Kilian	eigenname	q=0/14 next_cap=5/18 prev_cap=10/14 titel=0 ort=0/14
KIRKE	5	14	Kirke	eigenname	q=1/13 next_cap=0/13 prev_cap=9/13 titel=0 ort=0/13
KREMS	5	14	Krems	eigenname	q=3/15 next_cap=2/15 prev_cap=9/15 titel=0 ort=2/15
KRETSCHMER	10	14	Kretschmer	eigenname	q=0/12 next_cap=2/15 prev_cap=8/12 titel=0 ort=0/12
LABBADIA	8	14	Labbadia	eigenname	q=1/11 next_cap=0/14 prev_cap=10/11 titel=1 ort=0/11
LAURENZ	7	14	Laurenz	eigenname	q=0/12 next_cap=11/15 prev_cap=9/12 titel=0 ort=0/12
LAURIE	6	14	Laurie	eigenname	q=1/12 next_cap=5/14 prev_cap=3/12 titel=0 ort=0/12
LEGIERUNGEN	11	14	Legierungen	eigenname	q=2/18 next_cap=0/19 prev_cap=9/18 titel=0 ort=1/18
LEIBNIZ	7	14	Leibniz	eigenname	q=3/38 next_cap=31/40 prev_cap=8/38 titel=0 ort=0/38
LINUS	5	14	Linus	eigenname	q=0/6 next_cap=10/14 prev_cap=4/6 titel=0 ort=0/6
LISZT	5	14	Liszt	eigenname	q=1/15 next_cap=3/17 prev_cap=7/15 titel=0 ort=1/15
LUISA	5	14	Luisa	eigenname	q=0/13 next_cap=11/17 prev_cap=10/13 titel=1 ort=0/13
LUND	4	14	Lund	eigenname	q=1/13 next_cap=0/15 prev_cap=8/13 titel=1 ort=2/13
MALIK	5	14	Malik	eigenname	q=0/11 next_cap=5/14 prev_cap=5/11 titel=1 ort=0/11
MARCELLO	8	14	Marcello	eigenname	q=0/10 next_cap=7/14 prev_cap=6/10 titel=1 ort=0/10
MARGA	5	14	Marga	eigenname	q=0/10 next_cap=8/13 prev_cap=3/10 titel=0 ort=1/10
MARLENE	7	14	Marlene	eigenname	q=0/14 next_cap=10/18 prev_cap=5/14 titel=1 ort=0/14
MASSAGEN	8	14	Massagen	eigenname	q=1/14 next_cap=1/16 prev_cap=5/14 titel=0 ort=0/14
MEIKE	5	14	Meike	eigenname	q=0/10 next_cap=6/14 prev_cap=7/10 titel=0 ort=0/10
METTMANN	8	14	Mettmann	eigenname	q=0/14 next_cap=0/14 prev_cap=14/14 titel=0 ort=1/14
MILBRADT	8	14	Milbradt	eigenname	q=0/3 next_cap=1/14 prev_cap=2/3 titel=0 ort=0/3
MINIATUR	8	14	Miniatur	eigenname	q=6/25 next_cap=14/27 prev_cap=3/25 titel=0 ort=1/25
MIRA	4	14	Mira	eigenname	q=0/12 next_cap=6/14 prev_cap=7/12 titel=0 ort=0/12
MOERS	5	14	Moers	eigenname	q=0/13 next_cap=1/14 prev_cap=8/13 titel=0 ort=3/13
MOHN	4	14	Mohn	eigenname	q=1/14 next_cap=3/17 prev_cap=13/14 titel=0 ort=0/14
MONTI	5	14	Monti	eigenname	q=2/14 next_cap=7/15 prev_cap=9/14 titel=0 ort=1/14
MOVIE	5	14	Movie	eigenname	q=3/21 next_cap=10/21 prev_cap=19/21 titel=0 ort=0/21
MUEHLDORF	9	14	Mühldorf	eigenname	q=0/14 next_cap=1/15 prev_cap=5/14 titel=0 ort=3/14
MUENCH	6	14	Münch	eigenname	q=0/11 next_cap=2/15 prev_cap=6/11 titel=0 ort=0/11
NELLY	5	14	Nelly	eigenname	q=1/10 next_cap=10/14 prev_cap=4/10 titel=0 ort=0/10
NEWSWIRES	9	14	Newswires	eigenname	q=0/14 next_cap=0/14 prev_cap=14/14 titel=0 ort=0/14
NICHOLSON	9	14	Nicholson	eigenname	q=0/10 next_cap=2/14 prev_cap=7/10 titel=0 ort=0/10
NICOLAUS	8	14	Nicolaus	eigenname	q=1/11 next_cap=13/14 prev_cap=8/11 titel=0 ort=0/11
NIGEL	5	14	Nigel	eigenname	q=0/11 next_cap=9/14 prev_cap=3/11 titel=1 ort=0/11
NIKI	4	14	Niki	eigenname	q=0/12 next_cap=6/15 prev_cap=6/12 titel=0 ort=0/12
NIXON	5	14	Nixon	eigenname	q=0/13 next_cap=3/16 prev_cap=9/13 titel=3 ort=0/13
OAK	3	14	Oak	eigenname	q=2/15 next_cap=12/15 prev_cap=6/15 titel=0 ort=2/15
OBELIX	6	14	Obelix	eigenname	q=0/9 next_cap=0/14 prev_cap=2/9 titel=0 ort=0/9
OBERMANN	8	14	Obermann	eigenname	q=0/10 next_cap=1/14 prev_cap=2/10 titel=0 ort=0/10
OPLADEN	7	14	Opladen	eigenname	q=0/14 next_cap=1/15 prev_cap=11/14 titel=0 ort=2/14
PARTIES	7	14	Parties	eigenname	q=1/19 next_cap=0/19 prev_cap=8/19 titel=0 ort=0/19
PAULS	5	14	Pauls	eigenname	q=0/15 next_cap=13/17 prev_cap=8/15 titel=0 ort=1/15
PAVEL	5	14	Pavel	eigenname	q=0/9 next_cap=10/14 prev_cap=5/9 titel=0 ort=0/9
PENELOPE	8	14	Penelope	eigenname	q=0/14 next_cap=7/15 prev_cap=6/14 titel=0 ort=0/14
PILZEN	6	14	Pilzen	eigenname	q=1/14 next_cap=0/14 prev_cap=1/14 titel=0 ort=0/14
POKALS	6	14	Pokals	eigenname	q=8/33 next_cap=0/33 prev_cap=21/33 titel=0 ort=0/33
PRODUZENTIN	11	14	Produzentin	eigenname	q=3/15 next_cap=6/16 prev_cap=3/15 titel=0 ort=0/15
QIAGEN	6	14	Qiagen	eigenname	q=0/7 next_cap=1/12 prev_cap=0/7 titel=0 ort=1/7
QUENTIN	7	14	Quentin	eigenname	q=0/12 next_cap=8/15 prev_cap=7/12 titel=0 ort=0/12
QUINN	5	14	Quinn	eigenname	q=0/14 next_cap=0/14 prev_cap=10/14 titel=0 ort=0/14
RAS	3	14	Ras	eigenname	q=2/11 next_cap=5/12 prev_cap=3/11 titel=0 ort=1/11
RAUL	4	14	Raul	eigenname	q=0/8 next_cap=12/14 prev_cap=5/8 titel=0 ort=1/8
RAW	3	14	RAW	eigenname	q=3/13 next_cap=7/13 prev_cap=4/13 titel=0 ort=1/13
RENE	4	14	Rene	eigenname	q=1/8 next_cap=9/14 prev_cap=6/8 titel=0 ort=0/8
RHEUMA	6	14	Rheuma	eigenname	q=1/13 next_cap=4/17 prev_cap=5/13 titel=0 ort=0/13
RIESTER	7	14	Riester	eigenname	q=0/50 next_cap=45/58 prev_cap=14/50 titel=0 ort=3/50
ROBBIE	6	14	Robbie	eigenname	q=0/9 next_cap=11/16 prev_cap=1/9 titel=0 ort=1/9
RODRIGUEZ	9	14	Rodriguez	eigenname	q=0/10 next_cap=2/14 prev_cap=6/10 titel=0 ort=0/10
ROMMEL	6	14	Rommel	eigenname	q=0/8 next_cap=2/15 prev_cap=3/8 titel=0 ort=0/8
ROONEY	6	14	Rooney	eigenname	q=0/9 next_cap=0/14 prev_cap=5/9 titel=0 ort=0/9
ROTHER	6	14	Rother	eigenname	q=1/12 next_cap=7/15 prev_cap=10/12 titel=1 ort=0/12
RUDY	4	14	Rudy	eigenname	q=0/7 next_cap=9/14 prev_cap=4/7 titel=0 ort=0/7
SAGER	5	14	Sager	eigenname	q=0/12 next_cap=0/15 prev_cap=9/12 titel=0 ort=0/12
SALSA	5	14	Salsa	eigenname	q=4/20 next_cap=9/21 prev_cap=5/20 titel=0 ort=0/20
SANCHEZ	7	14	Sanchez	eigenname	q=0/10 next_cap=1/14 prev_cap=6/10 titel=0 ort=0/10
SANSKRIT	8	14	Sanskrit	eigenname	q=3/17 next_cap=6/18 prev_cap=3/17 titel=0 ort=3/17
SANT	4	14	Sant	eigenname	q=1/14 next_cap=10/14 prev_cap=6/14 titel=0 ort=1/14
SCHREMPP	8	14	Schrempp	eigenname	q=0/10 next_cap=1/15 prev_cap=5/10 titel=0 ort=0/10
SCULLY	6	14	Scully	eigenname	q=0/9 next_cap=1/14 prev_cap=2/9 titel=0 ort=0/9
SELMA	5	14	Selma	eigenname	q=0/12 next_cap=11/14 prev_cap=5/12 titel=2 ort=0/12
SOELDNERN	9	14	Söldnern	eigenname	q=1/14 next_cap=0/14 prev_cap=2/14 titel=0 ort=1/14
SOLUTIONS	9	14	Solutions	eigenname	q=0/14 next_cap=4/15 prev_cap=13/14 titel=0 ort=0/14
STERLING	8	14	Sterling	eigenname	q=2/12 next_cap=3/14 prev_cap=7/12 titel=0 ort=0/12
SUGAR	5	14	Sugar	eigenname	q=2/13 next_cap=10/14 prev_cap=5/13 titel=0 ort=1/13
SYLVESTER	9	14	Sylvester	eigenname	q=0/9 next_cap=5/14 prev_cap=3/9 titel=0 ort=0/9
TEUBNER	7	14	Teubner	eigenname	q=0/10 next_cap=12/14 prev_cap=9/10 titel=0 ort=0/10
THORNTON	8	14	Thornton	eigenname	q=0/13 next_cap=4/14 prev_cap=6/13 titel=0 ort=0/13
TOSHIBA	7	14	Toshiba	eigenname	q=0/8 next_cap=2/17 prev_cap=2/8 titel=0 ort=0/8
UMWEGEN	7	14	Umwegen	eigenname	q=0/14 next_cap=0/14 prev_cap=3/14 titel=0 ort=0/14
VERDEN	6	14	Verden	eigenname	q=0/13 next_cap=1/14 prev_cap=9/13 titel=0 ort=2/13
VERSATEL	8	14	Versatel	eigenname	q=0/10 next_cap=3/17 prev_cap=3/10 titel=0 ort=1/10
VILLACH	7	14	Villach	eigenname	q=1/14 next_cap=2/15 prev_cap=9/14 titel=0 ort=3/14
WARTENBERG	10	14	Wartenberg	eigenname	q=0/13 next_cap=0/14 prev_cap=7/13 titel=0 ort=0/13
WARZEN	6	14	Warzen	eigenname	q=1/15 next_cap=1/15 prev_cap=2/15 titel=0 ort=0/15
WESSEL	6	14	Wessel	eigenname	q=0/12 next_cap=3/16 prev_cap=9/12 titel=1 ort=1/12
WESTERMANN	10	14	Westermann	eigenname	q=0/14 next_cap=2/14 prev_cap=11/14 titel=0 ort=0/14
WESTWIND	8	14	Westwind	eigenname	q=1/14 next_cap=1/15 prev_cap=1/14 titel=0 ort=1/14
WIDE	4	14	Wide	eigenname	q=2/18 next_cap=15/18 prev_cap=14/18 titel=0 ort=0/18
WILDERS	7	14	Wilders	eigenname	q=0/8 next_cap=3/15 prev_cap=4/8 titel=0 ort=0/8
WINGS	5	14	Wings	eigenname	q=3/16 next_cap=4/16 prev_cap=12/16 titel=0 ort=0/16
WITTIG	6	14	Wittig	eigenname	q=1/14 next_cap=4/16 prev_cap=8/14 titel=0 ort=0/14
WYSS	4	14	Wyss	eigenname	q=0/14 next_cap=5/16 prev_cap=13/14 titel=0 ort=1/14
ABBOTT	6	13	Abbott	eigenname	q=1/13 next_cap=3/15 prev_cap=9/13 titel=0 ort=1/13
AECKERN	7	13	Äckern	eigenname	q=1/13 next_cap=2/13 prev_cap=3/13 titel=0 ort=2/13
AHORN	5	13	Ahorn	eigenname	q=3/20 next_cap=10/20 prev_cap=8/20 titel=0 ort=1/20
ALBER	5	13	Alber	eigenname	q=0/8 next_cap=10/14 prev_cap=7/8 titel=0 ort=0/8
ALBERS	6	13	Albers	eigenname	q=0/12 next_cap=4/14 prev_cap=10/12 titel=1 ort=0/12
ALEXIS	6	13	Alexis	eigenname	q=1/11 next_cap=5/13 prev_cap=3/11 titel=0 ort=0/11
ALLEEN	6	13	Alleen	eigenname	q=1/13 next_cap=0/14 prev_cap=2/13 titel=0 ort=0/13
ALTERTUEMER	11	13	Altertümer	eigenname	q=1/13 next_cap=2/13 prev_cap=2/13 titel=0 ort=0/13
AMBROSIUS	9	13	Ambrosius	eigenname	q=2/11 next_cap=6/13 prev_cap=5/11 titel=0 ort=1/11
AMELIE	6	13	Amelie	eigenname	q=1/9 next_cap=10/13 prev_cap=6/9 titel=0 ort=0/9
ANNEN	5	13	Annen	eigenname	q=0/17 next_cap=6/18 prev_cap=9/17 titel=0 ort=1/17
ANRATEN	7	13	Anraten	eigenname	q=0/13 next_cap=1/13 prev_cap=7/13 titel=0 ort=0/13
ANSGAR	6	13	Ansgar	eigenname	q=0/12 next_cap=9/14 prev_cap=7/12 titel=0 ort=0/12
APACHE	6	13	Apache	eigenname	q=2/11 next_cap=6/14 prev_cap=3/11 titel=0 ort=0/11
APPENZELL	9	13	Appenzell	eigenname	q=1/12 next_cap=6/13 prev_cap=6/12 titel=0 ort=2/12
ARENDT	6	13	Arendt	eigenname	q=0/12 next_cap=5/16 prev_cap=10/12 titel=0 ort=2/12
ARTIST	6	13	Artist	eigenname	q=3/14 next_cap=4/15 prev_cap=7/14 titel=0 ort=1/14
ASA	3	13	ASA	eigenname	q=0/7 next_cap=5/7 prev_cap=2/7 titel=0 ort=0/7
ASTERIX	7	13	Asterix	eigenname	q=1/12 next_cap=6/16 prev_cap=2/12 titel=0 ort=1/12
ATTILA	6	13	Attila	eigenname	q=1/12 next_cap=5/14 prev_cap=4/12 titel=0 ort=0/12
BALI	4	13	Bali	eigenname	q=0/14 next_cap=2/15 prev_cap=4/14 titel=0 ort=3/14
BAXTER	6	13	Baxter	eigenname	q=2/12 next_cap=5/14 prev_cap=5/12 titel=0 ort=0/12
BENNETT	7	13	Bennett	eigenname	q=0/12 next_cap=4/14 prev_cap=7/12 titel=0 ort=0/12
BIEDERMANN	10	13	Biedermann	eigenname	q=1/12 next_cap=1/15 prev_cap=8/12 titel=0 ort=0/12
BILLIE	6	13	Billie	eigenname	q=1/9 next_cap=7/13 prev_cap=3/9 titel=0 ort=0/9
BING	4	13	Bing	eigenname	q=0/12 next_cap=5/14 prev_cap=4/12 titel=0 ort=1/12
BLOCHER	7	13	Blocher	eigenname	q=0/13 next_cap=4/16 prev_cap=7/13 titel=0 ort=0/13
BOATENG	7	13	Boateng	eigenname	q=0/8 next_cap=3/13 prev_cap=6/8 titel=0 ort=0/8
BONIFATIUS	10	13	Bonifatius	eigenname	q=1/17 next_cap=10/20 prev_cap=9/17 titel=0 ort=0/17
BOROWSKI	8	13	Borowski	eigenname	q=0/10 next_cap=0/13 prev_cap=5/10 titel=0 ort=0/10
BRANDON	7	13	Brandon	eigenname	q=0/10 next_cap=6/12 prev_cap=4/10 titel=0 ort=0/10
BRUEGGEMANN	11	13	Brüggemann	eigenname	q=0/10 next_cap=2/14 prev_cap=9/10 titel=0 ort=0/10
BRUENING	8	13	Brüning	eigenname	q=0/12 next_cap=1/13 prev_cap=6/12 titel=0 ort=0/12
BUSS	4	13	Buß	eigenname	q=2/14 next_cap=4/17 prev_cap=10/14 titel=0 ort=0/14
CAMERA	6	13	Camera	eigenname	q=1/11 next_cap=7/12 prev_cap=9/11 titel=0 ort=0/11
CARO	4	13	Caro	eigenname	q=0/10 next_cap=4/13 prev_cap=4/10 titel=0 ort=1/10
CATHOLIC	8	13	Catholic	eigenname	q=3/14 next_cap=14/14 prev_cap=8/14 titel=0 ort=0/14
CENTROTHERM	11	13	Centrotherm	eigenname	q=0/5 next_cap=0/13 prev_cap=0/5 titel=0 ort=0/5
CHO	3	13	Cho	eigenname	q=0/10 next_cap=2/13 prev_cap=4/10 titel=0 ort=0/10
CLAYTON	7	13	Clayton	eigenname	q=0/11 next_cap=5/12 prev_cap=9/11 titel=0 ort=0/11
CORDES	6	13	Cordes	eigenname	q=0/11 next_cap=2/13 prev_cap=9/11 titel=1 ort=0/11
CRAILSHEIM	10	13	Crailsheim	eigenname	q=0/12 next_cap=1/13 prev_cap=5/12 titel=0 ort=2/12
CUBA	4	13	Cuba	eigenname	q=0/11 next_cap=3/14 prev_cap=2/11 titel=0 ort=2/11
DAVIDS	6	13	Davids	eigenname	q=0/12 next_cap=11/13 prev_cap=4/12 titel=1 ort=0/12
DEGGENDORF	10	13	Deggendorf	eigenname	q=0/12 next_cap=0/13 prev_cap=9/12 titel=0 ort=1/12
DOCTOR	6	13	Doctor	eigenname	q=3/13 next_cap=7/13 prev_cap=7/13 titel=0 ort=0/13
EICHMANN	8	13	Eichmann	eigenname	q=0/14 next_cap=5/17 prev_cap=5/14 titel=0 ort=0/14
ELISABETHA	10	13	Elisabetha	eigenname	q=0/11 next_cap=11/13 prev_cap=8/11 titel=0 ort=0/11
ENDERS	6	13	Enders	eigenname	q=0/7 next_cap=2/13 prev_cap=4/7 titel=0 ort=0/7
ENTITAETEN	10	13	Entitäten	eigenname	q=1/13 next_cap=1/13 prev_cap=1/13 titel=0 ort=0/13
ESTEBAN	7	13	Esteban	eigenname	q=0/11 next_cap=3/13 prev_cap=7/11 titel=0 ort=0/11
FACTORY	7	13	Factory	eigenname	q=3/19 next_cap=8/19 prev_cap=15/19 titel=0 ort=0/19
FERDINANDS	10	13	Ferdinands	eigenname	q=0/11 next_cap=9/14 prev_cap=6/11 titel=0 ort=2/11
FESTSPIELEN	11	13	Festspielen	eigenname	q=2/14 next_cap=2/14 prev_cap=8/14 titel=0 ort=1/14
FIDEL	5	13	Fidel	eigenname	q=0/11 next_cap=6/13 prev_cap=2/11 titel=0 ort=0/11
FLEET	5	13	Fleet	eigenname	q=2/14 next_cap=4/14 prev_cap=10/14 titel=0 ort=1/14
FLEMING	7	13	Fleming	eigenname	q=0/13 next_cap=3/16 prev_cap=8/13 titel=0 ort=0/13
GARTNER	7	13	Gartner	eigenname	q=0/14 next_cap=3/14 prev_cap=8/14 titel=0 ort=0/14
GEHOELZEN	9	13	Gehölzen	eigenname	q=0/13 next_cap=1/13 prev_cap=0/13 titel=0 ort=1/13
GESELLE	7	13	Geselle	eigenname	q=1/13 next_cap=0/13 prev_cap=2/13 titel=0 ort=0/13
GEWEHREN	8	13	Gewehren	eigenname	q=1/15 next_cap=1/15 prev_cap=2/15 titel=0 ort=1/15
GINA	4	13	Gina	eigenname	q=0/11 next_cap=6/14 prev_cap=3/11 titel=0 ort=0/11
GROUND	6	13	Ground	eigenname	q=2/15 next_cap=6/15 prev_cap=12/15 titel=0 ort=1/15
GUBEN	5	13	Guben	eigenname	q=0/10 next_cap=1/13 prev_cap=8/10 titel=0 ort=2/10
HALBLEITER	10	13	Halbleiter	eigenname	q=5/25 next_cap=13/25 prev_cap=5/25 titel=0 ort=0/25
HAMMOND	7	13	Hammond	eigenname	q=0/10 next_cap=4/13 prev_cap=7/10 titel=0 ort=0/10
HANNO	5	13	Hanno	eigenname	q=0/8 next_cap=10/13 prev_cap=6/8 titel=1 ort=0/8
HANSJOERG	9	13	Hansjörg	eigenname	q=0/10 next_cap=14/14 prev_cap=7/10 titel=0 ort=0/10
HARKORT	7	13	Harkort	eigenname	q=0/13 next_cap=12/13 prev_cap=13/13 titel=0 ort=0/13
HARLAN	6	13	Harlan	eigenname	q=0/11 next_cap=5/13 prev_cap=8/11 titel=0 ort=0/11
HAUER	5	13	Hauer	eigenname	q=0/10 next_cap=1/11 prev_cap=5/10 titel=0 ort=0/10
HEIMATKUNDE	11	13	Heimatkunde	eigenname	q=1/13 next_cap=2/13 prev_cap=3/13 titel=0 ort=0/13
HELMUTH	7	13	Helmuth	eigenname	q=0/8 next_cap=12/13 prev_cap=1/8 titel=0 ort=0/8
HERODOT	7	13	Herodot	eigenname	q=0/7 next_cap=3/14 prev_cap=1/7 titel=0 ort=1/7
HEYMANN	7	13	Heymann	eigenname	q=1/10 next_cap=6/13 prev_cap=6/10 titel=0 ort=0/10
HINRICHS	8	13	Hinrichs	eigenname	q=0/11 next_cap=3/13 prev_cap=6/11 titel=0 ort=0/11
HOMBERG	7	13	Homberg	eigenname	q=0/13 next_cap=1/13 prev_cap=6/13 titel=0 ort=1/13
HYPO	4	13	Hypo	eigenname	q=3/14 next_cap=20/25 prev_cap=4/14 titel=0 ort=0/14
ILJA	4	13	Ilja	eigenname	q=1/8 next_cap=8/13 prev_cap=4/8 titel=0 ort=1/8
JANINA	6	13	Janina	eigenname	q=0/8 next_cap=8/13 prev_cap=2/8 titel=0 ort=1/8
JANINE	6	13	Janine	eigenname	q=0/11 next_cap=6/13 prev_cap=5/11 titel=0 ort=0/11
JARA	4	13	Jara	eigenname	q=1/9 next_cap=0/13 prev_cap=7/9 titel=0 ort=0/9
JEROME	6	13	Jerome	eigenname	q=0/9 next_cap=12/13 prev_cap=5/9 titel=0 ort=0/9
JUERG	5	13	Jürg	eigenname	q=0/9 next_cap=13/14 prev_cap=5/9 titel=0 ort=1/9
KAMINSKI	8	13	Kaminski	eigenname	q=1/13 next_cap=2/13 prev_cap=7/13 titel=0 ort=0/13
KAROL	5	13	Karol	eigenname	q=1/9 next_cap=10/13 prev_cap=3/9 titel=0 ort=0/9
KITA	4	13	Kita	eigenname	q=10/59 next_cap=51/63 prev_cap=18/59 titel=0 ort=2/59
KITTEL	6	13	Kittel	eigenname	q=1/13 next_cap=1/13 prev_cap=7/13 titel=0 ort=0/13
KLOPP	5	13	Klopp	eigenname	q=0/13 next_cap=0/13 prev_cap=8/13 titel=0 ort=1/13
KOENIGSTEIN	11	13	Königstein	eigenname	q=0/14 next_cap=1/15 prev_cap=8/14 titel=0 ort=3/14
KOLUMBUS	8	13	Kolumbus	eigenname	q=1/13 next_cap=4/16 prev_cap=5/13 titel=0 ort=0/13
KRAUSS	6	13	Krauss	eigenname	q=0/16 next_cap=7/16 prev_cap=11/16 titel=0 ort=1/16
KREUZNACH	9	13	Kreuznach	eigenname	q=0/14 next_cap=0/14 prev_cap=13/14 titel=0 ort=0/14
LAJOS	5	13	Lajos	eigenname	q=0/11 next_cap=6/13 prev_cap=7/11 titel=0 ort=0/11
LATIN	5	13	Latin	eigenname	q=2/17 next_cap=12/18 prev_cap=11/17 titel=0 ort=1/17
LAWINEN	7	13	Lawinen	eigenname	q=0/13 next_cap=2/16 prev_cap=1/13 titel=0 ort=1/13
LEHMAN	6	13	Lehman	eigenname	q=0/26 next_cap=25/33 prev_cap=7/26 titel=0 ort=1/26
LEITNER	7	13	Leitner	eigenname	q=0/13 next_cap=2/14 prev_cap=9/13 titel=0 ort=0/13
LENI	4	13	Leni	eigenname	q=0/11 next_cap=8/14 prev_cap=3/11 titel=0 ort=0/11
LESTER	6	13	Lester	eigenname	q=0/11 next_cap=5/13 prev_cap=5/11 titel=1 ort=0/11
LHOTA	5	13	Lhota	eigenname	q=0/13 next_cap=0/13 prev_cap=6/13 titel=0 ort=0/13
LIAM	4	13	Liam	eigenname	q=0/10 next_cap=3/13 prev_cap=1/10 titel=0 ort=0/10
LINDSEY	7	13	Lindsey	eigenname	q=0/7 next_cap=8/13 prev_cap=4/7 titel=0 ort=0/7
MARGARETA	9	13	Margareta	eigenname	q=1/11 next_cap=6/13 prev_cap=2/11 titel=0 ort=0/11
MARVEL	6	13	Marvel	eigenname	q=1/14 next_cap=11/16 prev_cap=5/14 titel=0 ort=1/14
MASSIMO	7	13	Massimo	eigenname	q=0/7 next_cap=9/13 prev_cap=4/7 titel=2 ort=1/7
MEDIGENE	8	13	Medigene	eigenname	q=0/9 next_cap=5/18 prev_cap=4/9 titel=0 ort=0/9
MESSI	5	13	Messi	eigenname	q=1/9 next_cap=1/14 prev_cap=7/9 titel=0 ort=0/9
MEXIKOS	7	13	Mexikos	eigenname	q=0/13 next_cap=1/13 prev_cap=12/13 titel=0 ort=0/13
MIELKE	6	13	Mielke	eigenname	q=3/13 next_cap=6/14 prev_cap=5/13 titel=0 ort=0/13
MINA	4	13	Mina	eigenname	q=0/9 next_cap=3/14 prev_cap=4/9 titel=0 ort=1/9
MOBILCOM	8	13	Mobilcom	eigenname	q=1/13 next_cap=7/20 prev_cap=3/13 titel=0 ort=1/13
MONIQUE	7	13	Monique	eigenname	q=0/7 next_cap=8/13 prev_cap=3/7 titel=0 ort=0/7
MORPHOSYS	9	13	Morphosys	eigenname	q=0/6 next_cap=2/15 prev_cap=1/6 titel=0 ort=1/6
NAPSTER	7	13	Napster	eigenname	q=0/13 next_cap=7/19 prev_cap=3/13 titel=0 ort=0/13
NATHALIE	8	13	Nathalie	eigenname	q=1/7 next_cap=7/13 prev_cap=2/7 titel=0 ort=0/7
NEUSEELANDS	11	13	Neuseelands	eigenname	q=0/11 next_cap=1/13 prev_cap=10/11 titel=0 ort=0/11
NEUVILLE	8	13	Neuville	eigenname	q=0/13 next_cap=2/13 prev_cap=7/13 titel=0 ort=0/13
NOIR	4	13	Noir	eigenname	q=0/13 next_cap=2/13 prev_cap=10/13 titel=0 ort=0/13
NOVELL	6	13	Novell	eigenname	q=0/12 next_cap=8/18 prev_cap=2/12 titel=0 ort=1/12
OPPENHEIM	9	13	Oppenheim	eigenname	q=0/13 next_cap=3/14 prev_cap=9/13 titel=0 ort=0/13
OUTLOOK	7	13	Outlook	eigenname	q=2/16 next_cap=8/19 prev_cap=5/16 titel=0 ort=0/16
PAARKREUZ	9	13	Paarkreuz	eigenname	q=0/13 next_cap=0/13 prev_cap=1/13 titel=0 ort=0/13
PARIBAS	7	13	Paribas	eigenname	q=0/16 next_cap=2/16 prev_cap=15/16 titel=0 ort=0/16
PAYPAL	6	13	Paypal	eigenname	q=0/17 next_cap=6/18 prev_cap=3/17 titel=0 ort=0/17
PHOTOSHOP	9	13	Photoshop	eigenname	q=1/14 next_cap=6/18 prev_cap=4/14 titel=0 ort=3/14
PILASTERN	9	13	Pilastern	eigenname	q=1/14 next_cap=0/14 prev_cap=1/14 titel=0 ort=0/14
PREUSS	6	13	Preuß	eigenname	q=1/12 next_cap=4/14 prev_cap=10/12 titel=0 ort=0/12
PROZESSTAG	10	13	Prozesstag	eigenname	q=0/13 next_cap=0/13 prev_cap=0/13 titel=0 ort=0/13
QUEST	5	13	Quest	eigenname	q=2/16 next_cap=5/17 prev_cap=10/16 titel=0 ort=0/16
REYNOLDS	8	13	Reynolds	eigenname	q=1/15 next_cap=4/16 prev_cap=8/15 titel=0 ort=0/15
RHEINMETALL	11	13	Rheinmetall	eigenname	q=0/14 next_cap=6/19 prev_cap=5/14 titel=0 ort=2/14
RIESCH	6	13	Riesch	eigenname	q=0/13 next_cap=1/14 prev_cap=12/13 titel=0 ort=0/13
RITCHIE	7	13	Ritchie	eigenname	q=0/7 next_cap=3/13 prev_cap=6/7 titel=0 ort=0/7
RITUALEN	8	13	Ritualen	eigenname	q=1/16 next_cap=0/16 prev_cap=3/16 titel=0 ort=2/16
ROSEMARIE	9	13	Rosemarie	eigenname	q=0/11 next_cap=9/13 prev_cap=3/11 titel=1 ort=1/11
SACHBUCH	8	13	Sachbuch	eigenname	q=2/14 next_cap=7/15 prev_cap=4/14 titel=0 ort=0/14
SALT	4	13	Salt	eigenname	q=1/10 next_cap=10/10 prev_cap=5/10 titel=0 ort=2/10
SASHA	5	13	Sasha	eigenname	q=0/9 next_cap=4/14 prev_cap=1/9 titel=0 ort=0/9
SATURN	6	13	Saturn	eigenname	q=1/21 next_cap=9/23 prev_cap=7/21 titel=0 ort=0/21
SAXONIA	7	13	Saxonia	eigenname	q=1/12 next_cap=3/15 prev_cap=8/12 titel=0 ort=0/12
SCANIA	6	13	Scania	eigenname	q=0/10 next_cap=4/16 prev_cap=2/10 titel=0 ort=2/10
SCHAAF	6	13	Schaaf	eigenname	q=0/11 next_cap=0/13 prev_cap=8/11 titel=0 ort=0/11
SCHEEL	6	13	Scheel	eigenname	q=0/11 next_cap=3/14 prev_cap=7/11 titel=0 ort=0/11
SCHERING	8	13	Schering	eigenname	q=2/18 next_cap=14/26 prev_cap=8/18 titel=0 ort=1/18
SERBIENS	8	13	Serbiens	eigenname	q=0/11 next_cap=4/14 prev_cap=7/11 titel=0 ort=0/11
SERGEI	6	13	Sergei	eigenname	q=1/9 next_cap=10/13 prev_cap=4/9 titel=0 ort=0/9
SHEILA	6	13	Sheila	eigenname	q=1/9 next_cap=7/13 prev_cap=2/9 titel=0 ort=0/9
SKIBBE	6	13	Skibbe	eigenname	q=0/5 next_cap=1/14 prev_cap=1/5 titel=0 ort=0/5
SKYPE	5	13	Skype	eigenname	q=1/19 next_cap=10/22 prev_cap=3/19 titel=0 ort=1/19
SOJA	4	13	Soja	eigenname	q=1/20 next_cap=7/20 prev_cap=10/20 titel=1 ort=1/20
SONIA	5	13	Sonia	eigenname	q=1/12 next_cap=6/14 prev_cap=3/12 titel=0 ort=0/12
SPREMBERG	9	13	Spremberg	eigenname	q=0/13 next_cap=0/13 prev_cap=8/13 titel=0 ort=3/13
STALINGRAD	10	13	Stalingrad	eigenname	q=0/13 next_cap=1/14 prev_cap=1/13 titel=0 ort=1/13
STARBUCKS	9	13	Starbucks	eigenname	q=0/10 next_cap=6/18 prev_cap=3/10 titel=0 ort=2/10
STOLLN	6	13	Stolln	eigenname	q=2/19 next_cap=1/19 prev_cap=17/19 titel=0 ort=0/19
STRAEUCHERN	11	13	Sträuchern	eigenname	q=1/13 next_cap=0/13 prev_cap=2/13 titel=0 ort=1/13
SUMATRA	7	13	Sumatra	eigenname	q=0/19 next_cap=6/19 prev_cap=6/19 titel=0 ort=1/19
SURTEES	7	13	Surtees	eigenname	q=0/10 next_cap=1/13 prev_cap=4/10 titel=0 ort=0/10
TAUWETTER	9	13	Tauwetter	eigenname	q=1/13 next_cap=2/14 prev_cap=2/13 titel=0 ort=1/13
TEICHMANN	9	13	Teichmann	eigenname	q=0/11 next_cap=1/13 prev_cap=9/11 titel=1 ort=0/11
TEUTONIA	8	13	Teutonia	eigenname	q=2/13 next_cap=6/15 prev_cap=6/13 titel=0 ort=1/13
THIELE	6	13	Thiele	eigenname	q=0/13 next_cap=4/14 prev_cap=9/13 titel=0 ort=1/13
THYSSEN	7	13	Thyssen	eigenname	q=1/16 next_cap=21/30 prev_cap=5/16 titel=0 ort=2/16
TIBERIUS	8	13	Tiberius	eigenname	q=1/11 next_cap=5/15 prev_cap=3/11 titel=0 ort=1/11
TOURISTIK	9	13	Touristik	eigenname	q=3/22 next_cap=11/24 prev_cap=12/22 titel=0 ort=0/22
TRICHET	7	13	Trichet	eigenname	q=0/8 next_cap=0/13 prev_cap=4/8 titel=0 ort=0/8
UDE	3	13	Ude	eigenname	q=0/8 next_cap=4/13 prev_cap=7/8 titel=1 ort=0/8
ULLSTEIN	8	13	Ullstein	eigenname	q=1/11 next_cap=12/16 prev_cap=6/11 titel=0 ort=2/11
USEDOM	6	13	Usedom	eigenname	q=0/12 next_cap=1/13 prev_cap=6/12 titel=0 ort=0/12
VALERIE	7	13	Valerie	eigenname	q=0/11 next_cap=6/13 prev_cap=7/11 titel=0 ort=1/11
VOLKMAR	7	13	Volkmar	eigenname	q=0/11 next_cap=12/13 prev_cap=9/11 titel=0 ort=0/11
VOSSLOH	7	13	Vossloh	eigenname	q=0/15 next_cap=7/19 prev_cap=3/15 titel=0 ort=0/15
WALTERS	7	13	Walters	eigenname	q=0/7 next_cap=5/13 prev_cap=7/7 titel=0 ort=0/7
WANDA	5	13	Wanda	eigenname	q=0/11 next_cap=4/13 prev_cap=5/11 titel=1 ort=0/11
WINEHOUSE	9	13	Winehouse	eigenname	q=0/10 next_cap=1/14 prev_cap=8/10 titel=0 ort=0/10
ZIERPFLANZE	11	13	Zierpflanze	eigenname	q=0/13 next_cap=0/13 prev_cap=0/13 titel=0 ort=0/13
AAS	3	12	Aas	eigenname	q=1/14 next_cap=1/14 prev_cap=4/14 titel=0 ort=0/14
ACTS	4	12	Acts	eigenname	q=4/18 next_cap=1/18 prev_cap=10/18 titel=0 ort=0/18
ADA	3	12	Ada	eigenname	q=0/8 next_cap=5/10 prev_cap=3/8 titel=0 ort=1/8
ADELE	5	12	Adele	eigenname	q=1/10 next_cap=8/12 prev_cap=6/10 titel=0 ort=0/10
ADI	3	12	Adi	eigenname	q=1/7 next_cap=7/10 prev_cap=4/7 titel=0 ort=0/7
ALFONSO	7	12	Alfonso	eigenname	q=0/8 next_cap=5/12 prev_cap=3/8 titel=0 ort=0/8
ALGEBRA	7	12	Algebra	eigenname	q=2/17 next_cap=1/17 prev_cap=9/17 titel=0 ort=1/17
ALINA	5	12	Alina	eigenname	q=0/11 next_cap=3/12 prev_cap=6/11 titel=0 ort=1/11
ALSTOM	6	12	Alstom	eigenname	q=0/9 next_cap=2/14 prev_cap=0/9 titel=0 ort=2/9
AMOS	4	12	Amos	eigenname	q=0/7 next_cap=7/11 prev_cap=3/7 titel=0 ort=1/7
ANGIE	5	12	Angie	eigenname	q=0/12 next_cap=3/14 prev_cap=5/12 titel=1 ort=1/12
ANKLAM	6	12	Anklam	eigenname	q=0/10 next_cap=0/12 prev_cap=5/10 titel=0 ort=2/10
ARNIM	5	12	Arnim	eigenname	q=0/9 next_cap=2/12 prev_cap=0/9 titel=0 ort=0/9
ASSISTENZ	9	12	Assistenz	eigenname	q=4/18 next_cap=6/18 prev_cap=2/18 titel=0 ort=0/18
ATTAC	5	12	Attac	eigenname	q=0/11 next_cap=5/14 prev_cap=4/11 titel=0 ort=2/11
AUTHORITY	9	12	Authority	eigenname	q=2/12 next_cap=5/12 prev_cap=10/12 titel=0 ort=0/12
AXA	3	12	AXA	eigenname	q=0/5 next_cap=3/7 prev_cap=2/5 titel=0 ort=1/5
BALDUIN	7	12	Balduin	eigenname	q=1/9 next_cap=4/12 prev_cap=5/9 titel=0 ort=0/9
BALLMER	7	12	Ballmer	eigenname	q=0/10 next_cap=1/12 prev_cap=6/10 titel=0 ort=0/10
BASIL	5	12	Basil	eigenname	q=1/8 next_cap=9/12 prev_cap=3/8 titel=0 ort=0/8
BEATRIX	7	12	Beatrix	eigenname	q=0/9 next_cap=6/12 prev_cap=4/9 titel=2 ort=0/9
BEAUMONT	8	12	Beaumont	eigenname	q=1/15 next_cap=3/16 prev_cap=1/15 titel=0 ort=2/15
BELA	4	12	Bela	eigenname	q=1/9 next_cap=7/12 prev_cap=2/9 titel=0 ort=0/9
BENN	4	12	Benn	eigenname	q=0/7 next_cap=4/12 prev_cap=5/7 titel=0 ort=0/7
BISKY	5	12	Bisky	eigenname	q=0/6 next_cap=1/12 prev_cap=3/6 titel=0 ort=0/6
BLANC	5	12	Blanc	eigenname	q=1/12 next_cap=5/13 prev_cap=10/12 titel=0 ort=0/12
BLUEM	5	12	Blüm	eigenname	q=0/8 next_cap=1/12 prev_cap=8/8 titel=0 ort=0/8
BRYANT	6	12	Bryant	eigenname	q=0/9 next_cap=1/13 prev_cap=5/9 titel=0 ort=0/9
BUELOW	6	12	Bülow	eigenname	q=0/13 next_cap=1/13 prev_cap=3/13 titel=0 ort=0/13
BULGARIENS	10	12	Bulgariens	eigenname	q=0/12 next_cap=0/12 prev_cap=12/12 titel=0 ort=0/12
BURCHARD	8	12	Burchard	eigenname	q=1/11 next_cap=5/13 prev_cap=7/11 titel=0 ort=0/11
BURDA	5	12	Burda	eigenname	q=0/12 next_cap=5/13 prev_cap=8/12 titel=0 ort=1/12
BURKHARDT	9	12	Burkhardt	eigenname	q=1/10 next_cap=2/12 prev_cap=9/10 titel=1 ort=0/10
CAMILLA	7	12	Camilla	eigenname	q=0/9 next_cap=4/12 prev_cap=4/9 titel=0 ort=0/9
CANTERBURY	10	12	Canterbury	eigenname	q=0/12 next_cap=3/12 prev_cap=4/12 titel=0 ort=2/12
CARLTON	7	12	Carlton	eigenname	q=2/14 next_cap=6/17 prev_cap=9/14 titel=0 ort=1/14
CARROLL	7	12	Carroll	eigenname	q=1/10 next_cap=3/12 prev_cap=6/10 titel=0 ort=0/10
CARSTENS	8	12	Carstens	eigenname	q=0/11 next_cap=1/13 prev_cap=7/11 titel=0 ort=0/11
CARSTENSEN	10	12	Carstensen	eigenname	q=0/5 next_cap=1/12 prev_cap=4/5 titel=0 ort=0/5
CELTIC	6	12	Celtic	eigenname	q=1/13 next_cap=4/14 prev_cap=2/13 titel=0 ort=1/13
CHENG	5	12	Cheng	eigenname	q=0/11 next_cap=7/12 prev_cap=4/11 titel=1 ort=1/11
CHOLESTERIN	11	12	Cholesterin	eigenname	q=0/18 next_cap=6/19 prev_cap=4/18 titel=0 ort=3/18
CLAUSEN	7	12	Clausen	eigenname	q=0/11 next_cap=3/13 prev_cap=8/11 titel=0 ort=2/11
CLIFFORD	8	12	Clifford	eigenname	q=0/13 next_cap=5/13 prev_cap=6/13 titel=0 ort=2/13
CLINT	5	12	Clint	eigenname	q=0/7 next_cap=10/13 prev_cap=3/7 titel=0 ort=0/7
CLINTONS	8	12	Clintons	eigenname	q=0/9 next_cap=9/12 prev_cap=4/9 titel=0 ort=0/9
CLOONEY	7	12	Clooney	eigenname	q=0/12 next_cap=1/12 prev_cap=11/12 titel=0 ort=0/12
COMMODORE	9	12	Commodore	eigenname	q=4/17 next_cap=9/18 prev_cap=2/17 titel=0 ort=1/17
CRISTINA	8	12	Cristina	eigenname	q=0/5 next_cap=3/12 prev_cap=4/5 titel=0 ort=1/5
CYNTHIA	7	12	Cynthia	eigenname	q=0/7 next_cap=7/12 prev_cap=3/7 titel=0 ort=0/7
DART	4	12	Dart	eigenname	q=2/18 next_cap=9/18 prev_cap=6/18 titel=0 ort=0/18
DATTELN	7	12	Datteln	eigenname	q=1/11 next_cap=2/13 prev_cap=7/11 titel=0 ort=2/11
DAUN	4	12	Daun	eigenname	q=0/11 next_cap=2/12 prev_cap=8/11 titel=0 ort=0/11
DEFENCE	7	12	Defence	eigenname	q=0/12 next_cap=10/13 prev_cap=8/12 titel=0 ort=0/12
DEGENER	7	12	Degener	eigenname	q=0/9 next_cap=5/12 prev_cap=7/9 titel=0 ort=0/9
DENISE	6	12	Denise	eigenname	q=0/12 next_cap=5/12 prev_cap=3/12 titel=0 ort=1/12
DEPORTIVO	9	12	Deportivo	eigenname	q=0/10 next_cap=9/13 prev_cap=6/10 titel=0 ort=1/10
DESCARTES	9	12	Descartes	eigenname	q=0/7 next_cap=3/12 prev_cap=2/7 titel=0 ort=0/7
DOE	3	12	Doe	eigenname	q=0/9 next_cap=5/10 prev_cap=5/9 titel=0 ort=0/9
DOLORES	7	12	Dolores	eigenname	q=0/10 next_cap=6/13 prev_cap=4/10 titel=0 ort=0/10
DOMINIC	7	12	Dominic	eigenname	q=1/7 next_cap=9/12 prev_cap=4/7 titel=0 ort=0/7
DONG	4	12	Dong	eigenname	q=2/15 next_cap=10/15 prev_cap=10/15 titel=0 ort=0/15
DORIAN	6	12	Dorian	eigenname	q=1/9 next_cap=4/12 prev_cap=2/9 titel=0 ort=0/9
EDEN	4	12	Eden	eigenname	q=0/15 next_cap=2/15 prev_cap=7/15 titel=0 ort=3/15
EDER	4	12	Eder	eigenname	q=0/10 next_cap=4/14 prev_cap=8/10 titel=1 ort=0/10
EGBERT	6	12	Egbert	eigenname	q=0/10 next_cap=9/13 prev_cap=4/10 titel=1 ort=0/10
EICHHORN	8	12	Eichhorn	eigenname	q=1/10 next_cap=1/12 prev_cap=8/10 titel=0 ort=0/10
ELIZA	5	12	Eliza	eigenname	q=0/10 next_cap=6/12 prev_cap=5/10 titel=1 ort=0/10
EMILIA	6	12	Emilia	eigenname	q=0/9 next_cap=6/13 prev_cap=6/9 titel=1 ort=0/9
ENRIQUE	7	12	Enrique	eigenname	q=0/9 next_cap=6/12 prev_cap=5/9 titel=0 ort=0/9
ENZO	4	12	Enzo	eigenname	q=0/8 next_cap=8/12 prev_cap=1/8 titel=0 ort=1/8
EPCOS	5	12	Epcos	eigenname	q=0/9 next_cap=5/16 prev_cap=5/9 titel=0 ort=1/9
ESCADA	6	12	Escada	eigenname	q=0/9 next_cap=2/14 prev_cap=1/9 titel=0 ort=1/9
FABRICIUS	9	12	Fabricius	eigenname	q=0/12 next_cap=0/12 prev_cap=9/12 titel=1 ort=0/12
FALCO	5	12	Falco	eigenname	q=0/12 next_cap=2/12 prev_cap=8/12 titel=0 ort=0/12
FATIH	5	12	Fatih	eigenname	q=0/9 next_cap=12/14 prev_cap=3/9 titel=0 ort=0/9
FENG	4	12	Feng	eigenname	q=0/12 next_cap=9/16 prev_cap=5/12 titel=0 ort=1/12
FIELMANN	8	12	Fielmann	eigenname	q=0/6 next_cap=1/12 prev_cap=4/6 titel=0 ort=0/6
FLIGHT	6	12	Flight	eigenname	q=2/12 next_cap=8/13 prev_cap=8/12 titel=0 ort=1/12
FRAUENFELD	10	12	Frauenfeld	eigenname	q=0/11 next_cap=0/12 prev_cap=9/11 titel=0 ort=2/11
FRAUKE	6	12	Frauke	eigenname	q=1/8 next_cap=9/10 prev_cap=1/8 titel=0 ort=1/8
FREDERIC	8	12	Frederic	eigenname	q=0/11 next_cap=10/12 prev_cap=5/11 titel=0 ort=0/11
FRICKE	6	12	Fricke	eigenname	q=0/11 next_cap=2/12 prev_cap=9/11 titel=0 ort=0/11
GAAL	4	12	Gaal	eigenname	q=0/13 next_cap=1/13 prev_cap=8/13 titel=0 ort=0/13
GLAUSER	7	12	Glauser	eigenname	q=0/12 next_cap=2/12 prev_cap=6/12 titel=0 ort=1/12
GOLDSTEIN	9	12	Goldstein	eigenname	q=0/10 next_cap=2/12 prev_cap=5/10 titel=0 ort=0/10
GORLEBEN	8	12	Gorleben	eigenname	q=0/14 next_cap=4/16 prev_cap=4/14 titel=0 ort=2/14
GUS	3	12	Gus	eigenname	q=0/9 next_cap=5/10 prev_cap=4/9 titel=0 ort=0/9
HABSBURG	8	12	Habsburg	eigenname	q=0/17 next_cap=6/17 prev_cap=8/17 titel=0 ort=0/17
HEINSBERG	9	12	Heinsberg	eigenname	q=0/12 next_cap=1/12 prev_cap=9/12 titel=0 ort=2/12
HENNEBERG	9	12	Henneberg	eigenname	q=0/12 next_cap=4/13 prev_cap=4/12 titel=0 ort=0/12
HERTIE	6	12	Hertie	eigenname	q=0/12 next_cap=6/17 prev_cap=4/12 titel=0 ort=1/12
HEWITT	6	12	Hewitt	eigenname	q=0/10 next_cap=0/12 prev_cap=7/10 titel=0 ort=0/10
HINDENBURG	10	12	Hindenburg	eigenname	q=1/15 next_cap=6/16 prev_cap=6/15 titel=0 ort=0/15
HOCHGLANZ	9	12	Hochglanz	eigenname	q=0/17 next_cap=6/17 prev_cap=2/17 titel=0 ort=0/17
HOFF	4	12	Hoff	eigenname	q=0/12 next_cap=1/12 prev_cap=7/12 titel=0 ort=0/12
HOLLYWOODS	10	12	Hollywoods	eigenname	q=1/11 next_cap=4/13 prev_cap=10/11 titel=0 ort=0/11
HUANG	5	12	Huang	eigenname	q=1/9 next_cap=8/14 prev_cap=4/9 titel=0 ort=0/9
HYBRID	6	12	Hybrid	eigenname	q=4/40 next_cap=29/43 prev_cap=14/40 titel=0 ort=1/40
HYUNDAI	7	12	Hyundai	eigenname	q=2/13 next_cap=8/17 prev_cap=5/13 titel=0 ort=0/13
IBRAHIM	7	12	Ibrahim	eigenname	q=1/11 next_cap=8/12 prev_cap=7/11 titel=1 ort=1/11
INDONESIENS	11	12	Indonesiens	eigenname	q=0/11 next_cap=3/12 prev_cap=9/11 titel=0 ort=0/11
INTERPOL	8	12	Interpol	eigenname	q=0/11 next_cap=2/13 prev_cap=4/11 titel=0 ort=0/11
IRMA	4	12	Irma	eigenname	q=1/10 next_cap=5/12 prev_cap=3/10 titel=0 ort=0/10
ISABELL	7	12	Isabell	eigenname	q=0/10 next_cap=8/13 prev_cap=5/10 titel=0 ort=0/10
ITALIA	6	12	Italia	eigenname	q=0/13 next_cap=2/13 prev_cap=9/13 titel=0 ort=2/13
IVO	3	12	Ivo	eigenname	q=0/9 next_cap=11/12 prev_cap=6/9 titel=1 ort=0/9
JACOBSEN	8	12	Jacobsen	eigenname	q=0/12 next_cap=3/14 prev_cap=8/12 titel=0 ort=0/12
JADE	4	12	Jade	eigenname	q=3/14 next_cap=5/16 prev_cap=6/14 titel=0 ort=0/14
JAVIER	6	12	Javier	eigenname	q=0/11 next_cap=8/12 prev_cap=4/11 titel=0 ort=0/11
JOHANNE	7	12	Johanne	eigenname	q=1/11 next_cap=11/12 prev_cap=8/11 titel=0 ort=0/11
JONNY	5	12	Jonny	eigenname	q=0/9 next_cap=5/12 prev_cap=4/9 titel=0 ort=0/9
JOSEFA	6	12	Josefa	eigenname	q=0/10 next_cap=9/12 prev_cap=8/10 titel=0 ort=0/10
JPMORGAN	8	12	JPMorgan	eigenname	q=0/7 next_cap=3/14 prev_cap=4/7 titel=0 ort=0/7
JULIEN	6	12	Julien	eigenname	q=0/10 next_cap=7/14 prev_cap=3/10 titel=0 ort=0/10
JUSTIZRAT	9	12	Justizrat	eigenname	q=2/10 next_cap=5/12 prev_cap=5/10 titel=0 ort=0/10
JUVENTUS	8	12	Juventus	eigenname	q=0/7 next_cap=5/12 prev_cap=3/7 titel=0 ort=0/7
KACZYNSKI	9	12	Kaczynski	eigenname	q=0/11 next_cap=1/13 prev_cap=7/11 titel=0 ort=0/11
KAETHE	6	12	Käthe	eigenname	q=0/13 next_cap=11/15 prev_cap=4/13 titel=0 ort=0/13
KAEUFEN	7	12	Käufen	eigenname	q=0/13 next_cap=0/13 prev_cap=1/13 titel=0 ort=0/13
KARMANN	7	12	Karmann	eigenname	q=0/16 next_cap=7/19 prev_cap=7/16 titel=0 ort=3/16
KASIMIR	7	12	Kasimir	eigenname	q=0/8 next_cap=4/12 prev_cap=4/8 titel=0 ort=0/8
KATHLEEN	8	12	Kathleen	eigenname	q=0/9 next_cap=11/12 prev_cap=1/9 titel=0 ort=0/9
KENNY	5	12	Kenny	eigenname	q=0/10 next_cap=9/13 prev_cap=5/10 titel=0 ort=0/10
KLETT	5	12	Klett	eigenname	q=3/16 next_cap=25/30 prev_cap=10/16 titel=0 ort=0/16
KNORR	5	12	Knorr	eigenname	q=0/14 next_cap=7/15 prev_cap=9/14 titel=0 ort=0/14
KOELSCH	7	12	Kölsch	eigenname	q=3/16 next_cap=6/17 prev_cap=3/16 titel=0 ort=0/16
KOFI	4	12	Kofi	eigenname	q=1/12 next_cap=11/12 prev_cap=9/12 titel=0 ort=0/12
KONTRON	7	12	Kontron	eigenname	q=0/6 next_cap=5/15 prev_cap=3/6 titel=0 ort=0/6
KROEGER	7	12	Kröger	eigenname	q=1/8 next_cap=4/13 prev_cap=7/8 titel=0 ort=0/8
KUFSTEIN	8	12	Kufstein	eigenname	q=0/10 next_cap=1/12 prev_cap=5/10 titel=0 ort=1/10
KUNO	4	12	Kuno	eigenname	q=0/10 next_cap=4/11 prev_cap=7/10 titel=0 ort=0/10
LARSEN	6	12	Larsen	eigenname	q=0/13 next_cap=4/14 prev_cap=9/13 titel=0 ort=0/13
LAZARUS	7	12	Lazarus	eigenname	q=2/11 next_cap=6/14 prev_cap=5/11 titel=0 ort=0/11
LEONIE	6	12	Leonie	eigenname	q=0/12 next_cap=7/13 prev_cap=8/12 titel=0 ort=0/12
LETZT	5	12	Letzt	eigenname	q=0/12 next_cap=0/12 prev_cap=0/12 titel=0 ort=0/12
LICHTENFELS	11	12	Lichtenfels	eigenname	q=1/12 next_cap=1/12 prev_cap=9/12 titel=0 ort=1/12
LLOYDS	6	12	Lloyds	eigenname	q=0/7 next_cap=3/13 prev_cap=2/7 titel=0 ort=0/7
LOHSE	5	12	Lohse	eigenname	q=0/12 next_cap=2/12 prev_cap=6/12 titel=0 ort=0/12
LUCCA	5	12	Lucca	eigenname	q=0/10 next_cap=0/12 prev_cap=4/10 titel=0 ort=2/10
MAGET	5	12	Maget	eigenname	q=0/10 next_cap=1/12 prev_cap=7/10 titel=0 ort=0/10
MASTERCARD	10	12	Mastercard	eigenname	q=1/12 next_cap=6/16 prev_cap=3/12 titel=0 ort=0/12
MATTHES	7	12	Matthes	eigenname	q=0/9 next_cap=4/12 prev_cap=6/9 titel=0 ort=0/9
MEREDITH	8	12	Meredith	eigenname	q=0/8 next_cap=5/12 prev_cap=2/8 titel=0 ort=0/8
MERIDIAN	8	12	Meridian	eigenname	q=2/11 next_cap=4/12 prev_cap=4/11 titel=0 ort=1/11
MESSENGER	9	12	Messenger	eigenname	q=3/15 next_cap=6/17 prev_cap=5/15 titel=0 ort=0/15
MESUT	5	12	Mesut	eigenname	q=0/8 next_cap=12/12 prev_cap=4/8 titel=0 ort=0/8
METZELDER	9	12	Metzelder	eigenname	q=0/8 next_cap=0/12 prev_cap=7/8 titel=0 ort=1/8
MILITARY	8	12	Military	eigenname	q=2/12 next_cap=12/12 prev_cap=7/12 titel=0 ort=1/12
MIROSLAV	8	12	Miroslav	eigenname	q=0/8 next_cap=10/12 prev_cap=3/8 titel=0 ort=0/8
MISTER	6	12	Mister	eigenname	q=1/12 next_cap=14/15 prev_cap=6/12 titel=0 ort=0/12
MULLER	6	12	Muller	eigenname	q=0/8 next_cap=3/13 prev_cap=5/8 titel=0 ort=0/8
NATE	4	12	Nate	eigenname	q=1/9 next_cap=3/12 prev_cap=5/9 titel=1 ort=1/9
NAUHEIM	7	12	Nauheim	eigenname	q=0/12 next_cap=1/12 prev_cap=11/12 titel=0 ort=1/12
NEO	3	12	Neo	eigenname	q=1/22 next_cap=22/26 prev_cap=6/22 titel=0 ort=2/22
NEUGEBAUER	10	12	Neugebauer	eigenname	q=0/11 next_cap=2/12 prev_cap=5/11 titel=0 ort=0/11
NEUGUINEA	9	12	Neuguinea	eigenname	q=1/17 next_cap=3/18 prev_cap=5/17 titel=0 ort=1/17
NEURUPPIN	9	12	Neuruppin	eigenname	q=0/12 next_cap=0/12 prev_cap=7/12 titel=0 ort=1/12
NICHOLS	7	12	Nichols	eigenname	q=0/12 next_cap=1/12 prev_cap=8/12 titel=0 ort=0/12
NIETZSCHES	10	12	Nietzsches	eigenname	q=0/10 next_cap=7/12 prev_cap=4/10 titel=0 ort=2/10
NIPPON	6	12	Nippon	eigenname	q=2/11 next_cap=12/15 prev_cap=4/11 titel=0 ort=0/11
NORDKOREAS	10	12	Nordkoreas	eigenname	q=0/9 next_cap=7/12 prev_cap=7/9 titel=1 ort=0/9
ODA	3	12	Oda	eigenname	q=2/9 next_cap=4/11 prev_cap=6/9 titel=0 ort=0/9
OKINAWA	7	12	Okinawa	eigenname	q=0/13 next_cap=3/14 prev_cap=4/13 titel=0 ort=2/13
OLEG	4	12	Oleg	eigenname	q=0/6 next_cap=9/12 prev_cap=3/6 titel=0 ort=0/6
OLSEN	5	12	Olsen	eigenname	q=1/11 next_cap=8/15 prev_cap=9/11 titel=0 ort=0/11
OPPENHEIMER	11	12	Oppenheimer	eigenname	q=0/11 next_cap=1/12 prev_cap=8/11 titel=0 ort=1/11
ORHAN	5	12	Orhan	eigenname	q=0/7 next_cap=11/12 prev_cap=5/7 titel=0 ort=0/7
ORTHOPAEDIE	11	12	Orthopädie	eigenname	q=3/14 next_cap=5/14 prev_cap=4/14 titel=0 ort=0/14
OUTFIT	6	12	Outfit	eigenname	q=4/23 next_cap=1/23 prev_cap=19/23 titel=0 ort=0/23
PAMELA	6	12	Pamela	eigenname	q=2/10 next_cap=7/12 prev_cap=3/10 titel=0 ort=0/10
PAWEL	5	12	Pawel	eigenname	q=0/8 next_cap=9/12 prev_cap=3/8 titel=0 ort=0/8
PEREZ	5	12	Perez	eigenname	q=0/9 next_cap=4/15 prev_cap=5/9 titel=0 ort=0/9
PETZOLD	7	12	Petzold	eigenname	q=0/9 next_cap=3/12 prev_cap=8/9 titel=0 ort=0/9
PFLEIDERER	10	12	Pfleiderer	eigenname	q=0/12 next_cap=4/16 prev_cap=3/12 titel=0 ort=1/12
PIOTR	5	12	Piotr	eigenname	q=0/11 next_cap=11/12 prev_cap=5/11 titel=0 ort=1/11
POCKET	6	12	Pocket	eigenname	q=3/17 next_cap=10/17 prev_cap=7/17 titel=0 ort=3/17
QUERLINIE	9	12	Querlinie	eigenname	q=0/12 next_cap=1/12 prev_cap=0/12 titel=0 ort=0/12
RAABE	5	12	Raabe	eigenname	q=0/15 next_cap=5/16 prev_cap=10/15 titel=0 ort=0/15
RAIFFEISEN	10	12	Raiffeisen	eigenname	q=1/14 next_cap=13/21 prev_cap=3/14 titel=0 ort=0/14
RAMBO	5	12	Rambo	eigenname	q=1/7 next_cap=2/11 prev_cap=4/7 titel=0 ort=0/7
RANDALL	7	12	Randall	eigenname	q=0/12 next_cap=2/12 prev_cap=8/12 titel=0 ort=1/12
RANGNICK	8	12	Rangnick	eigenname	q=0/10 next_cap=1/13 prev_cap=6/10 titel=0 ort=0/10
RAUCHWOLKEN	11	12	Rauchwolken	eigenname	q=0/12 next_cap=0/12 prev_cap=1/12 titel=0 ort=1/12
REIKI	5	12	Reiki	eigenname	q=0/15 next_cap=7/19 prev_cap=3/15 titel=0 ort=0/15
RICHIE	6	12	Richie	eigenname	q=0/10 next_cap=6/12 prev_cap=4/10 titel=0 ort=0/10
RICKE	5	12	Ricke	eigenname	q=2/9 next_cap=0/12 prev_cap=6/9 titel=1 ort=0/9
RIEDL	5	12	Riedl	eigenname	q=1/8 next_cap=3/13 prev_cap=6/8 titel=0 ort=0/8
RIVERA	6	12	Rivera	eigenname	q=1/12 next_cap=1/12 prev_cap=6/12 titel=0 ort=1/12
ROESCH	6	12	Rösch	eigenname	q=0/10 next_cap=3/12 prev_cap=8/10 titel=0 ort=1/10
ROMANO	6	12	Romano	eigenname	q=0/12 next_cap=7/14 prev_cap=6/12 titel=0 ort=0/12
ROMY	4	12	Romy	eigenname	q=0/11 next_cap=6/12 prev_cap=9/11 titel=0 ort=0/11
ROTT	4	12	Rott	eigenname	q=1/12 next_cap=1/12 prev_cap=7/12 titel=0 ort=2/12
RUERUP	6	12	Rürup	eigenname	q=0/15 next_cap=8/20 prev_cap=8/15 titel=1 ort=0/15
SAARLOUIS	9	12	Saarlouis	eigenname	q=0/15 next_cap=8/18 prev_cap=9/15 titel=0 ort=2/15
SALADIN	7	12	Saladin	eigenname	q=0/11 next_cap=4/14 prev_cap=3/11 titel=0 ort=0/11
SAMIR	5	12	Samir	eigenname	q=0/11 next_cap=6/12 prev_cap=4/11 titel=1 ort=1/11
SAMMY	5	12	Sammy	eigenname	q=0/10 next_cap=5/12 prev_cap=5/10 titel=0 ort=0/10
SAUL	4	12	Saul	eigenname	q=1/11 next_cap=9/14 prev_cap=4/11 titel=0 ort=0/11
SCHALLER	8	12	Schaller	eigenname	q=0/13 next_cap=3/14 prev_cap=11/13 titel=0 ort=0/13
SCHLUESSEN	10	12	Schlüssen	eigenname	q=0/12 next_cap=0/12 prev_cap=0/12 titel=0 ort=0/12
SCHWALBACH	10	12	Schwalbach	eigenname	q=0/12 next_cap=1/12 prev_cap=9/12 titel=0 ort=2/12
SECTION	7	12	Section	eigenname	q=2/12 next_cap=4/13 prev_cap=7/12 titel=0 ort=1/12
SEENPLATTE	10	12	Seenplatte	eigenname	q=2/12 next_cap=0/12 prev_cap=8/12 titel=0 ort=0/12
SEILER	6	12	Seiler	eigenname	q=1/10 next_cap=2/12 prev_cap=5/10 titel=1 ort=1/10
SEVERUS	7	12	Severus	eigenname	q=2/10 next_cap=4/12 prev_cap=7/10 titel=0 ort=0/10
SHINJI	6	12	Shinji	eigenname	q=0/9 next_cap=4/12 prev_cap=3/9 titel=0 ort=1/9
SIEVERS	7	12	Sievers	eigenname	q=0/8 next_cap=3/12 prev_cap=5/8 titel=0 ort=0/8
SIMMONS	7	12	Simmons	eigenname	q=0/10 next_cap=0/12 prev_cap=5/10 titel=0 ort=0/10
SINA	4	12	Sina	eigenname	q=0/6 next_cap=5/12 prev_cap=1/6 titel=0 ort=0/6
SINATRA	7	12	Sinatra	eigenname	q=1/9 next_cap=1/12 prev_cap=8/9 titel=0 ort=0/9
SISSI	5	12	Sissi	eigenname	q=1/12 next_cap=6/15 prev_cap=4/12 titel=0 ort=0/12
SPIELBERG	9	12	Spielberg	eigenname	q=0/12 next_cap=2/14 prev_cap=9/12 titel=0 ort=0/12
STADA	5	12	Stada	eigenname	q=0/7 next_cap=3/12 prev_cap=3/7 titel=0 ort=0/7
STROBEL	7	12	Strobel	eigenname	q=0/13 next_cap=3/14 prev_cap=11/13 titel=1 ort=0/13
STROBL	6	12	Strobl	eigenname	q=0/12 next_cap=2/12 prev_cap=8/12 titel=0 ort=1/12
SUTTON	6	12	Sutton	eigenname	q=2/13 next_cap=5/13 prev_cap=6/13 titel=0 ort=1/13
SYBILLE	7	12	Sybille	eigenname	q=0/10 next_cap=6/13 prev_cap=3/10 titel=0 ort=0/10
TAI	3	12	Tai	eigenname	q=2/17 next_cap=15/20 prev_cap=10/17 titel=0 ort=0/17
TELEFAX	7	12	Telefax	eigenname	q=0/10 next_cap=5/11 prev_cap=6/10 titel=0 ort=0/10
TENERIFFA	9	12	Teneriffa	eigenname	q=0/12 next_cap=0/12 prev_cap=4/12 titel=0 ort=2/12
TEPPICHEN	9	12	Teppichen	eigenname	q=0/11 next_cap=0/12 prev_cap=1/11 titel=0 ort=1/11
TESS	4	12	Tess	eigenname	q=0/11 next_cap=1/12 prev_cap=2/11 titel=0 ort=0/11
THEOBALD	8	12	Theobald	eigenname	q=0/9 next_cap=3/12 prev_cap=6/9 titel=0 ort=0/9
THEODORE	8	12	Theodore	eigenname	q=2/11 next_cap=9/12 prev_cap=7/11 titel=0 ort=0/11
TIMOR	5	12	Timor	eigenname	q=1/13 next_cap=5/14 prev_cap=4/13 titel=0 ort=1/13
TOBAGO	6	12	Tobago	eigenname	q=0/11 next_cap=0/12 prev_cap=1/11 titel=0 ort=0/11
TOGNUM	6	12	Tognum	eigenname	q=0/9 next_cap=2/14 prev_cap=3/9 titel=0 ort=2/9
TROY	4	12	Troy	eigenname	q=1/10 next_cap=7/12 prev_cap=3/10 titel=0 ort=2/10
TUNER	5	12	Tuner	eigenname	q=4/20 next_cap=5/20 prev_cap=10/20 titel=0 ort=0/20
ULBRICHT	8	12	Ulbricht	eigenname	q=0/11 next_cap=0/12 prev_cap=5/11 titel=0 ort=0/11
VALENTINO	9	12	Valentino	eigenname	q=0/5 next_cap=4/11 prev_cap=1/5 titel=0 ort=0/5
VEGA	4	12	Vega	eigenname	q=1/10 next_cap=2/12 prev_cap=5/10 titel=0 ort=0/10
VENEDIGS	8	12	Venedigs	eigenname	q=0/9 next_cap=5/12 prev_cap=5/9 titel=0 ort=0/9
VERDE	5	12	Verde	eigenname	q=0/11 next_cap=2/11 prev_cap=11/11 titel=0 ort=0/11
VERHEUGEN	9	12	Verheugen	eigenname	q=0/4 next_cap=0/12 prev_cap=3/4 titel=0 ort=0/4
VERSTAPPEN	10	12	Verstappen	eigenname	q=0/10 next_cap=2/12 prev_cap=2/10 titel=0 ort=0/10
VOELKCHEN	9	12	Völkchen	eigenname	q=0/12 next_cap=0/12 prev_cap=0/12 titel=0 ort=0/12
WEGENER	7	12	Wegener	eigenname	q=0/12 next_cap=5/15 prev_cap=12/12 titel=0 ort=0/12
WEHNER	6	12	Wehner	eigenname	q=1/12 next_cap=4/15 prev_cap=8/12 titel=0 ort=0/12
WERTHEIM	8	12	Wertheim	eigenname	q=0/16 next_cap=6/17 prev_cap=11/16 titel=0 ort=2/16
WERTHER	7	12	Werther	eigenname	q=0/14 next_cap=4/15 prev_cap=4/14 titel=1 ort=0/14
WILLIE	6	12	Willie	eigenname	q=1/11 next_cap=6/13 prev_cap=5/11 titel=0 ort=0/11
WINKELMANN	10	12	Winkelmann	eigenname	q=0/8 next_cap=5/12 prev_cap=7/8 titel=0 ort=0/8
YAMAHA	6	12	Yamaha	eigenname	q=2/17 next_cap=10/20 prev_cap=1/17 titel=0 ort=3/17
YVES	4	12	Yves	eigenname	q=0/13 next_cap=15/16 prev_cap=6/13 titel=0 ort=0/13
YVETTE	6	12	Yvette	eigenname	q=0/10 next_cap=4/12 prev_cap=3/10 titel=0 ort=0/10
ZAPF	4	12	Zapf	eigenname	q=0/10 next_cap=3/10 prev_cap=1/10 titel=0 ort=0/10
ZEALAND	7	12	Zealand	eigenname	q=0/12 next_cap=9/12 prev_cap=12/12 titel=0 ort=0/12
ABBY	4	11	Abby	eigenname	q=0/9 next_cap=5/11 prev_cap=4/9 titel=0 ort=1/9
ADORNO	6	11	Adorno	eigenname	q=0/12 next_cap=5/14 prev_cap=5/12 titel=0 ort=0/12
AEGON	5	11	Aegon	eigenname	q=0/7 next_cap=3/10 prev_cap=2/7 titel=0 ort=0/7
AHMAD	5	11	Ahmad	eigenname	q=0/9 next_cap=7/13 prev_cap=6/9 titel=0 ort=0/9
ALASKAS	7	11	Alaskas	eigenname	q=0/12 next_cap=4/12 prev_cap=7/12 titel=0 ort=0/12
ALEXEI	6	11	Alexei	eigenname	q=1/8 next_cap=9/11 prev_cap=3/8 titel=0 ort=0/8
ALEXEJ	6	11	Alexej	eigenname	q=0/7 next_cap=11/11 prev_cap=5/7 titel=0 ort=0/7
ALLOFS	6	11	Allofs	eigenname	q=0/8 next_cap=1/11 prev_cap=6/8 titel=0 ort=0/8
ALVARO	6	11	Alvaro	eigenname	q=1/8 next_cap=6/11 prev_cap=5/8 titel=1 ort=0/8
AMADEUS	7	11	Amadeus	eigenname	q=1/9 next_cap=3/11 prev_cap=5/9 titel=0 ort=0/9
AMALIA	6	11	Amalia	eigenname	q=0/12 next_cap=5/13 prev_cap=7/12 titel=0 ort=0/12
AMIR	4	11	Amir	eigenname	q=1/11 next_cap=7/12 prev_cap=5/11 titel=2 ort=0/11
ANDERSSON	9	11	Andersson	eigenname	q=1/9 next_cap=2/11 prev_cap=5/9 titel=0 ort=0/9
ANDREI	6	11	Andrei	eigenname	q=0/8 next_cap=9/11 prev_cap=3/8 titel=1 ort=0/8
AQUARELLEN	10	11	Aquarellen	eigenname	q=1/10 next_cap=5/11 prev_cap=2/10 titel=0 ort=2/10
ARRANGEUR	9	11	Arrangeur	eigenname	q=0/11 next_cap=3/11 prev_cap=4/11 titel=0 ort=0/11
ASSISI	6	11	Assisi	eigenname	q=0/11 next_cap=1/11 prev_cap=0/11 titel=0 ort=2/11
AUDREY	6	11	Audrey	eigenname	q=1/9 next_cap=4/10 prev_cap=5/9 titel=0 ort=0/9
BACON	5	11	Bacon	eigenname	q=2/12 next_cap=4/12 prev_cap=6/12 titel=0 ort=0/12
BADENS	6	11	Badens	eigenname	q=2/11 next_cap=0/11 prev_cap=8/11 titel=0 ort=0/11
BAO	3	11	Bao	eigenname	q=1/7 next_cap=3/9 prev_cap=6/7 titel=0 ort=0/7
BAUSCH	6	11	Bausch	eigenname	q=0/10 next_cap=0/10 prev_cap=7/10 titel=0 ort=0/10
BEIWERK	7	11	Beiwerk	eigenname	q=0/11 next_cap=0/11 prev_cap=0/11 titel=0 ort=0/11
BELANG	6	11	Belang	eigenname	q=0/11 next_cap=0/11 prev_cap=0/11 titel=0 ort=0/11
BENEDICT	8	11	Benedict	eigenname	q=1/9 next_cap=5/11 prev_cap=7/9 titel=0 ort=0/9
BERNBURG	8	11	Bernburg	eigenname	q=0/13 next_cap=2/13 prev_cap=5/13 titel=0 ort=3/13
BERTA	5	11	Berta	eigenname	q=0/13 next_cap=9/14 prev_cap=6/13 titel=0 ort=0/13
BEZUEGEN	8	11	Bezügen	eigenname	q=0/11 next_cap=0/11 prev_cap=0/11 titel=0 ort=0/11
BIERMANN	8	11	Biermann	eigenname	q=0/11 next_cap=4/12 prev_cap=6/11 titel=0 ort=2/11
BILFINGER	9	11	Bilfinger	eigenname	q=0/7 next_cap=12/13 prev_cap=3/7 titel=0 ort=0/7
BLANCHE	7	11	Blanche	eigenname	q=0/11 next_cap=2/12 prev_cap=7/11 titel=1 ort=0/11
BLASIUS	7	11	Blasius	eigenname	q=1/11 next_cap=4/12 prev_cap=8/11 titel=0 ort=0/11
BOUFFIER	8	11	Bouffier	eigenname	q=0/6 next_cap=0/11 prev_cap=4/6 titel=1 ort=1/6
BOXBERG	7	11	Boxberg	eigenname	q=0/10 next_cap=1/12 prev_cap=6/10 titel=0 ort=1/10
BOYD	4	11	Boyd	eigenname	q=0/10 next_cap=5/11 prev_cap=6/10 titel=0 ort=0/10
BRENDEL	7	11	Brendel	eigenname	q=0/7 next_cap=1/11 prev_cap=6/7 titel=0 ort=0/7
BRIGGS	6	11	Briggs	eigenname	q=0/10 next_cap=1/11 prev_cap=6/10 titel=0 ort=0/10
BRINK	5	11	Brink	eigenname	q=2/11 next_cap=4/12 prev_cap=6/11 titel=0 ort=0/11
BUNDESPOST	10	11	Bundespost	eigenname	q=2/11 next_cap=2/11 prev_cap=8/11 titel=0 ort=0/11
CADILLAC	8	11	Cadillac	eigenname	q=0/12 next_cap=5/14 prev_cap=3/12 titel=0 ort=1/12
CANNON	6	11	Cannon	eigenname	q=1/10 next_cap=6/12 prev_cap=3/10 titel=0 ort=2/10
CEM	3	11	Cem	eigenname	q=0/8 next_cap=4/11 prev_cap=5/8 titel=0 ort=0/8
CHALLENGER	10	11	Challenger	eigenname	q=5/22 next_cap=18/22 prev_cap=10/22 titel=0 ort=0/22
CHAMBERS	8	11	Chambers	eigenname	q=2/11 next_cap=2/11 prev_cap=6/11 titel=0 ort=0/11
CHAN	4	11	Chan	eigenname	q=0/10 next_cap=4/13 prev_cap=9/10 titel=0 ort=0/10
CHEMICAL	8	11	Chemical	eigenname	q=1/10 next_cap=7/11 prev_cap=8/10 titel=0 ort=0/10
CHILES	6	11	Chiles	eigenname	q=1/11 next_cap=1/11 prev_cap=9/11 titel=1 ort=1/11
CHOI	4	11	Choi	eigenname	q=0/7 next_cap=10/11 prev_cap=4/7 titel=0 ort=0/7
CINDY	5	11	Cindy	eigenname	q=0/8 next_cap=4/11 prev_cap=3/8 titel=0 ort=0/8
CIUDAD	6	11	Ciudad	eigenname	q=1/10 next_cap=4/11 prev_cap=4/10 titel=0 ort=0/10
CLEO	4	11	Cleo	eigenname	q=0/10 next_cap=3/11 prev_cap=3/10 titel=0 ort=0/10
COHN	4	11	Cohn	eigenname	q=0/11 next_cap=5/14 prev_cap=5/11 titel=0 ort=1/11
COLEMAN	7	11	Coleman	eigenname	q=1/10 next_cap=2/12 prev_cap=5/10 titel=0 ort=0/10
COLT	4	11	Colt	eigenname	q=3/13 next_cap=8/13 prev_cap=8/13 titel=0 ort=0/13
CONWAY	6	11	Conway	eigenname	q=1/11 next_cap=1/12 prev_cap=9/11 titel=0 ort=0/11
COTTON	6	11	Cotton	eigenname	q=2/9 next_cap=6/12 prev_cap=5/9 titel=0 ort=0/9
DACHFONDS	9	11	Dachfonds	eigenname	q=0/9 next_cap=0/12 prev_cap=2/9 titel=0 ort=1/9
DAI	3	11	Dai	eigenname	q=0/5 next_cap=4/7 prev_cap=4/5 titel=0 ort=0/5
DALTON	6	11	Dalton	eigenname	q=2/12 next_cap=1/12 prev_cap=8/12 titel=0 ort=0/12
DELGADO	7	11	Delgado	eigenname	q=0/10 next_cap=0/11 prev_cap=5/10 titel=0 ort=0/10
DENG	4	11	Deng	eigenname	q=0/10 next_cap=5/11 prev_cap=2/10 titel=0 ort=2/10
DIEDRICH	8	11	Diedrich	eigenname	q=0/11 next_cap=7/12 prev_cap=7/11 titel=1 ort=0/11
DIOGENES	8	11	Diogenes	eigenname	q=0/6 next_cap=8/12 prev_cap=3/6 titel=0 ort=1/6
DION	4	11	Dion	eigenname	q=0/13 next_cap=4/13 prev_cap=6/13 titel=0 ort=1/13
DIONYSIUS	9	11	Dionysius	eigenname	q=1/12 next_cap=4/12 prev_cap=8/12 titel=0 ort=0/12
DOBBERTIN	9	11	Dobbertin	eigenname	q=1/11 next_cap=2/11 prev_cap=6/11 titel=0 ort=2/11
DRESDENS	8	11	Dresdens	eigenname	q=0/11 next_cap=2/11 prev_cap=7/11 titel=0 ort=0/11
DREYFUS	7	11	Dreyfus	eigenname	q=0/13 next_cap=4/14 prev_cap=7/13 titel=0 ort=0/13
DROGBA	6	11	Drogba	eigenname	q=0/8 next_cap=0/11 prev_cap=4/8 titel=0 ort=0/8
DUERR	5	11	Dürr	eigenname	q=1/9 next_cap=4/12 prev_cap=8/9 titel=0 ort=0/9
ECKHART	7	11	Eckhart	eigenname	q=0/7 next_cap=2/11 prev_cap=4/7 titel=0 ort=0/7
EDEKA	5	11	Edeka	eigenname	q=0/13 next_cap=7/17 prev_cap=4/13 titel=0 ort=3/13
EDOUARD	7	11	Edouard	eigenname	q=0/8 next_cap=11/11 prev_cap=3/8 titel=0 ort=0/8
ELISA	5	11	Elisa	eigenname	q=1/12 next_cap=7/13 prev_cap=3/12 titel=0 ort=0/12
EMILE	5	11	Emile	eigenname	q=0/10 next_cap=6/11 prev_cap=2/10 titel=0 ort=0/10
ENGELHARD	9	11	Engelhard	eigenname	q=0/11 next_cap=2/12 prev_cap=8/11 titel=0 ort=0/11
ENGELKE	7	11	Engelke	eigenname	q=0/8 next_cap=0/11 prev_cap=8/8 titel=0 ort=0/8
ESTLANDS	8	11	Estlands	eigenname	q=0/9 next_cap=1/11 prev_cap=8/9 titel=0 ort=0/9
EUGENE	6	11	Eugene	eigenname	q=0/11 next_cap=8/12 prev_cap=5/11 titel=0 ort=0/11
EUSKIRCHEN	10	11	Euskirchen	eigenname	q=0/11 next_cap=1/11 prev_cap=8/11 titel=0 ort=2/11
EXNER	5	11	Exner	eigenname	q=0/10 next_cap=1/11 prev_cap=6/10 titel=2 ort=0/10
FELLEN	6	11	Fellen	eigenname	q=0/11 next_cap=0/11 prev_cap=1/11 titel=0 ort=0/11
FERENC	6	11	Ferenc	eigenname	q=0/11 next_cap=7/12 prev_cap=6/11 titel=0 ort=0/11
FERNANDEZ	9	11	Fernandez	eigenname	q=0/10 next_cap=3/11 prev_cap=7/10 titel=0 ort=0/10
FILIPPO	7	11	Filippo	eigenname	q=1/9 next_cap=9/11 prev_cap=2/9 titel=0 ort=0/9
FISCHBACH	9	11	Fischbach	eigenname	q=0/12 next_cap=3/12 prev_cap=9/12 titel=0 ort=1/12
FISICHELLA	10	11	Fisichella	eigenname	q=0/10 next_cap=1/11 prev_cap=7/10 titel=0 ort=0/10
FRAENKEL	8	11	Fränkel	eigenname	q=0/11 next_cap=3/11 prev_cap=7/11 titel=0 ort=0/11
FRANCOIS	8	11	Francois	eigenname	q=0/11 next_cap=8/12 prev_cap=7/11 titel=0 ort=0/11
FREIIN	6	11	Freiin	eigenname	q=0/11 next_cap=2/11 prev_cap=6/11 titel=0 ort=0/11
FREUDENBERG	11	11	Freudenberg	eigenname	q=1/11 next_cap=2/13 prev_cap=6/11 titel=0 ort=1/11
FRIEDEL	7	11	Friedel	eigenname	q=0/10 next_cap=7/12 prev_cap=6/10 titel=0 ort=0/10
FRIEDHELM	9	11	Friedhelm	eigenname	q=0/3 next_cap=10/11 prev_cap=3/3 titel=0 ort=0/3
FRONTZECK	9	11	Frontzeck	eigenname	q=0/9 next_cap=3/13 prev_cap=3/9 titel=0 ort=0/9
FUJITSU	7	11	Fujitsu	eigenname	q=1/8 next_cap=7/13 prev_cap=2/8 titel=0 ort=1/8
GABRIELA	8	11	Gabriela	eigenname	q=0/9 next_cap=7/11 prev_cap=3/9 titel=0 ort=0/9
GAIUS	5	11	Gaius	eigenname	q=0/6 next_cap=9/11 prev_cap=2/6 titel=0 ort=0/6
GALGENHUMOR	11	11	Galgenhumor	eigenname	q=0/11 next_cap=0/11 prev_cap=0/11 titel=0 ort=1/11
GALLER	6	11	Galler	eigenname	q=0/10 next_cap=10/11 prev_cap=10/10 titel=1 ort=0/10
GALLO	5	11	Gallo	eigenname	q=0/6 next_cap=1/11 prev_cap=5/6 titel=0 ort=0/6
GAULLE	6	11	Gaulle	eigenname	q=0/13 next_cap=1/13 prev_cap=2/13 titel=0 ort=0/13
GERO	4	11	Gero	eigenname	q=0/8 next_cap=5/11 prev_cap=3/8 titel=0 ort=0/8
GERRIT	6	11	Gerrit	eigenname	q=0/7 next_cap=9/11 prev_cap=5/7 titel=0 ort=1/7
GERTRAUD	8	11	Gertraud	eigenname	q=0/8 next_cap=8/11 prev_cap=7/8 titel=0 ort=1/8
GESETZBUCH	10	11	Gesetzbuch	eigenname	q=2/11 next_cap=0/11 prev_cap=9/11 titel=0 ort=0/11
GHOST	5	11	Ghost	eigenname	q=2/10 next_cap=6/10 prev_cap=4/10 titel=0 ort=0/10
GIORDANO	8	11	Giordano	eigenname	q=1/7 next_cap=1/11 prev_cap=5/7 titel=1 ort=0/7
GIULIANI	8	11	Giuliani	eigenname	q=0/9 next_cap=1/11 prev_cap=4/9 titel=0 ort=0/9
GNOME	5	11	Gnome	eigenname	q=1/7 next_cap=4/9 prev_cap=5/7 titel=0 ort=0/7
GREENWOOD	9	11	Greenwood	eigenname	q=1/10 next_cap=5/11 prev_cap=4/10 titel=0 ort=1/10
GRETE	5	11	Grete	eigenname	q=0/6 next_cap=6/11 prev_cap=4/6 titel=0 ort=0/6
GRIFFITH	8	11	Griffith	eigenname	q=0/8 next_cap=0/11 prev_cap=4/8 titel=0 ort=0/8
GROENLANDS	10	11	Grönlands	eigenname	q=0/11 next_cap=0/11 prev_cap=10/11 titel=0 ort=0/11
GRONAU	6	11	Gronau	eigenname	q=0/7 next_cap=2/11 prev_cap=5/7 titel=0 ort=1/7
GRONINGEN	9	11	Groningen	eigenname	q=0/11 next_cap=1/11 prev_cap=4/11 titel=0 ort=2/11
GROPIUS	7	11	Gropius	eigenname	q=0/14 next_cap=5/15 prev_cap=7/14 titel=0 ort=0/14
GUSTAVE	7	11	Gustave	eigenname	q=0/9 next_cap=7/12 prev_cap=2/9 titel=0 ort=0/9
GWEN	4	11	Gwen	eigenname	q=0/7 next_cap=6/11 prev_cap=2/7 titel=0 ort=0/7
HANKE	5	11	Hanke	eigenname	q=0/9 next_cap=1/11 prev_cap=9/9 titel=1 ort=0/9
HARBOUR	7	11	Harbour	eigenname	q=0/10 next_cap=4/10 prev_cap=9/10 titel=0 ort=0/10
HAUSSMANN	9	11	Haußmann	eigenname	q=0/9 next_cap=3/11 prev_cap=5/9 titel=0 ort=0/9
HAWKINS	7	11	Hawkins	eigenname	q=0/12 next_cap=0/12 prev_cap=7/12 titel=0 ort=0/12
HEILMANN	8	11	Heilmann	eigenname	q=0/8 next_cap=2/11 prev_cap=8/8 titel=0 ort=0/8
HENRICH	7	11	Henrich	eigenname	q=0/12 next_cap=6/13 prev_cap=10/12 titel=0 ort=0/12
HERWIG	6	11	Herwig	eigenname	q=1/10 next_cap=9/11 prev_cap=6/10 titel=0 ort=0/10
HIROSHIMA	9	11	Hiroshima	eigenname	q=0/11 next_cap=3/13 prev_cap=3/11 titel=0 ort=2/11
HOHENBERG	9	11	Hohenberg	eigenname	q=0/8 next_cap=2/11 prev_cap=3/8 titel=0 ort=1/8
HOWE	4	11	Howe	eigenname	q=1/10 next_cap=3/12 prev_cap=6/10 titel=0 ort=0/10
HUELKENBERG	11	11	Hülkenberg	eigenname	q=0/7 next_cap=2/11 prev_cap=6/7 titel=0 ort=0/7
HUMMEL	6	11	Hummel	eigenname	q=2/11 next_cap=3/13 prev_cap=10/11 titel=0 ort=0/11
HUNOLD	6	11	Hunold	eigenname	q=1/11 next_cap=0/11 prev_cap=8/11 titel=0 ort=0/11
IMMANUEL	8	11	Immanuel	eigenname	q=1/10 next_cap=13/14 prev_cap=4/10 titel=0 ort=0/10
INGA	4	11	Inga	eigenname	q=0/9 next_cap=6/12 prev_cap=6/9 titel=0 ort=0/9
INTERACTIVE	11	11	Interactive	eigenname	q=2/10 next_cap=4/11 prev_cap=6/10 titel=0 ort=0/10
ION	3	11	Ion	eigenname	q=3/16 next_cap=5/16 prev_cap=8/16 titel=0 ort=0/16
ISAAK	5	11	Isaak	eigenname	q=0/12 next_cap=7/14 prev_cap=5/12 titel=0 ort=0/12
ISIS	4	11	Isis	eigenname	q=0/15 next_cap=5/15 prev_cap=3/15 titel=0 ort=1/15
IWANOW	6	11	Iwanow	eigenname	q=0/8 next_cap=2/12 prev_cap=7/8 titel=0 ort=0/8
JACKIE	6	11	Jackie	eigenname	q=0/9 next_cap=5/11 prev_cap=3/9 titel=0 ort=0/9
JAUCH	5	11	Jauch	eigenname	q=0/9 next_cap=1/12 prev_cap=8/9 titel=0 ort=0/9
JERZY	5	11	Jerzy	eigenname	q=0/7 next_cap=10/11 prev_cap=3/7 titel=0 ort=0/7
JOHNSONS	8	11	Johnsons	eigenname	q=1/8 next_cap=9/11 prev_cap=4/8 titel=0 ort=0/8
JOLIE	5	11	Jolie	eigenname	q=0/9 next_cap=2/13 prev_cap=8/9 titel=0 ort=0/9
JOSIP	5	11	Josip	eigenname	q=0/10 next_cap=8/11 prev_cap=6/10 titel=1 ort=0/10
JUDY	4	11	Judy	eigenname	q=1/8 next_cap=3/11 prev_cap=4/8 titel=0 ort=0/8
JURI	4	11	Juri	eigenname	q=1/12 next_cap=9/13 prev_cap=8/12 titel=1 ort=0/12
KAMPS	5	11	Kamps	eigenname	q=1/12 next_cap=5/14 prev_cap=4/12 titel=0 ort=0/12
KARO	4	11	Karo	eigenname	q=1/11 next_cap=4/12 prev_cap=2/11 titel=0 ort=0/11
KASACHSTANS	11	11	Kasachstans	eigenname	q=0/11 next_cap=0/11 prev_cap=10/11 titel=0 ort=1/11
KAYSER	6	11	Kayser	eigenname	q=0/11 next_cap=1/12 prev_cap=8/11 titel=0 ort=0/11
KELLERMANN	10	11	Kellermann	eigenname	q=0/10 next_cap=3/11 prev_cap=8/10 titel=0 ort=0/10
KEMMER	6	11	KEMMER	eigenname	q=0/4 next_cap=0/5 prev_cap=4/4 titel=0 ort=0/4
KEMPTER	7	11	Kempter	eigenname	q=0/8 next_cap=0/11 prev_cap=4/8 titel=0 ort=0/8
KENNETH	7	11	Kenneth	eigenname	q=0/8 next_cap=11/11 prev_cap=4/8 titel=0 ort=0/8
KEROSIN	7	11	Kerosin	eigenname	q=0/12 next_cap=2/12 prev_cap=4/12 titel=0 ort=0/12
KOESTER	7	11	Köster	eigenname	q=0/10 next_cap=2/12 prev_cap=7/10 titel=0 ort=0/10
KUEBLER	7	11	Kübler	eigenname	q=0/9 next_cap=2/12 prev_cap=7/9 titel=0 ort=0/9
KUHLMANN	8	11	Kuhlmann	eigenname	q=0/10 next_cap=0/12 prev_cap=9/10 titel=0 ort=0/10
KYOTO	5	11	Kyoto	eigenname	q=1/29 next_cap=23/31 prev_cap=12/29 titel=0 ort=1/29
LANDGRAF	8	11	Landgraf	eigenname	q=2/10 next_cap=4/11 prev_cap=5/10 titel=0 ort=0/10
LANZ	4	11	Lanz	eigenname	q=1/12 next_cap=5/15 prev_cap=4/12 titel=0 ort=0/12
LAWROW	6	11	Lawrow	eigenname	q=0/9 next_cap=0/11 prev_cap=7/9 titel=0 ort=0/9
LEIPZIGS	8	11	Leipzigs	eigenname	q=0/8 next_cap=6/11 prev_cap=5/8 titel=0 ort=1/8
LENK	4	11	Lenk	eigenname	q=2/12 next_cap=4/12 prev_cap=5/12 titel=0 ort=1/12
LEUENBERGER	11	11	Leuenberger	eigenname	q=0/7 next_cap=1/12 prev_cap=5/7 titel=0 ort=0/7
LEW	3	11	Lew	eigenname	q=0/8 next_cap=10/12 prev_cap=3/8 titel=0 ort=1/8
LILLIAN	7	11	Lillian	eigenname	q=0/9 next_cap=5/11 prev_cap=6/9 titel=2 ort=1/9
LOUNGE	6	11	Lounge	eigenname	q=3/21 next_cap=5/21 prev_cap=12/21 titel=0 ort=0/21
LUCIANO	7	11	Luciano	eigenname	q=0/4 next_cap=7/11 prev_cap=0/4 titel=0 ort=0/4
LUCIEN	6	11	Lucien	eigenname	q=0/10 next_cap=9/11 prev_cap=3/10 titel=1 ort=0/10
MACBETH	7	11	Macbeth	eigenname	q=0/6 next_cap=0/11 prev_cap=1/6 titel=0 ort=0/6
MACDONALD	9	11	Macdonald	eigenname	q=0/11 next_cap=0/12 prev_cap=7/11 titel=0 ort=0/11
MAERKLIN	8	11	Märklin	eigenname	q=0/11 next_cap=2/13 prev_cap=5/11 titel=0 ort=2/11
MAGDA	5	11	Magda	eigenname	q=0/7 next_cap=5/11 prev_cap=3/7 titel=0 ort=0/7
MAGYAR	6	11	Magyar	eigenname	q=1/7 next_cap=6/10 prev_cap=1/7 titel=0 ort=1/7
MALDONADO	9	11	Maldonado	eigenname	q=0/10 next_cap=0/11 prev_cap=3/10 titel=2 ort=0/10
MANSELL	7	11	Mansell	eigenname	q=0/8 next_cap=2/11 prev_cap=3/8 titel=0 ort=0/8
MANSFELD	8	11	Mansfeld	eigenname	q=1/11 next_cap=5/13 prev_cap=4/11 titel=0 ort=1/11
MARIANO	7	11	Mariano	eigenname	q=1/10 next_cap=6/11 prev_cap=6/10 titel=0 ort=0/10
MARITA	6	11	Marita	eigenname	q=0/5 next_cap=7/11 prev_cap=1/5 titel=1 ort=1/5
MARSH	5	11	Marsh	eigenname	q=1/10 next_cap=2/11 prev_cap=7/10 titel=0 ort=0/10
MATTI	5	11	Matti	eigenname	q=1/9 next_cap=7/11 prev_cap=7/9 titel=0 ort=0/9
MAYO	4	11	Mayo	eigenname	q=2/12 next_cap=6/12 prev_cap=2/12 titel=0 ort=0/12
MIKA	4	11	Mika	eigenname	q=0/7 next_cap=6/11 prev_cap=4/7 titel=0 ort=0/7
MILOSEVIC	9	11	Milosevic	eigenname	q=0/16 next_cap=7/17 prev_cap=6/16 titel=0 ort=0/16
MISCHA	6	11	Mischa	eigenname	q=0/8 next_cap=7/11 prev_cap=2/8 titel=0 ort=0/8
MITCH	5	11	Mitch	eigenname	q=0/6 next_cap=3/11 prev_cap=4/6 titel=0 ort=0/6
MIXA	4	11	Mixa	eigenname	q=0/7 next_cap=1/11 prev_cap=2/7 titel=0 ort=0/7
MONATSHEFTE	11	11	Monatshefte	eigenname	q=0/11 next_cap=3/11 prev_cap=10/11 titel=0 ort=0/11
MONSANTO	8	11	Monsanto	eigenname	q=0/8 next_cap=1/12 prev_cap=2/8 titel=0 ort=0/8
MORENO	6	11	Moreno	eigenname	q=0/6 next_cap=1/12 prev_cap=3/6 titel=0 ort=0/6
MUENSINGEN	10	11	Münsingen	eigenname	q=0/10 next_cap=0/10 prev_cap=7/10 titel=0 ort=2/10
MUGABE	6	11	Mugabe	eigenname	q=0/10 next_cap=0/11 prev_cap=6/10 titel=2 ort=0/10
MUNSTER	7	11	Munster	eigenname	q=0/11 next_cap=1/11 prev_cap=6/11 titel=0 ort=2/11
MUSA	4	11	Musa	eigenname	q=0/10 next_cap=4/10 prev_cap=5/10 titel=0 ort=0/10
MYRA	4	11	Myra	eigenname	q=0/8 next_cap=5/11 prev_cap=2/8 titel=0 ort=1/8
NACHTIGALL	10	11	Nachtigall	eigenname	q=3/13 next_cap=0/13 prev_cap=8/13 titel=0 ort=0/13
NAVARRA	7	11	Navarra	eigenname	q=0/11 next_cap=1/11 prev_cap=2/11 titel=0 ort=2/11
NESTROY	7	11	Nestroy	eigenname	q=0/12 next_cap=4/12 prev_cap=4/12 titel=0 ort=2/12
NEUBAUER	8	11	Neubauer	eigenname	q=1/10 next_cap=3/12 prev_cap=7/10 titel=0 ort=0/10
NEURURER	8	11	Neururer	eigenname	q=0/8 next_cap=0/11 prev_cap=6/8 titel=0 ort=0/8
NICOLAI	7	11	Nicolai	eigenname	q=0/10 next_cap=3/11 prev_cap=8/10 titel=2 ort=1/10
NIKITA	6	11	Nikita	eigenname	q=1/8 next_cap=6/11 prev_cap=3/8 titel=0 ort=0/8
NOLTE	5	11	Nolte	eigenname	q=0/10 next_cap=0/11 prev_cap=7/10 titel=0 ort=0/10
OCTAVIAN	8	11	Octavian	eigenname	q=0/12 next_cap=1/12 prev_cap=1/12 titel=0 ort=0/12
OGIER	5	11	Ogier	eigenname	q=0/8 next_cap=0/11 prev_cap=0/8 titel=0 ort=0/8
OMAR	4	11	Omar	eigenname	q=0/9 next_cap=5/11 prev_cap=4/9 titel=0 ort=0/9
OPITZ	5	11	Opitz	eigenname	q=0/10 next_cap=1/11 prev_cap=4/10 titel=0 ort=0/10
OSTTIMORS	9	11	Osttimors	eigenname	q=0/9 next_cap=2/11 prev_cap=6/9 titel=0 ort=0/9
OTMAR	5	11	Otmar	eigenname	q=1/9 next_cap=9/11 prev_cap=5/9 titel=1 ort=0/9
PABST	5	11	Pabst	eigenname	q=0/7 next_cap=1/10 prev_cap=5/7 titel=0 ort=1/7
PAIGE	5	11	Paige	eigenname	q=0/7 next_cap=0/11 prev_cap=3/7 titel=0 ort=0/7
PAPPENHEIM	10	11	Pappenheim	eigenname	q=0/10 next_cap=1/11 prev_cap=6/10 titel=0 ort=0/10
PARADISE	8	11	Paradise	eigenname	q=2/10 next_cap=8/11 prev_cap=2/10 titel=0 ort=1/10
PATERSON	8	11	Paterson	eigenname	q=0/7 next_cap=0/11 prev_cap=5/7 titel=0 ort=1/7
PAYNE	5	11	Payne	eigenname	q=1/8 next_cap=5/11 prev_cap=6/8 titel=0 ort=0/8
PEEL	4	11	Peel	eigenname	q=2/10 next_cap=2/10 prev_cap=5/10 titel=0 ort=1/10
PERCUSSION	10	11	Percussion	eigenname	q=2/16 next_cap=8/16 prev_cap=7/16 titel=0 ort=0/16
PETR	4	11	Petr	eigenname	q=0/7 next_cap=10/11 prev_cap=6/7 titel=0 ort=0/7
PETRIC	6	11	Petric	eigenname	q=0/7 next_cap=0/11 prev_cap=6/7 titel=0 ort=0/7
PHILIPPS	8	11	Philipps	eigenname	q=0/19 next_cap=15/20 prev_cap=7/19 titel=0 ort=0/19
PIETER	6	11	Pieter	eigenname	q=1/10 next_cap=8/11 prev_cap=4/10 titel=0 ort=0/10
PLEASURE	8	11	Pleasure	eigenname	q=2/11 next_cap=9/11 prev_cap=4/11 titel=0 ort=0/11
PLEITGEN	8	11	Pleitgen	eigenname	q=0/10 next_cap=0/11 prev_cap=10/10 titel=1 ort=0/10
POLSKA	6	11	Polska	eigenname	q=1/11 next_cap=5/11 prev_cap=8/11 titel=0 ort=0/11
PRADESH	7	11	Pradesh	eigenname	q=0/12 next_cap=2/12 prev_cap=12/12 titel=0 ort=0/12
PREETZ	6	11	Preetz	eigenname	q=0/10 next_cap=1/12 prev_cap=4/10 titel=0 ort=2/10
PROELL	6	11	Pröll	eigenname	q=1/11 next_cap=0/11 prev_cap=8/11 titel=0 ort=0/11
PROVINCIAL	10	11	Provincial	eigenname	q=2/11 next_cap=10/11 prev_cap=8/11 titel=0 ort=0/11
PUCCINIA	8	11	Puccinia	eigenname	q=0/6 next_cap=0/11 prev_cap=0/6 titel=0 ort=0/6
QIMONDA	7	11	Qimonda	eigenname	q=0/11 next_cap=6/18 prev_cap=6/11 titel=0 ort=2/11
RAMOS	5	11	Ramos	eigenname	q=0/14 next_cap=7/16 prev_cap=7/14 titel=0 ort=1/14
RAMSES	6	11	Ramses	eigenname	q=1/9 next_cap=6/11 prev_cap=1/9 titel=0 ort=0/9
RAOUL	5	11	Raoul	eigenname	q=0/9 next_cap=4/11 prev_cap=2/9 titel=0 ort=1/9
REAGAN	6	11	Reagan	eigenname	q=0/13 next_cap=5/15 prev_cap=8/13 titel=1 ort=0/13
REIMERS	7	11	Reimers	eigenname	q=1/11 next_cap=5/12 prev_cap=7/11 titel=1 ort=0/11
REXRODT	7	11	Rexrodt	eigenname	q=0/8 next_cap=2/11 prev_cap=6/8 titel=0 ort=0/8
REZA	4	11	Reza	eigenname	q=0/8 next_cap=7/11 prev_cap=4/8 titel=0 ort=0/8
RHENANIA	8	11	Rhenania	eigenname	q=1/11 next_cap=9/13 prev_cap=9/11 titel=0 ort=0/11
ROESSLER	8	11	Rößler	eigenname	q=0/12 next_cap=3/12 prev_cap=12/12 titel=0 ort=0/12
ROSENFELD	9	11	Rosenfeld	eigenname	q=0/10 next_cap=1/11 prev_cap=8/10 titel=0 ort=0/10
ROSINA	6	11	Rosina	eigenname	q=2/11 next_cap=6/11 prev_cap=7/11 titel=2 ort=0/11
ROTHENBURG	10	11	Rothenburg	eigenname	q=0/10 next_cap=2/12 prev_cap=5/10 titel=0 ort=2/10
RUBEN	5	11	Ruben	eigenname	q=0/10 next_cap=5/11 prev_cap=3/10 titel=0 ort=0/10
RUBENS	6	11	Rubens	eigenname	q=1/7 next_cap=4/11 prev_cap=1/7 titel=0 ort=0/7
RUSH	4	11	Rush	eigenname	q=2/11 next_cap=3/13 prev_cap=7/11 titel=0 ort=0/11
SAMOA	5	11	Samoa	eigenname	q=1/13 next_cap=3/13 prev_cap=4/13 titel=0 ort=3/13
SANDRO	6	11	Sandro	eigenname	q=0/8 next_cap=10/11 prev_cap=3/8 titel=0 ort=0/8
SANDSAECKEN	11	11	Sandsäcken	eigenname	q=0/11 next_cap=1/11 prev_cap=2/11 titel=0 ort=2/11
SARDINIEN	9	11	Sardinien	eigenname	q=0/13 next_cap=3/13 prev_cap=3/13 titel=0 ort=3/13
SAUR	4	11	Saur	eigenname	q=0/9 next_cap=5/10 prev_cap=7/9 titel=0 ort=0/9
SAUTER	6	11	Sauter	eigenname	q=0/12 next_cap=1/12 prev_cap=10/12 titel=0 ort=0/12
SAVE	4	11	Save	eigenname	q=2/11 next_cap=8/12 prev_cap=7/11 titel=0 ort=0/11
SCALA	5	11	Scala	eigenname	q=1/12 next_cap=6/14 prev_cap=5/12 titel=0 ort=0/12
SCHEIDER	8	11	Scheider	eigenname	q=0/11 next_cap=1/12 prev_cap=6/11 titel=0 ort=0/11
SCHNITZER	9	11	Schnitzer	eigenname	q=1/13 next_cap=1/14 prev_cap=6/13 titel=0 ort=0/13
SCHUETTLER	10	11	Schüttler	eigenname	q=1/12 next_cap=3/12 prev_cap=9/12 titel=0 ort=0/12
SFORZA	6	11	Sforza	eigenname	q=0/10 next_cap=0/11 prev_cap=9/10 titel=1 ort=0/10
SHERMAN	7	11	Sherman	eigenname	q=1/10 next_cap=3/12 prev_cap=5/10 titel=0 ort=0/10
SHIRLEY	7	11	Shirley	eigenname	q=0/10 next_cap=6/11 prev_cap=4/10 titel=1 ort=0/10
SHOOTER	7	11	Shooter	eigenname	q=3/24 next_cap=7/27 prev_cap=18/24 titel=0 ort=0/24
SIEBERT	7	11	Siebert	eigenname	q=0/8 next_cap=5/11 prev_cap=6/8 titel=0 ort=0/8
SIMMEL	6	11	Simmel	eigenname	q=2/9 next_cap=2/12 prev_cap=6/9 titel=0 ort=0/9
SINGULUS	8	11	Singulus	eigenname	q=0/10 next_cap=4/11 prev_cap=2/10 titel=0 ort=0/10
SPAETH	6	11	Späth	eigenname	q=0/11 next_cap=1/12 prev_cap=6/11 titel=0 ort=0/11
SPITZEL	7	11	Spitzel	eigenname	q=4/18 next_cap=6/18 prev_cap=6/18 titel=0 ort=0/18
STEFFENS	8	11	Steffens	eigenname	q=0/10 next_cap=6/13 prev_cap=7/10 titel=1 ort=0/10
STEINERT	8	11	Steinert	eigenname	q=1/11 next_cap=4/11 prev_cap=9/11 titel=0 ort=0/11
STEPHENSON	10	11	Stephenson	eigenname	q=0/11 next_cap=2/11 prev_cap=8/11 titel=0 ort=1/11
STIRLING	8	11	Stirling	eigenname	q=2/10 next_cap=8/11 prev_cap=3/10 titel=0 ort=2/10
STOCKHOLMS	10	11	Stockholms	eigenname	q=1/10 next_cap=5/11 prev_cap=7/10 titel=0 ort=1/10
STORES	6	11	Stores	eigenname	q=2/14 next_cap=0/14 prev_cap=11/14 titel=0 ort=1/14
SUTTER	6	11	Sutter	eigenname	q=0/10 next_cap=4/11 prev_cap=7/10 titel=0 ort=1/10
SVENJA	6	11	Svenja	eigenname	q=0/6 next_cap=8/11 prev_cap=3/6 titel=0 ort=0/6
SWEET	5	11	Sweet	eigenname	q=1/9 next_cap=6/10 prev_cap=4/9 titel=0 ort=0/9
TAYLORS	7	11	Taylors	eigenname	q=1/10 next_cap=6/11 prev_cap=5/10 titel=0 ort=1/10
TECKLENBURG	11	11	Tecklenburg	eigenname	q=2/10 next_cap=3/11 prev_cap=7/10 titel=0 ort=1/10
TELEFONIE	9	11	Telefonie	eigenname	q=5/23 next_cap=5/24 prev_cap=14/23 titel=0 ort=0/23
TELEGRAPH	9	11	Telegraph	eigenname	q=2/11 next_cap=4/11 prev_cap=7/11 titel=0 ort=0/11
TESLA	5	11	Tesla	eigenname	q=1/9 next_cap=5/13 prev_cap=2/9 titel=0 ort=1/9
THOMA	5	11	Thoma	eigenname	q=0/11 next_cap=5/14 prev_cap=9/11 titel=0 ort=0/11
THOMSEN	7	11	Thomsen	eigenname	q=0/13 next_cap=1/13 prev_cap=12/13 titel=0 ort=0/13
TIMMY	5	11	Timmy	eigenname	q=0/6 next_cap=0/11 prev_cap=1/6 titel=0 ort=1/6
TOLERANZEN	10	11	Toleranzen	eigenname	q=0/10 next_cap=1/10 prev_cap=0/10 titel=0 ort=0/10
TRAUUNGEN	9	11	Trauungen	eigenname	q=0/10 next_cap=0/11 prev_cap=1/10 titel=0 ort=0/10
TRUMAN	6	11	Truman	eigenname	q=0/9 next_cap=2/13 prev_cap=4/9 titel=1 ort=0/9
TSCHECHOW	9	11	Tschechow	eigenname	q=0/10 next_cap=2/11 prev_cap=5/10 titel=0 ort=1/10
UNICREDIT	9	11	Unicredit	eigenname	q=1/13 next_cap=7/18 prev_cap=2/13 titel=0 ort=0/13
URACH	5	11	Urach	eigenname	q=0/11 next_cap=0/11 prev_cap=8/11 titel=0 ort=1/11
USCHI	5	11	Uschi	eigenname	q=1/9 next_cap=5/11 prev_cap=4/9 titel=1 ort=0/9
VELBERT	7	11	Velbert	eigenname	q=2/10 next_cap=1/11 prev_cap=5/10 titel=0 ort=2/10
VERIZON	7	11	Verizon	eigenname	q=0/7 next_cap=3/12 prev_cap=3/7 titel=0 ort=0/7
VIOLETTA	8	11	Violetta	eigenname	q=0/8 next_cap=3/11 prev_cap=2/8 titel=0 ort=0/8
VOELKLINGEN	11	11	Völklingen	eigenname	q=0/9 next_cap=0/11 prev_cap=5/9 titel=0 ort=1/9
VOGLER	6	11	Vogler	eigenname	q=0/10 next_cap=2/11 prev_cap=10/10 titel=0 ort=0/10
VOLKMANN	8	11	Volkmann	eigenname	q=0/10 next_cap=2/11 prev_cap=9/10 titel=0 ort=0/10
VORAUSKASSE	11	11	Vorauskasse	eigenname	q=0/10 next_cap=0/10 prev_cap=0/10 titel=0 ort=0/10
VORHAENGEN	10	11	Vorhängen	eigenname	q=0/11 next_cap=0/11 prev_cap=0/11 titel=0 ort=0/11
WAHLRUNDE	9	11	Wahlrunde	eigenname	q=0/11 next_cap=0/11 prev_cap=0/11 titel=0 ort=0/11
WATKINS	7	11	Watkins	eigenname	q=0/10 next_cap=4/12 prev_cap=7/10 titel=0 ort=0/10
WEIGEL	6	11	Weigel	eigenname	q=1/11 next_cap=5/13 prev_cap=6/11 titel=0 ort=0/11
WEILAND	7	11	Weiland	eigenname	q=1/9 next_cap=3/10 prev_cap=7/9 titel=0 ort=0/9
WEINSBERG	9	11	Weinsberg	eigenname	q=1/11 next_cap=2/11 prev_cap=7/11 titel=0 ort=0/11
WEISSENSEE	10	11	Weißensee	eigenname	q=1/17 next_cap=0/18 prev_cap=14/17 titel=0 ort=3/17
WENDEL	6	11	Wendel	eigenname	q=0/10 next_cap=2/11 prev_cap=6/10 titel=0 ort=0/10
WENGER	6	11	Wenger	eigenname	q=1/8 next_cap=1/12 prev_cap=4/8 titel=0 ort=0/8
WERTH	5	11	Werth	eigenname	q=0/9 next_cap=1/11 prev_cap=6/9 titel=0 ort=1/9
WILKINSON	9	11	Wilkinson	eigenname	q=0/9 next_cap=0/11 prev_cap=5/9 titel=1 ort=0/9
WILSBERG	8	11	Wilsberg	eigenname	q=0/7 next_cap=2/11 prev_cap=3/7 titel=0 ort=0/7
WINDBOEEN	9	11	Windböen	eigenname	q=0/8 next_cap=0/11 prev_cap=1/8 titel=0 ort=0/8
WITTSTOCK	9	11	Wittstock	eigenname	q=0/10 next_cap=2/11 prev_cap=3/10 titel=0 ort=2/10
WOODY	5	11	Woody	eigenname	q=1/9 next_cap=10/12 prev_cap=2/9 titel=0 ort=0/9
WUERTH	6	11	Würth	eigenname	q=1/10 next_cap=6/14 prev_cap=4/10 titel=0 ort=0/10
ZACH	4	11	Zach	eigenname	q=0/8 next_cap=4/12 prev_cap=3/8 titel=0 ort=0/8
ZION	4	11	Zion	eigenname	q=0/11 next_cap=2/12 prev_cap=3/11 titel=0 ort=1/11
ZITRONEN	8	11	Zitronen	eigenname	q=0/13 next_cap=4/14 prev_cap=4/13 titel=0 ort=0/13
ACHENBACH	9	10	Achenbach	eigenname	q=0/10 next_cap=2/12 prev_cap=2/10 titel=0 ort=1/10
ACTIVE	6	10	Active	eigenname	q=2/11 next_cap=10/12 prev_cap=6/11 titel=0 ort=0/11
ADECCO	6	10	Adecco	eigenname	q=0/4 next_cap=0/10 prev_cap=2/4 titel=0 ort=0/4
AERO	4	10	Aero	eigenname	q=3/21 next_cap=20/25 prev_cap=11/21 titel=0 ort=1/21
AGRICOLA	8	10	Agricola	eigenname	q=0/9 next_cap=0/9 prev_cap=5/9 titel=0 ort=0/9
AHRENS	6	10	Ahrens	eigenname	q=0/8 next_cap=4/11 prev_cap=8/8 titel=0 ort=0/8
ALBRECHTS	9	10	Albrechts	eigenname	q=0/12 next_cap=9/13 prev_cap=11/12 titel=0 ort=1/12
ALISON	6	10	Alison	eigenname	q=0/10 next_cap=4/10 prev_cap=1/10 titel=0 ort=0/10
ALLISON	7	10	Allison	eigenname	q=0/12 next_cap=3/12 prev_cap=3/12 titel=0 ort=0/12
ANHALT	6	10	Anhalt	eigenname	q=2/152 next_cap=13/152 prev_cap=138/152 titel=0 ort=2/152
ANTONIE	7	10	Antonie	eigenname	q=0/9 next_cap=7/10 prev_cap=1/9 titel=0 ort=0/9
ANTRIEBEN	9	10	Antrieben	eigenname	q=0/10 next_cap=0/10 prev_cap=1/10 titel=0 ort=0/10
ARCHIBALD	9	10	Archibald	eigenname	q=0/7 next_cap=7/10 prev_cap=4/7 titel=0 ort=0/7
AREVA	5	10	Areva	eigenname	q=2/9 next_cap=4/12 prev_cap=0/9 titel=0 ort=0/9
ARISTIDE	8	10	Aristide	eigenname	q=0/8 next_cap=4/10 prev_cap=3/8 titel=0 ort=0/8
ARP	3	10	Arp	eigenname	q=0/4 next_cap=3/7 prev_cap=3/4 titel=0 ort=0/4
ARTURO	6	10	Arturo	eigenname	q=0/10 next_cap=11/11 prev_cap=4/10 titel=0 ort=0/10
ASBEST	6	10	Asbest	eigenname	q=0/12 next_cap=4/13 prev_cap=2/12 titel=0 ort=0/12
ASSAD	5	10	Assad	eigenname	q=0/10 next_cap=3/14 prev_cap=3/10 titel=1 ort=0/10
ASSMANN	7	10	Assmann	eigenname	q=0/8 next_cap=3/11 prev_cap=6/8 titel=0 ort=0/8
BACKNANG	8	10	Backnang	eigenname	q=0/11 next_cap=0/11 prev_cap=7/11 titel=0 ort=2/11
BAIER	5	10	Baier	eigenname	q=2/9 next_cap=2/11 prev_cap=6/9 titel=0 ort=0/9
BALZER	6	10	Balzer	eigenname	q=2/9 next_cap=4/10 prev_cap=7/9 titel=0 ort=0/9
BARRETT	7	10	Barrett	eigenname	q=2/12 next_cap=5/14 prev_cap=7/12 titel=0 ort=0/12
BARROSO	7	10	Barroso	eigenname	q=0/7 next_cap=2/11 prev_cap=2/7 titel=0 ort=0/7
BAUSTOFFEN	10	10	Baustoffen	eigenname	q=0/10 next_cap=1/10 prev_cap=0/10 titel=0 ort=2/10
BEA	3	10	Bea	eigenname	q=1/6 next_cap=2/7 prev_cap=3/6 titel=1 ort=0/6
BECKETT	7	10	Beckett	eigenname	q=0/9 next_cap=2/12 prev_cap=4/9 titel=0 ort=1/9
BENFICA	7	10	Benfica	eigenname	q=0/10 next_cap=2/10 prev_cap=0/10 titel=0 ort=0/10
BENNI	5	10	Benni	eigenname	q=0/4 next_cap=4/10 prev_cap=3/4 titel=0 ort=0/4
BERMAN	6	10	Berman	eigenname	q=0/6 next_cap=1/10 prev_cap=3/6 titel=0 ort=0/6
BERMUDA	7	10	Bermuda	eigenname	q=0/15 next_cap=8/16 prev_cap=2/15 titel=0 ort=2/15
BERNHARDT	9	10	Bernhardt	eigenname	q=0/9 next_cap=3/10 prev_cap=8/9 titel=0 ort=0/9
BERNOTAT	8	10	Bernotat	eigenname	q=0/6 next_cap=1/10 prev_cap=4/6 titel=0 ort=0/6
BIRCH	5	10	Birch	eigenname	q=1/8 next_cap=4/11 prev_cap=6/8 titel=0 ort=0/8
BIRNBAUM	8	10	Birnbaum	eigenname	q=2/10 next_cap=2/10 prev_cap=6/10 titel=0 ort=0/10
BISMARCKS	9	10	Bismarcks	eigenname	q=0/9 next_cap=5/10 prev_cap=5/9 titel=0 ort=0/9
BITTNER	7	10	Bittner	eigenname	q=0/8 next_cap=0/10 prev_cap=3/8 titel=0 ort=0/8
BLACKSTONE	10	10	Blackstone	eigenname	q=2/9 next_cap=4/12 prev_cap=5/9 titel=0 ort=1/9
BLUMENTHAL	10	10	Blumenthal	eigenname	q=0/8 next_cap=2/10 prev_cap=5/8 titel=0 ort=0/8
BOEGER	6	10	Böger	eigenname	q=0/7 next_cap=2/11 prev_cap=5/7 titel=0 ort=0/7
BOONE	5	10	Boone	eigenname	q=1/9 next_cap=2/10 prev_cap=6/9 titel=0 ort=0/9
BOWIE	5	10	Bowie	eigenname	q=0/9 next_cap=3/11 prev_cap=3/9 titel=0 ort=0/9
BRADY	5	10	Brady	eigenname	q=0/8 next_cap=1/10 prev_cap=5/8 titel=0 ort=0/8
BRASS	5	10	Brass	eigenname	q=2/12 next_cap=8/12 prev_cap=9/12 titel=0 ort=0/12
BROOKE	6	10	Brooke	eigenname	q=0/9 next_cap=2/11 prev_cap=6/9 titel=0 ort=1/9
BRUCK	5	10	Bruck	eigenname	q=0/16 next_cap=4/16 prev_cap=9/16 titel=0 ort=0/16
BRUCKMANN	9	10	Bruckmann	eigenname	q=1/8 next_cap=5/10 prev_cap=6/8 titel=0 ort=0/8
BRUCKNER	8	10	Bruckner	eigenname	q=0/10 next_cap=1/11 prev_cap=7/10 titel=1 ort=0/10
BRUHN	5	10	Bruhn	eigenname	q=0/8 next_cap=0/10 prev_cap=7/8 titel=0 ort=0/8
BRUNSWICK	9	10	Brunswick	eigenname	q=1/10 next_cap=3/11 prev_cap=6/10 titel=0 ort=1/10
BUDDE	5	10	Budde	eigenname	q=0/7 next_cap=1/10 prev_cap=3/7 titel=0 ort=0/7
BUEHL	5	10	Bühl	eigenname	q=0/9 next_cap=4/10 prev_cap=7/9 titel=0 ort=2/9
BUETIKOFER	10	10	Bütikofer	eigenname	q=0/8 next_cap=0/10 prev_cap=8/8 titel=0 ort=0/8
BYRON	5	10	Byron	eigenname	q=0/8 next_cap=5/10 prev_cap=2/8 titel=0 ort=1/8
CALDWELL	8	10	Caldwell	eigenname	q=1/7 next_cap=1/10 prev_cap=5/7 titel=0 ort=0/7
CALMUND	7	10	Calmund	eigenname	q=0/8 next_cap=0/10 prev_cap=5/8 titel=0 ort=0/8
CANNSTATT	9	10	Cannstatt	eigenname	q=0/11 next_cap=0/11 prev_cap=8/11 titel=0 ort=2/11
CAROLIN	7	10	Carolin	eigenname	q=0/6 next_cap=6/11 prev_cap=3/6 titel=0 ort=0/6
CASTELL	7	10	Castell	eigenname	q=1/13 next_cap=3/13 prev_cap=4/13 titel=0 ort=0/13
CATALUNYA	9	10	Catalunya	eigenname	q=0/10 next_cap=1/10 prev_cap=1/10 titel=0 ort=0/10
CELESIO	7	10	Celesio	eigenname	q=0/9 next_cap=5/13 prev_cap=3/9 titel=0 ort=0/9
CENTRUM	7	10	Centrum	eigenname	q=2/13 next_cap=8/13 prev_cap=10/13 titel=0 ort=0/13
CHARLTON	8	10	Charlton	eigenname	q=0/9 next_cap=4/10 prev_cap=3/9 titel=0 ort=0/9
CHAVEZ	6	10	Chavez	eigenname	q=0/9 next_cap=1/11 prev_cap=2/9 titel=0 ort=0/9
CHICO	5	10	Chico	eigenname	q=1/8 next_cap=5/10 prev_cap=3/8 titel=0 ort=1/8
CHOPIN	6	10	Chopin	eigenname	q=1/10 next_cap=5/14 prev_cap=2/10 titel=0 ort=0/10
COLONIA	7	10	Colonia	eigenname	q=0/9 next_cap=2/11 prev_cap=6/9 titel=0 ort=1/9
COMBAT	6	10	Combat	eigenname	q=2/12 next_cap=11/12 prev_cap=5/12 titel=0 ort=1/12
CONNIE	6	10	Connie	eigenname	q=0/10 next_cap=5/10 prev_cap=5/10 titel=1 ort=0/10
CORNELIS	8	10	Cornelis	eigenname	q=1/7 next_cap=7/10 prev_cap=5/7 titel=0 ort=1/7
CREATON	7	10	Creaton	eigenname	q=0/10 next_cap=9/10 prev_cap=9/10 titel=0 ort=1/10
DANI	4	10	Dani	eigenname	q=1/6 next_cap=6/10 prev_cap=0/6 titel=0 ort=0/6
DARLING	7	10	Darling	eigenname	q=1/9 next_cap=3/10 prev_cap=7/9 titel=0 ort=0/9
DEMJANJUK	9	10	Demjanjuk	eigenname	q=0/13 next_cap=5/15 prev_cap=3/13 titel=0 ort=1/13
DENIZ	5	10	Deniz	eigenname	q=0/5 next_cap=7/10 prev_cap=2/5 titel=0 ort=0/5
DESERT	6	10	Desert	eigenname	q=1/10 next_cap=6/10 prev_cap=5/10 titel=0 ort=0/10
DIDEROT	7	10	Diderot	eigenname	q=0/9 next_cap=0/10 prev_cap=6/9 titel=1 ort=1/9
DINO	4	10	Dino	eigenname	q=1/13 next_cap=8/15 prev_cap=3/13 titel=0 ort=0/13
DIRTY	5	10	Dirty	eigenname	q=2/9 next_cap=12/12 prev_cap=4/9 titel=0 ort=0/9
DOHERTY	7	10	Doherty	eigenname	q=0/8 next_cap=2/11 prev_cap=7/8 titel=0 ort=0/8
DURAN	5	10	Duran	eigenname	q=0/9 next_cap=5/10 prev_cap=6/9 titel=0 ort=1/9
ECCLESTONE	10	10	Ecclestone	eigenname	q=0/5 next_cap=1/10 prev_cap=4/5 titel=0 ort=0/5
ECKHARDT	8	10	Eckhardt	eigenname	q=0/8 next_cap=3/11 prev_cap=7/8 titel=0 ort=0/8
EDDA	4	10	Edda	eigenname	q=1/13 next_cap=3/13 prev_cap=5/13 titel=1 ort=1/13
EHRENBERG	9	10	Ehrenberg	eigenname	q=0/13 next_cap=3/15 prev_cap=9/13 titel=0 ort=0/13
EIKE	4	10	Eike	eigenname	q=0/6 next_cap=6/9 prev_cap=4/6 titel=0 ort=0/6
EISLER	6	10	Eisler	eigenname	q=0/10 next_cap=2/10 prev_cap=8/10 titel=0 ort=0/10
ELI	3	10	Eli	eigenname	q=0/6 next_cap=9/11 prev_cap=3/6 titel=0 ort=0/6
ELLY	4	10	Elly	eigenname	q=0/8 next_cap=12/13 prev_cap=2/8 titel=0 ort=0/8
EMMANUEL	8	10	Emmanuel	eigenname	q=0/9 next_cap=5/12 prev_cap=7/9 titel=0 ort=0/9
EMMENDINGEN	11	10	Emmendingen	eigenname	q=0/11 next_cap=3/11 prev_cap=8/11 titel=0 ort=2/11
ERLER	5	10	Erler	eigenname	q=0/11 next_cap=6/12 prev_cap=10/11 titel=0 ort=0/11
EVERTON	7	10	Everton	eigenname	q=0/10 next_cap=3/12 prev_cap=5/10 titel=0 ort=1/10
FERTIGHAUS	10	10	Fertighaus	eigenname	q=2/13 next_cap=9/13 prev_cap=3/13 titel=0 ort=2/13
FEUERBACH	9	10	Feuerbach	eigenname	q=0/11 next_cap=5/11 prev_cap=6/11 titel=0 ort=1/11
FINCK	5	10	Finck	eigenname	q=0/10 next_cap=1/10 prev_cap=9/10 titel=0 ort=1/10
FINNLANDS	9	10	Finnlands	eigenname	q=0/10 next_cap=2/11 prev_cap=8/10 titel=0 ort=1/10
FLATRATE	8	10	Flatrate	eigenname	q=8/34 next_cap=12/35 prev_cap=19/34 titel=0 ort=0/34
FOLEY	5	10	Foley	eigenname	q=0/9 next_cap=4/11 prev_cap=5/9 titel=0 ort=1/9
FONTANA	7	10	Fontana	eigenname	q=0/9 next_cap=5/12 prev_cap=3/9 titel=0 ort=1/9
FORBES	6	10	Forbes	eigenname	q=0/16 next_cap=9/18 prev_cap=6/16 titel=0 ort=0/16
FOREIGN	7	10	Foreign	eigenname	q=1/9 next_cap=10/10 prev_cap=5/9 titel=0 ort=0/9
FOWLER	6	10	Fowler	eigenname	q=0/8 next_cap=2/10 prev_cap=4/8 titel=0 ort=0/8
FRANS	5	10	Frans	eigenname	q=0/8 next_cap=9/11 prev_cap=4/8 titel=0 ort=1/8
FREDRIK	7	10	Fredrik	eigenname	q=0/7 next_cap=7/10 prev_cap=4/7 titel=0 ort=0/7
FRIEDER	7	10	Frieder	eigenname	q=0/7 next_cap=7/10 prev_cap=0/7 titel=0 ort=0/7
FRITSCH	7	10	Fritsch	eigenname	q=0/11 next_cap=4/12 prev_cap=8/11 titel=0 ort=0/11
GALILEO	7	10	Galileo	eigenname	q=1/9 next_cap=5/12 prev_cap=5/9 titel=0 ort=0/9
GARDINER	8	10	Gardiner	eigenname	q=1/8 next_cap=4/10 prev_cap=5/8 titel=0 ort=0/8
GELDNOT	7	10	Geldnot	eigenname	q=0/10 next_cap=1/10 prev_cap=1/10 titel=0 ort=2/10
GEORGEN	7	10	Georgen	eigenname	q=0/14 next_cap=5/15 prev_cap=10/14 titel=0 ort=0/14
GERMAIN	7	10	Germain	eigenname	q=0/25 next_cap=1/25 prev_cap=25/25 titel=0 ort=0/25
GEROLD	6	10	Gerold	eigenname	q=0/8 next_cap=8/10 prev_cap=3/8 titel=1 ort=0/8
GERRY	5	10	Gerry	eigenname	q=0/10 next_cap=9/11 prev_cap=3/10 titel=0 ort=0/10
GOTHIC	6	10	Gothic	eigenname	q=2/12 next_cap=9/14 prev_cap=5/12 titel=0 ort=1/12
GREINER	7	10	Greiner	eigenname	q=0/9 next_cap=1/10 prev_cap=7/9 titel=0 ort=0/9
GRETCHEN	8	10	Gretchen	eigenname	q=1/10 next_cap=4/10 prev_cap=3/10 titel=0 ort=0/10
GROENEMEYER	11	10	Grönemeyer	eigenname	q=0/8 next_cap=2/9 prev_cap=6/8 titel=0 ort=0/8
GRUYTER	7	10	Gruyter	eigenname	q=0/10 next_cap=9/10 prev_cap=3/10 titel=0 ort=0/10
GUILLERMO	9	10	Guillermo	eigenname	q=0/9 next_cap=7/10 prev_cap=6/9 titel=0 ort=0/9
GUITAR	6	10	Guitar	eigenname	q=1/9 next_cap=7/10 prev_cap=7/9 titel=0 ort=0/9
GUNDLACH	8	10	Gundlach	eigenname	q=0/8 next_cap=6/11 prev_cap=6/8 titel=0 ort=0/8
GUSTAF	6	10	Gustaf	eigenname	q=0/6 next_cap=9/11 prev_cap=4/6 titel=0 ort=0/6
HABERMAS	8	10	Habermas	eigenname	q=0/7 next_cap=3/10 prev_cap=3/7 titel=0 ort=1/7
HAKAN	5	10	Hakan	eigenname	q=0/9 next_cap=5/10 prev_cap=5/9 titel=0 ort=0/9
HALBMAST	8	10	Halbmast	eigenname	q=0/9 next_cap=0/9 prev_cap=0/9 titel=0 ort=0/9
HAMPEL	6	10	Hampel	eigenname	q=1/8 next_cap=2/10 prev_cap=7/8 titel=0 ort=0/8
HANNI	5	10	Hanni	eigenname	q=0/7 next_cap=3/10 prev_cap=1/7 titel=0 ort=0/7
HANSI	5	10	Hansi	eigenname	q=0/8 next_cap=6/10 prev_cap=5/8 titel=2 ort=0/8
HARDT	5	10	Hardt	eigenname	q=1/12 next_cap=1/12 prev_cap=7/12 titel=0 ort=0/12
HARTMANNS	9	10	Hartmanns	eigenname	q=1/6 next_cap=4/10 prev_cap=3/6 titel=0 ort=0/6
HAY	3	10	Hay	eigenname	q=2/9 next_cap=2/11 prev_cap=6/9 titel=0 ort=0/9
HAYN	4	10	Hayn	eigenname	q=0/10 next_cap=1/10 prev_cap=6/10 titel=0 ort=2/10
HAYWARD	7	10	Hayward	eigenname	q=1/8 next_cap=1/10 prev_cap=7/8 titel=0 ort=0/8
HEERSTRASSE	11	10	Heerstraße	eigenname	q=1/10 next_cap=0/10 prev_cap=6/10 titel=0 ort=0/10
HEITMANN	8	10	Heitmann	eigenname	q=0/9 next_cap=0/10 prev_cap=6/9 titel=1 ort=0/9
HELLA	5	10	Hella	eigenname	q=1/7 next_cap=5/11 prev_cap=3/7 titel=2 ort=0/7
HERMANNS	8	10	Hermanns	eigenname	q=0/8 next_cap=3/10 prev_cap=8/8 titel=0 ort=0/8
HILARY	6	10	Hilary	eigenname	q=0/7 next_cap=5/10 prev_cap=2/7 titel=1 ort=0/7
HINDI	5	10	Hindi	eigenname	q=1/12 next_cap=4/13 prev_cap=2/12 titel=0 ort=1/12
HOCHDORF	8	10	Hochdorf	eigenname	q=0/11 next_cap=3/11 prev_cap=8/11 titel=0 ort=2/11
HOGAN	5	10	Hogan	eigenname	q=1/9 next_cap=2/10 prev_cap=6/9 titel=0 ort=0/9
HOLY	4	10	Holy	eigenname	q=2/10 next_cap=7/10 prev_cap=3/10 titel=0 ort=0/10
HOLZMANN	8	10	Holzmann	eigenname	q=0/10 next_cap=7/15 prev_cap=6/10 titel=0 ort=1/10
HORACE	6	10	Horace	eigenname	q=1/8 next_cap=6/10 prev_cap=4/8 titel=0 ort=0/8
HORNER	6	10	Horner	eigenname	q=1/9 next_cap=3/11 prev_cap=5/9 titel=0 ort=0/9
HUNTINGTON	10	10	Huntington	eigenname	q=2/9 next_cap=3/10 prev_cap=2/9 titel=0 ort=0/9
HYMNEN	6	10	Hymnen	eigenname	q=0/12 next_cap=3/13 prev_cap=1/12 titel=0 ort=0/12
IMPFSTOFFEN	11	10	Impfstoffen	eigenname	q=0/11 next_cap=0/11 prev_cap=1/11 titel=0 ort=1/11
JANEWAY	7	10	Janeway	eigenname	q=0/5 next_cap=1/10 prev_cap=3/5 titel=0 ort=0/5
JARED	5	10	Jared	eigenname	q=0/8 next_cap=6/10 prev_cap=3/8 titel=1 ort=1/8
JELENA	6	10	Jelena	eigenname	q=0/6 next_cap=7/10 prev_cap=2/6 titel=0 ort=0/6
JIN	3	10	Jin	eigenname	q=0/18 next_cap=9/20 prev_cap=12/18 titel=0 ort=0/18
JOBST	5	10	Jobst	eigenname	q=2/10 next_cap=6/11 prev_cap=5/10 titel=0 ort=0/10
JOSCHI	6	10	Joschi	eigenname	q=0/7 next_cap=5/10 prev_cap=4/7 titel=0 ort=0/7
JOSEP	5	10	Josep	eigenname	q=0/9 next_cap=6/10 prev_cap=8/9 titel=1 ort=0/9
JULIANA	7	10	Juliana	eigenname	q=0/10 next_cap=6/10 prev_cap=7/10 titel=1 ort=0/10
KALTENBACH	10	10	Kaltenbach	eigenname	q=1/11 next_cap=1/11 prev_cap=7/11 titel=0 ort=1/11
KEMAL	5	10	Kemal	eigenname	q=0/6 next_cap=5/10 prev_cap=3/6 titel=0 ort=0/6
KENDALL	7	10	Kendall	eigenname	q=1/8 next_cap=4/10 prev_cap=6/8 titel=1 ort=0/8
KINDERMANN	10	10	Kindermann	eigenname	q=0/9 next_cap=1/11 prev_cap=4/9 titel=1 ort=0/9
KIRBY	5	10	Kirby	eigenname	q=0/10 next_cap=3/10 prev_cap=7/10 titel=0 ort=1/10
KLEOPATRA	9	10	Kleopatra	eigenname	q=0/8 next_cap=2/10 prev_cap=2/8 titel=0 ort=1/8
KLING	5	10	Kling	eigenname	q=0/9 next_cap=1/10 prev_cap=7/9 titel=1 ort=0/9
KLINK	5	10	Klink	eigenname	q=2/12 next_cap=2/13 prev_cap=8/12 titel=0 ort=0/12
KOMPONISTIN	11	10	Komponistin	eigenname	q=2/9 next_cap=3/10 prev_cap=2/9 titel=1 ort=0/9
KONRADS	7	10	Konrads	eigenname	q=0/10 next_cap=4/10 prev_cap=6/10 titel=0 ort=1/10
KRISHNA	7	10	Krishna	eigenname	q=0/9 next_cap=6/12 prev_cap=6/9 titel=0 ort=1/9
KRISTIAN	8	10	Kristian	eigenname	q=0/8 next_cap=5/10 prev_cap=5/8 titel=0 ort=0/8
KUENZELSAU	10	10	Künzelsau	eigenname	q=0/9 next_cap=1/11 prev_cap=6/9 titel=0 ort=2/9
KUNTZ	5	10	Kuntz	eigenname	q=0/8 next_cap=0/9 prev_cap=6/8 titel=0 ort=0/8
LAGERFELD	9	10	Lagerfeld	eigenname	q=1/8 next_cap=2/10 prev_cap=6/8 titel=0 ort=0/8
LAN	3	10	Lan	eigenname	q=0/12 next_cap=7/13 prev_cap=7/12 titel=0 ort=0/12
LAURENCE	8	10	Laurence	eigenname	q=0/10 next_cap=11/11 prev_cap=5/10 titel=0 ort=0/10
LAWSON	6	10	Lawson	eigenname	q=0/7 next_cap=1/10 prev_cap=4/7 titel=0 ort=0/7
LAZAR	5	10	Lazar	eigenname	q=1/10 next_cap=4/10 prev_cap=8/10 titel=0 ort=0/10
LEIF	4	10	Leif	eigenname	q=0/6 next_cap=7/10 prev_cap=5/6 titel=0 ort=0/6
LENINS	6	10	Lenins	eigenname	q=0/9 next_cap=6/10 prev_cap=6/9 titel=0 ort=2/9
LEONBERG	8	10	Leonberg	eigenname	q=0/7 next_cap=0/10 prev_cap=5/7 titel=0 ort=1/7
LEONID	6	10	Leonid	eigenname	q=0/10 next_cap=9/10 prev_cap=4/10 titel=0 ort=0/10
LETTLANDS	9	10	Lettlands	eigenname	q=0/10 next_cap=1/10 prev_cap=9/10 titel=0 ort=0/10
LOCKHEED	8	10	Lockheed	eigenname	q=2/9 next_cap=8/10 prev_cap=2/9 titel=0 ort=0/9
LOHE	4	10	Lohe	eigenname	q=2/10 next_cap=3/11 prev_cap=5/10 titel=0 ort=1/10
LORIENT	7	10	Lorient	eigenname	q=0/10 next_cap=0/10 prev_cap=1/10 titel=0 ort=2/10
LUBLIN	6	10	Lublin	eigenname	q=0/10 next_cap=1/11 prev_cap=6/10 titel=0 ort=1/10
LUC	3	10	Luc	eigenname	q=0/9 next_cap=7/12 prev_cap=7/9 titel=0 ort=0/9
LUE	3	10	Lü	eigenname	q=0/7 next_cap=6/8 prev_cap=4/7 titel=0 ort=0/7
LURZ	4	10	Lurz	eigenname	q=0/8 next_cap=1/10 prev_cap=7/8 titel=0 ort=0/8
MABEL	5	10	Mabel	eigenname	q=0/10 next_cap=6/10 prev_cap=6/10 titel=1 ort=0/10
MAIKE	5	10	Maike	eigenname	q=0/9 next_cap=7/10 prev_cap=4/9 titel=0 ort=0/9
MANGAN	6	10	Mangan	eigenname	q=0/11 next_cap=3/14 prev_cap=1/11 titel=0 ort=0/11
MANGOLD	7	10	Mangold	eigenname	q=0/8 next_cap=0/10 prev_cap=6/8 titel=0 ort=0/8
MAPPUS	6	10	Mappus	eigenname	q=0/8 next_cap=0/10 prev_cap=5/8 titel=0 ort=0/8
MARGIT	6	10	Margit	eigenname	q=0/5 next_cap=6/10 prev_cap=1/5 titel=0 ort=0/5
MARIBOR	7	10	Maribor	eigenname	q=0/9 next_cap=0/10 prev_cap=6/9 titel=0 ort=2/9
MARIJA	6	10	Marija	eigenname	q=1/7 next_cap=5/10 prev_cap=6/7 titel=2 ort=0/7
MARTINEZ	8	10	Martinez	eigenname	q=0/7 next_cap=2/11 prev_cap=6/7 titel=0 ort=0/7
MASCHA	6	10	Mascha	eigenname	q=0/8 next_cap=2/10 prev_cap=3/8 titel=0 ort=0/8
MAYERS	6	10	Mayers	eigenname	q=0/7 next_cap=4/7 prev_cap=5/7 titel=0 ort=0/7
MEDEA	5	10	Medea	eigenname	q=0/7 next_cap=4/11 prev_cap=2/7 titel=0 ort=0/7
MEINHOF	7	10	Meinhof	eigenname	q=1/14 next_cap=6/15 prev_cap=11/14 titel=0 ort=0/14
MERK	4	10	Merk	eigenname	q=1/12 next_cap=2/12 prev_cap=10/12 titel=0 ort=0/12
MESA	4	10	Mesa	eigenname	q=1/9 next_cap=3/9 prev_cap=7/9 titel=0 ort=1/9
MICHELBACH	10	10	Michelbach	eigenname	q=0/12 next_cap=1/13 prev_cap=9/12 titel=0 ort=1/12
MICROSOFTS	10	10	Microsofts	eigenname	q=0/6 next_cap=9/10 prev_cap=0/6 titel=0 ort=1/6
MINAS	5	10	Minas	eigenname	q=0/9 next_cap=6/10 prev_cap=4/9 titel=0 ort=0/9
MIRJAM	6	10	Mirjam	eigenname	q=0/9 next_cap=7/11 prev_cap=6/9 titel=0 ort=0/9
MOHAMMAD	8	10	Mohammad	eigenname	q=0/8 next_cap=10/10 prev_cap=7/8 titel=0 ort=0/8
MONATSSICHT	11	10	Monatssicht	eigenname	q=0/10 next_cap=0/10 prev_cap=9/10 titel=0 ort=0/10
MONTFORT	8	10	Montfort	eigenname	q=0/9 next_cap=1/11 prev_cap=2/9 titel=0 ort=1/9
MONTY	5	10	Monty	eigenname	q=1/10 next_cap=8/11 prev_cap=5/10 titel=0 ort=0/10
MORITZBURG	10	10	Moritzburg	eigenname	q=2/10 next_cap=3/10 prev_cap=7/10 titel=0 ort=0/10
MORRISSEY	9	10	Morrissey	eigenname	q=0/6 next_cap=3/10 prev_cap=4/6 titel=0 ort=0/6
MOSKAUS	7	10	Moskaus	eigenname	q=0/10 next_cap=0/10 prev_cap=10/10 titel=0 ort=0/10
MOSSUL	6	10	Mossul	eigenname	q=0/10 next_cap=0/10 prev_cap=2/10 titel=0 ort=2/10
MULDER	6	10	Mulder	eigenname	q=0/6 next_cap=1/10 prev_cap=4/6 titel=0 ort=0/6
MUTH	4	10	Muth	eigenname	q=1/11 next_cap=4/11 prev_cap=8/11 titel=0 ort=0/11
NELE	4	10	Nele	eigenname	q=1/8 next_cap=3/10 prev_cap=4/8 titel=0 ort=0/8
NEUDECK	7	10	Neudeck	eigenname	q=1/9 next_cap=0/10 prev_cap=4/9 titel=1 ort=1/9
NEUDORF	7	10	Neudorf	eigenname	q=0/12 next_cap=0/12 prev_cap=5/12 titel=0 ort=2/12
NEUREUTHER	10	10	Neureuther	eigenname	q=0/8 next_cap=0/10 prev_cap=8/8 titel=0 ort=0/8
NEWMAN	6	10	Newman	eigenname	q=0/14 next_cap=4/14 prev_cap=9/14 titel=0 ort=0/14
NIEMANN	7	10	Niemann	eigenname	q=0/11 next_cap=3/13 prev_cap=9/11 titel=0 ort=0/11
NIENBURG	8	10	Nienburg	eigenname	q=1/9 next_cap=0/10 prev_cap=5/9 titel=0 ort=2/9
NOISE	5	10	Noise	eigenname	q=2/11 next_cap=6/12 prev_cap=7/11 titel=0 ort=0/11
NORRIS	6	10	Norris	eigenname	q=0/9 next_cap=4/12 prev_cap=4/9 titel=0 ort=0/9
NORTON	6	10	Norton	eigenname	q=1/12 next_cap=7/12 prev_cap=9/12 titel=0 ort=0/12
NOWGOROD	8	10	Nowgorod	eigenname	q=0/10 next_cap=0/10 prev_cap=8/10 titel=0 ort=1/10
OLLI	4	10	Olli	eigenname	q=0/12 next_cap=6/14 prev_cap=9/12 titel=0 ort=0/12
ORB	3	10	Orb	eigenname	q=0/8 next_cap=0/8 prev_cap=7/8 titel=0 ort=0/8
OSMAN	5	10	Osman	eigenname	q=0/8 next_cap=5/11 prev_cap=5/8 titel=0 ort=0/8
OSSWALD	7	10	Oßwald	eigenname	q=0/11 next_cap=1/11 prev_cap=11/11 titel=0 ort=0/11
OSTERLOH	8	10	Osterloh	eigenname	q=0/8 next_cap=3/10 prev_cap=5/8 titel=0 ort=0/8
OSTEUROPAS	10	10	Osteuropas	eigenname	q=0/11 next_cap=0/11 prev_cap=8/11 titel=0 ort=0/11
OTTILIE	7	10	Ottilie	eigenname	q=0/9 next_cap=5/10 prev_cap=5/9 titel=2 ort=0/9
OTTMAR	6	10	Ottmar	eigenname	q=0/8 next_cap=9/10 prev_cap=6/8 titel=2 ort=0/8
OTTOKAR	7	10	Ottokar	eigenname	q=0/10 next_cap=7/11 prev_cap=4/10 titel=0 ort=0/10
PAMUK	5	10	Pamuk	eigenname	q=0/5 next_cap=4/10 prev_cap=5/5 titel=0 ort=0/5
PANASONIC	9	10	Panasonic	eigenname	q=1/6 next_cap=3/10 prev_cap=1/6 titel=0 ort=0/6
PANDA	5	10	Panda	eigenname	q=2/17 next_cap=10/18 prev_cap=4/17 titel=0 ort=0/17
PANELS	6	10	Panels	eigenname	q=4/19 next_cap=1/19 prev_cap=11/19 titel=0 ort=0/19
PATRIOT	7	10	Patriot	eigenname	q=3/13 next_cap=5/14 prev_cap=1/13 titel=0 ort=0/13
PEARSON	7	10	Pearson	eigenname	q=0/7 next_cap=5/12 prev_cap=5/7 titel=0 ort=0/7
PETA	4	10	Peta	eigenname	q=0/6 next_cap=1/6 prev_cap=5/6 titel=0 ort=0/6
PIERO	5	10	Piero	eigenname	q=0/10 next_cap=8/10 prev_cap=4/10 titel=0 ort=0/10
PIPPI	5	10	Pippi	eigenname	q=0/10 next_cap=7/12 prev_cap=1/10 titel=0 ort=0/10
PLATE	5	10	Plate	eigenname	q=1/10 next_cap=1/10 prev_cap=7/10 titel=0 ort=1/10
POCHER	6	10	Pocher	eigenname	q=0/12 next_cap=3/12 prev_cap=9/12 titel=1 ort=0/12
POLDI	5	10	Poldi	eigenname	q=0/8 next_cap=2/12 prev_cap=3/8 titel=0 ort=0/8
POSCO	5	10	Posco	eigenname	q=0/4 next_cap=0/8 prev_cap=3/4 titel=0 ort=0/4
PRAKTIKERN	10	10	Praktikern	eigenname	q=0/10 next_cap=0/10 prev_cap=0/10 titel=0 ort=0/10
PRESSETEXTE	11	10	Pressetexte	eigenname	q=0/9 next_cap=1/10 prev_cap=3/9 titel=0 ort=0/9
PRINCIPAL	9	10	Principal	eigenname	q=1/10 next_cap=8/11 prev_cap=4/10 titel=0 ort=0/10
PSYCHO	6	10	Psycho	eigenname	q=3/16 next_cap=11/20 prev_cap=1/16 titel=0 ort=0/16
QUANTUM	7	10	Quantum	eigenname	q=2/11 next_cap=9/11 prev_cap=4/11 titel=0 ort=0/11
RAMELOW	7	10	Ramelow	eigenname	q=0/10 next_cap=0/10 prev_cap=8/10 titel=0 ort=0/10
RAUTEN	6	10	Rauten	eigenname	q=0/10 next_cap=0/10 prev_cap=2/10 titel=0 ort=0/10
REHE	4	10	Rehe	eigenname	q=1/8 next_cap=2/10 prev_cap=5/8 titel=0 ort=0/8
REICHEL	7	10	Reichel	eigenname	q=0/10 next_cap=0/10 prev_cap=7/10 titel=0 ort=0/10
REILLY	6	10	Reilly	eigenname	q=0/8 next_cap=1/10 prev_cap=5/8 titel=0 ort=1/8
REISIG	6	10	Reisig	eigenname	q=1/8 next_cap=0/10 prev_cap=4/8 titel=0 ort=0/8
REPOWER	7	10	Repower	eigenname	q=1/5 next_cap=4/12 prev_cap=2/5 titel=0 ort=0/5
RHEINE	6	10	Rheine	eigenname	q=0/13 next_cap=4/14 prev_cap=8/13 titel=0 ort=3/13
RHEINFELDEN	11	10	Rheinfelden	eigenname	q=0/9 next_cap=0/10 prev_cap=5/9 titel=0 ort=2/9
RICH	4	10	Rich	eigenname	q=1/10 next_cap=7/13 prev_cap=7/10 titel=0 ort=0/10
RIDERS	6	10	Riders	eigenname	q=2/11 next_cap=5/11 prev_cap=7/11 titel=0 ort=0/11
RIEMANN	7	10	Riemann	eigenname	q=1/15 next_cap=5/16 prev_cap=10/15 titel=1 ort=0/15
RIIS	4	10	Riis	eigenname	q=0/8 next_cap=1/10 prev_cap=6/8 titel=0 ort=0/8
RILKE	5	10	Rilke	eigenname	q=1/12 next_cap=2/13 prev_cap=6/12 titel=0 ort=1/12
RINALDO	7	10	Rinaldo	eigenname	q=2/9 next_cap=3/10 prev_cap=2/9 titel=0 ort=0/9
RIPLEY	6	10	Ripley	eigenname	q=0/8 next_cap=0/10 prev_cap=4/8 titel=0 ort=0/8
ROCCA	5	10	Rocca	eigenname	q=1/8 next_cap=4/10 prev_cap=4/8 titel=0 ort=0/8
RODNEY	6	10	Rodney	eigenname	q=0/9 next_cap=6/10 prev_cap=4/9 titel=0 ort=0/9
ROEBER	6	10	Röber	eigenname	q=0/9 next_cap=1/10 prev_cap=6/9 titel=0 ort=0/9
ROGGE	5	10	Rogge	eigenname	q=0/9 next_cap=1/11 prev_cap=8/9 titel=0 ort=0/9
ROMBACH	7	10	Rombach	eigenname	q=0/5 next_cap=4/10 prev_cap=5/5 titel=0 ort=0/5
RONALDINHO	10	10	Ronaldinho	eigenname	q=0/7 next_cap=1/10 prev_cap=3/7 titel=0 ort=0/7
ROSSO	5	10	Rosso	eigenname	q=0/11 next_cap=3/13 prev_cap=10/11 titel=0 ort=1/11
RUNGE	5	10	Runge	eigenname	q=1/8 next_cap=3/11 prev_cap=5/8 titel=0 ort=0/8
SAFRAN	6	10	Safran	eigenname	q=0/10 next_cap=3/12 prev_cap=4/10 titel=0 ort=0/10
SATELLITE	9	10	Satellite	eigenname	q=2/10 next_cap=7/11 prev_cap=7/10 titel=0 ort=0/10
SATIREN	7	10	Satiren	eigenname	q=0/9 next_cap=1/10 prev_cap=2/9 titel=0 ort=0/9
SCHARAPOWA	10	10	Scharapowa	eigenname	q=0/8 next_cap=1/10 prev_cap=7/8 titel=0 ort=0/8
SCHAUMBURG	10	10	Schaumburg	eigenname	q=0/16 next_cap=9/17 prev_cap=8/16 titel=0 ort=3/16
SCHILLERS	9	10	Schillers	eigenname	q=1/8 next_cap=5/10 prev_cap=4/8 titel=0 ort=0/8
SCHIRMER	8	10	Schirmer	eigenname	q=0/9 next_cap=0/10 prev_cap=8/9 titel=1 ort=0/9
SCHLUMPF	8	10	Schlumpf	eigenname	q=2/16 next_cap=0/17 prev_cap=11/16 titel=0 ort=0/16
SCHNITZLER	10	10	Schnitzler	eigenname	q=1/9 next_cap=1/10 prev_cap=8/9 titel=0 ort=0/9
SCHOELLER	9	10	Schöller	eigenname	q=0/9 next_cap=4/11 prev_cap=4/9 titel=0 ort=0/9
SCHOENBORN	10	10	Schönborn	eigenname	q=0/10 next_cap=3/10 prev_cap=6/10 titel=0 ort=0/10
SCHUETTE	8	10	Schütte	eigenname	q=1/11 next_cap=4/12 prev_cap=6/11 titel=1 ort=0/11
SCHULTHEISS	11	10	Schultheiß	eigenname	q=0/10 next_cap=3/10 prev_cap=2/10 titel=0 ort=0/10
SCHWEITZER	10	10	Schweitzer	eigenname	q=0/19 next_cap=11/21 prev_cap=15/19 titel=0 ort=0/19
SCIENTIFIC	10	10	Scientific	eigenname	q=2/10 next_cap=7/10 prev_cap=7/10 titel=0 ort=1/10
SCREEN	6	10	Screen	eigenname	q=3/19 next_cap=10/20 prev_cap=12/19 titel=0 ort=0/19
SEGEBERG	8	10	Segeberg	eigenname	q=0/10 next_cap=0/10 prev_cap=10/10 titel=0 ort=0/10
SHAH	4	10	Shah	eigenname	q=1/10 next_cap=5/10 prev_cap=5/10 titel=0 ort=1/10
SHENG	5	10	Sheng	eigenname	q=2/9 next_cap=4/11 prev_cap=2/9 titel=0 ort=0/9
SIGURD	6	10	Sigurd	eigenname	q=0/6 next_cap=5/10 prev_cap=3/6 titel=0 ort=0/6
SOFIE	5	10	Sofie	eigenname	q=0/9 next_cap=8/11 prev_cap=4/9 titel=1 ort=1/9
SOLBERG	7	10	Solberg	eigenname	q=0/10 next_cap=1/10 prev_cap=9/10 titel=0 ort=0/10
SOMMERN	7	10	Sommern	eigenname	q=0/10 next_cap=0/10 prev_cap=0/10 titel=0 ort=0/10
SPARFLAMME	10	10	Sparflamme	eigenname	q=0/10 next_cap=0/10 prev_cap=0/10 titel=0 ort=0/10
SPIELWAREN	10	10	Spielwaren	eigenname	q=1/12 next_cap=2/12 prev_cap=6/12 titel=0 ort=0/12
SPIKES	6	10	Spikes	eigenname	q=1/9 next_cap=5/12 prev_cap=1/9 titel=0 ort=0/9
SPIN	4	10	Spin	eigenname	q=8/36 next_cap=22/37 prev_cap=5/36 titel=0 ort=0/36
SPOCK	5	10	Spock	eigenname	q=0/4 next_cap=1/10 prev_cap=2/4 titel=0 ort=0/4
SPORENLAGER	11	10	Sporenlager	eigenname	q=0/10 next_cap=0/10 prev_cap=0/10 titel=0 ort=0/10
STASI	5	10	Stasi	eigenname	q=9/67 next_cap=58/69 prev_cap=11/67 titel=0 ort=2/67
STEGLITZ	8	10	Steglitz	eigenname	q=0/16 next_cap=7/16 prev_cap=10/16 titel=0 ort=3/16
STEGNER	7	10	Stegner	eigenname	q=0/4 next_cap=0/10 prev_cap=2/4 titel=0 ort=0/4
STEPHANE	8	10	Stephane	eigenname	q=0/4 next_cap=8/10 prev_cap=3/4 titel=0 ort=0/4
STEVIE	6	10	Stevie	eigenname	q=0/6 next_cap=8/10 prev_cap=0/6 titel=0 ort=0/6
STIPENDIAT	10	10	Stipendiat	eigenname	q=2/14 next_cap=1/15 prev_cap=7/14 titel=0 ort=0/14
SUEDKOREAS	10	10	Südkoreas	eigenname	q=0/8 next_cap=3/10 prev_cap=5/8 titel=0 ort=1/8
SUESSMUTH	9	10	Süssmuth	eigenname	q=0/10 next_cap=2/12 prev_cap=8/10 titel=0 ort=0/10
TAGBLATT	8	10	Tagblatt	eigenname	q=2/10 next_cap=3/10 prev_cap=7/10 titel=0 ort=0/10
TANNEN	6	10	Tannen	eigenname	q=1/13 next_cap=5/14 prev_cap=4/13 titel=0 ort=2/13
TELEFONICA	10	10	Telefonica	eigenname	q=0/6 next_cap=3/12 prev_cap=4/6 titel=0 ort=0/6
TESTOSTERON	11	10	Testosteron	eigenname	q=1/13 next_cap=6/16 prev_cap=1/13 titel=0 ort=0/13
THEA	4	10	Thea	eigenname	q=1/7 next_cap=5/10 prev_cap=0/7 titel=0 ort=0/7
THEIL	5	10	Theil	eigenname	q=1/11 next_cap=6/12 prev_cap=7/11 titel=0 ort=0/11
THIELEMANN	10	10	Thielemann	eigenname	q=0/6 next_cap=1/10 prev_cap=5/6 titel=0 ort=0/6
THON	4	10	Thon	eigenname	q=0/9 next_cap=4/10 prev_cap=8/9 titel=0 ort=0/9
THORN	5	10	Thorn	eigenname	q=2/9 next_cap=2/9 prev_cap=5/9 titel=0 ort=1/9
TIERKNOCHEN	11	10	Tierknochen	eigenname	q=0/9 next_cap=0/10 prev_cap=0/9 titel=0 ort=1/9
TIROLS	6	10	Tirols	eigenname	q=0/10 next_cap=0/10 prev_cap=9/10 titel=0 ort=0/10
TOPPMOELLER	11	10	Toppmöller	eigenname	q=0/6 next_cap=0/10 prev_cap=4/6 titel=0 ort=0/6
TORO	4	10	Toro	eigenname	q=1/12 next_cap=7/12 prev_cap=4/12 titel=0 ort=2/12
TRAPATTONI	10	10	Trapattoni	eigenname	q=0/7 next_cap=0/10 prev_cap=5/7 titel=0 ort=1/7
TRAPP	5	10	Trapp	eigenname	q=1/8 next_cap=1/9 prev_cap=5/8 titel=0 ort=0/8
TRIAL	5	10	Trial	eigenname	q=4/17 next_cap=10/18 prev_cap=9/17 titel=0 ort=0/17
TRISTAN	7	10	Tristan	eigenname	q=0/8 next_cap=2/10 prev_cap=4/8 titel=0 ort=1/8
UBUNTU	6	10	Ubuntu	eigenname	q=2/15 next_cap=7/16 prev_cap=6/15 titel=0 ort=0/15
UHL	3	10	Uhl	eigenname	q=0/9 next_cap=3/12 prev_cap=7/9 titel=0 ort=0/9
VICENTE	7	10	Vicente	eigenname	q=2/10 next_cap=2/10 prev_cap=5/10 titel=0 ort=0/10
VIETNAMS	8	10	Vietnams	eigenname	q=0/9 next_cap=1/10 prev_cap=8/9 titel=0 ort=0/9
VITTORIA	8	10	Vittoria	eigenname	q=0/9 next_cap=3/10 prev_cap=3/9 titel=0 ort=0/9
WAGON	5	10	Wagon	eigenname	q=0/9 next_cap=3/9 prev_cap=8/9 titel=0 ort=0/9
WAIGEL	6	10	Waigel	eigenname	q=0/8 next_cap=5/12 prev_cap=5/8 titel=0 ort=0/8
WALLNER	7	10	Wallner	eigenname	q=0/7 next_cap=0/10 prev_cap=5/7 titel=0 ort=0/7
WALLY	5	10	Wally	eigenname	q=1/8 next_cap=4/10 prev_cap=2/8 titel=0 ort=0/8
WALTRAUD	8	10	Waltraud	eigenname	q=0/7 next_cap=10/10 prev_cap=3/7 titel=0 ort=0/7
WARWICK	7	10	Warwick	eigenname	q=0/9 next_cap=1/10 prev_cap=3/9 titel=0 ort=0/9
WATTS	5	10	Watts	eigenname	q=2/10 next_cap=3/10 prev_cap=5/10 titel=0 ort=0/10
WEGMANN	7	10	Wegmann	eigenname	q=1/8 next_cap=1/10 prev_cap=6/8 titel=0 ort=1/8
WEIGAND	7	10	Weigand	eigenname	q=0/10 next_cap=6/11 prev_cap=7/10 titel=0 ort=0/10
WEISSBIER	9	10	Weißbier	eigenname	q=1/8 next_cap=0/10 prev_cap=4/8 titel=0 ort=0/8
WENNING	7	10	Wenning	eigenname	q=0/8 next_cap=1/10 prev_cap=5/8 titel=0 ort=0/8
WEYER	5	10	Weyer	eigenname	q=1/10 next_cap=3/11 prev_cap=7/10 titel=0 ort=0/10
WICHMANN	8	10	Wichmann	eigenname	q=1/6 next_cap=4/10 prev_cap=1/6 titel=0 ort=0/6
WILHELMINA	10	10	Wilhelmina	eigenname	q=0/9 next_cap=8/10 prev_cap=6/9 titel=2 ort=0/9
WOHNZWECKEN	11	10	Wohnzwecken	eigenname	q=0/10 next_cap=0/10 prev_cap=0/10 titel=0 ort=0/10
WOLTERS	7	10	Wolters	eigenname	q=0/9 next_cap=5/11 prev_cap=9/9 titel=1 ort=1/9
YELLOW	6	10	Yellow	eigenname	q=1/10 next_cap=9/12 prev_cap=5/10 titel=0 ort=1/10
YIN	3	10	Yin	eigenname	q=1/8 next_cap=6/11 prev_cap=2/8 titel=0 ort=1/8
YUSUF	5	10	Yusuf	eigenname	q=0/8 next_cap=3/10 prev_cap=6/8 titel=0 ort=0/8
ZEIL	4	10	Zeil	eigenname	q=0/13 next_cap=5/17 prev_cap=11/13 titel=0 ort=1/13
ZEN	3	10	Zen	eigenname	q=2/27 next_cap=19/27 prev_cap=5/27 titel=0 ort=2/27
ZOMBIE	6	10	Zombie	eigenname	q=5/25 next_cap=14/25 prev_cap=6/25 titel=0 ort=1/25
ZUMA	4	10	Zuma	eigenname	q=0/7 next_cap=1/9 prev_cap=4/7 titel=0 ort=0/7
ABDUL	5	9	Abdul	eigenname	q=0/9 next_cap=12/13 prev_cap=7/9 titel=0 ort=0/9
ACHILLES	8	9	Achilles	eigenname	q=0/9 next_cap=1/10 prev_cap=5/9 titel=0 ort=0/9
ADRIANO	7	9	Adriano	eigenname	q=0/4 next_cap=3/9 prev_cap=4/4 titel=1 ort=0/4
ALBIN	5	9	Albin	eigenname	q=0/7 next_cap=7/9 prev_cap=2/7 titel=0 ort=0/7
ALDO	4	9	Aldo	eigenname	q=0/9 next_cap=7/9 prev_cap=5/9 titel=0 ort=0/9
ALEKSANDER	10	9	Aleksander	eigenname	q=1/6 next_cap=6/9 prev_cap=2/6 titel=0 ort=0/6
ALEXA	5	9	Alexa	eigenname	q=1/8 next_cap=4/9 prev_cap=4/8 titel=0 ort=0/8
ALTA	4	9	Alta	eigenname	q=1/10 next_cap=8/10 prev_cap=7/10 titel=0 ort=2/10
ALTANA	6	9	Altana	eigenname	q=0/6 next_cap=2/10 prev_cap=2/6 titel=0 ort=0/6
ALTENMARKT	10	9	Altenmarkt	eigenname	q=0/8 next_cap=0/9 prev_cap=6/8 titel=0 ort=1/8
ALTHOFF	7	9	Althoff	eigenname	q=0/9 next_cap=4/9 prev_cap=8/9 titel=0 ort=1/9
ALZEY	5	9	Alzey	eigenname	q=0/9 next_cap=1/9 prev_cap=6/9 titel=0 ort=2/9
AMR	3	9	Amr	eigenname	q=0/5 next_cap=4/6 prev_cap=1/5 titel=0 ort=0/5
ANDREAE	7	9	Andreae	eigenname	q=0/8 next_cap=0/9 prev_cap=6/8 titel=1 ort=0/8
ANJOU	5	9	Anjou	eigenname	q=0/10 next_cap=0/10 prev_cap=3/10 titel=0 ort=0/10
APFELSAFT	9	9	Apfelsaft	eigenname	q=0/10 next_cap=1/10 prev_cap=2/10 titel=0 ort=0/10
AREND	5	9	Arend	eigenname	q=0/10 next_cap=4/10 prev_cap=7/10 titel=0 ort=0/10
ARROW	5	9	Arrow	eigenname	q=2/10 next_cap=5/11 prev_cap=7/10 titel=0 ort=0/10
ATKINS	6	9	Atkins	eigenname	q=0/7 next_cap=2/9 prev_cap=5/7 titel=0 ort=0/7
AURELIUS	8	9	Aurelius	eigenname	q=1/10 next_cap=5/11 prev_cap=5/10 titel=0 ort=0/10
AVA	3	9	Ava	eigenname	q=0/5 next_cap=1/5 prev_cap=1/5 titel=0 ort=1/5
BAMBI	5	9	Bambi	eigenname	q=2/17 next_cap=10/18 prev_cap=8/17 titel=0 ort=0/17
BAUERS	6	9	Bauers	eigenname	q=0/8 next_cap=5/10 prev_cap=4/8 titel=0 ort=0/8
BEDFORD	7	9	Bedford	eigenname	q=1/9 next_cap=4/9 prev_cap=4/9 titel=0 ort=2/9
BERGHAMMER	10	9	Berghammer	eigenname	q=0/8 next_cap=0/9 prev_cap=8/8 titel=0 ort=0/8
BERNADETTE	10	9	Bernadette	eigenname	q=0/7 next_cap=9/9 prev_cap=2/7 titel=0 ort=0/7
BETHESDA	8	9	Bethesda	eigenname	q=1/8 next_cap=4/10 prev_cap=2/8 titel=0 ort=1/8
BINGHAM	7	9	Bingham	eigenname	q=0/8 next_cap=3/9 prev_cap=5/8 titel=0 ort=1/8
BLUMBERG	8	9	Blumberg	eigenname	q=0/9 next_cap=2/10 prev_cap=4/9 titel=0 ort=1/9
BOBIC	5	9	Bobic	eigenname	q=0/6 next_cap=0/9 prev_cap=4/6 titel=0 ort=0/6
BOEHRINGER	10	9	Böhringer	eigenname	q=0/9 next_cap=5/12 prev_cap=6/9 titel=0 ort=1/9
BONAPARTE	9	9	Bonaparte	eigenname	q=0/9 next_cap=0/9 prev_cap=4/9 titel=0 ort=0/9
BRECHTS	7	9	Brechts	eigenname	q=0/8 next_cap=5/9 prev_cap=4/8 titel=0 ort=1/8
BRENNAN	7	9	Brennan	eigenname	q=0/6 next_cap=2/9 prev_cap=5/6 titel=0 ort=0/6
BROD	4	9	Brod	eigenname	q=0/9 next_cap=1/9 prev_cap=6/9 titel=0 ort=0/9
BRUECK	6	9	Brück	eigenname	q=1/9 next_cap=0/11 prev_cap=7/9 titel=0 ort=1/9
BRUGGER	7	9	Brugger	eigenname	q=1/8 next_cap=4/9 prev_cap=5/8 titel=0 ort=0/8
BUERSTADT	9	9	Bürstadt	eigenname	q=1/8 next_cap=0/9 prev_cap=5/8 titel=0 ort=1/8
BURGHARDT	9	9	Burghardt	eigenname	q=0/9 next_cap=3/9 prev_cap=9/9 titel=0 ort=0/9
BURKINA	7	9	Burkina	eigenname	q=0/8 next_cap=9/9 prev_cap=4/8 titel=0 ort=1/8
CAECILIA	8	9	Cäcilia	eigenname	q=1/10 next_cap=3/10 prev_cap=5/10 titel=0 ort=0/10
CALEB	5	9	Caleb	eigenname	q=0/6 next_cap=4/9 prev_cap=1/6 titel=0 ort=0/6
CANCELLARA	10	9	Cancellara	eigenname	q=0/9 next_cap=0/9 prev_cap=5/9 titel=0 ort=0/9
CAPO	4	9	Capo	eigenname	q=2/10 next_cap=5/10 prev_cap=3/10 titel=0 ort=0/10
CARRELL	7	9	Carrell	eigenname	q=0/8 next_cap=2/9 prev_cap=6/8 titel=0 ort=0/8
CASSIUS	7	9	Cassius	eigenname	q=0/9 next_cap=6/9 prev_cap=5/9 titel=0 ort=1/9
CAUCUS	6	9	Caucus	eigenname	q=2/10 next_cap=1/10 prev_cap=7/10 titel=0 ort=0/10
CHRONOS	7	9	Chronos	eigenname	q=0/5 next_cap=9/10 prev_cap=2/5 titel=0 ort=0/5
CIBA	4	9	Ciba	eigenname	q=0/11 next_cap=5/13 prev_cap=3/11 titel=0 ort=1/11
CLICHY	6	9	Clichy	eigenname	q=0/9 next_cap=0/9 prev_cap=3/9 titel=0 ort=1/9
CLYDE	5	9	Clyde	eigenname	q=1/7 next_cap=5/9 prev_cap=3/7 titel=0 ort=0/7
COMPUSERVE	10	9	Compuserve	eigenname	q=0/9 next_cap=3/11 prev_cap=1/9 titel=0 ort=0/9
CONTE	5	9	Conte	eigenname	q=1/9 next_cap=1/9 prev_cap=5/9 titel=0 ort=0/9
CROSBY	6	9	Crosby	eigenname	q=0/8 next_cap=0/9 prev_cap=6/8 titel=0 ort=0/8
CULLEN	6	9	Cullen	eigenname	q=0/7 next_cap=0/9 prev_cap=4/7 titel=0 ort=0/7
DAGOBERT	8	9	Dagobert	eigenname	q=0/6 next_cap=6/10 prev_cap=2/6 titel=0 ort=0/6
DAHM	4	9	Dahm	eigenname	q=1/6 next_cap=1/8 prev_cap=5/6 titel=0 ort=0/6
DANNER	6	9	Danner	eigenname	q=0/8 next_cap=4/11 prev_cap=5/8 titel=0 ort=0/8
DARREN	6	9	Darren	eigenname	q=1/6 next_cap=4/9 prev_cap=0/6 titel=0 ort=0/6
DECCA	5	9	Decca	eigenname	q=1/13 next_cap=5/13 prev_cap=4/13 titel=0 ort=2/13
DEISLER	7	9	Deisler	eigenname	q=0/7 next_cap=0/9 prev_cap=6/7 titel=0 ort=0/7
DENZEL	6	9	Denzel	eigenname	q=0/7 next_cap=5/9 prev_cap=4/7 titel=0 ort=0/7
DEV	3	9	Dev	eigenname	q=0/7 next_cap=3/9 prev_cap=3/7 titel=0 ort=0/7
DHABI	5	9	Dhabi	eigenname	q=0/9 next_cap=0/9 prev_cap=9/9 titel=0 ort=0/9
DIEFFLEN	8	9	Diefflen	eigenname	q=0/7 next_cap=1/9 prev_cap=3/7 titel=0 ort=1/7
DOPPELPASS	10	9	Doppelpass	eigenname	q=0/8 next_cap=0/9 prev_cap=2/8 titel=0 ort=0/8
DRECHSLER	9	9	Drechsler	eigenname	q=1/10 next_cap=3/11 prev_cap=5/10 titel=0 ort=0/10
DUERKHEIM	9	9	Dürkheim	eigenname	q=0/9 next_cap=1/9 prev_cap=9/9 titel=0 ort=0/9
DURANT	6	9	Durant	eigenname	q=0/7 next_cap=2/9 prev_cap=5/7 titel=0 ort=0/7
DUSTIN	6	9	Dustin	eigenname	q=0/6 next_cap=6/9 prev_cap=1/6 titel=0 ort=0/6
EASTWOOD	8	9	Eastwood	eigenname	q=0/8 next_cap=1/9 prev_cap=8/8 titel=0 ort=0/8
EBERHARDT	9	9	Eberhardt	eigenname	q=0/7 next_cap=3/9 prev_cap=5/7 titel=0 ort=0/7
EBERSBACH	9	9	Ebersbach	eigenname	q=0/9 next_cap=1/10 prev_cap=5/9 titel=0 ort=2/9
ECKARDT	7	9	Eckardt	eigenname	q=0/13 next_cap=4/15 prev_cap=9/13 titel=0 ort=0/13
ELECTRA	7	9	Electra	eigenname	q=2/9 next_cap=1/9 prev_cap=6/9 titel=0 ort=0/9
ELEKTRO	7	9	Elektro	eigenname	q=3/79 next_cap=73/87 prev_cap=17/79 titel=0 ort=2/79
ELEONORA	8	9	Eleonora	eigenname	q=0/9 next_cap=4/10 prev_cap=5/9 titel=0 ort=0/9
ELLI	4	9	Elli	eigenname	q=0/7 next_cap=4/9 prev_cap=2/7 titel=0 ort=0/7
ELLIOTT	7	9	Elliott	eigenname	q=0/9 next_cap=2/10 prev_cap=5/9 titel=0 ort=0/9
ELSBETH	7	9	Elsbeth	eigenname	q=0/7 next_cap=6/10 prev_cap=3/7 titel=1 ort=0/7
ELSNER	6	9	Elsner	eigenname	q=0/5 next_cap=0/9 prev_cap=3/5 titel=0 ort=0/5
ENDURANCE	9	9	Endurance	eigenname	q=1/10 next_cap=8/10 prev_cap=8/10 titel=0 ort=0/10
ENNO	4	9	Enno	eigenname	q=1/6 next_cap=4/9 prev_cap=1/6 titel=0 ort=0/6
ERDING	6	9	Erding	eigenname	q=0/9 next_cap=1/9 prev_cap=8/9 titel=0 ort=1/9
ERSKINE	7	9	Erskine	eigenname	q=1/7 next_cap=2/9 prev_cap=5/7 titel=0 ort=0/7
ERSTLIGIST	10	9	Erstligist	eigenname	q=2/9 next_cap=3/9 prev_cap=1/9 titel=0 ort=0/9
EULER	5	9	Euler	eigenname	q=0/9 next_cap=2/10 prev_cap=3/9 titel=0 ort=0/9
EUROSTAT	8	9	Eurostat	eigenname	q=1/9 next_cap=3/10 prev_cap=4/9 titel=0 ort=0/9
EXXON	5	9	Exxon	eigenname	q=1/7 next_cap=6/13 prev_cap=3/7 titel=0 ort=0/7
FABIENNE	8	9	Fabienne	eigenname	q=0/5 next_cap=5/9 prev_cap=2/5 titel=0 ort=0/5
FAGOTT	6	9	Fagott	eigenname	q=2/9 next_cap=3/9 prev_cap=4/9 titel=0 ort=0/9
FALUN	5	9	Falun	eigenname	q=1/13 next_cap=12/15 prev_cap=1/13 titel=0 ort=1/13
FANGIO	6	9	Fangio	eigenname	q=0/7 next_cap=1/9 prev_cap=0/7 titel=0 ort=1/7
FASSBINDER	10	9	Fassbinder	eigenname	q=1/8 next_cap=2/11 prev_cap=4/8 titel=0 ort=0/8
FELDHERR	8	9	Feldherr	eigenname	q=2/9 next_cap=3/9 prev_cap=1/9 titel=0 ort=0/9
FERRY	5	9	Ferry	eigenname	q=1/9 next_cap=3/10 prev_cap=5/9 titel=0 ort=1/9
FINCH	5	9	Finch	eigenname	q=2/9 next_cap=2/10 prev_cap=6/9 titel=0 ort=0/9
FITZGERALD	10	9	Fitzgerald	eigenname	q=0/11 next_cap=2/11 prev_cap=7/11 titel=0 ort=0/11
FLAG	4	9	Flag	eigenname	q=2/10 next_cap=4/11 prev_cap=5/10 titel=0 ort=0/10
FLEX	4	9	Flex	eigenname	q=3/13 next_cap=9/14 prev_cap=6/13 titel=0 ort=0/13
FLIP	4	9	Flip	eigenname	q=2/14 next_cap=12/17 prev_cap=4/14 titel=0 ort=0/14
FRANTZ	6	9	Frantz	eigenname	q=0/8 next_cap=4/9 prev_cap=5/8 titel=0 ort=0/8
FRAUENTAG	9	9	Frauentag	eigenname	q=1/9 next_cap=0/9 prev_cap=5/9 titel=0 ort=0/9
FRAUNHOFER	10	9	Fraunhofer	eigenname	q=4/28 next_cap=29/32 prev_cap=5/28 titel=0 ort=0/28
FREDDIE	7	9	Freddie	eigenname	q=0/6 next_cap=5/10 prev_cap=2/6 titel=0 ort=0/6
FRIDA	5	9	Frida	eigenname	q=0/9 next_cap=6/10 prev_cap=2/9 titel=0 ort=0/9
FRONTPAGE	9	9	Frontpage	eigenname	q=1/9 next_cap=3/10 prev_cap=4/9 titel=0 ort=0/9
FUNDRAISING	11	9	Fundraising	eigenname	q=2/12 next_cap=6/13 prev_cap=4/12 titel=0 ort=0/12
GALLAGHER	9	9	Gallagher	eigenname	q=0/8 next_cap=1/9 prev_cap=8/8 titel=0 ort=0/8
GAMBIA	6	9	Gambia	eigenname	q=2/10 next_cap=6/10 prev_cap=5/10 titel=0 ort=0/10
GASTON	6	9	Gaston	eigenname	q=0/6 next_cap=0/9 prev_cap=2/6 titel=0 ort=0/6
GAUDI	5	9	Gaudi	eigenname	q=2/13 next_cap=4/13 prev_cap=5/13 titel=0 ort=0/13
GAVIN	5	9	Gavin	eigenname	q=0/8 next_cap=1/9 prev_cap=4/8 titel=0 ort=0/8
GEBAUER	7	9	Gebauer	eigenname	q=0/7 next_cap=3/10 prev_cap=6/7 titel=0 ort=0/7
GENUESSE	8	9	Genüsse	eigenname	q=0/9 next_cap=1/9 prev_cap=3/9 titel=0 ort=0/9
GEO	3	9	Geo	eigenname	q=0/15 next_cap=16/19 prev_cap=6/15 titel=1 ort=0/15
GEOFFREY	8	9	Geoffrey	eigenname	q=0/7 next_cap=2/9 prev_cap=2/7 titel=0 ort=0/7
GEORGS	6	9	Georgs	eigenname	q=0/15 next_cap=13/17 prev_cap=5/15 titel=0 ort=0/15
GERALDINE	9	9	Geraldine	eigenname	q=0/9 next_cap=6/10 prev_cap=3/9 titel=0 ort=0/9
GIANCARLO	9	9	Giancarlo	eigenname	q=0/5 next_cap=9/9 prev_cap=2/5 titel=0 ort=0/5
GIANNI	6	9	Gianni	eigenname	q=0/9 next_cap=8/9 prev_cap=6/9 titel=1 ort=0/9
GIDEON	6	9	Gideon	eigenname	q=0/6 next_cap=3/9 prev_cap=2/6 titel=0 ort=1/6
GILL	4	9	Gill	eigenname	q=1/8 next_cap=2/9 prev_cap=4/8 titel=0 ort=0/8
GIULIA	6	9	Giulia	eigenname	q=0/8 next_cap=4/9 prev_cap=4/8 titel=0 ort=0/8
GLADYS	6	9	Gladys	eigenname	q=1/6 next_cap=4/9 prev_cap=4/6 titel=0 ort=0/6
GOLDSCHMIDT	11	9	Goldschmidt	eigenname	q=1/7 next_cap=1/9 prev_cap=4/7 titel=0 ort=1/7
GONZALEZ	8	9	Gonzalez	eigenname	q=0/7 next_cap=0/9 prev_cap=4/7 titel=0 ort=0/7
GRIFFITHS	9	9	Griffiths	eigenname	q=0/8 next_cap=2/9 prev_cap=4/8 titel=0 ort=0/8
GUTMANN	7	9	Gutmann	eigenname	q=0/9 next_cap=0/9 prev_cap=7/9 titel=1 ort=0/9
HAGEMANN	8	9	Hagemann	eigenname	q=0/8 next_cap=2/10 prev_cap=6/8 titel=0 ort=0/8
HANSENS	7	9	Hansens	eigenname	q=0/7 next_cap=7/9 prev_cap=4/7 titel=0 ort=1/7
HANSON	6	9	Hanson	eigenname	q=0/8 next_cap=1/9 prev_cap=7/8 titel=0 ort=0/8
HARDENBERG	10	9	Hardenberg	eigenname	q=0/11 next_cap=2/11 prev_cap=10/11 titel=0 ort=0/11
HARDING	7	9	Harding	eigenname	q=0/7 next_cap=1/10 prev_cap=6/7 titel=1 ort=0/7
HARLEY	6	9	Harley	eigenname	q=0/19 next_cap=16/22 prev_cap=5/19 titel=0 ort=0/19
HECKER	6	9	Hecker	eigenname	q=0/8 next_cap=0/8 prev_cap=5/8 titel=0 ort=0/8
HECKMANN	8	9	Heckmann	eigenname	q=0/6 next_cap=4/9 prev_cap=4/6 titel=0 ort=0/6
HEIMANN	7	9	Heimann	eigenname	q=0/9 next_cap=3/9 prev_cap=6/9 titel=0 ort=0/9
HEIMBACH	8	9	Heimbach	eigenname	q=0/9 next_cap=1/9 prev_cap=6/9 titel=0 ort=0/9
HEINEKEN	8	9	Heineken	eigenname	q=0/7 next_cap=4/11 prev_cap=2/7 titel=0 ort=0/7
HELIOS	6	9	Helios	eigenname	q=1/11 next_cap=8/13 prev_cap=4/11 titel=0 ort=1/11
HENDRICKS	9	9	Hendricks	eigenname	q=0/8 next_cap=2/9 prev_cap=5/8 titel=0 ort=0/8
HENNIG	6	9	Hennig	eigenname	q=0/8 next_cap=3/9 prev_cap=6/8 titel=0 ort=0/8
HENRIETTA	9	9	Henrietta	eigenname	q=0/8 next_cap=6/9 prev_cap=5/8 titel=0 ort=0/8
HERKULES	8	9	Herkules	eigenname	q=2/12 next_cap=5/12 prev_cap=6/12 titel=0 ort=0/12
HERTEL	6	9	Hertel	eigenname	q=1/9 next_cap=2/9 prev_cap=7/9 titel=0 ort=0/9
HERZEGOWINA	11	9	Herzegowina	eigenname	q=1/19 next_cap=1/19 prev_cap=10/19 titel=0 ort=0/19
HESSENS	7	9	Hessens	eigenname	q=0/7 next_cap=3/9 prev_cap=5/7 titel=0 ort=0/7
HILDA	5	9	Hilda	eigenname	q=0/6 next_cap=1/9 prev_cap=4/6 titel=1 ort=0/6
HILLE	5	9	Hille	eigenname	q=0/9 next_cap=3/11 prev_cap=6/9 titel=0 ort=2/9
HIROSHI	7	9	Hiroshi	eigenname	q=0/9 next_cap=6/9 prev_cap=2/9 titel=0 ort=0/9
HOELDERLIN	10	9	Hölderlin	eigenname	q=0/9 next_cap=1/10 prev_cap=4/9 titel=0 ort=0/9
HOFMEISTER	10	9	Hofmeister	eigenname	q=0/8 next_cap=3/9 prev_cap=3/8 titel=0 ort=0/8
HOLDEN	6	9	Holden	eigenname	q=0/7 next_cap=1/9 prev_cap=2/7 titel=0 ort=0/7
HOLZKIRCHEN	11	9	Holzkirchen	eigenname	q=1/8 next_cap=0/9 prev_cap=4/8 titel=0 ort=1/8
HOSTING	7	9	Hosting	eigenname	q=3/14 next_cap=7/14 prev_cap=6/14 titel=0 ort=1/14
HOYERSWERDA	11	9	Hoyerswerda	eigenname	q=0/10 next_cap=2/11 prev_cap=5/10 titel=0 ort=2/10
HUCK	4	9	Huck	eigenname	q=0/5 next_cap=2/9 prev_cap=1/5 titel=0 ort=0/5
HUETHER	7	9	Hüther	eigenname	q=0/6 next_cap=5/10 prev_cap=6/6 titel=0 ort=0/6
IBERIA	6	9	Iberia	eigenname	q=1/10 next_cap=4/12 prev_cap=3/10 titel=0 ort=0/10
ILKA	4	9	Ilka	eigenname	q=1/6 next_cap=6/9 prev_cap=2/6 titel=0 ort=0/6
INTERSHOP	9	9	Intershop	eigenname	q=0/8 next_cap=4/12 prev_cap=1/8 titel=0 ort=0/8
INZEST	6	9	Inzest	eigenname	q=0/19 next_cap=11/20 prev_cap=7/19 titel=0 ort=0/19
IRANS	5	9	Irans	eigenname	q=0/8 next_cap=3/9 prev_cap=6/8 titel=0 ort=0/8
ISMAEL	6	9	Ismael	eigenname	q=0/7 next_cap=2/9 prev_cap=3/7 titel=0 ort=0/7
ISOLDE	6	9	Isolde	eigenname	q=0/8 next_cap=5/9 prev_cap=5/8 titel=1 ort=1/8
ITALY	5	9	Italy	eigenname	q=0/9 next_cap=2/9 prev_cap=5/9 titel=0 ort=2/9
JAIME	5	9	Jaime	eigenname	q=0/4 next_cap=3/9 prev_cap=1/4 titel=0 ort=0/4
JEHOVAS	7	9	Jehovas	eigenname	q=0/9 next_cap=0/9 prev_cap=9/9 titel=0 ort=0/9
JOERGEN	7	9	Jörgen	eigenname	q=0/5 next_cap=5/9 prev_cap=3/5 titel=0 ort=0/5
JONG	4	9	Jong	eigenname	q=0/13 next_cap=6/15 prev_cap=9/13 titel=0 ort=0/13
JOS	3	9	Jos	eigenname	q=0/10 next_cap=5/10 prev_cap=4/10 titel=1 ort=0/10
JOSEPHS	7	9	Josephs	eigenname	q=0/10 next_cap=7/12 prev_cap=7/10 titel=0 ort=0/10
JOSUA	5	9	Josua	eigenname	q=0/8 next_cap=5/10 prev_cap=1/8 titel=0 ort=0/8
JOZEF	5	9	Jozef	eigenname	q=0/7 next_cap=6/9 prev_cap=5/7 titel=0 ort=0/7
JUIST	5	9	Juist	eigenname	q=0/9 next_cap=0/9 prev_cap=6/9 titel=0 ort=1/9
KAERNTENS	9	9	Kärntens	eigenname	q=0/8 next_cap=1/9 prev_cap=8/8 titel=0 ort=0/8
KAIDA	5	9	Kaida	eigenname	q=0/28 next_cap=13/28 prev_cap=27/28 titel=0 ort=0/28
KANTATEN	8	9	Kantaten	eigenname	q=1/11 next_cap=5/11 prev_cap=4/11 titel=0 ort=1/11
KANTS	5	9	Kants	eigenname	q=0/8 next_cap=3/9 prev_cap=6/8 titel=0 ort=1/8
KARADZIC	8	9	Karadzic	eigenname	q=0/7 next_cap=1/10 prev_cap=2/7 titel=0 ort=0/7
KARLA	5	9	Karla	eigenname	q=1/8 next_cap=5/10 prev_cap=2/8 titel=0 ort=0/8
KASTILIEN	9	9	Kastilien	eigenname	q=0/10 next_cap=1/10 prev_cap=1/10 titel=0 ort=2/10
KERKELING	9	9	Kerkeling	eigenname	q=0/8 next_cap=2/9 prev_cap=7/8 titel=0 ort=0/8
KIRCHHOFF	9	9	Kirchhoff	eigenname	q=2/10 next_cap=2/10 prev_cap=7/10 titel=0 ort=0/10
KNOCH	5	9	Knoch	eigenname	q=0/8 next_cap=1/9 prev_cap=7/8 titel=0 ort=0/8
KOREAS	6	9	Koreas	eigenname	q=0/6 next_cap=2/9 prev_cap=5/6 titel=0 ort=0/6
KORINTH	7	9	Korinth	eigenname	q=0/9 next_cap=1/9 prev_cap=2/9 titel=0 ort=2/9
KORSIKA	7	9	Korsika	eigenname	q=0/9 next_cap=1/10 prev_cap=4/9 titel=0 ort=1/9
KOSTUNICA	9	9	Kostunica	eigenname	q=0/6 next_cap=0/9 prev_cap=5/6 titel=0 ort=0/6
KOTTEN	6	9	Kotten	eigenname	q=2/9 next_cap=0/9 prev_cap=5/9 titel=0 ort=1/9
KRAEMPFEN	9	9	Krämpfen	eigenname	q=0/9 next_cap=1/9 prev_cap=2/9 titel=0 ort=0/9
KRENZ	5	9	Krenz	eigenname	q=1/9 next_cap=0/9 prev_cap=8/9 titel=0 ort=0/9
KRISTIN	7	9	Kristin	eigenname	q=0/8 next_cap=7/10 prev_cap=6/8 titel=0 ort=0/8
KRONACH	7	9	Kronach	eigenname	q=1/9 next_cap=4/9 prev_cap=8/9 titel=0 ort=2/9
KRULL	5	9	Krull	eigenname	q=0/9 next_cap=0/9 prev_cap=8/9 titel=0 ort=0/9
LAMB	4	9	Lamb	eigenname	q=1/10 next_cap=3/10 prev_cap=7/10 titel=0 ort=0/10
LASTSCHRIFT	11	9	Lastschrift	eigenname	q=0/9 next_cap=1/9 prev_cap=2/9 titel=0 ort=0/9
LAUDA	5	9	Lauda	eigenname	q=0/9 next_cap=0/9 prev_cap=5/9 titel=0 ort=1/9
LAUREN	6	9	Lauren	eigenname	q=0/9 next_cap=4/9 prev_cap=5/9 titel=0 ort=0/9
LAUTERN	7	9	Lautern	eigenname	q=0/6 next_cap=0/9 prev_cap=2/6 titel=0 ort=1/6
LEDERER	7	9	Lederer	eigenname	q=0/8 next_cap=2/10 prev_cap=8/8 titel=0 ort=0/8
LEHNER	6	9	Lehner	eigenname	q=0/5 next_cap=1/9 prev_cap=5/5 titel=0 ort=0/5
LEICHTBAU	9	9	Leichtbau	eigenname	q=2/13 next_cap=6/15 prev_cap=2/13 titel=0 ort=0/13
LENNOX	6	9	Lennox	eigenname	q=0/6 next_cap=1/9 prev_cap=3/6 titel=0 ort=0/6
LIEBENSTEIN	11	9	Liebenstein	eigenname	q=0/9 next_cap=2/10 prev_cap=6/9 titel=0 ort=0/9
LIEBKNECHT	10	9	Liebknecht	eigenname	q=0/15 next_cap=7/15 prev_cap=13/15 titel=0 ort=0/15
LIND	4	9	Lind	eigenname	q=0/8 next_cap=1/9 prev_cap=7/8 titel=0 ort=0/8
LISBETH	7	9	Lisbeth	eigenname	q=1/7 next_cap=2/9 prev_cap=2/7 titel=1 ort=0/7
LISELOTTE	9	9	Liselotte	eigenname	q=0/5 next_cap=8/9 prev_cap=1/5 titel=0 ort=0/5
LIVIA	5	9	Livia	eigenname	q=0/7 next_cap=0/9 prev_cap=4/7 titel=0 ort=0/7
LOEHR	5	9	Löhr	eigenname	q=0/9 next_cap=1/10 prev_cap=5/9 titel=1 ort=1/9
LOHMANN	7	9	Lohmann	eigenname	q=0/9 next_cap=2/10 prev_cap=5/9 titel=0 ort=0/9
LOKI	4	9	Loki	eigenname	q=1/10 next_cap=4/11 prev_cap=3/10 titel=0 ort=0/10
LORENZEN	8	9	Lorenzen	eigenname	q=0/9 next_cap=1/9 prev_cap=6/9 titel=0 ort=0/9
LORRAINE	8	9	Lorraine	eigenname	q=1/12 next_cap=8/12 prev_cap=5/12 titel=1 ort=0/12
LOTTA	5	9	Lotta	eigenname	q=0/8 next_cap=1/10 prev_cap=4/8 titel=1 ort=0/8
LUDEWIG	7	9	Ludewig	eigenname	q=0/7 next_cap=2/9 prev_cap=6/7 titel=1 ort=0/7
LUXEMBOURG	10	9	Luxembourg	eigenname	q=1/11 next_cap=3/11 prev_cap=9/11 titel=0 ort=0/11
MAGDALENE	9	9	Magdalene	eigenname	q=0/7 next_cap=6/9 prev_cap=4/7 titel=0 ort=0/7
MAGGIORE	8	9	Maggiore	eigenname	q=0/9 next_cap=0/9 prev_cap=9/9 titel=0 ort=0/9
MALIBU	6	9	Malibu	eigenname	q=1/10 next_cap=4/10 prev_cap=3/10 titel=0 ort=2/10
MALLORCAS	9	9	Mallorcas	eigenname	q=0/4 next_cap=4/9 prev_cap=3/4 titel=0 ort=0/4
MANASSE	7	9	Manasse	eigenname	q=1/8 next_cap=0/9 prev_cap=4/8 titel=0 ort=0/8
MARCELO	7	9	Marcelo	eigenname	q=0/6 next_cap=7/9 prev_cap=4/6 titel=0 ort=0/6
MARIES	6	9	Maries	eigenname	q=1/9 next_cap=5/10 prev_cap=6/9 titel=0 ort=0/9
MARU	4	9	Maru	eigenname	q=0/8 next_cap=4/9 prev_cap=7/8 titel=0 ort=0/8
MATHIEU	7	9	Mathieu	eigenname	q=0/9 next_cap=4/10 prev_cap=9/9 titel=0 ort=0/9
MATILDA	7	9	Matilda	eigenname	q=0/7 next_cap=3/9 prev_cap=4/7 titel=0 ort=0/7
MAURIZIO	8	9	Maurizio	eigenname	q=0/7 next_cap=7/9 prev_cap=4/7 titel=0 ort=0/7
MENDE	5	9	Mende	eigenname	q=0/8 next_cap=0/9 prev_cap=5/8 titel=0 ort=0/8
MENDEN	6	9	Menden	eigenname	q=0/8 next_cap=4/10 prev_cap=4/8 titel=0 ort=1/8
MENDES	6	9	Mendes	eigenname	q=0/9 next_cap=1/9 prev_cap=9/9 titel=0 ort=0/9
MENKE	5	9	Menke	eigenname	q=1/8 next_cap=4/9 prev_cap=6/8 titel=2 ort=0/8
MERGENTHEIM	11	9	Mergentheim	eigenname	q=0/9 next_cap=0/9 prev_cap=8/9 titel=0 ort=0/9
MESSNER	7	9	Messner	eigenname	q=0/9 next_cap=0/10 prev_cap=6/9 titel=0 ort=0/9
MESSSTETTEN	11	9	Meßstetten	eigenname	q=0/8 next_cap=3/9 prev_cap=7/8 titel=0 ort=0/8
METTERNICH	10	9	Metternich	eigenname	q=0/7 next_cap=0/9 prev_cap=4/7 titel=0 ort=1/7
MILENA	6	9	Milena	eigenname	q=0/8 next_cap=4/9 prev_cap=4/8 titel=0 ort=0/8
MINIGOLF	8	9	Minigolf	eigenname	q=1/9 next_cap=3/10 prev_cap=4/9 titel=0 ort=1/9
MOABIT	6	9	Moabit	eigenname	q=0/14 next_cap=1/14 prev_cap=11/14 titel=0 ort=2/14
MOHAMMEDS	9	9	Mohammeds	eigenname	q=0/8 next_cap=3/9 prev_cap=4/8 titel=0 ort=0/8
MOREAU	6	9	Moreau	eigenname	q=0/6 next_cap=1/9 prev_cap=3/6 titel=1 ort=0/6
MORI	4	9	Mori	eigenname	q=0/9 next_cap=4/9 prev_cap=5/9 titel=0 ort=0/9
MURAT	5	9	Murat	eigenname	q=0/7 next_cap=3/9 prev_cap=2/7 titel=0 ort=0/7
NAGOYA	6	9	Nagoya	eigenname	q=2/9 next_cap=2/9 prev_cap=5/9 titel=0 ort=2/9
NANA	4	9	Nana	eigenname	q=0/8 next_cap=5/9 prev_cap=1/8 titel=0 ort=0/8
NAZI	4	9	Nazi	eigenname	q=6/77 next_cap=71/80 prev_cap=15/77 titel=0 ort=4/77
NETZER	6	9	Netzer	eigenname	q=0/6 next_cap=0/9 prev_cap=4/6 titel=0 ort=0/6
NEUNER	6	9	Neuner	eigenname	q=0/8 next_cap=2/10 prev_cap=6/8 titel=0 ort=0/8
NIKON	5	9	Nikon	eigenname	q=1/10 next_cap=4/12 prev_cap=4/10 titel=0 ort=1/10
NOLAN	5	9	Nolan	eigenname	q=0/5 next_cap=3/9 prev_cap=3/5 titel=0 ort=0/5
NOLL	4	9	Noll	eigenname	q=0/10 next_cap=2/10 prev_cap=9/10 titel=0 ort=0/10
NORDIC	6	9	Nordic	eigenname	q=3/13 next_cap=12/13 prev_cap=3/13 titel=0 ort=0/13
NOVAKOVIC	9	9	Novakovic	eigenname	q=0/8 next_cap=1/10 prev_cap=5/8 titel=0 ort=0/8
OBSTBAEUMEN	11	9	Obstbäumen	eigenname	q=0/8 next_cap=2/9 prev_cap=0/8 titel=0 ort=0/8
ODENTHAL	8	9	Odenthal	eigenname	q=0/8 next_cap=2/9 prev_cap=7/8 titel=0 ort=0/8
OLDENDORF	9	9	Oldendorf	eigenname	q=0/6 next_cap=1/9 prev_cap=3/6 titel=0 ort=1/6
ORANGENSAFT	11	9	Orangensaft	eigenname	q=1/8 next_cap=1/9 prev_cap=4/8 titel=0 ort=0/8
ORTMANN	7	9	Ortmann	eigenname	q=0/5 next_cap=1/9 prev_cap=4/5 titel=0 ort=0/5
OSBORNE	7	9	Osborne	eigenname	q=0/10 next_cap=1/10 prev_cap=5/10 titel=0 ort=0/10
OSTERBURG	9	9	Osterburg	eigenname	q=0/9 next_cap=2/9 prev_cap=5/9 titel=0 ort=1/9
PAPANDREOU	10	9	Papandreou	eigenname	q=0/5 next_cap=1/9 prev_cap=4/5 titel=0 ort=0/5
PARCHIM	7	9	Parchim	eigenname	q=0/12 next_cap=1/12 prev_cap=6/12 titel=0 ort=2/12
PATRIK	6	9	Patrik	eigenname	q=0/3 next_cap=7/9 prev_cap=0/3 titel=0 ort=0/3
PATTERSON	9	9	Patterson	eigenname	q=0/8 next_cap=1/10 prev_cap=6/8 titel=0 ort=0/8
PEG	3	9	PEG	eigenname	q=0/4 next_cap=2/5 prev_cap=4/4 titel=0 ort=0/4
PELTZER	7	9	Peltzer	eigenname	q=0/8 next_cap=1/9 prev_cap=3/8 titel=0 ort=0/8
PERKINS	7	9	Perkins	eigenname	q=0/7 next_cap=1/9 prev_cap=5/7 titel=0 ort=0/7
PERL	4	9	Perl	eigenname	q=1/12 next_cap=6/12 prev_cap=4/12 titel=0 ort=0/12
PERUS	5	9	Perus	eigenname	q=0/10 next_cap=0/10 prev_cap=7/10 titel=0 ort=0/10
PETKOVIC	8	9	Petkovic	eigenname	q=0/8 next_cap=0/9 prev_cap=6/8 titel=0 ort=0/8
PHARMA	6	9	Pharma	eigenname	q=0/42 next_cap=35/45 prev_cap=22/42 titel=0 ort=1/42
PIECH	5	9	Piech	eigenname	q=0/8 next_cap=0/9 prev_cap=4/8 titel=0 ort=0/8
PININFARINA	11	9	Pininfarina	eigenname	q=0/7 next_cap=0/9 prev_cap=0/7 titel=0 ort=1/7
PLATINI	7	9	Platini	eigenname	q=0/7 next_cap=0/9 prev_cap=4/7 titel=1 ort=1/7
PLUTARCH	8	9	Plutarch	eigenname	q=0/5 next_cap=2/9 prev_cap=0/5 titel=0 ort=0/5
POLL	4	9	Poll	eigenname	q=2/12 next_cap=2/12 prev_cap=7/12 titel=0 ort=0/12
PRETTY	6	9	Pretty	eigenname	q=1/8 next_cap=8/9 prev_cap=5/8 titel=0 ort=0/8
PRIEN	5	9	Prien	eigenname	q=1/10 next_cap=0/10 prev_cap=6/10 titel=0 ort=2/10
PRIVATRECHT	11	9	Privatrecht	eigenname	q=2/9 next_cap=0/9 prev_cap=6/9 titel=0 ort=0/9
QUARTERLY	9	9	Quarterly	eigenname	q=1/9 next_cap=2/9 prev_cap=9/9 titel=0 ort=0/9
RAHN	4	9	Rahn	eigenname	q=1/8 next_cap=2/9 prev_cap=3/8 titel=1 ort=0/8
RAINBOW	7	9	Rainbow	eigenname	q=1/9 next_cap=5/9 prev_cap=1/9 titel=0 ort=0/9
RALLYES	7	9	Rallyes	eigenname	q=2/12 next_cap=0/12 prev_cap=6/12 titel=0 ort=0/12
RATHENOW	8	9	Rathenow	eigenname	q=0/9 next_cap=2/10 prev_cap=6/9 titel=0 ort=2/9
REGAN	5	9	Regan	eigenname	q=0/5 next_cap=0/8 prev_cap=3/5 titel=0 ort=1/5
REHM	4	9	Rehm	eigenname	q=0/5 next_cap=1/9 prev_cap=4/5 titel=0 ort=0/5
REICHENAU	9	9	Reichenau	eigenname	q=2/11 next_cap=0/11 prev_cap=6/11 titel=0 ort=1/11
REINHART	8	9	Reinhart	eigenname	q=1/8 next_cap=2/9 prev_cap=4/8 titel=0 ort=0/8
REKORDWERTE	11	9	Rekordwerte	eigenname	q=0/8 next_cap=0/9 prev_cap=2/8 titel=0 ort=0/8
REMBRANDT	9	9	Rembrandt	eigenname	q=0/9 next_cap=5/12 prev_cap=2/9 titel=0 ort=0/9
REMOTE	6	9	Remote	eigenname	q=2/14 next_cap=10/15 prev_cap=4/14 titel=0 ort=0/14
REVIVAL	7	9	Revival	eigenname	q=3/19 next_cap=6/19 prev_cap=14/19 titel=0 ort=0/19
REWE	4	9	Rewe	eigenname	q=1/10 next_cap=8/11 prev_cap=2/10 titel=0 ort=2/10
RHODES	6	9	Rhodes	eigenname	q=1/10 next_cap=5/11 prev_cap=7/10 titel=0 ort=0/10
RINDVIEH	8	9	Rindvieh	eigenname	q=0/9 next_cap=0/9 prev_cap=9/9 titel=0 ort=0/9
RISCH	5	9	Risch	eigenname	q=0/6 next_cap=2/9 prev_cap=4/6 titel=0 ort=0/6
ROD	3	9	Rod	eigenname	q=0/6 next_cap=5/10 prev_cap=2/6 titel=0 ort=0/6
RODRIGO	7	9	Rodrigo	eigenname	q=0/7 next_cap=4/10 prev_cap=3/7 titel=0 ort=0/7
ROEDER	6	9	Röder	eigenname	q=0/10 next_cap=2/11 prev_cap=7/10 titel=0 ort=0/10
ROMANA	6	9	Romana	eigenname	q=1/8 next_cap=1/9 prev_cap=5/8 titel=1 ort=0/8
ROSSMANN	8	9	Rossmann	eigenname	q=0/9 next_cap=1/9 prev_cap=6/9 titel=0 ort=0/9
RUHRGAS	7	9	Ruhrgas	eigenname	q=3/15 next_cap=5/15 prev_cap=6/15 titel=0 ort=0/15
SAEMEREIEN	10	9	Sämereien	eigenname	q=0/9 next_cap=0/9 prev_cap=0/9 titel=0 ort=2/9
SALMONELLEN	11	9	Salmonellen	eigenname	q=1/13 next_cap=6/15 prev_cap=1/13 titel=0 ort=0/13
SALVATORE	9	9	Salvatore	eigenname	q=0/7 next_cap=7/10 prev_cap=3/7 titel=0 ort=0/7
SAMPRAS	7	9	Sampras	eigenname	q=0/8 next_cap=0/10 prev_cap=5/8 titel=0 ort=0/8
SANTANA	7	9	Santana	eigenname	q=0/9 next_cap=2/11 prev_cap=6/9 titel=0 ort=0/9
SARAHS	6	9	Sarahs	eigenname	q=1/9 next_cap=7/9 prev_cap=2/9 titel=0 ort=1/9
SAVOY	5	9	Savoy	eigenname	q=2/10 next_cap=5/11 prev_cap=5/10 titel=0 ort=0/10
SCARLETT	8	9	Scarlett	eigenname	q=1/5 next_cap=2/8 prev_cap=1/5 titel=1 ort=0/5
SCHAUERN	8	9	Schauern	eigenname	q=0/9 next_cap=0/9 prev_cap=0/9 titel=0 ort=0/9
SCHOBER	7	9	Schober	eigenname	q=0/8 next_cap=1/9 prev_cap=4/8 titel=0 ort=0/8
SCHWANDORF	10	9	Schwandorf	eigenname	q=1/8 next_cap=0/9 prev_cap=4/8 titel=0 ort=1/8
SCHWANN	7	9	Schwann	eigenname	q=0/9 next_cap=9/10 prev_cap=9/9 titel=0 ort=0/9
SEDGWICK	8	9	Sedgwick	eigenname	q=0/8 next_cap=1/9 prev_cap=6/8 titel=0 ort=1/8
SEIDL	5	9	Seidl	eigenname	q=0/10 next_cap=2/10 prev_cap=7/10 titel=0 ort=0/10
SELFMADE	8	9	Selfmade	eigenname	q=0/11 next_cap=9/12 prev_cap=2/11 titel=0 ort=1/11
SETH	4	9	Seth	eigenname	q=2/9 next_cap=3/10 prev_cap=4/9 titel=1 ort=0/9
SHANE	5	9	Shane	eigenname	q=1/7 next_cap=3/9 prev_cap=4/7 titel=0 ort=0/7
SHANNON	7	9	Shannon	eigenname	q=1/9 next_cap=4/10 prev_cap=2/9 titel=0 ort=0/9
SHARIF	6	9	Sharif	eigenname	q=0/6 next_cap=2/11 prev_cap=2/6 titel=0 ort=0/6
SHAWN	5	9	Shawn	eigenname	q=0/5 next_cap=3/9 prev_cap=2/5 titel=0 ort=0/5
SIEGBERT	8	9	Siegbert	eigenname	q=0/5 next_cap=9/9 prev_cap=4/5 titel=0 ort=0/5
SIMMS	5	9	Simms	eigenname	q=1/9 next_cap=3/9 prev_cap=5/9 titel=0 ort=0/9
SIMONIS	7	9	Simonis	eigenname	q=0/6 next_cap=2/9 prev_cap=6/6 titel=1 ort=0/6
SINKEWITZ	9	9	Sinkewitz	eigenname	q=0/6 next_cap=0/9 prev_cap=2/6 titel=0 ort=0/6
SIXT	4	9	Sixt	eigenname	q=0/6 next_cap=2/10 prev_cap=2/6 titel=0 ort=0/6
SOLANA	6	9	Solana	eigenname	q=0/6 next_cap=1/9 prev_cap=4/6 titel=0 ort=0/6
SOLARIS	7	9	Solaris	eigenname	q=2/10 next_cap=5/13 prev_cap=5/10 titel=0 ort=0/10
SOLOMON	7	9	Solomon	eigenname	q=1/9 next_cap=5/10 prev_cap=4/9 titel=0 ort=1/9
SOMMERFELD	10	9	Sommerfeld	eigenname	q=1/8 next_cap=1/10 prev_cap=7/8 titel=0 ort=0/8
SPANGENBERG	11	9	Spangenberg	eigenname	q=0/7 next_cap=0/7 prev_cap=6/7 titel=0 ort=0/7
SPEEDWAY	8	9	Speedway	eigenname	q=2/12 next_cap=3/12 prev_cap=9/12 titel=0 ort=0/12
STAUDINGER	10	9	Staudinger	eigenname	q=0/9 next_cap=0/9 prev_cap=2/9 titel=0 ort=0/9
STECHER	7	9	Stecher	eigenname	q=0/10 next_cap=0/10 prev_cap=4/10 titel=0 ort=0/10
STEEN	5	9	Steen	eigenname	q=0/9 next_cap=2/9 prev_cap=8/9 titel=0 ort=0/9
STOLL	5	9	Stoll	eigenname	q=0/7 next_cap=2/9 prev_cap=5/7 titel=0 ort=0/7
STRIP	5	9	Strip	eigenname	q=3/17 next_cap=7/17 prev_cap=5/17 titel=0 ort=0/17
STUDER	6	9	Studer	eigenname	q=0/9 next_cap=2/10 prev_cap=7/9 titel=0 ort=0/9
STUHLS	6	9	Stuhls	eigenname	q=2/9 next_cap=1/9 prev_cap=6/9 titel=0 ort=0/9
SYMPHONIKER	11	9	Symphoniker	eigenname	q=1/9 next_cap=0/9 prev_cap=9/9 titel=0 ort=0/9
TABLET	6	9	Tablet	eigenname	q=6/27 next_cap=17/29 prev_cap=9/27 titel=0 ort=0/27
TAMINO	6	9	Tamino	eigenname	q=0/8 next_cap=2/9 prev_cap=2/8 titel=0 ort=0/8
THADDAEUS	9	9	Thaddäus	eigenname	q=0/9 next_cap=3/9 prev_cap=7/9 titel=1 ort=0/9
THEIS	5	9	Theis	eigenname	q=0/5 next_cap=2/7 prev_cap=4/5 titel=0 ort=0/5
THURN	5	9	Thurn	eigenname	q=2/10 next_cap=1/11 prev_cap=6/10 titel=0 ort=0/10
TILLICH	7	9	Tillich	eigenname	q=0/7 next_cap=4/9 prev_cap=5/7 titel=0 ort=0/7
TILLY	5	9	Tilly	eigenname	q=1/9 next_cap=4/10 prev_cap=4/9 titel=0 ort=0/9
TIPO	4	9	Tipo	eigenname	q=2/9 next_cap=1/9 prev_cap=6/9 titel=0 ort=0/9
TORRE	5	9	Torre	eigenname	q=0/9 next_cap=0/9 prev_cap=4/9 titel=0 ort=0/9
TRANSNET	8	9	Transnet	eigenname	q=0/11 next_cap=5/12 prev_cap=6/11 titel=0 ort=1/11
TRAP	4	9	Trap	eigenname	q=1/9 next_cap=2/9 prev_cap=6/9 titel=0 ort=0/9
TREVOR	6	9	Trevor	eigenname	q=0/9 next_cap=9/11 prev_cap=4/9 titel=0 ort=0/9
TROJA	5	9	Troja	eigenname	q=0/9 next_cap=2/11 prev_cap=0/9 titel=0 ort=0/9
UBISOFT	7	9	Ubisoft	eigenname	q=0/7 next_cap=1/9 prev_cap=3/7 titel=0 ort=0/7
ULLMANN	7	9	Ullmann	eigenname	q=0/9 next_cap=3/9 prev_cap=7/9 titel=0 ort=0/9
UTZ	3	9	Utz	eigenname	q=0/7 next_cap=4/9 prev_cap=5/7 titel=0 ort=0/7
VAUGHN	6	9	Vaughn	eigenname	q=0/8 next_cap=0/9 prev_cap=5/8 titel=0 ort=0/8
VAUXHALL	8	9	Vauxhall	eigenname	q=1/7 next_cap=3/10 prev_cap=0/7 titel=0 ort=0/7
VERNON	6	9	Vernon	eigenname	q=1/9 next_cap=2/9 prev_cap=8/9 titel=0 ort=0/9
VERTRIEBS	9	9	Vertriebs	eigenname	q=5/22 next_cap=9/22 prev_cap=5/22 titel=0 ort=0/22
VICTORY	7	9	Victory	eigenname	q=2/10 next_cap=4/11 prev_cap=3/10 titel=0 ort=0/10
VOLDEMORT	9	9	Voldemort	eigenname	q=0/11 next_cap=1/11 prev_cap=5/11 titel=0 ort=0/11
VONN	4	9	Vonn	eigenname	q=1/7 next_cap=0/9 prev_cap=5/7 titel=0 ort=0/7
WALBURGA	8	9	Walburga	eigenname	q=0/8 next_cap=5/9 prev_cap=5/8 titel=1 ort=0/8
WALTON	6	9	Walton	eigenname	q=0/7 next_cap=3/10 prev_cap=4/7 titel=0 ort=0/7
WANGEROOGE	10	9	Wangerooge	eigenname	q=0/9 next_cap=1/9 prev_cap=5/9 titel=0 ort=0/9
WARMWASSER	10	9	Warmwasser	eigenname	q=0/14 next_cap=5/16 prev_cap=0/14 titel=0 ort=0/14
WARSZAWA	8	9	Warszawa	eigenname	q=0/10 next_cap=3/10 prev_cap=8/10 titel=0 ort=1/10
WASSILI	7	9	Wassili	eigenname	q=0/5 next_cap=7/9 prev_cap=0/5 titel=0 ort=1/5
WEBERS	6	9	Webers	eigenname	q=1/8 next_cap=6/9 prev_cap=6/8 titel=0 ort=1/8
WEILBURG	8	9	Weilburg	eigenname	q=0/17 next_cap=4/18 prev_cap=12/17 titel=0 ort=3/17
WELTRUF	7	9	Weltruf	eigenname	q=0/10 next_cap=1/10 prev_cap=0/10 titel=0 ort=0/10
WERNERS	7	9	Werners	eigenname	q=1/7 next_cap=6/9 prev_cap=3/7 titel=0 ort=0/7
WIDMER	6	9	Widmer	eigenname	q=0/11 next_cap=8/14 prev_cap=11/11 titel=0 ort=0/11
WIEHL	5	9	Wiehl	eigenname	q=1/10 next_cap=0/10 prev_cap=5/10 titel=0 ort=1/10
WIKING	6	9	Wiking	eigenname	q=2/9 next_cap=5/9 prev_cap=5/9 titel=0 ort=0/9
WILLIBALD	9	9	Willibald	eigenname	q=0/6 next_cap=4/10 prev_cap=3/6 titel=0 ort=0/6
WINOKUROW	9	9	Winokurow	eigenname	q=0/8 next_cap=0/9 prev_cap=6/8 titel=0 ort=0/8
WORKFLOW	8	9	Workflow	eigenname	q=3/20 next_cap=10/20 prev_cap=3/20 titel=0 ort=0/20
XINHUA	6	9	Xinhua	eigenname	q=1/10 next_cap=2/10 prev_cap=7/10 titel=0 ort=0/10
YOLANDA	7	9	Yolanda	eigenname	q=0/7 next_cap=5/9 prev_cap=3/7 titel=0 ort=0/7
ZANETTI	7	9	Zanetti	eigenname	q=1/7 next_cap=1/10 prev_cap=4/7 titel=0 ort=0/7
ZOBEL	5	9	Zobel	eigenname	q=0/9 next_cap=0/9 prev_cap=9/9 titel=0 ort=0/9
ABI	3	8	ABI	eigenname	q=1/10 next_cap=8/12 prev_cap=5/10 titel=0 ort=0/10
ABWEHRSEITE	11	8	Abwehrseite	eigenname	q=0/8 next_cap=0/8 prev_cap=0/8 titel=0 ort=0/8
ADORF	5	8	Adorf	eigenname	q=0/8 next_cap=0/8 prev_cap=5/8 titel=0 ort=0/8
AGOSTINO	8	8	Agostino	eigenname	q=0/5 next_cap=6/8 prev_cap=2/5 titel=0 ort=0/5
AGUILERA	8	8	Aguilera	eigenname	q=0/6 next_cap=1/7 prev_cap=4/6 titel=0 ort=0/6
AHLMANN	7	8	Ahlmann	eigenname	q=0/5 next_cap=1/8 prev_cap=5/5 titel=0 ort=0/5
AKIRA	5	8	Akira	eigenname	q=0/5 next_cap=5/8 prev_cap=1/5 titel=0 ort=0/5
ALBAN	5	8	Alban	eigenname	q=0/9 next_cap=7/11 prev_cap=8/9 titel=1 ort=0/9
ALBANIENS	9	8	Albaniens	eigenname	q=0/8 next_cap=0/8 prev_cap=7/8 titel=0 ort=0/8
ALEC	4	8	Alec	eigenname	q=0/6 next_cap=2/8 prev_cap=3/6 titel=0 ort=0/6
ALFREDO	7	8	Alfredo	eigenname	q=1/6 next_cap=5/8 prev_cap=2/6 titel=0 ort=0/6
ALICANTE	8	8	Alicante	eigenname	q=0/9 next_cap=1/9 prev_cap=5/9 titel=0 ort=2/9
ALIS	4	8	Alis	eigenname	q=0/8 next_cap=4/8 prev_cap=5/8 titel=0 ort=1/8
ALITALIA	8	8	Alitalia	eigenname	q=0/9 next_cap=6/13 prev_cap=2/9 titel=0 ort=0/9
ALIVE	5	8	Alive	eigenname	q=1/8 next_cap=3/9 prev_cap=5/8 titel=0 ort=0/8
ALLENDE	7	8	Allende	eigenname	q=0/8 next_cap=1/9 prev_cap=6/8 titel=0 ort=0/8
ALLENS	6	8	Allens	eigenname	q=0/7 next_cap=7/8 prev_cap=4/7 titel=0 ort=0/7
ALTENSTADT	10	8	Altenstadt	eigenname	q=1/7 next_cap=0/8 prev_cap=4/7 titel=0 ort=1/7
ALTMANN	7	8	Altmann	eigenname	q=0/7 next_cap=1/8 prev_cap=5/7 titel=0 ort=1/7
ALWIN	5	8	Alwin	eigenname	q=0/6 next_cap=6/7 prev_cap=3/6 titel=0 ort=0/6
ALZENAU	7	8	Alzenau	eigenname	q=0/7 next_cap=0/8 prev_cap=6/7 titel=0 ort=0/7
AMAR	4	8	Amar	eigenname	q=0/4 next_cap=1/8 prev_cap=4/4 titel=0 ort=0/4
AMULETTE	8	8	Amulette	eigenname	q=0/7 next_cap=4/8 prev_cap=1/7 titel=0 ort=0/7
ANATOLI	7	8	Anatoli	eigenname	q=0/6 next_cap=7/8 prev_cap=3/6 titel=0 ort=0/6
ANDRETTI	8	8	Andretti	eigenname	q=0/7 next_cap=0/8 prev_cap=2/7 titel=0 ort=0/7
ANTONI	6	8	Antoni	eigenname	q=0/5 next_cap=3/8 prev_cap=3/5 titel=0 ort=0/5
ANTONS	6	8	Antons	eigenname	q=1/7 next_cap=6/9 prev_cap=2/7 titel=0 ort=0/7
ARCHIPEL	8	8	Archipel	eigenname	q=3/16 next_cap=4/16 prev_cap=12/16 titel=0 ort=0/16
ARMENIENS	9	8	Armeniens	eigenname	q=0/8 next_cap=0/8 prev_cap=8/8 titel=0 ort=0/8
ARND	4	8	Arnd	eigenname	q=0/6 next_cap=6/8 prev_cap=2/6 titel=0 ort=0/6
ASLAN	5	8	Aslan	eigenname	q=0/8 next_cap=3/8 prev_cap=6/8 titel=1 ort=0/8
AUGSBURGS	9	8	Augsburgs	eigenname	q=0/5 next_cap=4/8 prev_cap=4/5 titel=0 ort=0/5
AUGUSTINER	10	8	Augustiner	eigenname	q=4/20 next_cap=15/20 prev_cap=6/20 titel=0 ort=0/20
BABETTE	7	8	Babette	eigenname	q=0/3 next_cap=4/7 prev_cap=1/3 titel=0 ort=0/3
BACHEM	6	8	Bachem	eigenname	q=0/7 next_cap=5/8 prev_cap=5/7 titel=0 ort=0/7
BAEUMER	7	8	Bäumer	eigenname	q=1/7 next_cap=1/9 prev_cap=6/7 titel=0 ort=0/7
BALLAUF	7	8	Ballauf	eigenname	q=0/5 next_cap=0/8 prev_cap=1/5 titel=0 ort=0/5
BARBAREZ	8	8	Barbarez	eigenname	q=0/6 next_cap=2/8 prev_cap=4/6 titel=0 ort=0/6
BARBAROSSA	10	8	Barbarossa	eigenname	q=0/11 next_cap=5/12 prev_cap=7/11 titel=0 ort=0/11
BARITON	7	8	Bariton	eigenname	q=2/9 next_cap=4/9 prev_cap=3/9 titel=0 ort=0/9
BARLOW	6	8	Barlow	eigenname	q=0/6 next_cap=0/8 prev_cap=4/6 titel=0 ort=0/6
BARNIM	6	8	Barnim	eigenname	q=2/13 next_cap=6/13 prev_cap=12/13 titel=0 ort=0/13
BARROS	6	8	Barros	eigenname	q=1/6 next_cap=4/8 prev_cap=1/6 titel=0 ort=1/6
BARTLETT	8	8	Bartlett	eigenname	q=0/7 next_cap=1/8 prev_cap=6/7 titel=0 ort=0/7
BATIC	5	8	Batic	eigenname	q=0/5 next_cap=0/8 prev_cap=2/5 titel=0 ort=0/5
BAUMGARTEN	10	8	Baumgarten	eigenname	q=0/8 next_cap=2/9 prev_cap=4/8 titel=0 ort=0/8
BECKERS	7	8	Beckers	eigenname	q=1/7 next_cap=6/9 prev_cap=4/7 titel=0 ort=0/7
BENTHEIM	8	8	Bentheim	eigenname	q=0/8 next_cap=1/8 prev_cap=7/8 titel=0 ort=0/8
BERGEMANN	9	8	Bergemann	eigenname	q=0/8 next_cap=3/10 prev_cap=5/8 titel=0 ort=0/8
BERGNER	7	8	Bergner	eigenname	q=0/6 next_cap=1/8 prev_cap=5/6 titel=0 ort=0/6
BERLUSCONIS	11	8	Berlusconis	eigenname	q=0/5 next_cap=7/8 prev_cap=0/5 titel=0 ort=0/5
BERNHARDS	9	8	Bernhards	eigenname	q=0/7 next_cap=3/8 prev_cap=6/7 titel=0 ort=0/7
BERTOLT	7	8	Bertolt	eigenname	q=0/8 next_cap=10/10 prev_cap=3/8 titel=0 ort=0/8
BETANCOURT	10	8	Betancourt	eigenname	q=0/4 next_cap=0/8 prev_cap=1/4 titel=0 ort=0/4
BEUYS	5	8	Beuys	eigenname	q=0/12 next_cap=5/12 prev_cap=4/12 titel=0 ort=2/12
BIANCHI	7	8	Bianchi	eigenname	q=0/8 next_cap=1/9 prev_cap=4/8 titel=0 ort=0/8
BIBLE	5	8	Bible	eigenname	q=1/8 next_cap=5/8 prev_cap=5/8 titel=0 ort=0/8
BIENZLE	7	8	Bienzle	eigenname	q=0/4 next_cap=0/8 prev_cap=2/4 titel=0 ort=0/4
BIR	3	8	Bir	eigenname	q=0/7 next_cap=4/8 prev_cap=3/7 titel=0 ort=0/7
BITTERFELD	10	8	Bitterfeld	eigenname	q=0/13 next_cap=4/14 prev_cap=6/13 titel=0 ort=2/13
BJARNE	6	8	Bjarne	eigenname	q=0/7 next_cap=6/8 prev_cap=5/7 titel=0 ort=0/7
BLANCO	6	8	Blanco	eigenname	q=0/7 next_cap=1/8 prev_cap=4/7 titel=0 ort=0/7
BLASCHKE	8	8	Blaschke	eigenname	q=0/7 next_cap=3/8 prev_cap=4/7 titel=0 ort=0/7
BLOHM	5	8	Blohm	eigenname	q=0/6 next_cap=1/7 prev_cap=3/6 titel=1 ort=1/6
BLU	3	8	Blu	eigenname	q=2/74 next_cap=13/78 prev_cap=11/74 titel=0 ort=4/74
BOCHOLT	7	8	Bocholt	eigenname	q=0/9 next_cap=1/9 prev_cap=5/9 titel=0 ort=2/9
BOHL	4	8	Bohl	eigenname	q=1/7 next_cap=0/8 prev_cap=6/7 titel=0 ort=0/7
BOLLMANN	8	8	Bollmann	eigenname	q=0/8 next_cap=4/9 prev_cap=6/8 titel=1 ort=0/8
BONNIE	6	8	Bonnie	eigenname	q=0/6 next_cap=2/8 prev_cap=3/6 titel=0 ort=0/6
BORA	4	8	Bora	eigenname	q=1/9 next_cap=5/9 prev_cap=3/9 titel=1 ort=0/9
BORGHORST	9	8	Borghorst	eigenname	q=0/7 next_cap=0/8 prev_cap=5/7 titel=0 ort=1/7
BORNHEIM	8	8	Bornheim	eigenname	q=0/11 next_cap=0/11 prev_cap=5/11 titel=0 ort=2/11
BOSBACH	7	8	Bosbach	eigenname	q=0/4 next_cap=0/8 prev_cap=3/4 titel=0 ort=0/4
BOURDIEU	8	8	Bourdieu	eigenname	q=0/5 next_cap=1/8 prev_cap=3/5 titel=0 ort=0/5
BRADFORD	8	8	Bradford	eigenname	q=0/9 next_cap=3/9 prev_cap=6/9 titel=0 ort=0/9
BRASCH	6	8	Brasch	eigenname	q=0/6 next_cap=2/8 prev_cap=4/6 titel=0 ort=0/6
BRASIL	6	8	Brasil	eigenname	q=0/10 next_cap=3/10 prev_cap=6/10 titel=0 ort=0/10
BROWNING	8	8	Browning	eigenname	q=0/5 next_cap=0/8 prev_cap=0/5 titel=0 ort=0/5
BRUN	4	8	Brun	eigenname	q=0/9 next_cap=1/9 prev_cap=7/9 titel=0 ort=0/9
BUCHANAN	8	8	Buchanan	eigenname	q=0/6 next_cap=2/8 prev_cap=3/6 titel=0 ort=0/6
BUCHNER	7	8	Buchner	eigenname	q=0/6 next_cap=3/8 prev_cap=5/6 titel=0 ort=0/6
BUCHSE	6	8	Buchse	eigenname	q=4/29 next_cap=0/29 prev_cap=20/29 titel=0 ort=0/29
BUCKINGHAM	10	8	Buckingham	eigenname	q=1/10 next_cap=5/11 prev_cap=1/10 titel=0 ort=0/10
BUCKLEY	7	8	Buckley	eigenname	q=0/6 next_cap=0/8 prev_cap=5/6 titel=0 ort=0/6
BUCKS	5	8	Bucks	eigenname	q=1/9 next_cap=2/9 prev_cap=6/9 titel=0 ort=1/9
BUEMI	5	8	Buemi	eigenname	q=0/5 next_cap=0/8 prev_cap=3/5 titel=0 ort=0/5
BYRNE	5	8	Byrne	eigenname	q=0/8 next_cap=1/8 prev_cap=8/8 titel=1 ort=0/8
CAPONE	6	8	Capone	eigenname	q=0/9 next_cap=2/9 prev_cap=6/9 titel=0 ort=0/9
CASIMIR	7	8	Casimir	eigenname	q=0/8 next_cap=4/10 prev_cap=6/8 titel=0 ort=0/8
CASPER	6	8	Casper	eigenname	q=0/6 next_cap=2/8 prev_cap=6/6 titel=0 ort=0/6
CATERINA	8	8	Caterina	eigenname	q=1/5 next_cap=4/8 prev_cap=2/5 titel=0 ort=0/5
CATHY	5	8	Cathy	eigenname	q=0/7 next_cap=4/8 prev_cap=1/7 titel=0 ort=0/7
CAVENDISH	9	8	Cavendish	eigenname	q=1/9 next_cap=2/9 prev_cap=7/9 titel=0 ort=0/9
CHRISTO	7	8	Christo	eigenname	q=0/7 next_cap=2/10 prev_cap=1/7 titel=1 ort=1/7
CHRISTOPHE	10	8	Christophe	eigenname	q=0/8 next_cap=9/9 prev_cap=8/8 titel=2 ort=0/8
CLEAR	5	8	Clear	eigenname	q=1/7 next_cap=4/9 prev_cap=5/7 titel=0 ort=0/7
COBB	4	8	Cobb	eigenname	q=1/8 next_cap=3/9 prev_cap=3/8 titel=0 ort=0/8
COCOA	5	8	Cocoa	eigenname	q=1/5 next_cap=5/9 prev_cap=0/5 titel=0 ort=0/5
COLETTE	7	8	Colette	eigenname	q=1/7 next_cap=3/9 prev_cap=0/7 titel=0 ort=0/7
COLLIN	6	8	Collin	eigenname	q=0/6 next_cap=2/7 prev_cap=1/6 titel=0 ort=1/6
COMPLIANCE	10	8	Compliance	eigenname	q=2/10 next_cap=4/12 prev_cap=4/10 titel=0 ort=0/10
CONDOLEEZZA	11	8	Condoleezza	eigenname	q=0/5 next_cap=8/8 prev_cap=5/5 titel=0 ort=0/5
CONNECT	7	8	Connect	eigenname	q=2/12 next_cap=4/12 prev_cap=6/12 titel=0 ort=0/12
CONSTANCE	9	8	Constance	eigenname	q=0/6 next_cap=5/8 prev_cap=2/6 titel=0 ort=0/6
CONSTANTIUS	11	8	Constantius	eigenname	q=1/5 next_cap=3/8 prev_cap=1/5 titel=0 ort=0/5
CORAL	5	8	Coral	eigenname	q=2/9 next_cap=5/9 prev_cap=5/9 titel=0 ort=0/9
CORREA	6	8	Correa	eigenname	q=0/7 next_cap=1/8 prev_cap=4/7 titel=0 ort=0/7
CROIX	5	8	Croix	eigenname	q=2/15 next_cap=5/15 prev_cap=10/15 titel=0 ort=0/15
CUSTOM	6	8	Custom	eigenname	q=2/10 next_cap=3/10 prev_cap=5/10 titel=0 ort=0/10
CYRUS	5	8	Cyrus	eigenname	q=0/7 next_cap=2/8 prev_cap=3/7 titel=0 ort=0/7
DAHN	4	8	Dahn	eigenname	q=0/7 next_cap=0/8 prev_cap=4/7 titel=0 ort=1/7
DAMIAN	6	8	Damian	eigenname	q=0/7 next_cap=4/8 prev_cap=2/7 titel=0 ort=0/7
DANONE	6	8	Danone	eigenname	q=0/5 next_cap=2/8 prev_cap=1/5 titel=0 ort=0/5
DARIA	5	8	Daria	eigenname	q=0/6 next_cap=3/8 prev_cap=1/6 titel=0 ort=0/6
DARIUS	6	8	Darius	eigenname	q=1/7 next_cap=3/8 prev_cap=3/7 titel=0 ort=0/7
DARTS	5	8	Darts	eigenname	q=1/9 next_cap=7/9 prev_cap=5/9 titel=0 ort=0/9
DEGUSSA	7	8	Degussa	eigenname	q=2/14 next_cap=8/16 prev_cap=7/14 titel=0 ort=1/14
DEMOGRAPHIE	11	8	Demographie	eigenname	q=0/9 next_cap=4/10 prev_cap=2/9 titel=0 ort=0/9
DEVI	4	8	Devi	eigenname	q=0/7 next_cap=1/8 prev_cap=6/7 titel=0 ort=1/7
DIAZ	4	8	Diaz	eigenname	q=0/8 next_cap=4/10 prev_cap=7/8 titel=0 ort=0/8
DINER	5	8	Diner	eigenname	q=2/12 next_cap=2/13 prev_cap=6/12 titel=0 ort=0/12
DITTRICH	8	8	Dittrich	eigenname	q=0/5 next_cap=0/8 prev_cap=4/5 titel=0 ort=0/5
DODD	4	8	Dodd	eigenname	q=1/7 next_cap=0/8 prev_cap=4/7 titel=0 ort=0/7
DOEPFNER	8	8	Döpfner	eigenname	q=0/6 next_cap=0/8 prev_cap=5/6 titel=0 ort=0/6
DORNER	6	8	Dorner	eigenname	q=0/6 next_cap=2/8 prev_cap=6/6 titel=0 ort=0/6
DORO	4	8	Doro	eigenname	q=0/6 next_cap=2/8 prev_cap=1/6 titel=0 ort=0/6
DRACULA	7	8	Dracula	eigenname	q=0/10 next_cap=4/11 prev_cap=5/10 titel=0 ort=0/10
DRAEGER	7	8	Dräger	eigenname	q=0/9 next_cap=2/10 prev_cap=4/9 titel=0 ort=0/9
DRAKES	6	8	Drakes	eigenname	q=1/8 next_cap=7/8 prev_cap=2/8 titel=0 ort=1/8
DREYER	6	8	Dreyer	eigenname	q=1/6 next_cap=0/8 prev_cap=4/6 titel=0 ort=0/6
DUARTE	6	8	Duarte	eigenname	q=0/7 next_cap=1/8 prev_cap=6/7 titel=0 ort=0/7
DUFFY	5	8	Duffy	eigenname	q=0/7 next_cap=1/8 prev_cap=5/7 titel=0 ort=0/7
EBEL	4	8	Ebel	eigenname	q=0/6 next_cap=1/8 prev_cap=6/6 titel=0 ort=0/6
ECKER	5	8	Ecker	eigenname	q=0/6 next_cap=0/8 prev_cap=5/6 titel=0 ort=0/6
EDELGARD	8	8	Edelgard	eigenname	q=0/5 next_cap=8/8 prev_cap=4/5 titel=0 ort=0/5
EESTI	5	8	Eesti	eigenname	q=1/8 next_cap=4/8 prev_cap=5/8 titel=0 ort=1/8
EGGER	5	8	Egger	eigenname	q=0/7 next_cap=4/9 prev_cap=6/7 titel=0 ort=0/7
EHLERS	6	8	Ehlers	eigenname	q=0/9 next_cap=4/9 prev_cap=7/9 titel=0 ort=0/9
EISNER	6	8	Eisner	eigenname	q=0/5 next_cap=0/7 prev_cap=2/5 titel=0 ort=0/5
EISWUERFEL	10	8	Eiswürfel	eigenname	q=0/5 next_cap=0/7 prev_cap=1/5 titel=0 ort=0/5
ELFI	4	8	Elfi	eigenname	q=0/7 next_cap=4/8 prev_cap=1/7 titel=0 ort=0/7
ELISABETTA	10	8	Elisabetta	eigenname	q=0/7 next_cap=3/8 prev_cap=4/7 titel=0 ort=1/7
ELSER	5	8	Elser	eigenname	q=0/7 next_cap=2/8 prev_cap=4/7 titel=0 ort=0/7
ELTON	5	8	Elton	eigenname	q=1/6 next_cap=6/8 prev_cap=3/6 titel=0 ort=1/6
EMSLAND	7	8	Emsland	eigenname	q=2/10 next_cap=4/10 prev_cap=9/10 titel=0 ort=0/10
ENZYMEN	7	8	Enzymen	eigenname	q=0/8 next_cap=0/8 prev_cap=0/8 titel=0 ort=0/8
ERNESTO	7	8	Ernesto	eigenname	q=0/8 next_cap=3/8 prev_cap=3/8 titel=0 ort=0/8
ETHEL	5	8	Ethel	eigenname	q=0/6 next_cap=5/8 prev_cap=3/6 titel=0 ort=0/6
EVERETT	7	8	Everett	eigenname	q=0/7 next_cap=2/8 prev_cap=5/7 titel=0 ort=0/7
FEDEX	5	8	Fedex	eigenname	q=0/11 next_cap=7/14 prev_cap=5/11 titel=0 ort=0/11
FEMALE	6	8	Female	eigenname	q=1/8 next_cap=7/8 prev_cap=7/8 titel=0 ort=0/8
FICHTL	6	8	Fichtl	eigenname	q=0/6 next_cap=0/8 prev_cap=3/6 titel=0 ort=0/6
FILIP	5	8	Filip	eigenname	q=0/7 next_cap=8/8 prev_cap=2/7 titel=0 ort=0/7
FINKE	5	8	Finke	eigenname	q=0/6 next_cap=1/8 prev_cap=4/6 titel=1 ort=0/6
FLANAGAN	8	8	Flanagan	eigenname	q=0/7 next_cap=1/8 prev_cap=7/7 titel=0 ort=0/7
FLEISCHMANN	11	8	Fleischmann	eigenname	q=0/7 next_cap=1/8 prev_cap=3/7 titel=0 ort=0/7
FLUSSUFERN	10	8	Flussufern	eigenname	q=0/8 next_cap=0/8 prev_cap=1/8 titel=0 ort=0/8
FONTANE	7	8	Fontane	eigenname	q=2/10 next_cap=3/10 prev_cap=3/10 titel=0 ort=1/10
FRAN	4	8	Fran	eigenname	q=0/7 next_cap=2/8 prev_cap=4/7 titel=0 ort=0/7
FRANZEN	7	8	Franzen	eigenname	q=0/6 next_cap=4/8 prev_cap=5/6 titel=0 ort=0/6
FRATTINI	8	8	Frattini	eigenname	q=0/4 next_cap=0/8 prev_cap=4/4 titel=0 ort=0/4
FREDI	5	8	Fredi	eigenname	q=0/4 next_cap=5/8 prev_cap=1/4 titel=0 ort=0/4
FRESE	5	8	Frese	eigenname	q=0/6 next_cap=0/8 prev_cap=5/6 titel=0 ort=1/6
FRIEDL	6	8	Friedl	eigenname	q=0/5 next_cap=2/8 prev_cap=2/5 titel=0 ort=0/5
FUENTES	7	8	Fuentes	eigenname	q=0/7 next_cap=0/8 prev_cap=5/7 titel=0 ort=0/7
GAETANO	7	8	Gaetano	eigenname	q=0/7 next_cap=6/8 prev_cap=3/7 titel=0 ort=0/7
GAIL	4	8	Gail	eigenname	q=0/6 next_cap=7/9 prev_cap=2/6 titel=0 ort=0/6
GARFIELD	8	8	Garfield	eigenname	q=1/7 next_cap=3/8 prev_cap=5/7 titel=0 ort=0/7
GATEWAYS	8	8	Gateways	eigenname	q=1/10 next_cap=1/11 prev_cap=6/10 titel=0 ort=0/10
GEOMETRIEN	10	8	Geometrien	eigenname	q=0/9 next_cap=0/9 prev_cap=1/9 titel=0 ort=0/9
GEORGIENS	9	8	Georgiens	eigenname	q=0/7 next_cap=1/8 prev_cap=7/7 titel=0 ort=0/7
GEOTHERMIE	10	8	Geothermie	eigenname	q=1/7 next_cap=2/9 prev_cap=4/7 titel=0 ort=0/7
GERSDORF	8	8	Gersdorf	eigenname	q=0/7 next_cap=0/10 prev_cap=6/7 titel=0 ort=0/7
GERSTER	7	8	Gerster	eigenname	q=0/6 next_cap=2/10 prev_cap=3/6 titel=1 ort=0/6
GIACOMETTI	10	8	Giacometti	eigenname	q=0/6 next_cap=1/8 prev_cap=2/6 titel=0 ort=0/6
GILLES	6	8	Gilles	eigenname	q=0/7 next_cap=5/9 prev_cap=4/7 titel=0 ort=0/7
GILLESPIE	9	8	Gillespie	eigenname	q=0/8 next_cap=1/8 prev_cap=6/8 titel=3 ort=0/8
GLACIER	7	8	Glacier	eigenname	q=1/8 next_cap=4/9 prev_cap=6/8 titel=0 ort=0/8
GOGH	4	8	Gogh	eigenname	q=0/10 next_cap=3/10 prev_cap=5/10 titel=0 ort=0/10
GOTLAND	7	8	Gotland	eigenname	q=0/8 next_cap=0/8 prev_cap=2/8 titel=0 ort=1/8
GRAEFE	6	8	Graefe	eigenname	q=0/10 next_cap=2/10 prev_cap=6/10 titel=0 ort=0/10
GRASSI	6	8	Grassi	eigenname	q=0/8 next_cap=2/8 prev_cap=4/8 titel=0 ort=0/8
GRAYSON	7	8	Grayson	eigenname	q=0/8 next_cap=3/8 prev_cap=6/8 titel=0 ort=0/8
GRINDEL	7	8	Grindel	eigenname	q=1/7 next_cap=1/8 prev_cap=5/7 titel=0 ort=0/7
GROTH	5	8	Groth	eigenname	q=0/8 next_cap=3/10 prev_cap=7/8 titel=0 ort=0/8
GRUENEWALD	10	8	Grünewald	eigenname	q=2/10 next_cap=3/10 prev_cap=6/10 titel=0 ort=1/10
GUEVARA	7	8	Guevara	eigenname	q=0/6 next_cap=1/9 prev_cap=4/6 titel=0 ort=0/6
GUINNESS	8	8	Guinness	eigenname	q=2/17 next_cap=16/20 prev_cap=5/17 titel=0 ort=0/17
HAAN	4	8	Haan	eigenname	q=0/8 next_cap=0/8 prev_cap=2/8 titel=0 ort=1/8
HADERTHAUER	11	8	Haderthauer	eigenname	q=0/6 next_cap=0/8 prev_cap=6/6 titel=0 ort=0/6
HAESSLER	8	8	Häßler	eigenname	q=0/5 next_cap=2/9 prev_cap=3/5 titel=0 ort=0/5
HAJO	4	8	Hajo	eigenname	q=0/5 next_cap=6/8 prev_cap=1/5 titel=0 ort=0/5
HAMILTONS	9	8	Hamiltons	eigenname	q=1/8 next_cap=3/8 prev_cap=4/8 titel=0 ort=0/8
HANCOCK	7	8	Hancock	eigenname	q=0/7 next_cap=1/8 prev_cap=6/7 titel=0 ort=0/7
HANDZETTEL	10	8	Handzettel	eigenname	q=0/6 next_cap=2/8 prev_cap=4/6 titel=0 ort=0/6
HANN	4	8	Hann	eigenname	q=1/10 next_cap=2/10 prev_cap=5/10 titel=0 ort=2/10
HANNAWALD	9	8	Hannawald	eigenname	q=0/6 next_cap=0/8 prev_cap=6/6 titel=0 ort=0/6
HAPPEL	6	8	Happel	eigenname	q=0/6 next_cap=1/6 prev_cap=6/6 titel=1 ort=1/6
HARTUNG	7	8	Hartung	eigenname	q=0/7 next_cap=2/8 prev_cap=7/7 titel=0 ort=0/7
HARVEST	7	8	Harvest	eigenname	q=1/9 next_cap=4/9 prev_cap=6/9 titel=0 ort=1/9
HASBRO	6	8	Hasbro	eigenname	q=0/8 next_cap=2/10 prev_cap=2/8 titel=0 ort=0/8
HAYDN	5	8	Haydn	eigenname	q=0/11 next_cap=6/12 prev_cap=4/11 titel=0 ort=1/11
HAYES	5	8	Hayes	eigenname	q=0/7 next_cap=2/9 prev_cap=4/7 titel=0 ort=0/7
HAYWORTH	8	8	Hayworth	eigenname	q=0/7 next_cap=0/8 prev_cap=4/7 titel=0 ort=0/7
HEIDENREICH	11	8	Heidenreich	eigenname	q=0/8 next_cap=2/8 prev_cap=7/8 titel=2 ort=0/8
HEIDRICH	8	8	Heidrich	eigenname	q=0/5 next_cap=1/7 prev_cap=4/5 titel=0 ort=0/5
HEINS	5	8	Heins	eigenname	q=0/5 next_cap=0/8 prev_cap=5/5 titel=0 ort=0/5
HELDT	5	8	Heldt	eigenname	q=0/8 next_cap=2/9 prev_cap=7/8 titel=0 ort=0/8
HELLINGER	9	8	Hellinger	eigenname	q=0/7 next_cap=1/8 prev_cap=4/7 titel=0 ort=0/7
HEMINGWAY	9	8	Hemingway	eigenname	q=0/6 next_cap=2/8 prev_cap=2/6 titel=0 ort=0/6
HEMPEL	6	8	Hempel	eigenname	q=1/8 next_cap=2/9 prev_cap=6/8 titel=0 ort=0/8
HENNINGS	8	8	Hennings	eigenname	q=0/5 next_cap=3/8 prev_cap=3/5 titel=0 ort=0/5
HENRYK	6	8	Henryk	eigenname	q=0/5 next_cap=6/8 prev_cap=2/5 titel=0 ort=0/5
HERRERA	7	8	Herrera	eigenname	q=0/6 next_cap=0/8 prev_cap=2/6 titel=0 ort=0/6
HERSCHEL	8	8	Herschel	eigenname	q=0/6 next_cap=3/9 prev_cap=4/6 titel=0 ort=0/6
HEUSS	5	8	Heuss	eigenname	q=0/22 next_cap=17/25 prev_cap=17/22 titel=0 ort=0/22
HIDDENSEE	9	8	Hiddensee	eigenname	q=0/7 next_cap=0/8 prev_cap=2/7 titel=0 ort=1/7
HILLEBRAND	10	8	Hillebrand	eigenname	q=0/8 next_cap=1/8 prev_cap=7/8 titel=0 ort=0/8
HIRZEL	6	8	Hirzel	eigenname	q=1/6 next_cap=5/8 prev_cap=5/6 titel=0 ort=0/6
HITOMI	6	8	Hitomi	eigenname	q=0/7 next_cap=3/8 prev_cap=2/7 titel=0 ort=1/7
HOERMANN	8	8	Hörmann	eigenname	q=0/6 next_cap=0/8 prev_cap=3/6 titel=0 ort=0/6
HOFBAUER	8	8	Hofbauer	eigenname	q=0/7 next_cap=3/8 prev_cap=7/7 titel=0 ort=0/7
HOFFMANNS	9	8	Hoffmanns	eigenname	q=0/6 next_cap=4/8 prev_cap=2/6 titel=0 ort=0/6
HOHLMEIER	9	8	Hohlmeier	eigenname	q=0/7 next_cap=0/8 prev_cap=6/7 titel=0 ort=0/7
HOLL	4	8	Holl	eigenname	q=0/8 next_cap=1/8 prev_cap=7/8 titel=0 ort=0/8
HOLZBAUTEN	10	8	Holzbauten	eigenname	q=0/8 next_cap=0/8 prev_cap=0/8 titel=0 ort=0/8
HOMERS	6	8	Homers	eigenname	q=1/5 next_cap=5/8 prev_cap=3/5 titel=0 ort=0/5
HOMOPHOBIE	10	8	Homophobie	eigenname	q=0/5 next_cap=0/8 prev_cap=2/5 titel=0 ort=0/5
HONDO	5	8	Hondo	eigenname	q=0/7 next_cap=0/8 prev_cap=3/7 titel=0 ort=0/7
HONEGGER	8	8	Honegger	eigenname	q=0/7 next_cap=3/8 prev_cap=7/7 titel=0 ort=0/7
HONEYWELL	9	8	Honeywell	eigenname	q=0/4 next_cap=2/8 prev_cap=1/4 titel=0 ort=0/4
HORSTMANN	9	8	Horstmann	eigenname	q=1/7 next_cap=0/7 prev_cap=4/7 titel=0 ort=0/7
HOYZER	6	8	Hoyzer	eigenname	q=0/6 next_cap=2/10 prev_cap=0/6 titel=0 ort=0/6
HUCH	4	8	Huch	eigenname	q=0/7 next_cap=2/9 prev_cap=5/7 titel=0 ort=0/7
HUESEYIN	8	8	Hüseyin	eigenname	q=0/5 next_cap=3/8 prev_cap=3/5 titel=0 ort=0/5
HUMPHREY	8	8	Humphrey	eigenname	q=0/8 next_cap=4/8 prev_cap=5/8 titel=0 ort=0/8
IRAKS	5	8	Iraks	eigenname	q=1/5 next_cap=4/8 prev_cap=2/5 titel=0 ort=0/5
ISMAIL	6	8	Ismail	eigenname	q=0/7 next_cap=5/8 prev_cap=6/7 titel=0 ort=0/7
ISTANBULS	9	8	Istanbuls	eigenname	q=0/8 next_cap=1/8 prev_cap=6/8 titel=0 ort=1/8
IULIUS	6	8	Iulius	eigenname	q=0/8 next_cap=8/8 prev_cap=8/8 titel=0 ort=0/8
IVICA	5	8	Ivica	eigenname	q=0/3 next_cap=5/8 prev_cap=1/3 titel=0 ort=0/3
JAKUB	5	8	Jakub	eigenname	q=0/8 next_cap=5/8 prev_cap=7/8 titel=0 ort=0/8
JANKE	5	8	Janke	eigenname	q=0/7 next_cap=2/8 prev_cap=7/7 titel=1 ort=0/7
JANKO	5	8	Janko	eigenname	q=0/6 next_cap=2/8 prev_cap=2/6 titel=0 ort=0/6
JANNE	5	8	Janne	eigenname	q=0/5 next_cap=5/8 prev_cap=3/5 titel=0 ort=0/5
JAROSLAW	8	8	Jaroslaw	eigenname	q=0/7 next_cap=6/8 prev_cap=3/7 titel=1 ort=0/7
JEANETTE	8	8	Jeanette	eigenname	q=0/7 next_cap=6/8 prev_cap=5/7 titel=0 ort=0/7
JEHLE	5	8	Jehle	eigenname	q=1/8 next_cap=8/9 prev_cap=7/8 titel=0 ort=0/8
JELINEK	7	8	Jelinek	eigenname	q=0/8 next_cap=1/9 prev_cap=7/8 titel=0 ort=0/8
JENNA	5	8	Jenna	eigenname	q=0/6 next_cap=4/8 prev_cap=2/6 titel=0 ort=1/6
JEREMIAS	8	8	Jeremias	eigenname	q=1/8 next_cap=4/8 prev_cap=2/8 titel=0 ort=0/8
JESSEN	6	8	Jessen	eigenname	q=0/7 next_cap=2/8 prev_cap=5/7 titel=0 ort=0/7
JOANNA	6	8	Joanna	eigenname	q=0/7 next_cap=4/8 prev_cap=2/7 titel=0 ort=0/7
JOD	3	8	Jod	eigenname	q=0/9 next_cap=3/11 prev_cap=1/9 titel=0 ort=0/9
JOSEPHA	7	8	Josepha	eigenname	q=0/7 next_cap=6/8 prev_cap=4/7 titel=1 ort=0/7
JUDD	4	8	Judd	eigenname	q=0/7 next_cap=3/8 prev_cap=6/7 titel=1 ort=0/7
KANTHER	7	8	Kanther	eigenname	q=0/5 next_cap=0/8 prev_cap=4/5 titel=0 ort=0/5
KARIM	5	8	Karim	eigenname	q=0/6 next_cap=7/8 prev_cap=3/6 titel=0 ort=0/6
KARINA	6	8	Karina	eigenname	q=0/6 next_cap=6/8 prev_cap=1/6 titel=0 ort=0/6
KARLSSON	8	8	Karlsson	eigenname	q=0/8 next_cap=1/8 prev_cap=5/8 titel=0 ort=0/8
KARNER	6	8	Karner	eigenname	q=0/7 next_cap=0/8 prev_cap=4/7 titel=0 ort=0/7
KAROLINA	8	8	Karolina	eigenname	q=0/6 next_cap=6/8 prev_cap=3/6 titel=0 ort=0/6
KAROTTEN	8	8	Karotten	eigenname	q=1/7 next_cap=1/9 prev_cap=4/7 titel=0 ort=1/7
KARZAI	6	8	Karzai	eigenname	q=0/8 next_cap=1/9 prev_cap=5/8 titel=0 ort=1/8
KATRINA	7	8	Katrina	eigenname	q=1/7 next_cap=3/8 prev_cap=5/7 titel=1 ort=1/7
KAYA	4	8	Kaya	eigenname	q=0/7 next_cap=3/8 prev_cap=6/7 titel=0 ort=0/7
KEITEL	6	8	Keitel	eigenname	q=0/4 next_cap=2/8 prev_cap=3/4 titel=0 ort=0/4
KENNERN	7	8	Kennern	eigenname	q=0/8 next_cap=0/8 prev_cap=0/8 titel=0 ort=0/8
KHEDIRA	7	8	Khedira	eigenname	q=0/6 next_cap=1/8 prev_cap=3/6 titel=0 ort=0/6
KIESEWETTER	11	8	Kiesewetter	eigenname	q=0/5 next_cap=2/8 prev_cap=2/5 titel=0 ort=0/5
KIMBERLEY	9	8	Kimberley	eigenname	q=1/7 next_cap=4/9 prev_cap=2/7 titel=0 ort=0/7
KINOWELT	8	8	Kinowelt	eigenname	q=1/8 next_cap=2/9 prev_cap=4/8 titel=0 ort=0/8
KIRA	4	8	Kira	eigenname	q=0/5 next_cap=3/8 prev_cap=4/5 titel=0 ort=1/5
KJELL	5	8	Kjell	eigenname	q=1/7 next_cap=4/8 prev_cap=1/7 titel=0 ort=0/7
KLOECKNER	9	8	Klöckner	eigenname	q=0/12 next_cap=5/14 prev_cap=4/12 titel=0 ort=0/12
KLOEDEN	7	8	Klöden	eigenname	q=0/4 next_cap=0/8 prev_cap=2/4 titel=0 ort=0/4
KNAUER	6	8	Knauer	eigenname	q=0/8 next_cap=1/8 prev_cap=8/8 titel=0 ort=0/8
KNOX	4	8	Knox	eigenname	q=0/8 next_cap=2/9 prev_cap=5/8 titel=0 ort=1/8
KOCK	4	8	Kock	eigenname	q=0/7 next_cap=0/8 prev_cap=5/7 titel=0 ort=1/7
KODAK	5	8	Kodak	eigenname	q=0/5 next_cap=2/9 prev_cap=0/5 titel=0 ort=0/5
KOELLNER	8	8	Köllner	eigenname	q=0/7 next_cap=3/8 prev_cap=6/7 titel=1 ort=0/7
KOEPKE	6	8	Köpke	eigenname	q=0/7 next_cap=2/8 prev_cap=3/7 titel=0 ort=0/7
KOERTING	8	8	Körting	eigenname	q=0/6 next_cap=0/8 prev_cap=4/6 titel=0 ort=0/6
KOIZUMI	7	8	Koizumi	eigenname	q=0/5 next_cap=0/8 prev_cap=3/5 titel=0 ort=0/5
KRAFFT	6	8	Krafft	eigenname	q=0/4 next_cap=1/8 prev_cap=4/4 titel=0 ort=0/4
KRATZ	5	8	Kratz	eigenname	q=0/8 next_cap=3/9 prev_cap=6/8 titel=0 ort=0/8
KREMER	6	8	Kremer	eigenname	q=1/6 next_cap=3/8 prev_cap=5/6 titel=0 ort=0/6
KRETSCHMANN	11	8	Kretschmann	eigenname	q=0/6 next_cap=1/7 prev_cap=3/6 titel=0 ort=0/6
KREUTER	7	8	Kreuter	eigenname	q=1/6 next_cap=2/8 prev_cap=5/6 titel=0 ort=0/6
KRINGS	6	8	Krings	eigenname	q=0/5 next_cap=1/8 prev_cap=5/5 titel=0 ort=0/5
KRZYSZTOF	9	8	Krzysztof	eigenname	q=0/6 next_cap=6/8 prev_cap=5/6 titel=0 ort=0/6
KUBICKI	7	8	Kubicki	eigenname	q=0/4 next_cap=2/8 prev_cap=2/4 titel=0 ort=0/4
KUNKEL	6	8	Kunkel	eigenname	q=0/8 next_cap=1/9 prev_cap=6/8 titel=0 ort=0/8
KUNSTBAUTEN	11	8	Kunstbauten	eigenname	q=0/8 next_cap=0/8 prev_cap=1/8 titel=0 ort=0/8
LAGARDE	7	8	Lagarde	eigenname	q=0/8 next_cap=0/8 prev_cap=5/8 titel=0 ort=0/8
LAGERLOEF	9	8	Lagerlöf	eigenname	q=0/9 next_cap=2/9 prev_cap=9/9 titel=0 ort=0/9
LANDOWSKY	9	8	Landowsky	eigenname	q=0/5 next_cap=1/8 prev_cap=2/5 titel=0 ort=0/5
LASCHET	7	8	Laschet	eigenname	q=0/6 next_cap=0/8 prev_cap=3/6 titel=0 ort=0/6
LAUREL	6	8	Laurel	eigenname	q=1/8 next_cap=2/8 prev_cap=5/8 titel=0 ort=0/8
LEHMANNS	8	8	Lehmanns	eigenname	q=0/7 next_cap=7/8 prev_cap=4/7 titel=0 ort=0/7
LENNART	7	8	Lennart	eigenname	q=0/8 next_cap=4/9 prev_cap=3/8 titel=1 ort=0/8
LEONHARDT	9	8	Leonhardt	eigenname	q=0/9 next_cap=2/9 prev_cap=4/9 titel=0 ort=0/9
LEUTHARD	8	8	Leuthard	eigenname	q=0/6 next_cap=0/8 prev_cap=5/6 titel=0 ort=0/6
LIA	3	8	Lia	eigenname	q=1/7 next_cap=2/8 prev_cap=5/7 titel=0 ort=0/7
LIEBIG	6	8	Liebig	eigenname	q=0/13 next_cap=8/16 prev_cap=7/13 titel=1 ort=0/13
LIESELOTTE	10	8	Lieselotte	eigenname	q=0/6 next_cap=7/8 prev_cap=1/6 titel=1 ort=0/6
LINDGREN	8	8	Lindgren	eigenname	q=0/14 next_cap=7/15 prev_cap=12/14 titel=0 ort=0/14
LJUBLJANA	9	8	Ljubljana	eigenname	q=0/9 next_cap=2/9 prev_cap=5/9 titel=0 ort=2/9
LOCKWOOD	8	8	Lockwood	eigenname	q=0/6 next_cap=2/8 prev_cap=5/6 titel=0 ort=1/6
LOMBARD	7	8	Lombard	eigenname	q=2/10 next_cap=3/10 prev_cap=4/10 titel=0 ort=1/10
LORANT	6	8	Lorant	eigenname	q=0/6 next_cap=0/8 prev_cap=3/6 titel=0 ort=0/6
LORE	4	8	Lore	eigenname	q=2/9 next_cap=5/10 prev_cap=2/9 titel=0 ort=0/9
LOREN	5	8	Loren	eigenname	q=2/9 next_cap=2/9 prev_cap=7/9 titel=0 ort=0/9
LORIOT	6	8	Loriot	eigenname	q=0/6 next_cap=1/8 prev_cap=3/6 titel=0 ort=1/6
LORSCH	6	8	Lorsch	eigenname	q=0/8 next_cap=1/8 prev_cap=6/8 titel=0 ort=1/8
LOWE	4	8	Lowe	eigenname	q=0/7 next_cap=2/8 prev_cap=5/7 titel=0 ort=0/7
LUDOLF	6	8	Ludolf	eigenname	q=0/7 next_cap=3/8 prev_cap=2/7 titel=0 ort=0/7
LUEDERS	7	8	Lüders	eigenname	q=0/7 next_cap=1/8 prev_cap=4/7 titel=0 ort=0/7
LUHMANN	7	8	Luhmann	eigenname	q=0/5 next_cap=3/8 prev_cap=2/5 titel=0 ort=1/5
LULA	4	8	Lula	eigenname	q=0/4 next_cap=1/8 prev_cap=3/4 titel=1 ort=0/4
LYCOS	5	8	Lycos	eigenname	q=0/8 next_cap=4/10 prev_cap=2/8 titel=0 ort=1/8
MACHIAVELLI	11	8	Machiavelli	eigenname	q=0/5 next_cap=1/8 prev_cap=2/5 titel=0 ort=1/5
MACROMEDIA	10	8	Macromedia	eigenname	q=2/10 next_cap=4/10 prev_cap=1/10 titel=0 ort=0/10
MADDOX	6	8	Maddox	eigenname	q=1/7 next_cap=2/8 prev_cap=4/7 titel=0 ort=0/7
MAIDEN	6	8	Maiden	eigenname	q=1/10 next_cap=4/10 prev_cap=9/10 titel=0 ort=0/10
MANCINI	7	8	Mancini	eigenname	q=0/8 next_cap=1/8 prev_cap=6/8 titel=0 ort=0/8
MANOR	5	8	Manor	eigenname	q=1/8 next_cap=3/8 prev_cap=5/8 titel=0 ort=0/8
MARCELINHO	10	8	Marcelinho	eigenname	q=0/3 next_cap=0/8 prev_cap=0/3 titel=0 ort=0/3
MARTEN	6	8	Marten	eigenname	q=1/8 next_cap=5/8 prev_cap=3/8 titel=0 ort=1/8
MARTHE	6	8	Marthe	eigenname	q=0/7 next_cap=4/8 prev_cap=3/7 titel=1 ort=0/7
MATTEO	6	8	Matteo	eigenname	q=0/6 next_cap=3/8 prev_cap=1/6 titel=0 ort=0/6
MAUD	4	8	Maud	eigenname	q=0/5 next_cap=4/8 prev_cap=1/5 titel=0 ort=0/5
MAURICIO	8	8	Mauricio	eigenname	q=0/7 next_cap=4/8 prev_cap=2/7 titel=0 ort=0/7
MEDIENPREIS	11	8	Medienpreis	eigenname	q=1/7 next_cap=4/8 prev_cap=3/7 titel=0 ort=1/7
MEGAN	5	8	Megan	eigenname	q=0/8 next_cap=3/8 prev_cap=1/8 titel=0 ort=0/8
MEHRING	7	8	Mehring	eigenname	q=0/9 next_cap=3/10 prev_cap=8/9 titel=0 ort=0/9
MENDEL	6	8	Mendel	eigenname	q=0/5 next_cap=0/7 prev_cap=4/5 titel=0 ort=0/5
MERCADO	7	8	Mercado	eigenname	q=1/10 next_cap=4/10 prev_cap=9/10 titel=0 ort=0/10
MERCKLE	7	8	Merckle	eigenname	q=0/7 next_cap=3/11 prev_cap=7/7 titel=0 ort=0/7
MERTEN	6	8	Merten	eigenname	q=0/7 next_cap=1/8 prev_cap=5/7 titel=0 ort=1/7
MESEBERG	8	8	Meseberg	eigenname	q=0/7 next_cap=1/8 prev_cap=2/7 titel=0 ort=1/7
METEOMEDIA	10	8	Meteomedia	eigenname	q=0/8 next_cap=1/9 prev_cap=7/8 titel=0 ort=0/8
MITTELRHEIN	11	8	Mittelrhein	eigenname	q=0/10 next_cap=2/10 prev_cap=7/10 titel=0 ort=0/10
MOHAWK	6	8	Mohawk	eigenname	q=2/9 next_cap=5/9 prev_cap=5/9 titel=0 ort=0/9
MOLITOR	7	8	Molitor	eigenname	q=0/5 next_cap=0/8 prev_cap=4/5 titel=1 ort=0/5
MONTHLY	7	8	Monthly	eigenname	q=1/8 next_cap=6/8 prev_cap=7/8 titel=0 ort=0/8
MOOREN	6	8	Mooren	eigenname	q=0/9 next_cap=0/9 prev_cap=3/9 titel=0 ort=1/9
MORO	4	8	Moro	eigenname	q=1/6 next_cap=0/9 prev_cap=4/6 titel=0 ort=0/6
MORTEN	6	8	Morten	eigenname	q=0/6 next_cap=7/8 prev_cap=2/6 titel=1 ort=0/6
MULTIPLAYER	11	8	Multiplayer	eigenname	q=4/17 next_cap=14/21 prev_cap=3/17 titel=0 ort=0/17
MULTIPLER	9	8	Multipler	eigenname	q=0/8 next_cap=8/8 prev_cap=0/8 titel=0 ort=1/8
MUNRO	5	8	Munro	eigenname	q=1/8 next_cap=1/9 prev_cap=5/8 titel=0 ort=0/8
MURIEL	6	8	Muriel	eigenname	q=0/7 next_cap=4/8 prev_cap=4/7 titel=1 ort=1/7
MUSSAWI	7	8	Mussawi	eigenname	q=0/5 next_cap=1/8 prev_cap=1/5 titel=0 ort=0/5
NADIA	5	8	Nadia	eigenname	q=1/6 next_cap=2/8 prev_cap=3/6 titel=0 ort=0/6
NAGY	4	8	Nagy	eigenname	q=0/13 next_cap=3/13 prev_cap=7/13 titel=0 ort=0/13
NAHVERKEHRS	11	8	Nahverkehrs	eigenname	q=3/14 next_cap=5/14 prev_cap=4/14 titel=0 ort=0/14
NAIDOO	6	8	Naidoo	eigenname	q=0/7 next_cap=0/8 prev_cap=6/7 titel=0 ort=0/7
NAKAMURA	8	8	Nakamura	eigenname	q=0/6 next_cap=2/8 prev_cap=2/6 titel=0 ort=0/6
NEON	4	8	Neon	eigenname	q=1/10 next_cap=5/10 prev_cap=6/10 titel=0 ort=0/10
NESTOR	6	8	Nestor	eigenname	q=0/4 next_cap=4/8 prev_cap=1/4 titel=1 ort=0/4
NEUENAHR	8	8	Neuenahr	eigenname	q=0/11 next_cap=4/11 prev_cap=10/11 titel=0 ort=0/11
NIETEN	6	8	Nieten	eigenname	q=0/9 next_cap=1/9 prev_cap=1/9 titel=0 ort=0/9
NISSEN	6	8	Nissen	eigenname	q=0/9 next_cap=2/10 prev_cap=5/9 titel=0 ort=0/9
NITSCH	6	8	Nitsch	eigenname	q=0/8 next_cap=0/8 prev_cap=7/8 titel=0 ort=0/8
NIXDORF	7	8	Nixdorf	eigenname	q=0/10 next_cap=2/10 prev_cap=9/10 titel=0 ort=0/10
NOACK	5	8	Noack	eigenname	q=0/8 next_cap=3/9 prev_cap=7/8 titel=0 ort=0/8
NOMOS	5	8	Nomos	eigenname	q=1/7 next_cap=4/8 prev_cap=4/7 titel=0 ort=0/7
NORDERNEY	9	8	Norderney	eigenname	q=0/8 next_cap=1/9 prev_cap=4/8 titel=0 ort=0/8
NORMA	5	8	Norma	eigenname	q=0/6 next_cap=6/8 prev_cap=3/6 titel=0 ort=1/6
NOTRE	5	8	Notre	eigenname	q=1/25 next_cap=26/26 prev_cap=16/25 titel=0 ort=2/25
NOVAK	5	8	Novak	eigenname	q=0/4 next_cap=4/8 prev_cap=0/4 titel=0 ort=0/4
NUERNBERGS	10	8	Nürnbergs	eigenname	q=0/7 next_cap=1/8 prev_cap=7/7 titel=0 ort=0/7
NYKAENEN	8	8	Nykänen	eigenname	q=0/5 next_cap=1/8 prev_cap=3/5 titel=0 ort=0/5
ODO	3	8	Odo	eigenname	q=0/5 next_cap=1/8 prev_cap=2/5 titel=0 ort=0/5
OERLIKON	8	8	Oerlikon	eigenname	q=0/9 next_cap=1/10 prev_cap=3/9 titel=0 ort=2/9
OLIVEIRA	8	8	Oliveira	eigenname	q=0/6 next_cap=1/8 prev_cap=1/6 titel=0 ort=0/6
OLMS	4	8	Olms	eigenname	q=1/6 next_cap=6/9 prev_cap=3/6 titel=0 ort=1/6
OLYMPIAKOS	10	8	Olympiakos	eigenname	q=0/7 next_cap=2/8 prev_cap=2/7 titel=0 ort=0/7
OLYMPIQUE	9	8	Olympique	eigenname	q=0/6 next_cap=5/8 prev_cap=3/6 titel=0 ort=0/6
OPERETTEN	9	8	Operetten	eigenname	q=1/11 next_cap=4/12 prev_cap=1/11 titel=0 ort=0/11
ORESTES	7	8	Orestes	eigenname	q=0/6 next_cap=0/7 prev_cap=4/6 titel=0 ort=0/6
ORTH	4	8	Orth	eigenname	q=0/6 next_cap=4/8 prev_cap=6/6 titel=1 ort=0/6
OSTGEBIETEN	11	8	Ostgebieten	eigenname	q=0/8 next_cap=0/8 prev_cap=0/8 titel=0 ort=0/8
OTTE	4	8	Otte	eigenname	q=1/7 next_cap=2/8 prev_cap=5/7 titel=0 ort=0/7
OTTONE	6	8	Ottone	eigenname	q=0/7 next_cap=1/9 prev_cap=3/7 titel=0 ort=1/7
PACKAGE	7	8	Package	eigenname	q=3/13 next_cap=4/14 prev_cap=7/13 titel=0 ort=0/13
PACKARD	7	8	Packard	eigenname	q=2/20 next_cap=7/21 prev_cap=14/20 titel=0 ort=0/20
PAGELSDORF	10	8	Pagelsdorf	eigenname	q=1/7 next_cap=1/9 prev_cap=4/7 titel=0 ort=0/7
PALIN	5	8	Palin	eigenname	q=0/5 next_cap=1/9 prev_cap=1/5 titel=0 ort=0/5
PALU	4	8	Palu	eigenname	q=0/7 next_cap=2/9 prev_cap=3/7 titel=0 ort=1/7
PANTELIC	8	8	Pantelic	eigenname	q=0/5 next_cap=1/8 prev_cap=2/5 titel=0 ort=1/5
PAPEN	5	8	Papen	eigenname	q=0/8 next_cap=3/8 prev_cap=2/8 titel=0 ort=0/8
PAPI	4	8	Papi	eigenname	q=0/5 next_cap=0/7 prev_cap=0/5 titel=0 ort=0/5
PATIN	5	8	Patin	eigenname	q=1/5 next_cap=1/8 prev_cap=4/5 titel=0 ort=0/5
PEITZ	5	8	Peitz	eigenname	q=0/7 next_cap=0/8 prev_cap=5/7 titel=0 ort=0/7
PHILIPPINE	10	8	Philippine	eigenname	q=1/7 next_cap=8/9 prev_cap=5/7 titel=1 ort=0/7
PIAGET	6	8	Piaget	eigenname	q=0/5 next_cap=1/8 prev_cap=2/5 titel=0 ort=1/5
PINKWART	8	8	Pinkwart	eigenname	q=0/3 next_cap=1/8 prev_cap=2/3 titel=0 ort=0/3
PINUS	5	8	Pinus	eigenname	q=0/5 next_cap=0/8 prev_cap=4/5 titel=0 ort=0/5
PJOTR	5	8	Pjotr	eigenname	q=0/4 next_cap=3/8 prev_cap=1/4 titel=0 ort=0/4
PLASBERG	8	8	Plasberg	eigenname	q=0/5 next_cap=1/8 prev_cap=4/5 titel=0 ort=0/5
POLANSKI	8	8	Polanski	eigenname	q=0/4 next_cap=1/9 prev_cap=2/4 titel=0 ort=0/4
POMMER	6	8	Pommer	eigenname	q=0/8 next_cap=0/8 prev_cap=3/8 titel=0 ort=0/8
PROKOP	6	8	Prokop	eigenname	q=0/7 next_cap=0/8 prev_cap=2/7 titel=0 ort=1/7
QUADERN	7	8	Quadern	eigenname	q=0/9 next_cap=0/9 prev_cap=1/9 titel=0 ort=2/9
QUADRANTEN	10	8	Quadranten	eigenname	q=4/17 next_cap=1/17 prev_cap=9/17 titel=0 ort=0/17
RABBI	5	8	Rabbi	eigenname	q=1/6 next_cap=6/8 prev_cap=0/6 titel=0 ort=0/6
RACHELS	7	8	Rachels	eigenname	q=0/7 next_cap=5/8 prev_cap=2/7 titel=0 ort=1/7
RADTKE	6	8	Radtke	eigenname	q=0/7 next_cap=0/8 prev_cap=4/7 titel=0 ort=0/7
RAHMAN	6	8	Rahman	eigenname	q=0/9 next_cap=3/10 prev_cap=4/9 titel=0 ort=0/9
RAMONA	6	8	Ramona	eigenname	q=0/7 next_cap=4/8 prev_cap=3/7 titel=1 ort=1/7
RAMSEY	6	8	Ramsey	eigenname	q=0/8 next_cap=3/9 prev_cap=3/8 titel=0 ort=1/8
RAVENNA	7	8	Ravenna	eigenname	q=0/7 next_cap=1/8 prev_cap=3/7 titel=0 ort=1/7
REESE	5	8	Reese	eigenname	q=0/7 next_cap=0/8 prev_cap=5/7 titel=0 ort=0/7
REGAZZONI	9	8	Regazzoni	eigenname	q=0/7 next_cap=0/8 prev_cap=2/7 titel=0 ort=0/7
REHBERG	7	8	Rehberg	eigenname	q=0/10 next_cap=3/11 prev_cap=8/10 titel=0 ort=1/10
REISER	6	8	Reiser	eigenname	q=0/7 next_cap=0/8 prev_cap=6/7 titel=0 ort=0/7
REN	3	8	Ren	eigenname	q=1/5 next_cap=4/7 prev_cap=3/5 titel=0 ort=0/5
RENATO	6	8	Renato	eigenname	q=0/5 next_cap=6/8 prev_cap=2/5 titel=0 ort=0/5
RESOURCES	9	8	Resources	eigenname	q=0/9 next_cap=5/9 prev_cap=8/9 titel=0 ort=0/9
RIBEIRO	7	8	Ribeiro	eigenname	q=0/9 next_cap=5/9 prev_cap=4/9 titel=0 ort=0/9
RIEDER	6	8	Rieder	eigenname	q=1/8 next_cap=2/8 prev_cap=5/8 titel=0 ort=1/8
RIETHEIM	8	8	Rietheim	eigenname	q=0/6 next_cap=5/8 prev_cap=5/6 titel=0 ort=0/6
RITZ	4	8	Ritz	eigenname	q=0/11 next_cap=8/13 prev_cap=4/11 titel=0 ort=0/11
RODOLFO	7	8	Rodolfo	eigenname	q=0/8 next_cap=3/8 prev_cap=4/8 titel=0 ort=0/8
ROJAS	5	8	Rojas	eigenname	q=0/8 next_cap=1/8 prev_cap=6/8 titel=0 ort=0/8
ROOSEVELTS	10	8	Roosevelts	eigenname	q=1/7 next_cap=3/8 prev_cap=5/7 titel=1 ort=0/7
ROSI	4	8	Rosi	eigenname	q=0/7 next_cap=4/9 prev_cap=4/7 titel=0 ort=0/7
ROTHSCHILD	10	8	Rothschild	eigenname	q=0/7 next_cap=1/9 prev_cap=5/7 titel=0 ort=0/7
RUGGIERO	8	8	Ruggiero	eigenname	q=0/7 next_cap=0/8 prev_cap=4/7 titel=0 ort=0/7
RUIZ	4	8	Ruiz	eigenname	q=0/6 next_cap=2/8 prev_cap=3/6 titel=0 ort=0/6
RUMSFELD	8	8	Rumsfeld	eigenname	q=1/8 next_cap=1/9 prev_cap=6/8 titel=0 ort=0/8
RUTHERFORD	10	8	Rutherford	eigenname	q=1/7 next_cap=3/8 prev_cap=4/7 titel=0 ort=1/7
SAALFELDEN	10	8	Saalfelden	eigenname	q=0/6 next_cap=1/8 prev_cap=4/6 titel=0 ort=1/6
SAEUGLINGEN	11	8	Säuglingen	eigenname	q=0/7 next_cap=0/8 prev_cap=0/7 titel=0 ort=0/7
SALVE	5	8	Salve	eigenname	q=1/10 next_cap=1/10 prev_cap=5/10 titel=0 ort=0/10
SALZMANN	8	8	Salzmann	eigenname	q=0/8 next_cap=1/8 prev_cap=6/8 titel=0 ort=0/8
SALZUFLEN	9	8	Salzuflen	eigenname	q=0/8 next_cap=0/8 prev_cap=8/8 titel=0 ort=0/8
SALZUNGEN	9	8	Salzungen	eigenname	q=0/8 next_cap=0/8 prev_cap=8/8 titel=0 ort=0/8
SATTLER	7	8	Sattler	eigenname	q=0/8 next_cap=1/9 prev_cap=6/8 titel=0 ort=0/8
SCHAAR	6	8	Schaar	eigenname	q=0/7 next_cap=0/8 prev_cap=6/7 titel=1 ort=0/7
SCHARLATANE	11	8	Scharlatane	eigenname	q=0/8 next_cap=0/8 prev_cap=0/8 titel=0 ort=0/8
SCHEFFLER	9	8	Scheffler	eigenname	q=0/7 next_cap=2/8 prev_cap=5/7 titel=0 ort=0/7
SCHICKSALEN	11	8	Schicksalen	eigenname	q=0/8 next_cap=0/8 prev_cap=0/8 titel=0 ort=0/8
SCHOENINGH	10	8	Schöningh	eigenname	q=1/5 next_cap=5/8 prev_cap=4/5 titel=0 ort=0/5
SCHRAMMA	8	8	Schramma	eigenname	q=0/8 next_cap=0/8 prev_cap=5/8 titel=0 ort=0/8
SCHUBERTS	9	8	Schuberts	eigenname	q=0/8 next_cap=4/8 prev_cap=1/8 titel=0 ort=0/8
SCHUENEMANN	11	8	Schünemann	eigenname	q=0/10 next_cap=4/10 prev_cap=8/10 titel=0 ort=0/10
SCHWEIGER	9	8	Schweiger	eigenname	q=0/5 next_cap=4/8 prev_cap=4/5 titel=0 ort=0/5
SCHWYZ	6	8	Schwyz	eigenname	q=0/8 next_cap=0/8 prev_cap=7/8 titel=0 ort=0/8
SENG	4	8	Seng	eigenname	q=0/19 next_cap=11/19 prev_cap=19/19 titel=0 ort=0/19
SHATTERHAND	11	8	Shatterhand	eigenname	q=0/7 next_cap=0/8 prev_cap=5/7 titel=0 ort=0/7
SILIZIUM	8	8	Silizium	eigenname	q=2/19 next_cap=11/19 prev_cap=4/19 titel=0 ort=2/19
SITA	4	8	Sita	eigenname	q=1/7 next_cap=3/9 prev_cap=2/7 titel=0 ort=0/7
SLOMKA	6	8	Slomka	eigenname	q=0/6 next_cap=1/9 prev_cap=3/6 titel=0 ort=0/6
SMYTH	5	8	Smyth	eigenname	q=0/7 next_cap=2/8 prev_cap=3/7 titel=0 ort=0/7
SNOWBOARD	9	8	Snowboard	eigenname	q=2/17 next_cap=11/17 prev_cap=4/17 titel=0 ort=0/17
SOBERNHEIM	10	8	Sobernheim	eigenname	q=1/8 next_cap=0/8 prev_cap=7/8 titel=0 ort=0/8
SODEN	5	8	Soden	eigenname	q=0/8 next_cap=2/9 prev_cap=6/8 titel=0 ort=1/8
SOJUS	5	8	Sojus	eigenname	q=1/15 next_cap=11/15 prev_cap=4/15 titel=0 ort=0/15
SONNLEITNER	11	8	Sonnleitner	eigenname	q=0/7 next_cap=2/8 prev_cap=6/7 titel=2 ort=0/7
SPECTOR	7	8	Spector	eigenname	q=0/8 next_cap=1/8 prev_cap=3/8 titel=0 ort=1/8
STANISLAV	9	8	Stanislav	eigenname	q=0/6 next_cap=5/8 prev_cap=3/6 titel=0 ort=0/6
STARTUP	7	8	Startup	eigenname	q=2/10 next_cap=4/10 prev_cap=4/10 titel=0 ort=0/10
STECKLINGE	10	8	Stecklinge	eigenname	q=0/7 next_cap=1/9 prev_cap=1/7 titel=0 ort=0/7
STEELE	6	8	Steele	eigenname	q=0/5 next_cap=0/8 prev_cap=4/5 titel=0 ort=1/5
STEFFEL	7	8	Steffel	eigenname	q=0/7 next_cap=2/8 prev_cap=5/7 titel=0 ort=0/7
STEVENSON	9	8	Stevenson	eigenname	q=0/9 next_cap=1/9 prev_cap=7/9 titel=0 ort=0/9
STIEGLER	8	8	Stiegler	eigenname	q=0/7 next_cap=2/8 prev_cap=6/7 titel=2 ort=0/7
STOCKACH	8	8	Stockach	eigenname	q=0/9 next_cap=2/9 prev_cap=5/9 titel=0 ort=2/9
STRIEDER	8	8	Strieder	eigenname	q=0/6 next_cap=0/8 prev_cap=1/6 titel=0 ort=0/6
STRIKE	6	8	Strike	eigenname	q=3/14 next_cap=6/14 prev_cap=9/14 titel=0 ort=0/14
STROEBELE	9	8	Ströbele	eigenname	q=0/4 next_cap=0/8 prev_cap=2/4 titel=0 ort=0/4
SUEDTIROLS	10	8	Südtirols	eigenname	q=0/8 next_cap=0/8 prev_cap=8/8 titel=0 ort=0/8
SUEDZUCKER	10	8	Südzucker	eigenname	q=1/7 next_cap=6/13 prev_cap=2/7 titel=0 ort=0/7
SUTHERLAND	10	8	Sutherland	eigenname	q=0/7 next_cap=3/9 prev_cap=5/7 titel=0 ort=0/7
SUTIL	5	8	Sutil	eigenname	q=0/7 next_cap=1/8 prev_cap=4/7 titel=0 ort=0/7
SYRIENS	7	8	Syriens	eigenname	q=0/8 next_cap=1/8 prev_cap=6/8 titel=0 ort=0/8
TADEUSZ	7	8	Tadeusz	eigenname	q=0/4 next_cap=5/8 prev_cap=3/4 titel=0 ort=0/4
TAMM	4	8	Tamm	eigenname	q=0/5 next_cap=2/8 prev_cap=2/5 titel=0 ort=0/5
TAREK	5	8	Tarek	eigenname	q=1/5 next_cap=4/8 prev_cap=1/5 titel=0 ort=0/5
TAUSS	5	8	Tauss	eigenname	q=0/3 next_cap=1/9 prev_cap=0/3 titel=0 ort=0/3
TAVARES	7	8	Tavares	eigenname	q=0/6 next_cap=1/8 prev_cap=6/6 titel=0 ort=0/6
TEA	3	8	Tea	eigenname	q=0/9 next_cap=6/9 prev_cap=6/9 titel=0 ort=0/9
TEAMMANAGER	11	8	Teammanager	eigenname	q=2/11 next_cap=9/13 prev_cap=6/11 titel=0 ort=0/11
TEHERANS	8	8	Teherans	eigenname	q=0/6 next_cap=3/8 prev_cap=5/6 titel=0 ort=0/6
TERM	4	8	Term	eigenname	q=2/11 next_cap=6/11 prev_cap=5/11 titel=0 ort=0/11
TERRACE	7	8	Terrace	eigenname	q=1/7 next_cap=3/8 prev_cap=6/7 titel=0 ort=0/7
THAI	4	8	Thai	eigenname	q=3/14 next_cap=11/14 prev_cap=4/14 titel=0 ort=0/14
THAILANDS	9	8	Thailands	eigenname	q=0/7 next_cap=0/8 prev_cap=5/7 titel=0 ort=0/7
THAKSIN	7	8	Thaksin	eigenname	q=0/7 next_cap=2/10 prev_cap=1/7 titel=0 ort=0/7
THAMBINEERA	11	8	Thambineera	eigenname	q=0/8 next_cap=0/8 prev_cap=8/8 titel=0 ort=0/8
THEISS	6	8	Theiss	eigenname	q=1/7 next_cap=7/9 prev_cap=4/7 titel=0 ort=0/7
THIES	5	8	Thies	eigenname	q=0/7 next_cap=5/7 prev_cap=6/7 titel=0 ort=0/7
THYMIAN	7	8	Thymian	eigenname	q=1/10 next_cap=5/11 prev_cap=4/10 titel=0 ort=0/10
TILMAN	6	8	Tilman	eigenname	q=0/6 next_cap=6/8 prev_cap=2/6 titel=0 ort=1/6
TINO	4	8	Tino	eigenname	q=0/6 next_cap=7/8 prev_cap=3/6 titel=1 ort=0/6
TOTH	4	8	Toth	eigenname	q=0/6 next_cap=0/8 prev_cap=5/6 titel=0 ort=0/6
TRAUTMANN	9	8	Trautmann	eigenname	q=0/6 next_cap=2/8 prev_cap=4/6 titel=0 ort=0/6
TREBBIN	7	8	Trebbin	eigenname	q=0/8 next_cap=2/8 prev_cap=4/8 titel=0 ort=1/8
TRENT	5	8	Trent	eigenname	q=0/9 next_cap=1/9 prev_cap=6/9 titel=0 ort=0/9
TRICHOMEN	9	8	Trichomen	eigenname	q=0/8 next_cap=0/8 prev_cap=0/8 titel=0 ort=0/8
TROGEN	6	8	Trogen	eigenname	q=0/8 next_cap=0/8 prev_cap=5/8 titel=0 ort=1/8
TROSTBERG	9	8	Trostberg	eigenname	q=0/7 next_cap=1/8 prev_cap=4/7 titel=0 ort=1/7
TSVANGIRAI	10	8	Tsvangirai	eigenname	q=0/6 next_cap=0/8 prev_cap=3/6 titel=0 ort=0/6
TUCHOLSKY	9	8	Tucholsky	eigenname	q=0/9 next_cap=4/12 prev_cap=5/9 titel=0 ort=0/9
UERDINGEN	9	8	Uerdingen	eigenname	q=0/7 next_cap=1/9 prev_cap=5/7 titel=0 ort=1/7
UHRMANN	7	8	Uhrmann	eigenname	q=0/6 next_cap=0/8 prev_cap=6/6 titel=0 ort=0/6
ULYSSES	7	8	Ulysses	eigenname	q=0/7 next_cap=2/8 prev_cap=4/7 titel=0 ort=1/7
UNKRAEUTER	10	8	Unkräuter	eigenname	q=0/6 next_cap=0/8 prev_cap=1/6 titel=0 ort=0/6
VALENTINA	9	8	Valentina	eigenname	q=0/6 next_cap=3/8 prev_cap=1/6 titel=0 ort=0/6
VALVERDE	8	8	Valverde	eigenname	q=0/6 next_cap=0/8 prev_cap=3/6 titel=0 ort=0/6
VENEZIA	7	8	Venezia	eigenname	q=0/7 next_cap=4/8 prev_cap=2/7 titel=0 ort=0/7
VENTURES	8	8	Ventures	eigenname	q=1/9 next_cap=0/9 prev_cap=8/9 titel=0 ort=0/9
VES	3	8	Ves	eigenname	q=0/8 next_cap=1/8 prev_cap=0/8 titel=0 ort=0/8
VIDAL	5	8	Vidal	eigenname	q=0/8 next_cap=4/9 prev_cap=4/8 titel=0 ort=0/8
VITALI	6	8	Vitali	eigenname	q=0/3 next_cap=8/9 prev_cap=2/3 titel=0 ort=0/3
VITUS	5	8	Vitus	eigenname	q=0/7 next_cap=4/8 prev_cap=4/7 titel=0 ort=0/7
VIZEADMIRAL	11	8	Vizeadmiral	eigenname	q=1/8 next_cap=4/8 prev_cap=1/8 titel=0 ort=0/8
VOLKSBLATT	10	8	Volksblatt	eigenname	q=1/8 next_cap=2/8 prev_cap=7/8 titel=0 ort=0/8
VOODOO	6	8	Voodoo	eigenname	q=2/15 next_cap=9/16 prev_cap=1/15 titel=0 ort=0/15
VORPOMMERN	10	8	Vorpommern	eigenname	q=0/115 next_cap=8/115 prev_cap=109/115 titel=0 ort=3/115
WALDLAND	8	8	Waldland	eigenname	q=0/8 next_cap=0/8 prev_cap=0/8 titel=0 ort=0/8
WALDMANN	8	8	Waldmann	eigenname	q=1/7 next_cap=3/8 prev_cap=3/7 titel=0 ort=0/7
WALDRAENDER	11	8	Waldränder	eigenname	q=0/8 next_cap=4/8 prev_cap=4/8 titel=0 ort=0/8
WANDSBEK	8	8	Wandsbek	eigenname	q=0/11 next_cap=3/11 prev_cap=8/11 titel=0 ort=2/11
WEBB	4	8	Webb	eigenname	q=0/6 next_cap=1/8 prev_cap=4/6 titel=0 ort=0/6
WEGPENDLER	10	8	Wegpendler	eigenname	q=0/8 next_cap=0/8 prev_cap=0/8 titel=0 ort=0/8
WEISSENBERG	11	8	Weissenberg	eigenname	q=1/7 next_cap=0/8 prev_cap=4/7 titel=0 ort=0/7
WELLES	6	8	Welles	eigenname	q=0/8 next_cap=1/8 prev_cap=3/8 titel=0 ort=0/8
WESTFALIA	9	8	Westfalia	eigenname	q=1/6 next_cap=6/8 prev_cap=4/6 titel=0 ort=1/6
WETZEL	6	8	Wetzel	eigenname	q=0/8 next_cap=1/9 prev_cap=8/8 titel=0 ort=0/8
WIDERHAKEN	10	8	Widerhaken	eigenname	q=0/8 next_cap=0/8 prev_cap=1/8 titel=0 ort=0/8
WII	3	8	Wii	eigenname	q=3/22 next_cap=19/23 prev_cap=5/22 titel=0 ort=0/22
WILLOUGHBY	10	8	Willoughby	eigenname	q=0/6 next_cap=1/8 prev_cap=4/6 titel=0 ort=0/6
WILMA	5	8	Wilma	eigenname	q=0/5 next_cap=3/8 prev_cap=3/5 titel=0 ort=0/5
WOCHENSICHT	11	8	Wochensicht	eigenname	q=0/8 next_cap=0/8 prev_cap=7/8 titel=0 ort=0/8
WOOLWORTH	9	8	Woolworth	eigenname	q=0/11 next_cap=5/12 prev_cap=5/11 titel=0 ort=0/11
WREN	4	8	Wren	eigenname	q=1/8 next_cap=4/8 prev_cap=5/8 titel=0 ort=0/8
WURZ	4	8	Wurz	eigenname	q=0/7 next_cap=3/8 prev_cap=5/7 titel=0 ort=0/7
YAO	3	8	Yao	eigenname	q=0/6 next_cap=3/8 prev_cap=1/6 titel=0 ort=0/6
YOSHIDA	7	8	Yoshida	eigenname	q=0/7 next_cap=2/8 prev_cap=6/7 titel=0 ort=0/7
ZACHARIAS	9	8	Zacharias	eigenname	q=0/7 next_cap=5/8 prev_cap=5/7 titel=0 ort=0/7
ZHOU	4	8	Zhou	eigenname	q=0/8 next_cap=6/10 prev_cap=4/8 titel=0 ort=1/8
ZHU	3	8	Zhu	eigenname	q=0/6 next_cap=6/8 prev_cap=5/6 titel=0 ort=0/6
ZIDANE	6	8	Zidane	eigenname	q=0/4 next_cap=0/8 prev_cap=2/4 titel=0 ort=0/4
ZOLLITSCH	9	8	Zollitsch	eigenname	q=0/3 next_cap=0/8 prev_cap=1/3 titel=0 ort=0/3
ZOSSEN	6	8	Zossen	eigenname	q=0/8 next_cap=0/8 prev_cap=5/8 titel=0 ort=0/8
ZSOLNAY	7	8	Zsolnay	eigenname	q=0/7 next_cap=6/8 prev_cap=7/7 titel=0 ort=0/7
ZYGMUNT	7	8	Zygmunt	eigenname	q=1/6 next_cap=6/8 prev_cap=2/6 titel=0 ort=0/6
ABGESANDTE	10	7	Abgesandte	eigenname	q=0/6 next_cap=0/7 prev_cap=1/6 titel=0 ort=0/6
ABSTRICHEN	10	7	Abstrichen	eigenname	q=0/7 next_cap=0/7 prev_cap=1/7 titel=0 ort=0/7
ACCENTURE	9	7	Accenture	eigenname	q=0/5 next_cap=0/7 prev_cap=4/5 titel=0 ort=0/5
ACOSTA	6	7	Acosta	eigenname	q=0/6 next_cap=1/7 prev_cap=3/6 titel=0 ort=0/6
ACTIVISION	10	7	Activision	eigenname	q=0/6 next_cap=4/8 prev_cap=0/6 titel=0 ort=0/6
ADLERORDEN	10	7	Adlerorden	eigenname	q=1/7 next_cap=4/7 prev_cap=6/7 titel=0 ort=0/7
ADRIAAN	7	7	Adriaan	eigenname	q=0/5 next_cap=5/7 prev_cap=4/5 titel=1 ort=0/5
AEGIDIUS	8	7	Ägidius	eigenname	q=0/7 next_cap=4/8 prev_cap=0/7 titel=0 ort=0/7
AEPFINGEN	9	7	Äpfingen	eigenname	q=0/7 next_cap=3/7 prev_cap=7/7 titel=0 ort=0/7
AETHIOPIENS	11	7	Äthiopiens	eigenname	q=0/6 next_cap=1/7 prev_cap=6/6 titel=0 ort=0/6
AGASSI	6	7	Agassi	eigenname	q=0/7 next_cap=2/7 prev_cap=3/7 titel=0 ort=0/7
AHMET	5	7	Ahmet	eigenname	q=0/4 next_cap=5/7 prev_cap=1/4 titel=0 ort=0/4
ALBERICH	8	7	Alberich	eigenname	q=0/3 next_cap=1/6 prev_cap=1/3 titel=0 ort=0/3
ALBRIGHT	8	7	Albright	eigenname	q=0/7 next_cap=1/8 prev_cap=7/7 titel=1 ort=0/7
ALDINGEN	8	7	Aldingen	eigenname	q=0/7 next_cap=1/8 prev_cap=3/7 titel=0 ort=1/7
ALINE	5	7	Aline	eigenname	q=0/5 next_cap=4/7 prev_cap=2/5 titel=0 ort=0/5
ALIX	4	7	Alix	eigenname	q=0/6 next_cap=2/7 prev_cap=4/6 titel=1 ort=0/6
ALLEGORIEN	10	7	Allegorien	eigenname	q=0/7 next_cap=1/7 prev_cap=3/7 titel=0 ort=1/7
ALMEIDA	7	7	Almeida	eigenname	q=0/3 next_cap=0/7 prev_cap=1/3 titel=0 ort=0/3
ALOE	4	7	Aloe	eigenname	q=1/5 next_cap=3/10 prev_cap=2/5 titel=0 ort=0/5
ALOYS	5	7	Aloys	eigenname	q=1/5 next_cap=7/7 prev_cap=2/5 titel=0 ort=0/5
ALPHONSE	8	7	Alphonse	eigenname	q=0/6 next_cap=4/7 prev_cap=3/6 titel=0 ort=0/6
ALTENA	6	7	Altena	eigenname	q=0/9 next_cap=1/9 prev_cap=6/9 titel=0 ort=1/9
ALTHEIM	7	7	Altheim	eigenname	q=0/7 next_cap=2/8 prev_cap=4/7 titel=0 ort=1/7
ALTMAN	6	7	Altman	eigenname	q=0/6 next_cap=2/7 prev_cap=5/6 titel=0 ort=0/6
ALU	3	7	Alu	eigenname	q=0/41 next_cap=38/42 prev_cap=10/41 titel=0 ort=4/41
AMES	4	7	Ames	eigenname	q=1/6 next_cap=2/6 prev_cap=3/6 titel=0 ort=0/6
AMMANN	6	7	Ammann	eigenname	q=1/8 next_cap=3/10 prev_cap=5/8 titel=0 ort=0/8
ANDRAE	6	7	Andrä	eigenname	q=0/6 next_cap=1/8 prev_cap=6/6 titel=0 ort=0/6
ANDRES	6	7	Andres	eigenname	q=0/6 next_cap=4/7 prev_cap=4/6 titel=0 ort=0/6
ANGUS	5	7	Angus	eigenname	q=0/6 next_cap=4/7 prev_cap=1/6 titel=0 ort=0/6
ANNETT	6	7	Annett	eigenname	q=0/5 next_cap=5/7 prev_cap=3/5 titel=0 ort=0/5
ANTIGUA	7	7	Antigua	eigenname	q=0/7 next_cap=1/8 prev_cap=1/7 titel=0 ort=1/7
ANTONY	6	7	Antony	eigenname	q=1/6 next_cap=3/6 prev_cap=3/6 titel=0 ort=0/6
APPLETS	7	7	Applets	eigenname	q=4/17 next_cap=0/18 prev_cap=12/17 titel=0 ort=1/17
AQUA	4	7	Aqua	eigenname	q=3/16 next_cap=16/19 prev_cap=5/16 titel=0 ort=1/16
ARCHIE	6	7	Archie	eigenname	q=0/7 next_cap=5/9 prev_cap=4/7 titel=0 ort=0/7
ARI	3	7	Ari	eigenname	q=0/4 next_cap=3/7 prev_cap=1/4 titel=0 ort=0/4
ARMAND	6	7	Armand	eigenname	q=0/6 next_cap=2/7 prev_cap=3/6 titel=0 ort=0/6
ARNAUD	6	7	Arnaud	eigenname	q=0/6 next_cap=3/7 prev_cap=2/6 titel=0 ort=0/6
ARSEN	5	7	Arsen	eigenname	q=0/9 next_cap=2/9 prev_cap=3/9 titel=0 ort=0/9
ASBECK	6	7	Asbeck	eigenname	q=0/5 next_cap=0/7 prev_cap=4/5 titel=0 ort=1/5
ASKLEPIOS	9	7	Asklepios	eigenname	q=0/9 next_cap=7/12 prev_cap=3/9 titel=0 ort=0/9
ASMUSSEN	8	7	Asmussen	eigenname	q=0/5 next_cap=2/7 prev_cap=4/5 titel=0 ort=0/5
ASSANGE	7	7	Assange	eigenname	q=0/6 next_cap=0/7 prev_cap=2/6 titel=0 ort=0/6
ASTRA	5	7	Astra	eigenname	q=1/18 next_cap=14/20 prev_cap=7/18 titel=0 ort=0/18
ATEMALKOHOL	11	7	Atemalkohol	eigenname	q=0/8 next_cap=1/8 prev_cap=4/8 titel=0 ort=0/8
AUFHAENGER	10	7	Aufhänger	eigenname	q=0/6 next_cap=0/7 prev_cap=1/6 titel=0 ort=0/6
AUREL	5	7	Aurel	eigenname	q=0/6 next_cap=4/7 prev_cap=6/6 titel=0 ort=0/6
AURELIA	7	7	Aurelia	eigenname	q=1/6 next_cap=7/7 prev_cap=3/6 titel=1 ort=0/6
AUTOSALON	9	7	Autosalon	eigenname	q=1/7 next_cap=0/7 prev_cap=6/7 titel=0 ort=0/7
AVERY	5	7	Avery	eigenname	q=0/6 next_cap=3/7 prev_cap=5/6 titel=2 ort=0/6
AVRIL	5	7	Avril	eigenname	q=0/5 next_cap=3/7 prev_cap=2/5 titel=0 ort=0/5
BAADER	6	7	Baader	eigenname	q=1/13 next_cap=8/14 prev_cap=3/13 titel=0 ort=0/13
BACCHUS	7	7	Bacchus	eigenname	q=1/8 next_cap=3/8 prev_cap=3/8 titel=1 ort=0/8
BACKPAPIER	10	7	Backpapier	eigenname	q=0/7 next_cap=0/7 prev_cap=0/7 titel=0 ort=0/7
BALLARD	7	7	Ballard	eigenname	q=1/8 next_cap=2/8 prev_cap=4/8 titel=0 ort=0/8
BANANA	6	7	Banana	eigenname	q=1/5 next_cap=4/6 prev_cap=3/5 titel=0 ort=0/5
BARNETT	7	7	Barnett	eigenname	q=0/8 next_cap=3/8 prev_cap=8/8 titel=0 ort=0/8
BARRIE	6	7	Barrie	eigenname	q=0/8 next_cap=5/8 prev_cap=4/8 titel=0 ort=1/8
BARTOLOMEO	10	7	Bartolomeo	eigenname	q=0/3 next_cap=4/7 prev_cap=1/3 titel=0 ort=0/3
BASTEN	6	7	Basten	eigenname	q=0/6 next_cap=3/7 prev_cap=4/6 titel=0 ort=0/6
BAUMERT	7	7	Baumert	eigenname	q=0/6 next_cap=2/7 prev_cap=4/6 titel=0 ort=1/6
BAUTISTA	8	7	Bautista	eigenname	q=0/6 next_cap=2/7 prev_cap=6/6 titel=0 ort=0/6
BEAUNE	6	7	Beaune	eigenname	q=0/9 next_cap=2/9 prev_cap=3/9 titel=0 ort=2/9
BEHNKE	6	7	Behnke	eigenname	q=0/7 next_cap=3/8 prev_cap=5/7 titel=0 ort=0/7
BEHRMANN	8	7	Behrmann	eigenname	q=0/6 next_cap=0/7 prev_cap=6/6 titel=1 ort=0/6
BELLO	5	7	Bello	eigenname	q=0/7 next_cap=2/8 prev_cap=6/7 titel=0 ort=0/7
BENDA	5	7	Benda	eigenname	q=0/5 next_cap=1/7 prev_cap=5/5 titel=0 ort=0/5
BENEDETTO	9	7	Benedetto	eigenname	q=0/6 next_cap=4/7 prev_cap=2/6 titel=0 ort=0/6
BENETTON	8	7	Benetton	eigenname	q=0/4 next_cap=4/8 prev_cap=0/4 titel=0 ort=0/4
BENS	4	7	Bens	eigenname	q=0/7 next_cap=5/7 prev_cap=2/7 titel=0 ort=1/7
BENTON	6	7	Benton	eigenname	q=0/6 next_cap=2/7 prev_cap=2/6 titel=0 ort=0/6
BERLIOZ	7	7	Berlioz	eigenname	q=1/9 next_cap=3/9 prev_cap=4/9 titel=0 ort=0/9
BERNS	5	7	Berns	eigenname	q=0/6 next_cap=1/7 prev_cap=4/6 titel=0 ort=0/6
BERTHE	6	7	Berthe	eigenname	q=0/7 next_cap=4/7 prev_cap=2/7 titel=0 ort=0/7
BEUST	5	7	Beust	eigenname	q=0/7 next_cap=2/9 prev_cap=3/7 titel=0 ort=0/7
BIDEN	5	7	Biden	eigenname	q=0/8 next_cap=3/9 prev_cap=2/8 titel=0 ort=0/8
BIEDENKOPF	10	7	Biedenkopf	eigenname	q=0/5 next_cap=2/7 prev_cap=5/5 titel=0 ort=1/5
BIOETHIK	8	7	Bioethik	eigenname	q=1/14 next_cap=8/15 prev_cap=3/14 titel=0 ort=0/14
BIRTHLER	8	7	Birthler	eigenname	q=0/7 next_cap=6/11 prev_cap=2/7 titel=0 ort=0/7
BISONS	6	7	Bisons	eigenname	q=1/6 next_cap=1/7 prev_cap=3/6 titel=0 ort=0/6
BLATTFEDERN	11	7	Blattfedern	eigenname	q=0/8 next_cap=0/8 prev_cap=2/8 titel=0 ort=0/8
BOECKINGEN	10	7	Böckingen	eigenname	q=0/8 next_cap=2/8 prev_cap=3/8 titel=0 ort=1/8
BOEHLAUS	8	7	Böhlaus	eigenname	q=0/6 next_cap=6/7 prev_cap=5/6 titel=0 ort=1/6
BOGNER	6	7	Bogner	eigenname	q=0/6 next_cap=2/7 prev_cap=6/6 titel=0 ort=0/6
BOLLINGER	9	7	Bollinger	eigenname	q=0/6 next_cap=5/7 prev_cap=6/6 titel=0 ort=0/6
BOMMEL	6	7	Bommel	eigenname	q=0/6 next_cap=0/7 prev_cap=2/6 titel=0 ort=0/6
BONHOEFFER	10	7	Bonhoeffer	eigenname	q=0/13 next_cap=8/14 prev_cap=10/13 titel=0 ort=0/13
BORKUM	6	7	Borkum	eigenname	q=0/7 next_cap=1/7 prev_cap=5/7 titel=0 ort=0/7
BORNEO	6	7	Borneo	eigenname	q=1/9 next_cap=5/9 prev_cap=5/9 titel=0 ort=1/9
BORSTEL	7	7	Borstel	eigenname	q=0/11 next_cap=4/12 prev_cap=6/11 titel=0 ort=2/11
BOTHA	5	7	Botha	eigenname	q=0/5 next_cap=0/7 prev_cap=5/5 titel=0 ort=0/5
BOTHE	5	7	Bothe	eigenname	q=0/7 next_cap=0/7 prev_cap=7/7 titel=1 ort=0/7
BOWEN	5	7	Bowen	eigenname	q=0/6 next_cap=0/7 prev_cap=4/6 titel=0 ort=0/6
BOYER	5	7	Boyer	eigenname	q=0/6 next_cap=1/7 prev_cap=3/6 titel=0 ort=0/6
BRACHLAND	9	7	Brachland	eigenname	q=0/7 next_cap=0/7 prev_cap=2/7 titel=0 ort=0/7
BRACK	5	7	Brack	eigenname	q=0/5 next_cap=1/7 prev_cap=3/5 titel=0 ort=0/5
BRAUSE	6	7	Brause	eigenname	q=1/8 next_cap=0/8 prev_cap=4/8 titel=0 ort=0/8
BREYER	6	7	Breyer	eigenname	q=0/5 next_cap=4/7 prev_cap=5/5 titel=0 ort=0/5
BRODY	5	7	Brody	eigenname	q=0/8 next_cap=2/8 prev_cap=3/8 titel=0 ort=0/8
BRUNI	5	7	Bruni	eigenname	q=0/7 next_cap=0/7 prev_cap=6/7 titel=0 ort=1/7
BRYCE	5	7	Bryce	eigenname	q=0/8 next_cap=3/8 prev_cap=2/8 titel=0 ort=1/8
BUCHHEIM	8	7	Buchheim	eigenname	q=0/3 next_cap=0/7 prev_cap=3/3 titel=0 ort=0/3
BUEDINGEN	9	7	Büdingen	eigenname	q=0/9 next_cap=0/9 prev_cap=4/9 titel=0 ort=2/9
BURCKHARDT	10	7	Burckhardt	eigenname	q=0/7 next_cap=2/8 prev_cap=6/7 titel=0 ort=0/7
BURI	4	7	Buri	eigenname	q=0/8 next_cap=2/8 prev_cap=7/8 titel=0 ort=0/8
BURMEISTER	10	7	Burmeister	eigenname	q=0/7 next_cap=4/9 prev_cap=4/7 titel=0 ort=0/7
BURNETT	7	7	Burnett	eigenname	q=0/7 next_cap=0/7 prev_cap=5/7 titel=0 ort=0/7
BUSSI	5	7	Bussi	eigenname	q=1/8 next_cap=4/11 prev_cap=4/8 titel=0 ort=0/8
CADBURY	7	7	Cadbury	eigenname	q=0/9 next_cap=3/10 prev_cap=1/9 titel=0 ort=0/9
CALVERT	7	7	Calvert	eigenname	q=1/8 next_cap=4/8 prev_cap=4/8 titel=0 ort=0/8
CARAVAN	7	7	Caravan	eigenname	q=2/11 next_cap=5/12 prev_cap=5/11 titel=0 ort=0/11
CAROLYN	7	7	Carolyn	eigenname	q=0/6 next_cap=4/7 prev_cap=2/6 titel=0 ort=0/6
CATARINA	8	7	Catarina	eigenname	q=0/5 next_cap=2/7 prev_cap=3/5 titel=0 ort=0/5
CHAMPLAIN	9	7	Champlain	eigenname	q=0/6 next_cap=1/7 prev_cap=4/6 titel=0 ort=0/6
CHERYL	6	7	Cheryl	eigenname	q=0/7 next_cap=5/7 prev_cap=4/7 titel=0 ort=0/7
CHLOE	5	7	Chloe	eigenname	q=0/6 next_cap=2/7 prev_cap=2/6 titel=0 ort=1/6
CHONG	5	7	Chong	eigenname	q=2/9 next_cap=7/9 prev_cap=5/9 titel=0 ort=0/9
CHRISTINES	10	7	Christines	eigenname	q=0/7 next_cap=4/7 prev_cap=4/7 titel=0 ort=0/7
CLAAS	5	7	Claas	eigenname	q=0/6 next_cap=4/7 prev_cap=1/6 titel=0 ort=0/6
CLARISSA	8	7	Clarissa	eigenname	q=0/4 next_cap=3/7 prev_cap=3/4 titel=0 ort=0/4
COELLN	6	7	Cölln	eigenname	q=0/6 next_cap=0/7 prev_cap=3/6 titel=0 ort=0/6
COELN	5	7	Cöln	eigenname	q=1/9 next_cap=3/9 prev_cap=6/9 titel=0 ort=0/9
COMENIUS	8	7	Comenius	eigenname	q=1/10 next_cap=4/11 prev_cap=1/10 titel=0 ort=0/10
CORDULA	7	7	Cordula	eigenname	q=0/7 next_cap=5/7 prev_cap=2/7 titel=0 ort=0/7
CORINTH	7	7	Corinth	eigenname	q=0/7 next_cap=0/7 prev_cap=5/7 titel=0 ort=0/7
CORPSLISTEN	11	7	Corpslisten	eigenname	q=0/7 next_cap=0/7 prev_cap=7/7 titel=0 ort=0/7
CORTINA	7	7	Cortina	eigenname	q=0/7 next_cap=1/7 prev_cap=2/7 titel=0 ort=1/7
CORVEY	6	7	Corvey	eigenname	q=0/7 next_cap=0/7 prev_cap=4/7 titel=0 ort=1/7
CRISTIANO	9	7	Cristiano	eigenname	q=0/4 next_cap=7/7 prev_cap=2/4 titel=0 ort=0/4
CRISTOFORO	10	7	Cristoforo	eigenname	q=1/7 next_cap=3/7 prev_cap=3/7 titel=0 ort=0/7
CROCE	5	7	Croce	eigenname	q=0/7 next_cap=0/7 prev_cap=4/7 titel=0 ort=0/7
CROMME	6	7	Cromme	eigenname	q=0/4 next_cap=1/7 prev_cap=2/4 titel=0 ort=0/4
CROWLEY	7	7	Crowley	eigenname	q=0/6 next_cap=1/8 prev_cap=2/6 titel=0 ort=0/6
CURTISS	7	7	Curtiss	eigenname	q=1/6 next_cap=3/8 prev_cap=2/6 titel=0 ort=0/6
DACHZIEGELN	11	7	Dachziegeln	eigenname	q=0/7 next_cap=0/7 prev_cap=0/7 titel=0 ort=0/7
DARYL	5	7	Daryl	eigenname	q=0/7 next_cap=2/7 prev_cap=2/7 titel=0 ort=0/7
DECKERT	7	7	Deckert	eigenname	q=0/6 next_cap=0/7 prev_cap=5/6 titel=0 ort=0/6
DEININGER	9	7	Deininger	eigenname	q=0/6 next_cap=0/7 prev_cap=3/6 titel=0 ort=0/6
DELBRUECK	9	7	Delbrück	eigenname	q=0/9 next_cap=3/9 prev_cap=7/9 titel=1 ort=2/9
DELENN	6	7	Delenn	eigenname	q=0/5 next_cap=1/7 prev_cap=1/5 titel=0 ort=0/5
DELITZSCH	9	7	Delitzsch	eigenname	q=0/7 next_cap=0/8 prev_cap=6/7 titel=0 ort=0/7
DELPHI	6	7	Delphi	eigenname	q=0/11 next_cap=10/14 prev_cap=3/11 titel=0 ort=1/11
DEMEL	5	7	Demel	eigenname	q=0/7 next_cap=0/7 prev_cap=5/7 titel=0 ort=0/7
DEMUTH	6	7	Demuth	eigenname	q=0/5 next_cap=0/6 prev_cap=3/5 titel=0 ort=0/5
DENNY	5	7	Denny	eigenname	q=1/6 next_cap=5/7 prev_cap=2/6 titel=0 ort=0/6
DIESTEL	7	7	Diestel	eigenname	q=0/5 next_cap=0/7 prev_cap=2/5 titel=0 ort=0/5
DIETL	5	7	Dietl	eigenname	q=1/6 next_cap=3/7 prev_cap=5/6 titel=0 ort=0/6
DIETRICHS	9	7	Dietrichs	eigenname	q=0/7 next_cap=3/7 prev_cap=5/7 titel=0 ort=0/7
DIGIMON	7	7	Digimon	eigenname	q=2/9 next_cap=4/9 prev_cap=4/9 titel=0 ort=1/9
DILLON	6	7	Dillon	eigenname	q=0/8 next_cap=3/9 prev_cap=6/8 titel=0 ort=0/8
DIMITRIOS	9	7	Dimitrios	eigenname	q=0/6 next_cap=5/7 prev_cap=4/6 titel=0 ort=0/6
DINA	4	7	Dina	eigenname	q=0/3 next_cap=4/6 prev_cap=3/3 titel=1 ort=0/3
DINKLAGE	8	7	Dinklage	eigenname	q=0/7 next_cap=2/7 prev_cap=5/7 titel=0 ort=0/7
DJOKOVIC	8	7	Djokovic	eigenname	q=0/8 next_cap=1/8 prev_cap=6/8 titel=0 ort=0/8
DOBRINDT	8	7	Dobrindt	eigenname	q=0/6 next_cap=0/7 prev_cap=5/6 titel=0 ort=0/6
DONOVAN	7	7	Donovan	eigenname	q=0/6 next_cap=0/7 prev_cap=3/6 titel=0 ort=0/6
DOREEN	6	7	Doreen	eigenname	q=0/4 next_cap=3/7 prev_cap=3/4 titel=0 ort=0/4
DOSTOJEWSKI	11	7	Dostojewski	eigenname	q=0/5 next_cap=1/7 prev_cap=3/5 titel=0 ort=0/5
DREXEL	6	7	Drexel	eigenname	q=0/6 next_cap=1/7 prev_cap=4/6 titel=0 ort=0/6
DREXLER	7	7	Drexler	eigenname	q=0/5 next_cap=1/6 prev_cap=3/5 titel=0 ort=0/5
DUCHAMP	7	7	Duchamp	eigenname	q=0/9 next_cap=4/9 prev_cap=6/9 titel=0 ort=0/9
DUELLEN	7	7	Duellen	eigenname	q=0/7 next_cap=1/7 prev_cap=0/7 titel=0 ort=1/7
DUERER	6	7	Dürer	eigenname	q=0/9 next_cap=3/9 prev_cap=6/9 titel=0 ort=0/9
DUNBAR	6	7	Dunbar	eigenname	q=1/5 next_cap=2/7 prev_cap=3/5 titel=0 ort=0/5
DUTCH	5	7	Dutch	eigenname	q=1/7 next_cap=6/8 prev_cap=3/7 titel=0 ort=1/7
EDNA	4	7	Edna	eigenname	q=0/6 next_cap=5/7 prev_cap=4/6 titel=0 ort=0/6
EDZARD	6	7	Edzard	eigenname	q=0/6 next_cap=4/7 prev_cap=5/6 titel=0 ort=0/6
EGGERS	6	7	Eggers	eigenname	q=0/5 next_cap=1/7 prev_cap=4/5 titel=0 ort=1/5
EHRENBURG	9	7	Ehrenburg	eigenname	q=0/6 next_cap=2/7 prev_cap=1/6 titel=0 ort=0/6
EHRENSACHE	10	7	Ehrensache	eigenname	q=0/7 next_cap=1/7 prev_cap=1/7 titel=0 ort=0/7
EIGENSINN	9	7	Eigensinn	eigenname	q=0/7 next_cap=0/7 prev_cap=2/7 titel=0 ort=0/7
EISENBEIS	9	7	Eisenbeis	eigenname	q=0/6 next_cap=0/6 prev_cap=6/6 titel=0 ort=0/6
ELEMENTARY	10	7	Elementary	eigenname	q=1/7 next_cap=7/7 prev_cap=6/7 titel=0 ort=0/7
ELLIE	5	7	Ellie	eigenname	q=0/6 next_cap=3/7 prev_cap=2/6 titel=0 ort=0/6
ELLISON	7	7	Ellison	eigenname	q=0/5 next_cap=0/7 prev_cap=5/5 titel=0 ort=0/5
ELZ	3	7	Elz	eigenname	q=1/5 next_cap=3/7 prev_cap=3/5 titel=0 ort=0/5
EMIRATEN	8	7	Emiraten	eigenname	q=1/7 next_cap=2/7 prev_cap=5/7 titel=0 ort=0/7
ENDBACH	7	7	Endbach	eigenname	q=0/7 next_cap=0/7 prev_cap=5/7 titel=0 ort=0/7
ENGELMANN	9	7	Engelmann	eigenname	q=1/7 next_cap=3/8 prev_cap=6/7 titel=0 ort=0/7
ERIKSEN	7	7	Eriksen	eigenname	q=0/6 next_cap=1/7 prev_cap=5/6 titel=0 ort=0/6
ERMUEDUNG	9	7	Ermüdung	eigenname	q=0/7 next_cap=0/7 prev_cap=1/7 titel=0 ort=0/7
ERTL	4	7	Ertl	eigenname	q=0/6 next_cap=0/7 prev_cap=5/6 titel=0 ort=0/6
ESCHENBACH	10	7	Eschenbach	eigenname	q=0/6 next_cap=1/8 prev_cap=2/6 titel=0 ort=1/6
ESPERANTO	9	7	Esperanto	eigenname	q=3/17 next_cap=10/17 prev_cap=3/17 titel=0 ort=0/17
ESSINGEN	8	7	Essingen	eigenname	q=0/8 next_cap=2/8 prev_cap=6/8 titel=0 ort=0/8
EUPEN	5	7	Eupen	eigenname	q=0/7 next_cap=3/8 prev_cap=6/7 titel=0 ort=1/7
FACHFIRMEN	10	7	Fachfirmen	eigenname	q=0/7 next_cap=0/7 prev_cap=0/7 titel=0 ort=0/7
FASO	4	7	Faso	eigenname	q=0/7 next_cap=1/7 prev_cap=7/7 titel=0 ort=0/7
FATMA	5	7	Fatma	eigenname	q=0/7 next_cap=3/7 prev_cap=1/7 titel=0 ort=0/7
FEHMARN	7	7	Fehmarn	eigenname	q=0/8 next_cap=2/8 prev_cap=1/8 titel=0 ort=0/8
FELICE	6	7	Felice	eigenname	q=1/5 next_cap=6/7 prev_cap=4/5 titel=0 ort=0/5
FELICITAS	9	7	Felicitas	eigenname	q=0/4 next_cap=4/7 prev_cap=2/4 titel=0 ort=0/4
FELLER	6	7	Feller	eigenname	q=0/6 next_cap=0/7 prev_cap=6/6 titel=1 ort=0/6
FENDRICH	8	7	Fendrich	eigenname	q=0/7 next_cap=4/7 prev_cap=5/7 titel=0 ort=0/7
FICK	4	7	Fick	eigenname	q=0/4 next_cap=1/7 prev_cap=3/4 titel=0 ort=0/4
FIEBIG	6	7	Fiebig	eigenname	q=0/5 next_cap=2/7 prev_cap=3/5 titel=0 ort=0/5
FILMPREISES	11	7	Filmpreises	eigenname	q=1/7 next_cap=0/7 prev_cap=6/7 titel=0 ort=0/7
FINI	4	7	Fini	eigenname	q=0/4 next_cap=0/7 prev_cap=2/4 titel=0 ort=0/4
FITZPATRICK	11	7	Fitzpatrick	eigenname	q=0/7 next_cap=0/7 prev_cap=5/7 titel=0 ort=0/7
FLAVIO	6	7	Flavio	eigenname	q=1/5 next_cap=4/7 prev_cap=0/5 titel=0 ort=1/5
FLEMMING	8	7	Flemming	eigenname	q=0/6 next_cap=0/7 prev_cap=4/6 titel=1 ort=0/6
FLER	4	7	Fler	eigenname	q=0/8 next_cap=3/8 prev_cap=1/8 titel=0 ort=0/8
FLICKR	6	7	Flickr	eigenname	q=0/10 next_cap=3/10 prev_cap=5/10 titel=0 ort=1/10
FLORES	6	7	Flores	eigenname	q=0/7 next_cap=2/7 prev_cap=4/7 titel=0 ort=1/7
FLORIDAS	8	7	Floridas	eigenname	q=0/7 next_cap=1/7 prev_cap=6/7 titel=0 ort=0/7
FLOSKELN	8	7	Floskeln	eigenname	q=0/6 next_cap=0/7 prev_cap=0/6 titel=0 ort=0/6
FOEHR	5	7	Föhr	eigenname	q=0/8 next_cap=1/8 prev_cap=6/8 titel=0 ort=0/8
FORREST	7	7	Forrest	eigenname	q=0/7 next_cap=1/7 prev_cap=3/7 titel=0 ort=0/7
FORRESTER	9	7	Forrester	eigenname	q=0/5 next_cap=2/7 prev_cap=3/5 titel=0 ort=0/5
FORTSAETZE	10	7	Fortsätze	eigenname	q=0/7 next_cap=1/7 prev_cap=1/7 titel=0 ort=0/7
FRANJO	6	7	Franjo	eigenname	q=0/5 next_cap=5/7 prev_cap=3/5 titel=1 ort=0/5
FRANKIE	7	7	Frankie	eigenname	q=1/5 next_cap=3/7 prev_cap=2/5 titel=0 ort=0/5
FREIBURGS	9	7	Freiburgs	eigenname	q=0/5 next_cap=3/7 prev_cap=3/5 titel=0 ort=1/5
FREYER	6	7	Freyer	eigenname	q=0/7 next_cap=2/7 prev_cap=4/7 titel=0 ort=0/7
FUJI	4	7	Fuji	eigenname	q=1/6 next_cap=4/9 prev_cap=2/6 titel=0 ort=1/6
FURY	4	7	Fury	eigenname	q=1/7 next_cap=3/9 prev_cap=3/7 titel=0 ort=0/7
GAGERN	6	7	Gagern	eigenname	q=0/7 next_cap=2/9 prev_cap=1/7 titel=0 ort=0/7
GARRY	5	7	Garry	eigenname	q=0/6 next_cap=5/7 prev_cap=4/6 titel=0 ort=0/6
GASGERUCH	9	7	Gasgeruch	eigenname	q=0/6 next_cap=0/7 prev_cap=1/6 titel=0 ort=1/6
GASS	4	7	Gass	eigenname	q=1/5 next_cap=1/6 prev_cap=1/5 titel=1 ort=1/5
GAUTIER	7	7	Gautier	eigenname	q=0/7 next_cap=0/7 prev_cap=5/7 titel=0 ort=0/7
GEFILDE	7	7	Gefilde	eigenname	q=0/7 next_cap=0/7 prev_cap=1/7 titel=0 ort=0/7
GENTRY	6	7	Gentry	eigenname	q=1/6 next_cap=0/7 prev_cap=4/6 titel=0 ort=0/6
GEORGIOS	8	7	Georgios	eigenname	q=0/8 next_cap=7/8 prev_cap=6/8 titel=1 ort=0/8
GERDEMANN	9	7	Gerdemann	eigenname	q=0/5 next_cap=0/7 prev_cap=5/5 titel=0 ort=0/5
GERSHWIN	8	7	Gershwin	eigenname	q=1/9 next_cap=4/9 prev_cap=3/9 titel=0 ort=0/9
GERTZ	5	7	Gertz	eigenname	q=0/3 next_cap=0/7 prev_cap=2/3 titel=0 ort=0/3
GETTY	5	7	Getty	eigenname	q=0/6 next_cap=1/7 prev_cap=6/6 titel=0 ort=0/6
GEWAENDERN	10	7	Gewändern	eigenname	q=0/7 next_cap=1/7 prev_cap=1/7 titel=0 ort=0/7
GIANT	5	7	Giant	eigenname	q=1/9 next_cap=4/9 prev_cap=5/9 titel=0 ort=0/9
GIESE	5	7	Giese	eigenname	q=0/7 next_cap=4/8 prev_cap=4/7 titel=0 ort=0/7
GILLIAN	7	7	Gillian	eigenname	q=0/6 next_cap=4/7 prev_cap=3/6 titel=0 ort=0/6
GINO	4	7	Gino	eigenname	q=0/6 next_cap=5/7 prev_cap=2/6 titel=0 ort=0/6
GIRARD	6	7	Girard	eigenname	q=0/5 next_cap=0/7 prev_cap=1/5 titel=0 ort=1/5
GISBERT	7	7	Gisbert	eigenname	q=0/6 next_cap=6/7 prev_cap=3/6 titel=1 ort=0/6
GLASPERLEN	10	7	Glasperlen	eigenname	q=0/7 next_cap=2/7 prev_cap=0/7 titel=0 ort=1/7
GLOVER	6	7	Glover	eigenname	q=1/6 next_cap=1/7 prev_cap=3/6 titel=0 ort=0/6
GOULD	5	7	Gould	eigenname	q=0/6 next_cap=1/7 prev_cap=4/6 titel=0 ort=1/6
GOURMET	7	7	Gourmet	eigenname	q=4/20 next_cap=15/22 prev_cap=5/20 titel=0 ort=0/20
GRABER	6	7	Graber	eigenname	q=0/6 next_cap=2/8 prev_cap=2/6 titel=0 ort=0/6
GRAEF	5	7	Gräf	eigenname	q=0/4 next_cap=1/6 prev_cap=3/4 titel=0 ort=0/4
GRASSER	7	7	Grasser	eigenname	q=0/7 next_cap=0/7 prev_cap=5/7 titel=0 ort=1/7
GRAUSEN	7	7	Grausen	eigenname	q=0/7 next_cap=0/7 prev_cap=0/7 titel=0 ort=0/7
GROSSALARM	10	7	Großalarm	eigenname	q=0/6 next_cap=0/7 prev_cap=2/6 titel=0 ort=0/6
GRUENWALD	9	7	Grünwald	eigenname	q=0/9 next_cap=1/9 prev_cap=9/9 titel=0 ort=0/9
GRUNDMANN	9	7	Grundmann	eigenname	q=0/7 next_cap=0/7 prev_cap=5/7 titel=0 ort=1/7
GUEL	4	7	Gül	eigenname	q=0/5 next_cap=0/7 prev_cap=4/5 titel=0 ort=0/5
GUETZKOW	8	7	Gützkow	eigenname	q=0/7 next_cap=1/7 prev_cap=4/7 titel=0 ort=1/7
GUGLIELMO	9	7	Guglielmo	eigenname	q=0/6 next_cap=4/7 prev_cap=4/6 titel=0 ort=0/6
GUSEN	5	7	Gusen	eigenname	q=0/6 next_cap=2/7 prev_cap=4/6 titel=0 ort=1/6
GUSENBAUER	10	7	Gusenbauer	eigenname	q=0/5 next_cap=2/7 prev_cap=4/5 titel=0 ort=0/5
GUSTAVO	7	7	Gustavo	eigenname	q=0/6 next_cap=6/8 prev_cap=3/6 titel=0 ort=0/6
GUSTL	5	7	Gustl	eigenname	q=0/5 next_cap=1/7 prev_cap=1/5 titel=0 ort=1/5
GUTTENBERGS	11	7	Guttenbergs	eigenname	q=0/5 next_cap=4/7 prev_cap=3/5 titel=0 ort=0/5
GYULA	5	7	Gyula	eigenname	q=0/6 next_cap=4/7 prev_cap=2/6 titel=0 ort=1/6
HAACK	5	7	Haack	eigenname	q=0/8 next_cap=1/8 prev_cap=8/8 titel=0 ort=0/8
HABIB	5	7	Habib	eigenname	q=1/6 next_cap=2/7 prev_cap=4/6 titel=0 ort=0/6
HACKMANN	8	7	Hackmann	eigenname	q=0/7 next_cap=1/7 prev_cap=4/7 titel=0 ort=0/7
HADRIAN	7	7	Hadrian	eigenname	q=0/5 next_cap=1/7 prev_cap=1/5 titel=0 ort=0/5
HAENDELS	8	7	Händels	eigenname	q=0/7 next_cap=4/7 prev_cap=3/7 titel=0 ort=1/7
HAGE	4	7	Hage	eigenname	q=0/8 next_cap=2/8 prev_cap=7/8 titel=0 ort=0/8
HAGEDORN	8	7	Hagedorn	eigenname	q=1/7 next_cap=3/7 prev_cap=6/7 titel=0 ort=0/7
HALIL	5	7	Halil	eigenname	q=0/5 next_cap=1/7 prev_cap=3/5 titel=0 ort=0/5
HANIJA	6	7	Hanija	eigenname	q=0/5 next_cap=0/7 prev_cap=5/5 titel=0 ort=0/5
HARARE	6	7	Harare	eigenname	q=0/6 next_cap=0/7 prev_cap=6/6 titel=0 ort=1/6
HARRINGTON	10	7	Harrington	eigenname	q=0/7 next_cap=2/7 prev_cap=5/7 titel=0 ort=1/7
HARTL	5	7	Hartl	eigenname	q=1/5 next_cap=2/6 prev_cap=4/5 titel=0 ort=0/5
HASLACH	7	7	Haslach	eigenname	q=1/8 next_cap=0/8 prev_cap=6/8 titel=0 ort=1/8
HATZFELD	8	7	Hatzfeld	eigenname	q=0/7 next_cap=0/7 prev_cap=4/7 titel=0 ort=1/7
HAUK	4	7	Hauk	eigenname	q=0/5 next_cap=0/7 prev_cap=2/5 titel=0 ort=0/5
HAUKE	5	7	Hauke	eigenname	q=0/4 next_cap=4/7 prev_cap=1/4 titel=0 ort=0/4
HAVRE	5	7	Havre	eigenname	q=0/7 next_cap=0/7 prev_cap=6/7 titel=0 ort=0/7
HAYDEN	6	7	Hayden	eigenname	q=0/7 next_cap=0/7 prev_cap=6/7 titel=0 ort=0/7
HEIDEMARIE	10	7	Heidemarie	eigenname	q=0/5 next_cap=5/7 prev_cap=2/5 titel=0 ort=0/5
HELMER	6	7	Helmer	eigenname	q=0/6 next_cap=0/7 prev_cap=2/6 titel=0 ort=0/6
HENN	4	7	Henn	eigenname	q=0/6 next_cap=2/7 prev_cap=6/6 titel=0 ort=1/6
HENNEMANN	9	7	Hennemann	eigenname	q=1/5 next_cap=1/7 prev_cap=3/5 titel=0 ort=0/5
HENNY	5	7	Henny	eigenname	q=0/4 next_cap=4/8 prev_cap=3/4 titel=0 ort=0/4
HENSEL	6	7	Hensel	eigenname	q=0/6 next_cap=2/7 prev_cap=5/6 titel=0 ort=0/6
HENTSCHEL	9	7	Hentschel	eigenname	q=0/7 next_cap=0/7 prev_cap=5/7 titel=0 ort=0/7
HEPATITIS	9	7	Hepatitis	eigenname	q=1/9 next_cap=7/12 prev_cap=0/9 titel=0 ort=0/9
HEPPNER	7	7	Heppner	eigenname	q=1/6 next_cap=0/7 prev_cap=4/6 titel=0 ort=0/6
HERBERGER	9	7	Herberger	eigenname	q=1/9 next_cap=2/9 prev_cap=8/9 titel=0 ort=0/9
HERTHAS	7	7	Herthas	eigenname	q=0/3 next_cap=6/7 prev_cap=1/3 titel=0 ort=0/3
HEUSER	6	7	Heuser	eigenname	q=1/7 next_cap=1/7 prev_cap=6/7 titel=0 ort=0/7
HILPERT	7	7	Hilpert	eigenname	q=0/6 next_cap=2/7 prev_cap=6/6 titel=0 ort=0/6
HINZ	4	7	Hinz	eigenname	q=0/7 next_cap=3/8 prev_cap=6/7 titel=0 ort=0/7
HINZE	5	7	Hinze	eigenname	q=0/7 next_cap=0/7 prev_cap=3/7 titel=0 ort=0/7
HIRTH	5	7	Hirth	eigenname	q=0/9 next_cap=4/9 prev_cap=7/9 titel=0 ort=0/9
HITACHI	7	7	Hitachi	eigenname	q=0/6 next_cap=1/7 prev_cap=2/6 titel=0 ort=0/6
HOBART	6	7	Hobart	eigenname	q=0/6 next_cap=3/6 prev_cap=3/6 titel=0 ort=1/6
HODGSON	7	7	Hodgson	eigenname	q=0/5 next_cap=1/7 prev_cap=4/5 titel=0 ort=0/5
HOHENEMS	8	7	Hohenems	eigenname	q=0/7 next_cap=0/7 prev_cap=3/7 titel=0 ort=1/7
HOHENWULSCH	11	7	Hohenwulsch	eigenname	q=0/7 next_cap=0/7 prev_cap=6/7 titel=0 ort=0/7
HOHMANN	7	7	Hohmann	eigenname	q=0/6 next_cap=3/8 prev_cap=5/6 titel=0 ort=0/6
HOKKAIDO	8	7	Hokkaido	eigenname	q=0/5 next_cap=0/7 prev_cap=5/5 titel=0 ort=1/5
HOLTZ	5	7	Holtz	eigenname	q=0/5 next_cap=0/7 prev_cap=4/5 titel=0 ort=0/5
HOYER	5	7	Hoyer	eigenname	q=1/7 next_cap=3/7 prev_cap=6/7 titel=0 ort=0/7
HUBBLE	6	7	Hubble	eigenname	q=2/12 next_cap=6/12 prev_cap=5/12 titel=0 ort=0/12
HUMMELN	7	7	Hummeln	eigenname	q=0/6 next_cap=1/7 prev_cap=3/6 titel=0 ort=0/6
HUS	3	7	Hus	eigenname	q=0/7 next_cap=4/8 prev_cap=5/7 titel=0 ort=0/7
HUTH	4	7	Huth	eigenname	q=0/4 next_cap=3/7 prev_cap=4/4 titel=0 ort=0/4
HUTTON	6	7	Hutton	eigenname	q=0/8 next_cap=3/8 prev_cap=3/8 titel=0 ort=0/8
HYMER	5	7	Hymer	eigenname	q=1/8 next_cap=3/9 prev_cap=3/8 titel=0 ort=1/8
HYPE	4	7	Hype	eigenname	q=5/24 next_cap=3/24 prev_cap=18/24 titel=0 ort=0/24
IHLE	4	7	Ihle	eigenname	q=1/6 next_cap=2/7 prev_cap=4/6 titel=0 ort=0/6
INGRAM	6	7	Ingram	eigenname	q=0/6 next_cap=1/7 prev_cap=5/6 titel=0 ort=0/6
IRRWEGE	7	7	Irrwege	eigenname	q=0/5 next_cap=0/7 prev_cap=1/5 titel=0 ort=0/5
ISIDOR	6	7	Isidor	eigenname	q=0/4 next_cap=5/7 prev_cap=1/4 titel=0 ort=0/4
IWANOWITSCH	11	7	Iwanowitsch	eigenname	q=0/7 next_cap=5/7 prev_cap=7/7 titel=0 ort=0/7
JACEK	5	7	Jacek	eigenname	q=0/6 next_cap=3/7 prev_cap=2/6 titel=0 ort=0/6
JACOBY	6	7	Jacoby	eigenname	q=0/7 next_cap=2/8 prev_cap=4/7 titel=0 ort=0/7
JAEHN	5	7	Jaehn	eigenname	q=0/6 next_cap=1/7 prev_cap=2/6 titel=0 ort=0/6
JAMAICA	7	7	Jamaica	eigenname	q=0/5 next_cap=2/7 prev_cap=2/5 titel=0 ort=1/5
JAMBA	5	7	Jamba	eigenname	q=1/11 next_cap=4/11 prev_cap=2/11 titel=0 ort=0/11
JAMESTOWN	9	7	Jamestown	eigenname	q=0/7 next_cap=2/8 prev_cap=2/7 titel=0 ort=1/7
JANOS	5	7	Janos	eigenname	q=0/5 next_cap=4/7 prev_cap=4/5 titel=0 ort=1/5
JARL	4	7	Jarl	eigenname	q=0/5 next_cap=2/6 prev_cap=3/5 titel=0 ort=0/5
JAROLIM	7	7	Jarolim	eigenname	q=0/4 next_cap=1/7 prev_cap=4/4 titel=0 ort=0/4
JEDI	4	7	Jedi	eigenname	q=2/15 next_cap=10/16 prev_cap=1/15 titel=0 ort=0/15
JEWGENI	7	7	Jewgeni	eigenname	q=0/3 next_cap=6/7 prev_cap=1/3 titel=0 ort=0/3
JOCKEY	6	7	Jockey	eigenname	q=2/11 next_cap=6/11 prev_cap=3/11 titel=0 ort=0/11
JOGI	4	7	Jogi	eigenname	q=0/3 next_cap=6/7 prev_cap=0/3 titel=0 ort=0/3
JOL	3	7	Jol	eigenname	q=0/8 next_cap=2/9 prev_cap=6/8 titel=1 ort=0/8
JOSEFS	6	7	Josefs	eigenname	q=0/13 next_cap=15/16 prev_cap=7/13 titel=0 ort=1/13
JOUBERT	7	7	Joubert	eigenname	q=0/4 next_cap=2/7 prev_cap=4/4 titel=0 ort=0/4
JUGENDWART	10	7	Jugendwart	eigenname	q=1/7 next_cap=1/8 prev_cap=4/7 titel=0 ort=0/7
JURK	4	7	Jurk	eigenname	q=0/5 next_cap=1/7 prev_cap=4/5 titel=0 ort=0/5
JUSTINE	7	7	Justine	eigenname	q=0/3 next_cap=4/7 prev_cap=2/3 titel=0 ort=0/3
KAMAL	5	7	Kamal	eigenname	q=0/6 next_cap=5/7 prev_cap=3/6 titel=0 ort=0/6
KAMMERHERR	10	7	Kammerherr	eigenname	q=1/6 next_cap=0/6 prev_cap=3/6 titel=0 ort=0/6
KANDINSKY	9	7	Kandinsky	eigenname	q=0/8 next_cap=3/8 prev_cap=5/8 titel=0 ort=0/8
KAUTSCHUK	9	7	Kautschuk	eigenname	q=0/8 next_cap=2/9 prev_cap=1/8 titel=0 ort=1/8
KEANE	5	7	Keane	eigenname	q=0/6 next_cap=0/7 prev_cap=5/6 titel=0 ort=0/6
KENN	4	7	Kenn	eigenname	q=0/4 next_cap=3/8 prev_cap=2/4 titel=0 ort=0/4
KERMIT	6	7	Kermit	eigenname	q=0/7 next_cap=1/7 prev_cap=1/7 titel=0 ort=1/7
KEVINS	6	7	Kevins	eigenname	q=0/6 next_cap=6/7 prev_cap=2/6 titel=0 ort=0/6
KEYNES	6	7	Keynes	eigenname	q=0/9 next_cap=4/9 prev_cap=3/9 titel=0 ort=1/9
KIDD	4	7	Kidd	eigenname	q=0/7 next_cap=0/7 prev_cap=5/7 titel=0 ort=0/7
KIRCHHUNDEM	11	7	Kirchhundem	eigenname	q=0/7 next_cap=1/7 prev_cap=6/7 titel=0 ort=0/7
KLEINERT	8	7	Kleinert	eigenname	q=0/7 next_cap=0/7 prev_cap=5/7 titel=0 ort=0/7
KLEINS	6	7	Kleins	eigenname	q=0/5 next_cap=5/8 prev_cap=4/5 titel=1 ort=0/5
KLEMENS	7	7	Klemens	eigenname	q=0/5 next_cap=1/7 prev_cap=4/5 titel=0 ort=0/5
KLEMPERER	9	7	Klemperer	eigenname	q=0/5 next_cap=2/7 prev_cap=3/5 titel=0 ort=0/5
KLINGLER	8	7	Klingler	eigenname	q=0/5 next_cap=2/7 prev_cap=4/5 titel=2 ort=0/5
KLITSCHKOS	10	7	Klitschkos	eigenname	q=1/5 next_cap=5/7 prev_cap=1/5 titel=0 ort=1/5
KNUEPPELN	9	7	Knüppeln	eigenname	q=0/7 next_cap=0/7 prev_cap=0/7 titel=0 ort=0/7
KOECKRITZ	9	7	Köckritz	eigenname	q=0/6 next_cap=0/7 prev_cap=0/6 titel=0 ort=0/6
KOEHL	5	7	Köhl	eigenname	q=0/7 next_cap=1/8 prev_cap=4/7 titel=0 ort=0/7
KOESTERS	8	7	Kösters	eigenname	q=0/5 next_cap=5/6 prev_cap=5/5 titel=0 ort=1/5
KOLBE	5	7	Kolbe	eigenname	q=0/7 next_cap=3/8 prev_cap=6/7 titel=0 ort=0/7
KOMMATA	7	7	Kommata	eigenname	q=0/7 next_cap=0/7 prev_cap=1/7 titel=0 ort=0/7
KOMOROWSKI	10	7	Komorowski	eigenname	q=0/5 next_cap=0/7 prev_cap=2/5 titel=0 ort=0/5
KOPPER	6	7	Kopper	eigenname	q=0/4 next_cap=1/7 prev_cap=2/4 titel=0 ort=0/4
KORPSLISTEN	11	7	Korpslisten	eigenname	q=0/7 next_cap=0/7 prev_cap=7/7 titel=0 ort=0/7
KORTE	5	7	Korte	eigenname	q=0/3 next_cap=1/7 prev_cap=3/3 titel=0 ort=0/3
KORY	4	7	Kory	eigenname	q=0/5 next_cap=3/7 prev_cap=1/5 titel=0 ort=0/5
KOUCHNER	8	7	Kouchner	eigenname	q=0/7 next_cap=0/7 prev_cap=4/7 titel=0 ort=0/7
KOVAC	5	7	Kovac	eigenname	q=0/6 next_cap=1/7 prev_cap=5/6 titel=0 ort=0/6
KOWALSKI	8	7	Kowalski	eigenname	q=0/7 next_cap=2/8 prev_cap=5/7 titel=0 ort=0/7
KRAMNIK	7	7	Kramnik	eigenname	q=0/4 next_cap=1/7 prev_cap=0/4 titel=0 ort=0/4
KREISRAT	8	7	Kreisrat	eigenname	q=1/6 next_cap=1/7 prev_cap=4/6 titel=0 ort=0/6
KRIEGSTAGEN	11	7	Kriegstagen	eigenname	q=0/7 next_cap=0/7 prev_cap=0/7 titel=0 ort=0/7
KRIEMHILD	9	7	Kriemhild	eigenname	q=0/6 next_cap=2/8 prev_cap=1/6 titel=0 ort=1/6
KRISTA	6	7	Krista	eigenname	q=0/5 next_cap=6/7 prev_cap=3/5 titel=0 ort=0/5
KROATIENS	9	7	Kroatiens	eigenname	q=0/7 next_cap=0/7 prev_cap=6/7 titel=0 ort=0/7
KROENER	7	7	Kröner	eigenname	q=0/5 next_cap=5/8 prev_cap=4/5 titel=0 ort=0/5
KUERBISSE	9	7	Kürbisse	eigenname	q=1/7 next_cap=3/7 prev_cap=4/7 titel=0 ort=0/7
KULENKAMPFF	11	7	Kulenkampff	eigenname	q=0/6 next_cap=0/8 prev_cap=4/6 titel=0 ort=0/6
KURATORIN	9	7	Kuratorin	eigenname	q=0/7 next_cap=2/7 prev_cap=2/7 titel=0 ort=0/7
KURTZ	5	7	Kurtz	eigenname	q=0/8 next_cap=0/8 prev_cap=7/8 titel=0 ort=1/8
KYRITZ	6	7	Kyritz	eigenname	q=0/8 next_cap=2/9 prev_cap=3/8 titel=0 ort=1/8
LAGEPLAENE	10	7	Lagepläne	eigenname	q=0/5 next_cap=2/7 prev_cap=2/5 titel=0 ort=0/5
LAMBRECHT	9	7	Lambrecht	eigenname	q=0/6 next_cap=2/7 prev_cap=6/6 titel=0 ort=0/6
LAMBSDORFF	10	7	Lambsdorff	eigenname	q=0/4 next_cap=2/8 prev_cap=2/4 titel=0 ort=0/4
LANDESCHEF	10	7	Landeschef	eigenname	q=1/16 next_cap=8/19 prev_cap=12/16 titel=0 ort=0/16
LANDIS	6	7	Landis	eigenname	q=0/4 next_cap=0/7 prev_cap=3/4 titel=0 ort=0/4
LARISSA	7	7	Larissa	eigenname	q=0/7 next_cap=3/8 prev_cap=2/7 titel=0 ort=0/7
LASSER	6	7	Lasser	eigenname	q=1/8 next_cap=1/8 prev_cap=7/8 titel=0 ort=0/8
LATIMER	7	7	Latimer	eigenname	q=1/6 next_cap=2/7 prev_cap=3/6 titel=0 ort=1/6
LAUENBURG	9	7	Lauenburg	eigenname	q=0/9 next_cap=0/9 prev_cap=5/9 titel=0 ort=2/9
LAUMANN	7	7	Laumann	eigenname	q=0/3 next_cap=1/7 prev_cap=2/3 titel=0 ort=0/3
LAVAL	5	7	Laval	eigenname	q=0/11 next_cap=4/11 prev_cap=5/11 titel=0 ort=0/11
LAWS	4	7	Laws	eigenname	q=1/7 next_cap=4/8 prev_cap=5/7 titel=0 ort=0/7
LAZIO	5	7	Lazio	eigenname	q=0/7 next_cap=5/9 prev_cap=4/7 titel=0 ort=1/7
LEANDER	7	7	Leander	eigenname	q=0/6 next_cap=3/7 prev_cap=3/6 titel=0 ort=0/6
LEGO	4	7	Lego	eigenname	q=1/15 next_cap=11/16 prev_cap=3/15 titel=0 ort=0/15
LEHNERT	7	7	Lehnert	eigenname	q=0/6 next_cap=1/7 prev_cap=4/6 titel=0 ort=0/6
LEITZ	5	7	Leitz	eigenname	q=1/8 next_cap=5/10 prev_cap=2/8 titel=0 ort=1/8
LENZEN	6	7	Lenzen	eigenname	q=1/7 next_cap=0/7 prev_cap=5/7 titel=0 ort=0/7
LIANE	5	7	Liane	eigenname	q=1/7 next_cap=1/7 prev_cap=1/7 titel=1 ort=0/7
LICINIUS	8	7	Licinius	eigenname	q=1/6 next_cap=3/7 prev_cap=4/6 titel=0 ort=0/6
LIEBENWERDA	11	7	Liebenwerda	eigenname	q=0/6 next_cap=1/7 prev_cap=5/6 titel=0 ort=1/6
LIEBERMAN	9	7	Lieberman	eigenname	q=0/6 next_cap=0/7 prev_cap=3/6 titel=0 ort=0/6
LIEBERMANN	10	7	Liebermann	eigenname	q=0/6 next_cap=1/8 prev_cap=4/6 titel=0 ort=1/6
LIENEN	6	7	Lienen	eigenname	q=0/6 next_cap=0/7 prev_cap=3/6 titel=0 ort=0/6
LILIAN	6	7	Lilian	eigenname	q=0/3 next_cap=4/7 prev_cap=3/3 titel=0 ort=0/3
LIPPMANN	8	7	Lippmann	eigenname	q=0/6 next_cap=1/7 prev_cap=3/6 titel=0 ort=0/6
LISE	4	7	Lise	eigenname	q=0/6 next_cap=6/11 prev_cap=2/6 titel=0 ort=0/6
LITERATUREN	11	7	Literaturen	eigenname	q=0/7 next_cap=1/7 prev_cap=0/7 titel=0 ort=0/7
LOEBAU	6	7	Löbau	eigenname	q=0/7 next_cap=1/7 prev_cap=5/7 titel=0 ort=1/7
LOEWENSTEIN	11	7	Löwenstein	eigenname	q=0/8 next_cap=1/8 prev_cap=4/8 titel=0 ort=0/8
LOURDES	7	7	Lourdes	eigenname	q=0/7 next_cap=0/8 prev_cap=1/7 titel=0 ort=1/7
LUEBBE	6	7	Lübbe	eigenname	q=0/5 next_cap=7/7 prev_cap=5/5 titel=0 ort=0/5
LUEBECKS	8	7	Lübecks	eigenname	q=0/5 next_cap=3/7 prev_cap=4/5 titel=0 ort=0/5
LUZON	5	7	Luzon	eigenname	q=0/8 next_cap=0/8 prev_cap=4/8 titel=0 ort=0/8
MAAR	4	7	Maar	eigenname	q=0/6 next_cap=2/7 prev_cap=5/6 titel=0 ort=0/6
MACINTOSH	9	7	Macintosh	eigenname	q=2/10 next_cap=4/11 prev_cap=4/10 titel=0 ort=0/10
MACMILLAN	9	7	Macmillan	eigenname	q=1/7 next_cap=3/8 prev_cap=2/7 titel=0 ort=1/7
MADOKA	6	7	Madoka	eigenname	q=0/7 next_cap=2/7 prev_cap=4/7 titel=0 ort=1/7
MAKULATUR	9	7	Makulatur	eigenname	q=0/7 next_cap=0/7 prev_cap=0/7 titel=0 ort=0/7
MALCHIN	7	7	Malchin	eigenname	q=0/7 next_cap=1/7 prev_cap=3/7 titel=0 ort=1/7
MAMI	4	7	Mami	eigenname	q=0/3 next_cap=1/8 prev_cap=2/3 titel=0 ort=0/3
MANNHARDT	9	7	Mannhardt	eigenname	q=0/4 next_cap=3/7 prev_cap=4/4 titel=0 ort=0/4
MARIAM	6	7	Mariam	eigenname	q=0/5 next_cap=3/7 prev_cap=3/5 titel=1 ort=0/5
MARLEEN	7	7	Marleen	eigenname	q=0/7 next_cap=1/7 prev_cap=3/7 titel=0 ort=0/7
MARLIES	7	7	Marlies	eigenname	q=0/5 next_cap=4/7 prev_cap=3/5 titel=0 ort=0/5
MARLOWE	7	7	Marlowe	eigenname	q=0/3 next_cap=0/7 prev_cap=3/3 titel=0 ort=0/3
MARQUARD	8	7	Marquard	eigenname	q=0/6 next_cap=2/7 prev_cap=3/6 titel=0 ort=0/6
MARQUISE	8	7	Marquise	eigenname	q=1/6 next_cap=1/7 prev_cap=3/6 titel=1 ort=0/6
MARTELL	7	7	Martell	eigenname	q=0/5 next_cap=1/7 prev_cap=5/5 titel=0 ort=0/5
MAURESMO	8	7	Mauresmo	eigenname	q=0/5 next_cap=0/7 prev_cap=4/5 titel=0 ort=0/5
MAUSS	5	7	Mauss	eigenname	q=0/4 next_cap=2/7 prev_cap=3/4 titel=0 ort=0/4
MAZZOLA	7	7	Mazzola	eigenname	q=0/6 next_cap=1/7 prev_cap=6/6 titel=0 ort=0/6
MEGAPIXEL	9	7	Megapixel	eigenname	q=7/46 next_cap=40/46 prev_cap=1/46 titel=0 ort=0/46
MEIJER	6	7	Meijer	eigenname	q=0/4 next_cap=0/7 prev_cap=2/4 titel=0 ort=0/4
MEINHARDT	9	7	Meinhardt	eigenname	q=1/7 next_cap=2/7 prev_cap=6/7 titel=1 ort=0/7
MELANCHTHON	11	7	Melanchthon	eigenname	q=0/8 next_cap=3/10 prev_cap=4/8 titel=0 ort=0/8
MENUHIN	7	7	Menuhin	eigenname	q=0/5 next_cap=1/7 prev_cap=4/5 titel=0 ort=0/5
MENZ	4	7	Menz	eigenname	q=0/6 next_cap=1/7 prev_cap=3/6 titel=0 ort=0/6
MERCATOR	8	7	Mercator	eigenname	q=0/8 next_cap=6/8 prev_cap=6/8 titel=0 ort=1/8
MERTENS	7	7	Mertens	eigenname	q=0/6 next_cap=3/7 prev_cap=6/6 titel=0 ort=0/6
METHANOL	8	7	Methanol	eigenname	q=1/10 next_cap=4/11 prev_cap=4/10 titel=0 ort=0/10
MICHAL	6	7	Michal	eigenname	q=0/5 next_cap=5/7 prev_cap=0/5 titel=0 ort=0/5
MICHELINE	9	7	Micheline	eigenname	q=1/6 next_cap=6/7 prev_cap=3/6 titel=0 ort=0/6
MIDDLETON	9	7	Middleton	eigenname	q=0/5 next_cap=1/8 prev_cap=4/5 titel=0 ort=0/5
MIKAEL	6	7	Mikael	eigenname	q=0/6 next_cap=6/7 prev_cap=2/6 titel=0 ort=0/6
MILANO	6	7	Milano	eigenname	q=0/8 next_cap=4/8 prev_cap=4/8 titel=0 ort=1/8
MILCHPULVER	11	7	Milchpulver	eigenname	q=0/6 next_cap=1/7 prev_cap=4/6 titel=0 ort=0/6
MILDRED	7	7	Mildred	eigenname	q=0/6 next_cap=2/7 prev_cap=2/6 titel=0 ort=0/6
MILOSEVICS	10	7	Milosevics	eigenname	q=0/5 next_cap=2/7 prev_cap=4/5 titel=0 ort=0/5
MINERVA	7	7	Minerva	eigenname	q=2/12 next_cap=8/12 prev_cap=5/12 titel=0 ort=1/12
MIREILLE	8	7	Mireille	eigenname	q=0/5 next_cap=4/7 prev_cap=2/5 titel=1 ort=0/5
MITTERRAND	10	7	Mitterrand	eigenname	q=0/5 next_cap=0/8 prev_cap=1/5 titel=0 ort=0/5
MOLINA	6	7	Molina	eigenname	q=0/6 next_cap=1/7 prev_cap=3/6 titel=0 ort=0/6
MOMMSEN	7	7	Mommsen	eigenname	q=0/6 next_cap=3/7 prev_cap=5/6 titel=0 ort=0/6
MORDECHAI	9	7	Mordechai	eigenname	q=0/6 next_cap=6/8 prev_cap=4/6 titel=0 ort=0/6
MOSCOW	6	7	Moscow	eigenname	q=0/7 next_cap=1/7 prev_cap=5/7 titel=0 ort=1/7
MOZILLA	7	7	Mozilla	eigenname	q=0/16 next_cap=11/17 prev_cap=3/16 titel=0 ort=0/16
MURR	4	7	Murr	eigenname	q=0/13 next_cap=10/15 prev_cap=13/13 titel=0 ort=0/13
MYCROFT	7	7	Mycroft	eigenname	q=0/6 next_cap=1/7 prev_cap=1/6 titel=0 ort=0/6
MYERS	5	7	Myers	eigenname	q=0/9 next_cap=2/10 prev_cap=6/9 titel=0 ort=0/9
NAHOST	6	7	Nahost	eigenname	q=0/51 next_cap=47/54 prev_cap=12/51 titel=0 ort=7/51
NAKAJIMA	8	7	Nakajima	eigenname	q=0/7 next_cap=2/9 prev_cap=4/7 titel=0 ort=0/7
NATRIUM	7	7	Natrium	eigenname	q=1/11 next_cap=5/12 prev_cap=3/11 titel=0 ort=0/11
NEGRO	5	7	Negro	eigenname	q=1/7 next_cap=5/7 prev_cap=4/7 titel=0 ort=0/7
NEMO	4	7	Nemo	eigenname	q=0/5 next_cap=1/7 prev_cap=4/5 titel=0 ort=0/5
NEPALS	6	7	Nepals	eigenname	q=0/7 next_cap=0/7 prev_cap=6/7 titel=0 ort=1/7
NICOS	5	7	Nicos	eigenname	q=0/3 next_cap=1/7 prev_cap=0/3 titel=0 ort=0/3
NIKO	4	7	Niko	eigenname	q=0/4 next_cap=4/6 prev_cap=2/4 titel=0 ort=0/4
NIKOLAJ	7	7	Nikolaj	eigenname	q=0/5 next_cap=5/7 prev_cap=3/5 titel=0 ort=0/5
NITSCHE	7	7	Nitsche	eigenname	q=0/7 next_cap=1/7 prev_cap=6/7 titel=1 ort=0/7
NORDLICHT	9	7	Nordlicht	eigenname	q=1/6 next_cap=0/7 prev_cap=3/6 titel=0 ort=0/6
NOSTRA	6	7	Nostra	eigenname	q=0/7 next_cap=1/7 prev_cap=7/7 titel=0 ort=1/7
NOWOTNY	7	7	Nowotny	eigenname	q=0/6 next_cap=2/7 prev_cap=5/6 titel=0 ort=0/6
NUEMBRECHT	10	7	Nümbrecht	eigenname	q=0/9 next_cap=4/9 prev_cap=6/9 titel=0 ort=1/9
NUTEN	5	7	Nuten	eigenname	q=0/8 next_cap=0/8 prev_cap=2/8 titel=0 ort=1/8
OBSTSORTEN	10	7	Obstsorten	eigenname	q=0/8 next_cap=2/8 prev_cap=4/8 titel=0 ort=0/8
OKSANA	6	7	Oksana	eigenname	q=0/4 next_cap=6/7 prev_cap=2/4 titel=0 ort=0/4
OMNIBUSSEN	10	7	Omnibussen	eigenname	q=0/7 next_cap=0/7 prev_cap=1/7 titel=0 ort=1/7
OPFERGABEN	10	7	Opfergaben	eigenname	q=0/7 next_cap=0/7 prev_cap=4/7 titel=0 ort=0/7
ORANIEN	7	7	Oranien	eigenname	q=0/8 next_cap=1/8 prev_cap=2/8 titel=0 ort=1/8
OSAMA	5	7	Osama	eigenname	q=0/7 next_cap=2/7 prev_cap=3/7 titel=0 ort=0/7
OSCHATZ	7	7	Oschatz	eigenname	q=0/11 next_cap=0/11 prev_cap=9/11 titel=0 ort=2/11
OSTER	5	7	Oster	eigenname	q=0/21 next_cap=14/21 prev_cap=9/21 titel=0 ort=0/21
PANKRAZ	7	7	Pankraz	eigenname	q=0/4 next_cap=1/7 prev_cap=0/4 titel=0 ort=0/4
PANZERGLAS	10	7	Panzerglas	eigenname	q=0/7 next_cap=0/7 prev_cap=0/7 titel=0 ort=0/7
PARAGUAYS	9	7	Paraguays	eigenname	q=0/5 next_cap=0/7 prev_cap=5/5 titel=0 ort=0/5
PARDUBICE	9	7	Pardubice	eigenname	q=0/7 next_cap=1/7 prev_cap=5/7 titel=0 ort=0/7
PATRIZIA	8	7	Patrizia	eigenname	q=0/6 next_cap=5/8 prev_cap=3/6 titel=0 ort=0/6
PAZ	3	7	Paz	eigenname	q=0/7 next_cap=2/7 prev_cap=6/7 titel=0 ort=0/7
PEDERSEN	8	7	Pedersen	eigenname	q=0/8 next_cap=3/9 prev_cap=7/8 titel=0 ort=0/8
PEGASUS	7	7	Pegasus	eigenname	q=1/8 next_cap=4/9 prev_cap=3/8 titel=0 ort=0/8
PEIRCE	6	7	Peirce	eigenname	q=0/4 next_cap=1/7 prev_cap=1/4 titel=0 ort=0/4
PEKINGS	7	7	Pekings	eigenname	q=0/4 next_cap=5/7 prev_cap=2/4 titel=0 ort=0/4
PERFORMER	9	7	Performer	eigenname	q=1/9 next_cap=0/9 prev_cap=6/9 titel=0 ort=0/9
PERSSON	7	7	Persson	eigenname	q=0/6 next_cap=0/7 prev_cap=3/6 titel=0 ort=0/6
PETERSHAGEN	11	7	Petershagen	eigenname	q=0/6 next_cap=2/7 prev_cap=5/6 titel=0 ort=1/6
PETRAEUS	8	7	Petraeus	eigenname	q=1/6 next_cap=1/7 prev_cap=3/6 titel=0 ort=0/6
PETROPLUS	9	7	Petroplus	eigenname	q=0/4 next_cap=0/7 prev_cap=0/4 titel=0 ort=0/4
PETTERSSON	10	7	Pettersson	eigenname	q=0/7 next_cap=0/7 prev_cap=4/7 titel=0 ort=0/7
PEYMANN	7	7	Peymann	eigenname	q=0/6 next_cap=1/8 prev_cap=3/6 titel=0 ort=0/6
PHRA	4	7	Phra	eigenname	q=0/9 next_cap=9/9 prev_cap=5/9 titel=0 ort=0/9
PIERER	6	7	Pierer	eigenname	q=0/5 next_cap=1/7 prev_cap=0/5 titel=0 ort=0/5
PIETSCH	7	7	Pietsch	eigenname	q=0/6 next_cap=1/7 prev_cap=6/6 titel=0 ort=1/6
PINOT	5	7	Pinot	eigenname	q=1/7 next_cap=5/7 prev_cap=4/7 titel=0 ort=0/7
PIO	3	7	Pio	eigenname	q=1/5 next_cap=3/6 prev_cap=4/5 titel=0 ort=0/5
PISTORIUS	9	7	Pistorius	eigenname	q=0/4 next_cap=0/7 prev_cap=3/4 titel=0 ort=0/4
POE	3	7	Poe	eigenname	q=0/4 next_cap=1/7 prev_cap=1/4 titel=0 ort=0/4
POHLMANN	8	7	Pohlmann	eigenname	q=1/8 next_cap=2/8 prev_cap=6/8 titel=0 ort=0/8
POLA	4	7	Pola	eigenname	q=0/7 next_cap=2/7 prev_cap=3/7 titel=0 ort=1/7
POLKE	5	7	Polke	eigenname	q=0/7 next_cap=2/7 prev_cap=4/7 titel=0 ort=0/7
POLLOCK	7	7	Pollock	eigenname	q=0/6 next_cap=0/7 prev_cap=3/6 titel=0 ort=0/6
POLLY	5	7	Polly	eigenname	q=0/7 next_cap=4/7 prev_cap=3/7 titel=0 ort=0/7
POSEIDON	8	7	Poseidon	eigenname	q=0/7 next_cap=1/9 prev_cap=3/7 titel=0 ort=0/7
POT	3	7	Pot	eigenname	q=1/8 next_cap=3/9 prev_cap=5/8 titel=0 ort=1/8
POWERPOINT	10	7	Powerpoint	eigenname	q=1/13 next_cap=12/16 prev_cap=7/13 titel=0 ort=0/13
PRADO	5	7	Prado	eigenname	q=1/7 next_cap=1/7 prev_cap=5/7 titel=0 ort=0/7
PROFIJAHR	9	7	Profijahr	eigenname	q=0/7 next_cap=0/7 prev_cap=0/7 titel=0 ort=0/7
PROFITEUR	9	7	Profiteur	eigenname	q=0/4 next_cap=0/7 prev_cap=1/4 titel=0 ort=0/4
PROMI	5	7	Promi	eigenname	q=4/27 next_cap=22/29 prev_cap=10/27 titel=0 ort=0/27
PROPERTIES	10	7	Properties	eigenname	q=0/6 next_cap=2/7 prev_cap=6/6 titel=0 ort=0/6
PRUEM	5	7	Prüm	eigenname	q=1/9 next_cap=3/9 prev_cap=6/9 titel=0 ort=0/9
PUNKS	5	7	Punks	eigenname	q=1/7 next_cap=2/7 prev_cap=4/7 titel=0 ort=0/7
PUTNAM	6	7	Putnam	eigenname	q=0/6 next_cap=3/7 prev_cap=4/6 titel=0 ort=1/6
QANTAS	6	7	Qantas	eigenname	q=1/6 next_cap=3/8 prev_cap=1/6 titel=0 ort=1/6
QIGONG	6	7	Qigong	eigenname	q=2/9 next_cap=3/10 prev_cap=3/9 titel=0 ort=0/9
QUELL	5	7	Quell	eigenname	q=2/12 next_cap=4/13 prev_cap=1/12 titel=0 ort=0/12
RACK	4	7	Rack	eigenname	q=1/8 next_cap=3/8 prev_cap=6/8 titel=0 ort=0/8
RAMA	4	7	Rama	eigenname	q=0/9 next_cap=3/10 prev_cap=7/9 titel=0 ort=0/9
RAMSAY	6	7	Ramsay	eigenname	q=0/7 next_cap=4/8 prev_cap=4/7 titel=0 ort=0/7
RANDOLPH	8	7	Randolph	eigenname	q=1/8 next_cap=4/8 prev_cap=4/8 titel=0 ort=0/8
RANGSDORF	9	7	Rangsdorf	eigenname	q=0/7 next_cap=1/7 prev_cap=7/7 titel=0 ort=1/7
RAPPERSWIL	10	7	Rapperswil	eigenname	q=0/10 next_cap=4/10 prev_cap=4/10 titel=0 ort=1/10
RATZINGER	9	7	Ratzinger	eigenname	q=0/6 next_cap=0/7 prev_cap=5/6 titel=0 ort=0/6
RAUBKOPIEN	10	7	Raubkopien	eigenname	q=0/5 next_cap=0/7 prev_cap=0/5 titel=0 ort=0/5
REICHART	8	7	Reichart	eigenname	q=0/5 next_cap=0/7 prev_cap=4/5 titel=0 ort=0/5
REINECKE	8	7	Reinecke	eigenname	q=0/7 next_cap=2/7 prev_cap=6/7 titel=0 ort=0/7
REINERT	7	7	Reinert	eigenname	q=0/4 next_cap=1/6 prev_cap=3/4 titel=0 ort=0/4
REIZUNGEN	9	7	Reizungen	eigenname	q=0/7 next_cap=0/7 prev_cap=0/7 titel=0 ort=0/7
REMO	4	7	Remo	eigenname	q=1/8 next_cap=2/9 prev_cap=4/8 titel=0 ort=0/8
RENSING	7	7	Rensing	eigenname	q=0/6 next_cap=1/7 prev_cap=4/6 titel=0 ort=0/6
REPRINT	7	7	Reprint	eigenname	q=1/5 next_cap=5/8 prev_cap=3/5 titel=0 ort=0/5
RESERVOIRS	10	7	Reservoirs	eigenname	q=1/6 next_cap=1/7 prev_cap=3/6 titel=0 ort=0/6
RESET	5	7	Reset	eigenname	q=2/10 next_cap=2/10 prev_cap=5/10 titel=0 ort=0/10
RESOURCE	8	7	Resource	eigenname	q=1/9 next_cap=8/9 prev_cap=5/9 titel=0 ort=0/9
REUS	4	7	Reus	eigenname	q=0/7 next_cap=0/7 prev_cap=5/7 titel=0 ort=0/7
REYES	5	7	Reyes	eigenname	q=0/6 next_cap=1/7 prev_cap=4/6 titel=0 ort=0/6
RHEINBACH	9	7	Rheinbach	eigenname	q=0/7 next_cap=0/7 prev_cap=4/7 titel=0 ort=1/7
RHEYDT	6	7	Rheydt	eigenname	q=0/9 next_cap=1/9 prev_cap=6/9 titel=0 ort=2/9
RHINO	5	7	Rhino	eigenname	q=1/7 next_cap=4/8 prev_cap=3/7 titel=0 ort=0/7
RICCI	5	7	Ricci	eigenname	q=0/7 next_cap=0/7 prev_cap=5/7 titel=0 ort=0/7
RINGIER	7	7	Ringier	eigenname	q=0/7 next_cap=0/7 prev_cap=4/7 titel=0 ort=0/7
RIOS	4	7	Rios	eigenname	q=0/5 next_cap=3/7 prev_cap=3/5 titel=0 ort=0/5
ROBBY	5	7	Robby	eigenname	q=0/4 next_cap=5/7 prev_cap=2/4 titel=0 ort=0/4
ROCHELLE	8	7	Rochelle	eigenname	q=0/8 next_cap=2/8 prev_cap=7/8 titel=0 ort=0/8
ROCHUS	6	7	Rochus	eigenname	q=0/9 next_cap=6/11 prev_cap=3/9 titel=0 ort=0/9
ROCKEFELLER	11	7	Rockefeller	eigenname	q=1/7 next_cap=2/8 prev_cap=5/7 titel=0 ort=0/7
ROCKS	5	7	Rocks	eigenname	q=1/8 next_cap=0/8 prev_cap=6/8 titel=0 ort=0/8
RODGERS	7	7	Rodgers	eigenname	q=1/7 next_cap=0/7 prev_cap=5/7 titel=0 ort=0/7
ROHEISEN	8	7	Roheisen	eigenname	q=0/7 next_cap=0/7 prev_cap=2/7 titel=0 ort=1/7
ROMERO	6	7	Romero	eigenname	q=0/6 next_cap=3/7 prev_cap=3/6 titel=0 ort=0/6
RORY	4	7	Rory	eigenname	q=0/7 next_cap=3/7 prev_cap=1/7 titel=0 ort=0/7
ROSSBACH	8	7	Roßbach	eigenname	q=0/7 next_cap=2/7 prev_cap=3/7 titel=0 ort=1/7
ROSWITHA	8	7	Roswitha	eigenname	q=0/6 next_cap=5/7 prev_cap=3/6 titel=0 ort=0/6
ROULETTE	8	7	Roulette	eigenname	q=1/9 next_cap=4/11 prev_cap=3/9 titel=0 ort=0/9
RUEHE	5	7	Rühe	eigenname	q=0/5 next_cap=0/7 prev_cap=5/5 titel=1 ort=0/5
RUH	3	7	Ruh	eigenname	q=1/6 next_cap=1/7 prev_cap=3/6 titel=0 ort=1/6
SACHPREISEN	11	7	Sachpreisen	eigenname	q=0/7 next_cap=0/7 prev_cap=1/7 titel=0 ort=0/7
SAEUGER	7	7	Säuger	eigenname	q=0/7 next_cap=1/7 prev_cap=1/7 titel=0 ort=0/7
SAILER	6	7	Sailer	eigenname	q=0/8 next_cap=3/9 prev_cap=6/8 titel=0 ort=0/8
SAINZ	5	7	Sainz	eigenname	q=0/6 next_cap=0/7 prev_cap=2/6 titel=0 ort=0/6
SAISONTITEL	11	7	Saisontitel	eigenname	q=0/7 next_cap=0/7 prev_cap=0/7 titel=0 ort=0/7
SAKURA	6	7	Sakura	eigenname	q=0/7 next_cap=2/7 prev_cap=4/7 titel=0 ort=0/7
SALEH	5	7	Saleh	eigenname	q=0/6 next_cap=1/7 prev_cap=5/6 titel=0 ort=0/6
SALIM	5	7	Salim	eigenname	q=0/6 next_cap=4/7 prev_cap=1/6 titel=0 ort=0/6
SALZBURGS	9	7	Salzburgs	eigenname	q=0/5 next_cap=3/7 prev_cap=2/5 titel=0 ort=0/5
SANDLER	7	7	Sandler	eigenname	q=0/4 next_cap=1/7 prev_cap=3/4 titel=0 ort=0/4
SANITAETERN	11	7	Sanitätern	eigenname	q=0/7 next_cap=0/7 prev_cap=0/7 titel=0 ort=0/7
SANSSOUCI	9	7	Sanssouci	eigenname	q=0/6 next_cap=1/8 prev_cap=2/6 titel=0 ort=1/6
SATURDAY	8	7	Saturday	eigenname	q=1/7 next_cap=6/7 prev_cap=3/7 titel=0 ort=1/7
SAX	3	7	Sax	eigenname	q=1/6 next_cap=2/8 prev_cap=4/6 titel=0 ort=0/6
SCHIESSL	8	7	Schießl	eigenname	q=0/5 next_cap=3/7 prev_cap=5/5 titel=0 ort=0/5
SCHMALZ	7	7	Schmalz	eigenname	q=0/7 next_cap=1/7 prev_cap=4/7 titel=1 ort=0/7
SCHOEPS	7	7	Schöps	eigenname	q=0/6 next_cap=1/7 prev_cap=5/6 titel=2 ort=0/6
SCHONGAU	8	7	Schongau	eigenname	q=0/7 next_cap=0/7 prev_cap=6/7 titel=0 ort=1/7
SCHREIER	8	7	Schreier	eigenname	q=0/5 next_cap=0/7 prev_cap=4/5 titel=0 ort=0/5
SCHREYER	8	7	Schreyer	eigenname	q=0/7 next_cap=1/7 prev_cap=5/7 titel=0 ort=0/7
SCHUELLER	9	7	Schüller	eigenname	q=0/8 next_cap=1/8 prev_cap=7/8 titel=0 ort=0/8
SCHUEMANN	9	7	Schümann	eigenname	q=0/6 next_cap=1/7 prev_cap=6/6 titel=1 ort=0/6
SCHUETT	7	7	Schütt	eigenname	q=0/5 next_cap=0/7 prev_cap=4/5 titel=0 ort=0/5
SCHUETZIN	9	7	Schützin	eigenname	q=0/6 next_cap=1/7 prev_cap=1/6 titel=0 ort=0/6
SCHULTZE	8	7	Schultze	eigenname	q=0/8 next_cap=5/10 prev_cap=7/8 titel=1 ort=0/8
SCOTIA	6	7	Scotia	eigenname	q=1/7 next_cap=2/7 prev_cap=6/7 titel=0 ort=0/7
SCOTTY	6	7	Scotty	eigenname	q=0/6 next_cap=2/7 prev_cap=3/6 titel=0 ort=1/6
SEEBERG	7	7	Seeberg	eigenname	q=1/5 next_cap=0/7 prev_cap=3/5 titel=0 ort=0/5
SEIBERT	7	7	Seibert	eigenname	q=0/7 next_cap=1/7 prev_cap=6/7 titel=0 ort=0/7
SERA	4	7	Sera	eigenname	q=0/6 next_cap=5/7 prev_cap=2/6 titel=0 ort=0/6
SHAN	4	7	Shan	eigenname	q=0/7 next_cap=2/7 prev_cap=6/7 titel=0 ort=0/7
SHELLEY	7	7	Shelley	eigenname	q=0/7 next_cap=2/8 prev_cap=5/7 titel=0 ort=1/7
SHEN	4	7	Shen	eigenname	q=0/7 next_cap=2/8 prev_cap=5/7 titel=0 ort=0/7
SHEPPARD	8	7	Sheppard	eigenname	q=0/5 next_cap=1/7 prev_cap=4/5 titel=1 ort=1/5
SHERLOCK	8	7	Sherlock	eigenname	q=1/7 next_cap=4/7 prev_cap=2/7 titel=0 ort=0/7
SIBIRIENS	9	7	Sibiriens	eigenname	q=0/8 next_cap=0/8 prev_cap=8/8 titel=0 ort=0/8
SIBYLLA	7	7	Sibylla	eigenname	q=0/8 next_cap=4/8 prev_cap=6/8 titel=0 ort=0/8
SIDO	4	7	Sido	eigenname	q=0/4 next_cap=3/7 prev_cap=0/4 titel=0 ort=0/4
SIGL	4	7	Sigl	eigenname	q=0/6 next_cap=1/7 prev_cap=6/6 titel=0 ort=0/6
SILBERMANN	10	7	Silbermann	eigenname	q=0/8 next_cap=3/9 prev_cap=3/8 titel=0 ort=0/8
SIMEON	6	7	Simeon	eigenname	q=0/7 next_cap=6/8 prev_cap=3/7 titel=0 ort=0/7
SIMUNIC	7	7	Simunic	eigenname	q=0/6 next_cap=0/7 prev_cap=6/6 titel=0 ort=0/6
SION	4	7	Sion	eigenname	q=1/8 next_cap=3/10 prev_cap=3/8 titel=0 ort=1/8
SKA	3	7	Ska	eigenname	q=3/14 next_cap=10/14 prev_cap=4/14 titel=0 ort=0/14
SKILLS	6	7	Skills	eigenname	q=1/8 next_cap=3/8 prev_cap=2/8 titel=0 ort=0/8
SNYDER	6	7	Snyder	eigenname	q=0/7 next_cap=3/8 prev_cap=4/7 titel=0 ort=1/7
SODBRENNEN	10	7	Sodbrennen	eigenname	q=0/6 next_cap=1/7 prev_cap=2/6 titel=0 ort=0/6
SOLF	4	7	Solf	eigenname	q=0/5 next_cap=3/7 prev_cap=2/5 titel=0 ort=0/5
SOLMS	5	7	Solms	eigenname	q=0/7 next_cap=3/10 prev_cap=4/7 titel=0 ort=0/7
SOUVENIR	8	7	Souvenir	eigenname	q=1/8 next_cap=4/10 prev_cap=1/8 titel=0 ort=0/8
SOZIALFONDS	11	7	Sozialfonds	eigenname	q=1/7 next_cap=0/7 prev_cap=6/7 titel=0 ort=0/7
SPEIS	5	7	Speis	eigenname	q=0/7 next_cap=0/7 prev_cap=6/7 titel=0 ort=0/7
SPEISEEIS	9	7	Speiseeis	eigenname	q=0/7 next_cap=0/7 prev_cap=2/7 titel=0 ort=0/7
SPIEKEROOG	10	7	Spiekeroog	eigenname	q=0/7 next_cap=1/7 prev_cap=4/7 titel=0 ort=0/7
SPYWARE	7	7	Spyware	eigenname	q=1/8 next_cap=4/10 prev_cap=3/8 titel=0 ort=0/8
STAATSFONDS	11	7	Staatsfonds	eigenname	q=0/7 next_cap=0/7 prev_cap=0/7 titel=0 ort=0/7
STAFF	5	7	Staff	eigenname	q=1/7 next_cap=4/7 prev_cap=5/7 titel=0 ort=0/7
STAFFORD	8	7	Stafford	eigenname	q=0/6 next_cap=4/7 prev_cap=1/6 titel=0 ort=1/6
STANISLAW	9	7	Stanislaw	eigenname	q=0/7 next_cap=8/8 prev_cap=4/7 titel=0 ort=0/7
STAPLETON	9	7	Stapleton	eigenname	q=0/6 next_cap=1/7 prev_cap=2/6 titel=0 ort=0/6
STARKENBURG	11	7	Starkenburg	eigenname	q=1/6 next_cap=1/7 prev_cap=5/6 titel=0 ort=0/6
STEINBECK	9	7	Steinbeck	eigenname	q=0/7 next_cap=1/8 prev_cap=6/7 titel=0 ort=0/7
STEINBOCK	9	7	Steinbock	eigenname	q=2/11 next_cap=12/14 prev_cap=6/11 titel=0 ort=0/11
STEINFURT	9	7	Steinfurt	eigenname	q=0/6 next_cap=0/6 prev_cap=4/6 titel=0 ort=0/6
STEPHANS	8	7	Stephans	eigenname	q=1/7 next_cap=2/7 prev_cap=4/7 titel=0 ort=0/7
STRABAG	7	7	Strabag	eigenname	q=0/7 next_cap=4/10 prev_cap=2/7 titel=0 ort=0/7
STRAITS	7	7	Straits	eigenname	q=2/9 next_cap=7/9 prev_cap=5/9 titel=0 ort=0/9
STREUSALZ	9	7	Streusalz	eigenname	q=1/7 next_cap=3/10 prev_cap=3/7 titel=0 ort=0/7
STRINDBERG	10	7	Strindberg	eigenname	q=0/7 next_cap=1/7 prev_cap=4/7 titel=1 ort=0/7
STRUVE	6	7	Struve	eigenname	q=0/8 next_cap=3/8 prev_cap=5/8 titel=0 ort=0/8
STUTTGARTS	10	7	Stuttgarts	eigenname	q=0/6 next_cap=4/8 prev_cap=5/6 titel=0 ort=0/6
STUTZ	5	7	Stutz	eigenname	q=1/6 next_cap=0/7 prev_cap=3/6 titel=0 ort=0/6
SUBWAY	6	7	Subway	eigenname	q=1/8 next_cap=3/9 prev_cap=4/8 titel=0 ort=0/8
SUEZ	4	7	Suez	eigenname	q=0/5 next_cap=0/7 prev_cap=3/5 titel=0 ort=0/5
SUMNER	6	7	Sumner	eigenname	q=0/6 next_cap=2/7 prev_cap=3/6 titel=0 ort=0/6
SUNRISE	7	7	Sunrise	eigenname	q=1/6 next_cap=3/8 prev_cap=2/6 titel=0 ort=1/6
SUNSET	6	7	Sunset	eigenname	q=1/7 next_cap=4/7 prev_cap=2/7 titel=0 ort=0/7
SVOBODA	7	7	Svoboda	eigenname	q=0/7 next_cap=1/7 prev_cap=6/7 titel=0 ort=0/7
SYMANTEC	8	7	Symantec	eigenname	q=0/7 next_cap=3/9 prev_cap=3/7 titel=0 ort=0/7
SYNGENTA	8	7	Syngenta	eigenname	q=0/6 next_cap=2/9 prev_cap=2/6 titel=0 ort=0/6
TABAKWAREN	10	7	Tabakwaren	eigenname	q=0/6 next_cap=2/7 prev_cap=0/6 titel=0 ort=1/6
TAKASHI	7	7	Takashi	eigenname	q=1/7 next_cap=4/7 prev_cap=2/7 titel=0 ort=0/7
TALHEIM	7	7	Talheim	eigenname	q=0/6 next_cap=2/7 prev_cap=3/6 titel=0 ort=1/6
TANAKA	6	7	Tanaka	eigenname	q=0/6 next_cap=1/7 prev_cap=4/6 titel=0 ort=0/6
TANNHEIM	8	7	Tannheim	eigenname	q=0/7 next_cap=1/7 prev_cap=7/7 titel=0 ort=1/7
TANTIEMEN	9	7	Tantiemen	eigenname	q=0/5 next_cap=0/7 prev_cap=1/5 titel=0 ort=1/5
TANZTHEATER	11	7	Tanztheater	eigenname	q=0/9 next_cap=1/11 prev_cap=4/9 titel=0 ort=0/9
TARANTINO	9	7	Tarantino	eigenname	q=0/6 next_cap=1/7 prev_cap=4/6 titel=0 ort=1/6
TARQUINI	8	7	Tarquini	eigenname	q=0/6 next_cap=0/7 prev_cap=3/6 titel=0 ort=0/6
TCHIBO	6	7	Tchibo	eigenname	q=0/9 next_cap=6/12 prev_cap=1/9 titel=0 ort=2/9
TELEGRAMME	10	7	Telegramme	eigenname	q=0/7 next_cap=0/8 prev_cap=1/7 titel=0 ort=0/7
TEPE	4	7	Tepe	eigenname	q=0/7 next_cap=0/7 prev_cap=6/7 titel=0 ort=0/7
TESSA	5	7	Tessa	eigenname	q=0/3 next_cap=2/7 prev_cap=1/3 titel=0 ort=0/3
TESTZWECKEN	11	7	Testzwecken	eigenname	q=0/7 next_cap=0/7 prev_cap=0/7 titel=0 ort=0/7
TETRIS	6	7	Tetris	eigenname	q=0/7 next_cap=3/9 prev_cap=1/7 titel=0 ort=0/7
THASOS	6	7	Thasos	eigenname	q=0/7 next_cap=1/7 prev_cap=1/7 titel=0 ort=0/7
THEKLA	6	7	Thekla	eigenname	q=0/6 next_cap=2/7 prev_cap=3/6 titel=0 ort=0/6
THIEMANN	8	7	Thiemann	eigenname	q=1/5 next_cap=3/7 prev_cap=4/5 titel=0 ort=0/5
TIBOR	5	7	Tibor	eigenname	q=0/4 next_cap=5/7 prev_cap=2/4 titel=0 ort=0/4
TIMBERLAKE	10	7	Timberlake	eigenname	q=0/5 next_cap=0/7 prev_cap=3/5 titel=0 ort=0/5
TIMOSCHENKO	11	7	Timoschenko	eigenname	q=0/4 next_cap=1/7 prev_cap=3/4 titel=0 ort=0/4
TIVOLI	6	7	Tivoli	eigenname	q=2/12 next_cap=5/12 prev_cap=4/12 titel=0 ort=1/12
TOBI	4	7	Tobi	eigenname	q=1/6 next_cap=3/9 prev_cap=3/6 titel=0 ort=0/6
TOBLER	6	7	Tobler	eigenname	q=0/7 next_cap=1/7 prev_cap=3/7 titel=2 ort=0/7
TOELZ	5	7	Tölz	eigenname	q=0/9 next_cap=3/9 prev_cap=5/9 titel=0 ort=2/9
TOENNIES	8	7	Tönnies	eigenname	q=0/5 next_cap=1/8 prev_cap=3/5 titel=0 ort=0/5
TOMASO	6	7	Tomaso	eigenname	q=0/8 next_cap=2/8 prev_cap=8/8 titel=0 ort=0/8
TOMB	4	7	Tomb	eigenname	q=1/6 next_cap=5/7 prev_cap=4/6 titel=0 ort=1/6
TOMS	4	7	Toms	eigenname	q=1/6 next_cap=6/7 prev_cap=1/6 titel=0 ort=1/6
TORBEN	6	7	Torben	eigenname	q=0/5 next_cap=5/7 prev_cap=2/5 titel=0 ort=0/5
TORINO	6	7	Torino	eigenname	q=1/6 next_cap=1/7 prev_cap=4/6 titel=0 ort=0/6
TOULON	6	7	Toulon	eigenname	q=0/5 next_cap=0/7 prev_cap=2/5 titel=0 ort=1/5
TRADING	7	7	Trading	eigenname	q=3/15 next_cap=12/15 prev_cap=8/15 titel=0 ort=0/15
TRIXI	5	7	Trixi	eigenname	q=0/3 next_cap=2/7 prev_cap=1/3 titel=0 ort=0/3
TSCHECHIENS	11	7	Tschechiens	eigenname	q=0/5 next_cap=3/7 prev_cap=4/5 titel=0 ort=0/5
TUDOR	5	7	Tudor	eigenname	q=0/7 next_cap=2/7 prev_cap=4/7 titel=0 ort=0/7
TUKOH	5	7	Tukoh	eigenname	q=0/7 next_cap=7/7 prev_cap=5/7 titel=0 ort=0/7
TUNING	6	7	Tuning	eigenname	q=1/16 next_cap=9/18 prev_cap=6/16 titel=0 ort=0/16
TURNERIN	8	7	Turnerin	eigenname	q=0/7 next_cap=0/7 prev_cap=0/7 titel=0 ort=0/7
TWENTE	6	7	Twente	eigenname	q=0/7 next_cap=2/7 prev_cap=4/7 titel=0 ort=0/7
TYSON	5	7	Tyson	eigenname	q=0/5 next_cap=2/7 prev_cap=0/5 titel=0 ort=1/5
UEBEREIFER	10	7	Übereifer	eigenname	q=0/7 next_cap=0/7 prev_cap=1/7 titel=0 ort=1/7
ULRICHS	7	7	Ulrichs	eigenname	q=1/6 next_cap=2/8 prev_cap=5/6 titel=0 ort=0/6
UMBRUECHEN	10	7	Umbrüchen	eigenname	q=0/6 next_cap=0/7 prev_cap=0/6 titel=0 ort=0/6
UNTERWASSER	11	7	Unterwasser	eigenname	q=3/19 next_cap=14/19 prev_cap=4/19 titel=0 ort=1/19
URI	3	7	Uri	eigenname	q=0/5 next_cap=4/7 prev_cap=3/5 titel=0 ort=0/5
VANCE	5	7	Vance	eigenname	q=1/5 next_cap=0/7 prev_cap=3/5 titel=0 ort=0/5
VEITH	5	7	Veith	eigenname	q=1/6 next_cap=2/7 prev_cap=3/6 titel=0 ort=0/6
VERMEER	7	7	Vermeer	eigenname	q=0/6 next_cap=1/7 prev_cap=1/6 titel=0 ort=0/6
VIACOM	6	7	Viacom	eigenname	q=0/7 next_cap=3/10 prev_cap=1/7 titel=0 ort=0/7
VIEWEG	6	7	Vieweg	eigenname	q=0/6 next_cap=3/8 prev_cap=5/6 titel=0 ort=0/6
VIRGIL	6	7	Virgil	eigenname	q=0/6 next_cap=2/7 prev_cap=3/6 titel=0 ort=0/6
VISSER	6	7	Visser	eigenname	q=0/5 next_cap=1/7 prev_cap=3/5 titel=0 ort=0/5
VOGL	4	7	Vogl	eigenname	q=0/6 next_cap=1/7 prev_cap=6/6 titel=0 ort=0/6
VOLKERT	7	7	Volkert	eigenname	q=0/6 next_cap=1/7 prev_cap=4/6 titel=0 ort=0/6
VONTOBEL	8	7	Vontobel	eigenname	q=0/5 next_cap=1/8 prev_cap=0/5 titel=0 ort=1/5
VORPOSTEN	9	7	Vorposten	eigenname	q=0/7 next_cap=1/7 prev_cap=1/7 titel=0 ort=0/7
VRIES	5	7	Vries	eigenname	q=0/7 next_cap=1/7 prev_cap=2/7 titel=0 ort=0/7
VRONI	5	7	Vroni	eigenname	q=0/5 next_cap=1/7 prev_cap=1/5 titel=0 ort=0/5
WACHTER	7	7	Wachter	eigenname	q=0/6 next_cap=0/7 prev_cap=5/6 titel=1 ort=0/6
WAGENER	7	7	Wagener	eigenname	q=0/6 next_cap=3/8 prev_cap=5/6 titel=0 ort=0/6
WAKE	4	7	Wake	eigenname	q=1/5 next_cap=3/7 prev_cap=4/5 titel=0 ort=0/5
WALDEN	6	7	Walden	eigenname	q=0/6 next_cap=1/7 prev_cap=5/6 titel=0 ort=0/6
WALDO	5	7	Waldo	eigenname	q=1/5 next_cap=3/7 prev_cap=2/5 titel=0 ort=0/5
WALSRODE	8	7	Walsrode	eigenname	q=0/6 next_cap=0/7 prev_cap=4/6 titel=0 ort=1/6
WALZ	4	7	Walz	eigenname	q=0/8 next_cap=1/8 prev_cap=7/8 titel=0 ort=0/8
WARHOL	6	7	Warhol	eigenname	q=0/8 next_cap=3/10 prev_cap=3/8 titel=0 ort=0/8
WARSCHAUS	9	7	Warschaus	eigenname	q=0/7 next_cap=0/7 prev_cap=7/7 titel=0 ort=0/7
WASSERBALL	10	7	Wasserball	eigenname	q=2/14 next_cap=6/14 prev_cap=4/14 titel=0 ort=0/14
WEINSTEIN	9	7	Weinstein	eigenname	q=0/7 next_cap=1/7 prev_cap=7/7 titel=0 ort=0/7
WEISSFLOG	9	7	Weißflog	eigenname	q=0/6 next_cap=1/7 prev_cap=4/6 titel=0 ort=0/6
WEIZSAECKER	11	7	Weizsäcker	eigenname	q=0/5 next_cap=1/7 prev_cap=1/5 titel=0 ort=0/5
WENDY	5	7	Wendy	eigenname	q=0/6 next_cap=3/7 prev_cap=2/6 titel=0 ort=0/6
WERA	4	7	Wera	eigenname	q=1/5 next_cap=5/7 prev_cap=2/5 titel=0 ort=0/5
WESSELS	7	7	Wessels	eigenname	q=0/7 next_cap=0/7 prev_cap=6/7 titel=0 ort=0/7
WESTFALENS	10	7	Westfalens	eigenname	q=0/17 next_cap=6/17 prev_cap=17/17 titel=0 ort=0/17
WHITFIELD	9	7	Whitfield	eigenname	q=0/6 next_cap=1/7 prev_cap=4/6 titel=0 ort=0/6
WICKERT	7	7	Wickert	eigenname	q=0/7 next_cap=2/7 prev_cap=6/7 titel=0 ort=0/7
WIDMANN	7	7	Widmann	eigenname	q=0/6 next_cap=3/9 prev_cap=4/6 titel=0 ort=0/6
WIEBKE	6	7	Wiebke	eigenname	q=0/6 next_cap=4/7 prev_cap=3/6 titel=1 ort=0/6
WIEDEMANN	9	7	Wiedemann	eigenname	q=0/7 next_cap=2/8 prev_cap=7/7 titel=0 ort=0/7
WIESER	6	7	Wieser	eigenname	q=0/4 next_cap=1/7 prev_cap=3/4 titel=0 ort=0/4
WIKILEAKS	9	7	Wikileaks	eigenname	q=0/18 next_cap=13/20 prev_cap=3/18 titel=0 ort=0/18
WILDERNESS	10	7	Wilderness	eigenname	q=1/7 next_cap=6/7 prev_cap=4/7 titel=0 ort=0/7
WILMERSDORF	11	7	Wilmersdorf	eigenname	q=1/21 next_cap=1/21 prev_cap=14/21 titel=0 ort=4/21
WINNETOU	8	7	Winnetou	eigenname	q=0/7 next_cap=4/10 prev_cap=2/7 titel=0 ort=0/7
WIRZ	4	7	Wirz	eigenname	q=1/6 next_cap=2/7 prev_cap=4/6 titel=0 ort=0/6
WOHNKLIMA	9	7	Wohnklima	eigenname	q=0/7 next_cap=0/7 prev_cap=0/7 titel=0 ort=0/7
WOHNRECHT	9	7	Wohnrecht	eigenname	q=0/7 next_cap=0/7 prev_cap=0/7 titel=0 ort=0/7
WOTAN	5	7	Wotan	eigenname	q=0/4 next_cap=1/6 prev_cap=2/4 titel=0 ort=0/4
WUESTENROT	10	7	Wüstenrot	eigenname	q=1/9 next_cap=6/10 prev_cap=4/9 titel=0 ort=1/9
WYATT	5	7	Wyatt	eigenname	q=0/4 next_cap=2/7 prev_cap=4/4 titel=0 ort=0/4
YANNICK	7	7	Yannick	eigenname	q=0/6 next_cap=5/7 prev_cap=2/6 titel=0 ort=0/6
YUNNAN	6	7	Yunnan	eigenname	q=0/8 next_cap=1/8 prev_cap=2/8 titel=0 ort=1/8
ZAMORA	6	7	Zamora	eigenname	q=0/6 next_cap=1/7 prev_cap=3/6 titel=0 ort=0/6
ZAPPA	5	7	Zappa	eigenname	q=1/6 next_cap=1/8 prev_cap=3/6 titel=0 ort=0/6
ZELLWEGER	9	7	Zellweger	eigenname	q=0/5 next_cap=0/7 prev_cap=1/5 titel=0 ort=0/5
ZIP	3	7	Zip	eigenname	q=3/18 next_cap=17/18 prev_cap=3/18 titel=0 ort=1/18
ZWALLA	6	7	Zwalla	eigenname	q=0/7 next_cap=1/7 prev_cap=7/7 titel=0 ort=0/7
ZWIETRACHT	10	7	Zwietracht	eigenname	q=0/7 next_cap=0/7 prev_cap=0/7 titel=0 ort=0/7
ABDEL	5	6	Abdel	eigenname	q=0/4 next_cap=5/7 prev_cap=3/4 titel=0 ort=0/4
ABEBA	5	6	Abeba	eigenname	q=0/6 next_cap=3/6 prev_cap=6/6 titel=0 ort=0/6
ABELS	5	6	Abels	eigenname	q=0/5 next_cap=1/6 prev_cap=5/5 titel=0 ort=0/5
ABLAEUFEN	9	6	Abläufen	eigenname	q=0/6 next_cap=0/6 prev_cap=0/6 titel=0 ort=0/6
ABRAHAMS	8	6	Abrahams	eigenname	q=0/5 next_cap=3/6 prev_cap=5/5 titel=0 ort=0/5
AICHINGER	9	6	Aichinger	eigenname	q=0/4 next_cap=0/6 prev_cap=4/4 titel=0 ort=0/4
AIRS	4	6	Airs	eigenname	q=1/9 next_cap=0/9 prev_cap=8/9 titel=0 ort=0/9
AKZENTEN	8	6	Akzenten	eigenname	q=0/6 next_cap=1/6 prev_cap=0/6 titel=0 ort=0/6
ALBERTA	7	6	Alberta	eigenname	q=1/7 next_cap=4/7 prev_cap=3/7 titel=0 ort=0/7
ALBERTI	7	6	Alberti	eigenname	q=0/6 next_cap=1/6 prev_cap=4/6 titel=0 ort=1/6
ALBERTINE	9	6	Albertine	eigenname	q=0/5 next_cap=3/6 prev_cap=3/5 titel=2 ort=0/5
ALDEN	5	6	Alden	eigenname	q=1/6 next_cap=1/6 prev_cap=5/6 titel=0 ort=0/6
ALEGRE	6	6	Alegre	eigenname	q=0/6 next_cap=1/6 prev_cap=6/6 titel=0 ort=0/6
ALENA	5	6	Alena	eigenname	q=0/3 next_cap=2/6 prev_cap=2/3 titel=0 ort=0/3
ALLG	4	6	Allg	eigenname	q=0/6 next_cap=0/6 prev_cap=6/6 titel=0 ort=0/6
ALTGLAS	7	6	Altglas	eigenname	q=0/6 next_cap=2/7 prev_cap=0/6 titel=0 ort=1/6
ALVAREZ	7	6	Alvarez	eigenname	q=0/8 next_cap=3/9 prev_cap=6/8 titel=0 ort=1/8
AMANN	5	6	Amann	eigenname	q=0/6 next_cap=0/6 prev_cap=3/6 titel=0 ort=1/6
AMMER	5	6	Ammer	eigenname	q=0/5 next_cap=2/8 prev_cap=3/5 titel=0 ort=0/5
AMSTERDAMS	10	6	Amsterdams	eigenname	q=0/6 next_cap=1/6 prev_cap=4/6 titel=0 ort=0/6
ANDERMATT	9	6	Andermatt	eigenname	q=1/6 next_cap=0/6 prev_cap=3/6 titel=0 ort=0/6
ANELKA	6	6	Anelka	eigenname	q=0/3 next_cap=0/6 prev_cap=1/3 titel=0 ort=0/3
ANKA	4	6	Anka	eigenname	q=0/5 next_cap=1/6 prev_cap=0/5 titel=0 ort=0/5
ANNABELLE	9	6	Annabelle	eigenname	q=0/5 next_cap=1/6 prev_cap=0/5 titel=0 ort=0/5
ANNY	4	6	Anny	eigenname	q=0/5 next_cap=2/6 prev_cap=1/5 titel=0 ort=0/5
ANSON	5	6	Anson	eigenname	q=0/5 next_cap=4/6 prev_cap=5/5 titel=0 ort=0/5
ANTIGONOS	9	6	Antigonos	eigenname	q=0/5 next_cap=2/6 prev_cap=1/5 titel=0 ort=0/5
ANTILLEN	8	6	Antillen	eigenname	q=0/6 next_cap=0/6 prev_cap=5/6 titel=0 ort=0/6
ANTOINETTE	10	6	Antoinette	eigenname	q=0/10 next_cap=4/10 prev_cap=7/10 titel=0 ort=1/10
APEL	4	6	Apel	eigenname	q=0/6 next_cap=1/7 prev_cap=3/6 titel=0 ort=0/6
APOLLONIA	9	6	Apollonia	eigenname	q=0/6 next_cap=1/6 prev_cap=3/6 titel=0 ort=1/6
APPARATEN	9	6	Apparaten	eigenname	q=0/7 next_cap=0/7 prev_cap=1/7 titel=0 ort=1/7
AQUIN	5	6	Aquin	eigenname	q=0/6 next_cap=2/6 prev_cap=0/6 titel=0 ort=0/6
ARABELLA	8	6	Arabella	eigenname	q=1/5 next_cap=2/6 prev_cap=1/5 titel=0 ort=0/5
ARCADIA	7	6	Arcadia	eigenname	q=0/5 next_cap=0/5 prev_cap=1/5 titel=0 ort=0/5
ARGENTINA	9	6	Argentina	eigenname	q=0/6 next_cap=1/6 prev_cap=5/6 titel=0 ort=0/6
ARIANNA	7	6	Arianna	eigenname	q=0/4 next_cap=3/6 prev_cap=1/4 titel=0 ort=0/4
ARIS	4	6	Aris	eigenname	q=1/5 next_cap=3/5 prev_cap=3/5 titel=0 ort=0/5
ARMANDO	7	6	Armando	eigenname	q=0/6 next_cap=4/6 prev_cap=4/6 titel=1 ort=0/6
ARMBAENDER	10	6	Armbänder	eigenname	q=1/6 next_cap=0/6 prev_cap=3/6 titel=0 ort=0/6
ARN	3	6	Arn	eigenname	q=0/6 next_cap=2/6 prev_cap=5/6 titel=0 ort=0/6
ARON	4	6	Aron	eigenname	q=0/6 next_cap=2/6 prev_cap=2/6 titel=0 ort=0/6
ARSACE	6	6	Arsace	eigenname	q=0/4 next_cap=2/6 prev_cap=2/4 titel=0 ort=0/4
ARSLAN	6	6	Arslan	eigenname	q=0/6 next_cap=2/7 prev_cap=4/6 titel=0 ort=0/6
ARTJOM	6	6	Artjom	eigenname	q=0/5 next_cap=2/6 prev_cap=1/5 titel=0 ort=1/5
ASSAUER	7	6	Assauer	eigenname	q=1/5 next_cap=0/6 prev_cap=3/5 titel=0 ort=0/5
ASSOCIATED	10	6	Associated	eigenname	q=1/5 next_cap=6/6 prev_cap=2/5 titel=0 ort=0/5
ATLETICO	8	6	Atletico	eigenname	q=0/4 next_cap=3/6 prev_cap=1/4 titel=0 ort=0/4
AUSKOPPLUNG	11	6	Auskopplung	eigenname	q=2/13 next_cap=4/13 prev_cap=8/13 titel=0 ort=0/13
AUSTERMANN	10	6	Austermann	eigenname	q=0/4 next_cap=2/6 prev_cap=3/4 titel=1 ort=0/4
AUTODESK	8	6	Autodesk	eigenname	q=0/4 next_cap=1/6 prev_cap=1/4 titel=0 ort=0/4
AYA	3	6	Aya	eigenname	q=0/6 next_cap=2/6 prev_cap=2/6 titel=0 ort=0/6
AZAL	4	6	Azal	eigenname	q=0/6 next_cap=4/6 prev_cap=2/6 titel=0 ort=0/6
AZIZ	4	6	Aziz	eigenname	q=0/4 next_cap=3/6 prev_cap=3/4 titel=0 ort=0/4
AZUL	4	6	Azul	eigenname	q=0/6 next_cap=0/6 prev_cap=6/6 titel=0 ort=0/6
BACHSTRASSE	11	6	Bachstraße	eigenname	q=1/6 next_cap=0/6 prev_cap=4/6 titel=0 ort=0/6
BACKBONE	8	6	Backbone	eigenname	q=2/12 next_cap=5/12 prev_cap=3/12 titel=0 ort=0/12
BACKGROUND	10	6	Background	eigenname	q=1/9 next_cap=5/10 prev_cap=1/9 titel=0 ort=0/9
BALDI	5	6	Baldi	eigenname	q=0/6 next_cap=0/6 prev_cap=2/6 titel=0 ort=0/6
BANCORP	7	6	Bancorp	eigenname	q=0/4 next_cap=0/6 prev_cap=4/4 titel=0 ort=0/4
BARRYMORE	9	6	Barrymore	eigenname	q=0/5 next_cap=1/6 prev_cap=5/5 titel=0 ort=0/5
BARTENSTEIN	11	6	Bartenstein	eigenname	q=0/5 next_cap=1/7 prev_cap=4/5 titel=1 ort=1/5
BASILIKUM	9	6	Basilikum	eigenname	q=0/6 next_cap=1/6 prev_cap=2/6 titel=0 ort=0/6
BASTI	5	6	Basti	eigenname	q=0/3 next_cap=1/6 prev_cap=1/3 titel=0 ort=0/3
BATTISTA	8	6	Battista	eigenname	q=0/6 next_cap=4/6 prev_cap=6/6 titel=0 ort=0/6
BAUELEMENT	10	6	Bauelement	eigenname	q=0/6 next_cap=0/6 prev_cap=0/6 titel=0 ort=0/6
BAUMGRUPPEN	11	6	Baumgruppen	eigenname	q=0/6 next_cap=0/6 prev_cap=0/6 titel=0 ort=0/6
BAYKAL	6	6	Baykal	eigenname	q=0/3 next_cap=0/6 prev_cap=3/3 titel=0 ort=0/3
BEAM	4	6	Beam	eigenname	q=1/5 next_cap=3/6 prev_cap=3/5 titel=0 ort=0/5
BEATMUNG	8	6	Beatmung	eigenname	q=2/11 next_cap=0/11 prev_cap=6/11 titel=0 ort=0/11
BECKUM	6	6	Beckum	eigenname	q=0/5 next_cap=0/6 prev_cap=3/5 titel=0 ort=1/5
BEETHOVENS	10	6	Beethovens	eigenname	q=1/6 next_cap=5/6 prev_cap=0/6 titel=0 ort=0/6
BEGEHUNGEN	10	6	Begehungen	eigenname	q=0/7 next_cap=0/7 prev_cap=1/7 titel=0 ort=0/7
BEHR	4	6	Behr	eigenname	q=0/5 next_cap=0/6 prev_cap=2/5 titel=0 ort=0/5
BENAISSA	8	6	Benaissa	eigenname	q=0/4 next_cap=0/6 prev_cap=3/4 titel=1 ort=0/4
BENJAMINS	9	6	Benjamins	eigenname	q=1/6 next_cap=3/6 prev_cap=3/6 titel=0 ort=1/6
BERISHA	7	6	Berisha	eigenname	q=0/4 next_cap=1/6 prev_cap=3/4 titel=0 ort=0/4
BERNARDINO	10	6	Bernardino	eigenname	q=0/6 next_cap=4/8 prev_cap=5/6 titel=0 ort=0/6
BERNARDO	8	6	Bernardo	eigenname	q=0/4 next_cap=1/6 prev_cap=1/4 titel=0 ort=0/4
BERNE	5	6	Berne	eigenname	q=0/6 next_cap=0/6 prev_cap=3/6 titel=0 ort=1/6
BERNWARD	8	6	Bernward	eigenname	q=0/6 next_cap=4/6 prev_cap=6/6 titel=0 ort=0/6
BEROLINA	8	6	Berolina	eigenname	q=1/5 next_cap=2/6 prev_cap=3/5 titel=0 ort=0/5
BETHGE	6	6	Bethge	eigenname	q=0/5 next_cap=1/6 prev_cap=4/5 titel=0 ort=0/5
BETZ	4	6	Betz	eigenname	q=0/4 next_cap=1/7 prev_cap=3/4 titel=0 ort=0/4
BHUMIBOL	8	6	Bhumibol	eigenname	q=0/8 next_cap=2/8 prev_cap=5/8 titel=0 ort=0/8
BIENENWACHS	11	6	Bienenwachs	eigenname	q=0/6 next_cap=0/6 prev_cap=1/6 titel=0 ort=0/6
BILBAO	6	6	Bilbao	eigenname	q=0/7 next_cap=1/7 prev_cap=3/7 titel=0 ort=1/7
BILLETER	8	6	Billeter	eigenname	q=1/5 next_cap=0/6 prev_cap=3/5 titel=0 ort=0/5
BINZ	4	6	Binz	eigenname	q=0/5 next_cap=0/7 prev_cap=4/5 titel=0 ort=1/5
BIRK	4	6	Birk	eigenname	q=0/4 next_cap=3/6 prev_cap=3/4 titel=0 ort=0/4
BISMARK	7	6	Bismark	eigenname	q=0/8 next_cap=8/8 prev_cap=6/8 titel=0 ort=0/8
BIZKIT	6	6	Bizkit	eigenname	q=0/6 next_cap=0/6 prev_cap=6/6 titel=0 ort=0/6
BLACKWOOD	9	6	Blackwood	eigenname	q=1/6 next_cap=2/6 prev_cap=4/6 titel=0 ort=1/6
BLAESCHEN	9	6	Bläschen	eigenname	q=0/6 next_cap=0/6 prev_cap=0/6 titel=0 ort=0/6
BLAKES	6	6	Blakes	eigenname	q=0/4 next_cap=6/6 prev_cap=1/4 titel=0 ort=0/4
BLANCA	6	6	Blanca	eigenname	q=0/4 next_cap=3/6 prev_cap=2/4 titel=0 ort=0/4
BLANCHARD	9	6	Blanchard	eigenname	q=0/5 next_cap=1/6 prev_cap=4/5 titel=0 ort=0/5
BLATTGOLD	9	6	Blattgold	eigenname	q=0/5 next_cap=0/6 prev_cap=1/5 titel=0 ort=0/5
BLAZEK	6	6	Blazek	eigenname	q=0/6 next_cap=5/7 prev_cap=6/6 titel=0 ort=0/6
BLEY	4	6	Bley	eigenname	q=0/5 next_cap=1/7 prev_cap=4/5 titel=0 ort=0/5
BLOMBERG	8	6	Blomberg	eigenname	q=1/6 next_cap=1/7 prev_cap=3/6 titel=0 ort=0/6
BOBO	4	6	Bobo	eigenname	q=0/6 next_cap=2/7 prev_cap=5/6 titel=0 ort=0/6
BODENFUNDE	10	6	Bodenfunde	eigenname	q=0/3 next_cap=0/6 prev_cap=0/3 titel=0 ort=0/3
BODMER	6	6	Bodmer	eigenname	q=0/6 next_cap=1/6 prev_cap=4/6 titel=0 ort=0/6
BOEHMENS	8	6	Böhmens	eigenname	q=0/6 next_cap=0/6 prev_cap=6/6 titel=0 ort=0/6
BOELL	5	6	Böll	eigenname	q=1/14 next_cap=10/15 prev_cap=10/14 titel=0 ort=1/14
BOERNER	7	6	Börner	eigenname	q=0/4 next_cap=3/7 prev_cap=1/4 titel=0 ort=0/4
BOGDAN	6	6	Bogdan	eigenname	q=0/5 next_cap=3/6 prev_cap=5/5 titel=0 ort=0/5
BOHLEY	6	6	Bohley	eigenname	q=0/4 next_cap=1/6 prev_cap=4/4 titel=0 ort=0/4
BOLDT	5	6	Boldt	eigenname	q=0/5 next_cap=1/6 prev_cap=3/5 titel=1 ort=0/5
BONAVENTURA	11	6	Bonaventura	eigenname	q=0/5 next_cap=2/6 prev_cap=3/5 titel=0 ort=0/5
BONDY	5	6	Bondy	eigenname	q=0/5 next_cap=2/7 prev_cap=5/5 titel=0 ort=0/5
BOOS	4	6	Boos	eigenname	q=1/7 next_cap=1/7 prev_cap=5/7 titel=0 ort=0/7
BOSQUE	6	6	Bosque	eigenname	q=0/5 next_cap=1/6 prev_cap=3/5 titel=0 ort=0/5
BOSWORTH	8	6	Bosworth	eigenname	q=0/5 next_cap=1/6 prev_cap=5/5 titel=0 ort=0/5
BOURDAIS	8	6	Bourdais	eigenname	q=0/4 next_cap=0/6 prev_cap=1/4 titel=0 ort=0/4
BRABANT	7	6	Brabant	eigenname	q=0/7 next_cap=0/7 prev_cap=5/7 titel=0 ort=1/7
BRADL	5	6	Bradl	eigenname	q=0/6 next_cap=0/6 prev_cap=4/6 titel=0 ort=0/6
BRAKEL	6	6	Brakel	eigenname	q=0/6 next_cap=0/6 prev_cap=2/6 titel=0 ort=0/6
BRENDER	7	6	Brender	eigenname	q=0/4 next_cap=0/6 prev_cap=2/4 titel=0 ort=0/4
BRENTANO	8	6	Brentano	eigenname	q=0/8 next_cap=2/9 prev_cap=6/8 titel=0 ort=0/8
BRIATORE	8	6	Briatore	eigenname	q=0/3 next_cap=0/6 prev_cap=2/3 titel=0 ort=0/3
BRIDGESTONE	11	6	Bridgestone	eigenname	q=0/7 next_cap=4/10 prev_cap=2/7 titel=0 ort=0/7
BRIDGET	7	6	Bridget	eigenname	q=0/4 next_cap=4/7 prev_cap=2/4 titel=0 ort=0/4
BUBI	4	6	Bubi	eigenname	q=0/5 next_cap=2/6 prev_cap=2/5 titel=0 ort=0/5
BUBIS	5	6	Bubis	eigenname	q=1/6 next_cap=0/6 prev_cap=4/6 titel=0 ort=0/6
BUFFETS	7	6	Buffets	eigenname	q=1/6 next_cap=3/6 prev_cap=2/6 titel=0 ort=0/6
BUKOWSKI	8	6	Bukowski	eigenname	q=0/5 next_cap=1/6 prev_cap=3/5 titel=0 ort=0/5
BULMAHN	7	6	Bulmahn	eigenname	q=0/6 next_cap=3/6 prev_cap=6/6 titel=0 ort=0/6
BUNA	4	6	Buna	eigenname	q=0/6 next_cap=4/6 prev_cap=5/6 titel=0 ort=1/6
BURBACH	7	6	Burbach	eigenname	q=0/9 next_cap=1/9 prev_cap=6/9 titel=0 ort=2/9
BURGAS	6	6	Burgas	eigenname	q=1/6 next_cap=1/6 prev_cap=4/6 titel=0 ort=0/6
BURKART	7	6	Burkart	eigenname	q=1/6 next_cap=1/6 prev_cap=3/6 titel=1 ort=1/6
BURMESTER	9	6	Burmester	eigenname	q=0/6 next_cap=2/7 prev_cap=6/6 titel=0 ort=0/6
BUTTLAR	7	6	Buttlar	eigenname	q=0/7 next_cap=1/7 prev_cap=0/7 titel=0 ort=1/7
BYRD	4	6	Byrd	eigenname	q=1/6 next_cap=2/7 prev_cap=4/6 titel=0 ort=0/6
CACAU	5	6	Cacau	eigenname	q=0/4 next_cap=1/6 prev_cap=1/4 titel=0 ort=0/4
CADETS	6	6	Cadets	eigenname	q=1/6 next_cap=0/6 prev_cap=5/6 titel=0 ort=0/6
CALCIO	6	6	Calcio	eigenname	q=1/6 next_cap=1/6 prev_cap=5/6 titel=0 ort=0/6
CALLWEY	7	6	Callwey	eigenname	q=0/4 next_cap=5/6 prev_cap=1/4 titel=0 ort=0/4
CANNAVARO	9	6	Cannavaro	eigenname	q=0/5 next_cap=0/6 prev_cap=4/5 titel=0 ort=0/5
CAROLINES	9	6	Carolines	eigenname	q=0/5 next_cap=3/6 prev_cap=2/5 titel=0 ort=0/5
CARSON	6	6	Carson	eigenname	q=1/5 next_cap=2/6 prev_cap=4/5 titel=0 ort=0/5
CARUSO	6	6	Caruso	eigenname	q=0/5 next_cap=2/7 prev_cap=4/5 titel=0 ort=0/5
CARVALHO	8	6	Carvalho	eigenname	q=0/4 next_cap=0/6 prev_cap=2/4 titel=0 ort=0/4
CASABLANCA	10	6	Casablanca	eigenname	q=0/6 next_cap=1/6 prev_cap=3/6 titel=0 ort=1/6
CASSANDRA	9	6	Cassandra	eigenname	q=0/6 next_cap=2/7 prev_cap=1/6 titel=0 ort=0/6
CASSIDY	7	6	Cassidy	eigenname	q=0/4 next_cap=2/6 prev_cap=3/4 titel=0 ort=0/4
CASSIRER	8	6	Cassirer	eigenname	q=1/6 next_cap=2/7 prev_cap=3/6 titel=0 ort=0/6
CASTELO	7	6	Castelo	eigenname	q=0/6 next_cap=1/6 prev_cap=2/6 titel=0 ort=0/6
CASTILLO	8	6	Castillo	eigenname	q=1/6 next_cap=0/6 prev_cap=5/6 titel=0 ort=0/6
CELINE	6	6	Celine	eigenname	q=0/4 next_cap=2/6 prev_cap=1/4 titel=0 ort=0/4
CERBERUS	8	6	Cerberus	eigenname	q=0/5 next_cap=0/6 prev_cap=4/5 titel=0 ort=0/5
CHARLEY	7	6	Charley	eigenname	q=0/6 next_cap=5/6 prev_cap=2/6 titel=0 ort=0/6
CHARTE	6	6	Charte	eigenname	q=1/6 next_cap=0/6 prev_cap=6/6 titel=0 ort=0/6
CHARTRES	8	6	Chartres	eigenname	q=0/5 next_cap=1/6 prev_cap=1/5 titel=0 ort=0/5
CHIAPAS	7	6	Chiapas	eigenname	q=0/8 next_cap=2/8 prev_cap=1/8 titel=0 ort=1/8
CHORMUSIK	9	6	Chormusik	eigenname	q=0/6 next_cap=1/6 prev_cap=0/6 titel=0 ort=0/6
CHRISTENSEN	11	6	Christensen	eigenname	q=0/4 next_cap=2/6 prev_cap=4/4 titel=0 ort=0/4
CHROM	5	6	Chrom	eigenname	q=2/13 next_cap=6/14 prev_cap=4/13 titel=0 ort=1/13
CHUNG	5	6	Chung	eigenname	q=1/6 next_cap=3/7 prev_cap=3/6 titel=0 ort=1/6
CLEMEN	6	6	Clemen	eigenname	q=0/6 next_cap=5/6 prev_cap=6/6 titel=0 ort=0/6
COLOURS	7	6	Colours	eigenname	q=0/6 next_cap=2/6 prev_cap=5/6 titel=0 ort=0/6
COLTRANE	8	6	Coltrane	eigenname	q=0/5 next_cap=0/7 prev_cap=4/5 titel=0 ort=0/5
COMMUNITIES	11	6	Communities	eigenname	q=1/8 next_cap=1/9 prev_cap=5/8 titel=0 ort=0/8
CONNOLLY	8	6	Connolly	eigenname	q=0/5 next_cap=1/6 prev_cap=4/5 titel=0 ort=0/5
CONRADS	7	6	Conrads	eigenname	q=0/5 next_cap=2/6 prev_cap=4/5 titel=0 ort=0/5
CONSORS	7	6	Consors	eigenname	q=0/7 next_cap=4/10 prev_cap=3/7 titel=0 ort=1/7
COOKE	5	6	Cooke	eigenname	q=0/5 next_cap=1/6 prev_cap=5/5 titel=0 ort=0/5
COPELAND	8	6	Copeland	eigenname	q=0/5 next_cap=0/6 prev_cap=4/5 titel=0 ort=0/5
CORNELL	7	6	Cornell	eigenname	q=0/6 next_cap=2/6 prev_cap=5/6 titel=0 ort=0/6
CORONAVIRUS	11	6	Coronavirus	eigenname	q=2/9 next_cap=4/9 prev_cap=1/9 titel=0 ort=0/9
COSMO	5	6	Cosmo	eigenname	q=1/5 next_cap=3/6 prev_cap=2/5 titel=0 ort=0/5
COSWORTH	8	6	Cosworth	eigenname	q=2/9 next_cap=5/10 prev_cap=1/9 titel=0 ort=0/9
CREMES	6	6	Cremes	eigenname	q=1/7 next_cap=0/7 prev_cap=4/7 titel=0 ort=0/7
CROSSOVER	9	6	Crossover	eigenname	q=2/10 next_cap=6/11 prev_cap=1/10 titel=0 ort=0/10
CROYDON	7	6	Croydon	eigenname	q=0/6 next_cap=2/6 prev_cap=5/6 titel=0 ort=0/6
CULTURA	7	6	Cultura	eigenname	q=0/6 next_cap=4/6 prev_cap=1/6 titel=0 ort=0/6
CUNHA	5	6	Cunha	eigenname	q=0/6 next_cap=0/6 prev_cap=2/6 titel=0 ort=0/6
CURTIN	6	6	Curtin	eigenname	q=0/5 next_cap=3/6 prev_cap=5/5 titel=0 ort=0/5
CUSTOMER	8	6	Customer	eigenname	q=2/9 next_cap=8/9 prev_cap=4/9 titel=0 ort=0/9
DAHLBERG	8	6	Dahlberg	eigenname	q=0/5 next_cap=0/6 prev_cap=4/5 titel=0 ort=0/5
DAHMS	5	6	Dahms	eigenname	q=0/5 next_cap=2/6 prev_cap=4/5 titel=0 ort=0/5
DAMAS	5	6	Damas	eigenname	q=0/5 next_cap=0/6 prev_cap=2/5 titel=0 ort=0/5
DANDOLO	7	6	Dandolo	eigenname	q=1/6 next_cap=1/6 prev_cap=4/6 titel=0 ort=0/6
DANTON	6	6	Danton	eigenname	q=0/5 next_cap=1/6 prev_cap=0/5 titel=0 ort=0/5
DEBBIE	6	6	Debbie	eigenname	q=0/5 next_cap=2/6 prev_cap=3/5 titel=0 ort=0/5
DEBIAN	6	6	Debian	eigenname	q=0/9 next_cap=5/10 prev_cap=0/9 titel=0 ort=0/9
DELIVERY	8	6	Delivery	eigenname	q=0/6 next_cap=5/6 prev_cap=4/6 titel=0 ort=0/6
DEMIAN	6	6	Demian	eigenname	q=0/4 next_cap=4/6 prev_cap=2/4 titel=0 ort=0/4
DEMNIG	6	6	Demnig	eigenname	q=0/4 next_cap=0/6 prev_cap=3/4 titel=0 ort=0/4
DEWEY	5	6	Dewey	eigenname	q=0/3 next_cap=2/6 prev_cap=1/3 titel=0 ort=0/3
DIACONUS	8	6	Diaconus	eigenname	q=0/6 next_cap=2/6 prev_cap=5/6 titel=0 ort=0/6
DIANAS	6	6	Dianas	eigenname	q=0/5 next_cap=5/6 prev_cap=0/5 titel=0 ort=1/5
DICKIE	6	6	Dickie	eigenname	q=0/6 next_cap=3/6 prev_cap=3/6 titel=0 ort=0/6
DIEZ	4	6	Diez	eigenname	q=0/6 next_cap=2/8 prev_cap=3/6 titel=0 ort=1/6
DINIZ	5	6	Diniz	eigenname	q=0/3 next_cap=0/6 prev_cap=1/3 titel=0 ort=0/3
DIRECTION	9	6	Direction	eigenname	q=1/6 next_cap=2/6 prev_cap=5/6 titel=0 ort=0/6
DOENITZ	7	6	Dönitz	eigenname	q=0/5 next_cap=0/6 prev_cap=3/5 titel=0 ort=0/5
DOERRIE	7	6	Dörrie	eigenname	q=1/6 next_cap=0/6 prev_cap=5/6 titel=0 ort=0/6
DOMITIAN	8	6	Domitian	eigenname	q=0/6 next_cap=1/6 prev_cap=2/6 titel=0 ort=1/6
DORST	5	6	Dorst	eigenname	q=0/5 next_cap=1/7 prev_cap=3/5 titel=0 ort=0/5
DRAGONER	8	6	Dragoner	eigenname	q=1/12 next_cap=7/12 prev_cap=5/12 titel=0 ort=0/12
DRECHSEL	8	6	Drechsel	eigenname	q=0/6 next_cap=0/6 prev_cap=4/6 titel=0 ort=0/6
DSCHASIRA	9	6	Dschasira	eigenname	q=0/10 next_cap=1/10 prev_cap=9/10 titel=0 ort=0/10
DSCHINGIS	9	6	Dschingis	eigenname	q=1/5 next_cap=5/6 prev_cap=0/5 titel=0 ort=0/5
DUCATI	6	6	Ducati	eigenname	q=1/9 next_cap=6/12 prev_cap=5/9 titel=0 ort=0/9
DUISENBERG	10	6	Duisenberg	eigenname	q=0/3 next_cap=0/6 prev_cap=2/3 titel=0 ort=0/3
DUN	3	6	Dun	eigenname	q=1/6 next_cap=4/6 prev_cap=4/6 titel=0 ort=0/6
DUNDEE	6	6	Dundee	eigenname	q=0/3 next_cap=0/6 prev_cap=0/3 titel=0 ort=0/3
DUNN	4	6	Dunn	eigenname	q=0/6 next_cap=1/6 prev_cap=4/6 titel=0 ort=0/6
DUR	3	6	Dur	eigenname	q=2/69 next_cap=13/69 prev_cap=63/69 titel=0 ort=3/69
DURAND	6	6	Durand	eigenname	q=1/8 next_cap=4/8 prev_cap=3/8 titel=0 ort=0/8
DUTT	4	6	Dutt	eigenname	q=0/5 next_cap=1/6 prev_cap=4/5 titel=1 ort=0/5
ECKSTEIN	8	6	Eckstein	eigenname	q=1/6 next_cap=1/6 prev_cap=4/6 titel=0 ort=0/6
EDO	3	6	Edo	eigenname	q=1/8 next_cap=6/9 prev_cap=3/8 titel=0 ort=1/8
EHRMANN	7	6	Ehrmann	eigenname	q=1/5 next_cap=1/6 prev_cap=4/5 titel=0 ort=0/5
ELBER	5	6	Elber	eigenname	q=0/4 next_cap=0/6 prev_cap=3/4 titel=0 ort=0/4
ELFENBEIN	9	6	Elfenbein	eigenname	q=2/9 next_cap=3/9 prev_cap=3/9 titel=0 ort=1/9
ELIOT	5	6	Eliot	eigenname	q=0/5 next_cap=3/6 prev_cap=4/5 titel=0 ort=0/5
ELISABETHS	10	6	Elisabeths	eigenname	q=0/4 next_cap=4/6 prev_cap=1/4 titel=0 ort=0/4
EMIN	4	6	Emin	eigenname	q=1/6 next_cap=2/6 prev_cap=5/6 titel=0 ort=0/6
EMMI	4	6	Emmi	eigenname	q=0/5 next_cap=2/6 prev_cap=0/5 titel=0 ort=0/5
ENDRES	6	6	Endres	eigenname	q=0/5 next_cap=1/6 prev_cap=4/5 titel=1 ort=0/5
ENERCON	7	6	Enercon	eigenname	q=1/6 next_cap=3/7 prev_cap=2/6 titel=0 ort=0/6
ENGELBRECHT	11	6	Engelbrecht	eigenname	q=0/5 next_cap=2/6 prev_cap=4/5 titel=0 ort=0/5
ENI	3	6	Eni	eigenname	q=0/3 next_cap=2/7 prev_cap=1/3 titel=0 ort=0/3
EPHRAIM	7	6	Ephraim	eigenname	q=0/5 next_cap=3/6 prev_cap=1/5 titel=0 ort=1/5
ERWERBUNGEN	11	6	Erwerbungen	eigenname	q=0/5 next_cap=0/6 prev_cap=0/5 titel=0 ort=0/5
ERZPRIESTER	11	6	Erzpriester	eigenname	q=1/6 next_cap=4/6 prev_cap=0/6 titel=0 ort=0/6
ESAU	4	6	Esau	eigenname	q=0/4 next_cap=0/6 prev_cap=0/4 titel=0 ort=0/4
ETZEL	5	6	Etzel	eigenname	q=0/4 next_cap=1/6 prev_cap=3/4 titel=0 ort=0/4
EUGENIE	7	6	Eugenie	eigenname	q=0/5 next_cap=3/6 prev_cap=1/5 titel=0 ort=0/5
EUROPOL	7	6	Europol	eigenname	q=0/4 next_cap=1/7 prev_cap=1/4 titel=0 ort=0/4
EVOTEC	6	6	Evotec	eigenname	q=1/6 next_cap=4/8 prev_cap=2/6 titel=0 ort=0/6
EXCELSIOR	9	6	Excelsior	eigenname	q=1/7 next_cap=4/8 prev_cap=3/7 titel=0 ort=0/7
EXPERT	6	6	Expert	eigenname	q=1/7 next_cap=3/7 prev_cap=6/7 titel=0 ort=0/7
FACTORING	9	6	Factoring	eigenname	q=2/9 next_cap=4/10 prev_cap=1/9 titel=0 ort=0/9
FANARTIKEL	10	6	Fanartikel	eigenname	q=0/8 next_cap=2/8 prev_cap=0/8 titel=0 ort=0/8
FANNIE	6	6	Fannie	eigenname	q=0/5 next_cap=5/6 prev_cap=1/5 titel=0 ort=0/5
FANTASIEN	9	6	Fantasien	eigenname	q=2/9 next_cap=0/9 prev_cap=6/9 titel=0 ort=0/9
FARBRESTE	9	6	Farbreste	eigenname	q=0/5 next_cap=0/6 prev_cap=0/5 titel=0 ort=0/5
FARGO	5	6	Fargo	eigenname	q=0/6 next_cap=2/6 prev_cap=6/6 titel=0 ort=0/6
FASSBENDER	10	6	Faßbender	eigenname	q=0/5 next_cap=0/6 prev_cap=4/5 titel=0 ort=0/5
FATIMA	6	6	Fatima	eigenname	q=0/3 next_cap=1/5 prev_cap=0/3 titel=0 ort=0/3
FAYE	4	6	Faye	eigenname	q=0/5 next_cap=4/6 prev_cap=3/5 titel=0 ort=0/5
FEIST	5	6	Feist	eigenname	q=0/8 next_cap=1/8 prev_cap=6/8 titel=0 ort=0/8
FELLNER	7	6	Fellner	eigenname	q=0/6 next_cap=0/6 prev_cap=4/6 titel=0 ort=0/6
FENDT	5	6	Fendt	eigenname	q=1/5 next_cap=4/7 prev_cap=3/5 titel=0 ort=0/5
FERBER	6	6	Ferber	eigenname	q=0/4 next_cap=3/7 prev_cap=3/4 titel=0 ort=0/4
FERNANDES	9	6	Fernandes	eigenname	q=0/6 next_cap=0/6 prev_cap=3/6 titel=0 ort=0/6
FERRER	6	6	Ferrer	eigenname	q=0/5 next_cap=0/6 prev_cap=5/5 titel=0 ort=0/5
FERRO	5	6	Ferro	eigenname	q=0/4 next_cap=1/5 prev_cap=1/4 titel=0 ort=0/4
FICHTNER	8	6	Fichtner	eigenname	q=0/6 next_cap=2/6 prev_cap=6/6 titel=0 ort=0/6
FIESTA	6	6	Fiesta	eigenname	q=2/11 next_cap=5/11 prev_cap=7/11 titel=0 ort=0/11
FILES	5	6	Files	eigenname	q=4/26 next_cap=2/26 prev_cap=18/26 titel=0 ort=0/26
FILMMUSEUM	10	6	Filmmuseum	eigenname	q=1/6 next_cap=1/6 prev_cap=5/6 titel=0 ort=1/6
FINDLINGEN	10	6	Findlingen	eigenname	q=0/6 next_cap=0/6 prev_cap=0/6 titel=0 ort=0/6
FINESSEN	8	6	Finessen	eigenname	q=0/6 next_cap=0/6 prev_cap=0/6 titel=0 ort=0/6
FIORE	5	6	Fiore	eigenname	q=0/3 next_cap=0/6 prev_cap=1/3 titel=0 ort=0/3
FISCHLER	8	6	Fischler	eigenname	q=0/4 next_cap=0/6 prev_cap=3/4 titel=0 ort=0/4
FITZROY	7	6	Fitzroy	eigenname	q=1/6 next_cap=1/6 prev_cap=3/6 titel=0 ort=0/6
FJODOR	6	6	Fjodor	eigenname	q=0/6 next_cap=3/6 prev_cap=5/6 titel=0 ort=0/6
FLAUBERT	8	6	Flaubert	eigenname	q=0/3 next_cap=0/6 prev_cap=2/3 titel=0 ort=0/3
FLAVIUS	7	6	Flavius	eigenname	q=0/5 next_cap=5/6 prev_cap=2/5 titel=0 ort=0/5
FLEETWOOD	9	6	Fleetwood	eigenname	q=0/6 next_cap=1/6 prev_cap=3/6 titel=0 ort=0/6
FONTAINE	8	6	Fontaine	eigenname	q=0/6 next_cap=1/6 prev_cap=5/6 titel=0 ort=0/6
FOTOMOTIV	9	6	Fotomotiv	eigenname	q=0/6 next_cap=0/6 prev_cap=0/6 titel=0 ort=0/6
FRANCESCA	9	6	Francesca	eigenname	q=0/3 next_cap=4/6 prev_cap=2/3 titel=0 ort=0/3
FREAK	5	6	Freak	eigenname	q=2/13 next_cap=5/13 prev_cap=8/13 titel=0 ort=0/13
FREIRAEUMEN	11	6	Freiräumen	eigenname	q=0/6 next_cap=0/6 prev_cap=1/6 titel=0 ort=1/6
FREIRE	6	6	Freire	eigenname	q=0/4 next_cap=1/6 prev_cap=3/4 titel=0 ort=0/4
FREITAL	7	6	Freital	eigenname	q=0/9 next_cap=3/9 prev_cap=5/9 titel=0 ort=2/9
FREYTAG	7	6	Freytag	eigenname	q=0/7 next_cap=1/7 prev_cap=4/7 titel=0 ort=0/7
FRIDINGEN	9	6	Fridingen	eigenname	q=0/5 next_cap=1/6 prev_cap=4/5 titel=0 ort=0/5
FRIESINGER	10	6	Friesinger	eigenname	q=0/8 next_cap=4/10 prev_cap=5/8 titel=0 ort=0/8
FUNKEL	6	6	Funkel	eigenname	q=0/6 next_cap=0/7 prev_cap=5/6 titel=1 ort=0/6
FUNKENFLUG	10	6	Funkenflug	eigenname	q=0/5 next_cap=1/6 prev_cap=1/5 titel=0 ort=0/5
FURTH	5	6	Furth	eigenname	q=1/6 next_cap=0/6 prev_cap=3/6 titel=0 ort=1/6
GAEBLER	7	6	Gäbler	eigenname	q=0/6 next_cap=1/6 prev_cap=3/6 titel=0 ort=0/6
GALINDO	7	6	Galindo	eigenname	q=0/6 next_cap=1/6 prev_cap=5/6 titel=0 ort=0/6
GALLI	5	6	Galli	eigenname	q=0/5 next_cap=0/7 prev_cap=5/5 titel=0 ort=0/5
GALLUP	6	6	Gallup	eigenname	q=1/6 next_cap=2/6 prev_cap=3/6 titel=0 ort=0/6
GAREIS	6	6	Gareis	eigenname	q=0/6 next_cap=1/7 prev_cap=5/6 titel=0 ort=0/6
GASEN	5	6	Gasen	eigenname	q=0/6 next_cap=0/6 prev_cap=1/6 titel=0 ort=0/6
GAUWEILER	9	6	Gauweiler	eigenname	q=0/3 next_cap=1/6 prev_cap=3/3 titel=0 ort=0/3
GAWAIN	6	6	Gawain	eigenname	q=0/4 next_cap=1/6 prev_cap=3/4 titel=0 ort=0/4
GEBERIT	7	6	Geberit	eigenname	q=0/8 next_cap=3/9 prev_cap=1/8 titel=0 ort=0/8
GEGENGEWALT	11	6	Gegengewalt	eigenname	q=0/4 next_cap=0/6 prev_cap=0/4 titel=0 ort=0/4
GEHEISS	7	6	Geheiß	eigenname	q=0/6 next_cap=1/6 prev_cap=2/6 titel=0 ort=0/6
GEHLEN	6	6	Gehlen	eigenname	q=0/6 next_cap=2/6 prev_cap=4/6 titel=0 ort=0/6
GEIS	4	6	Geis	eigenname	q=0/4 next_cap=1/6 prev_cap=4/4 titel=1 ort=0/4
GELDMANGELS	11	6	Geldmangels	eigenname	q=0/6 next_cap=0/6 prev_cap=1/6 titel=0 ort=0/6
GELLERT	7	6	Gellert	eigenname	q=0/4 next_cap=1/6 prev_cap=3/4 titel=1 ort=0/4
GEMISCHE	8	6	Gemische	eigenname	q=0/11 next_cap=0/11 prev_cap=4/11 titel=0 ort=0/11
GENSCHER	8	6	Genscher	eigenname	q=0/4 next_cap=0/6 prev_cap=2/4 titel=0 ort=0/4
GERDES	6	6	Gerdes	eigenname	q=0/6 next_cap=2/6 prev_cap=4/6 titel=0 ort=0/6
GERMAINE	8	6	Germaine	eigenname	q=0/3 next_cap=3/6 prev_cap=0/3 titel=0 ort=0/3
GERNER	6	6	Gerner	eigenname	q=1/6 next_cap=2/6 prev_cap=5/6 titel=0 ort=0/6
GESINE	6	6	Gesine	eigenname	q=0/3 next_cap=3/6 prev_cap=1/3 titel=0 ort=0/3
GIULIANO	8	6	Giuliano	eigenname	q=0/6 next_cap=3/6 prev_cap=3/6 titel=0 ort=0/6
GLETSCHERN	10	6	Gletschern	eigenname	q=0/6 next_cap=0/6 prev_cap=0/6 titel=0 ort=0/6
GLUECKSTADT	11	6	Glückstadt	eigenname	q=0/7 next_cap=0/7 prev_cap=6/7 titel=0 ort=1/7
GOAL	4	6	Goal	eigenname	q=1/10 next_cap=1/10 prev_cap=8/10 titel=0 ort=1/10
GODZILLA	8	6	Godzilla	eigenname	q=0/8 next_cap=3/8 prev_cap=2/8 titel=0 ort=0/8
GOERZ	5	6	Görz	eigenname	q=0/5 next_cap=2/6 prev_cap=1/5 titel=0 ort=0/5
GOESTA	6	6	Gösta	eigenname	q=0/4 next_cap=5/6 prev_cap=0/4 titel=0 ort=0/4
GOLDENBERG	10	6	Goldenberg	eigenname	q=0/6 next_cap=1/6 prev_cap=4/6 titel=0 ort=0/6
GOMES	5	6	Gomes	eigenname	q=0/6 next_cap=1/6 prev_cap=1/6 titel=0 ort=0/6
GORAN	5	6	Goran	eigenname	q=0/3 next_cap=6/6 prev_cap=1/3 titel=0 ort=0/3
GORING	6	6	Goring	eigenname	q=0/5 next_cap=0/6 prev_cap=5/5 titel=0 ort=0/5
GRACIE	6	6	Gracie	eigenname	q=0/6 next_cap=1/6 prev_cap=3/6 titel=0 ort=0/6
GRAMMAR	7	6	Grammar	eigenname	q=1/6 next_cap=5/6 prev_cap=5/6 titel=0 ort=0/6
GRAUMANN	8	6	Graumann	eigenname	q=0/5 next_cap=0/6 prev_cap=4/5 titel=0 ort=0/5
GREATEST	8	6	Greatest	eigenname	q=1/13 next_cap=11/13 prev_cap=5/13 titel=0 ort=0/13
GREER	5	6	Greer	eigenname	q=1/5 next_cap=1/6 prev_cap=3/5 titel=0 ort=0/5
GREIN	5	6	Grein	eigenname	q=0/5 next_cap=1/6 prev_cap=5/5 titel=0 ort=0/5
GRENCHEN	8	6	Grenchen	eigenname	q=0/5 next_cap=2/7 prev_cap=3/5 titel=0 ort=1/5
GRETEL	6	6	Gretel	eigenname	q=0/5 next_cap=2/6 prev_cap=2/5 titel=0 ort=0/5
GREULICH	8	6	Greulich	eigenname	q=0/5 next_cap=0/6 prev_cap=5/5 titel=0 ort=0/5
GRIESER	7	6	Grieser	eigenname	q=0/5 next_cap=0/6 prev_cap=5/5 titel=0 ort=0/5
GROENEFELD	10	6	Grönefeld	eigenname	q=0/5 next_cap=0/6 prev_cap=4/5 titel=0 ort=0/5
GROENING	8	6	Gröning	eigenname	q=0/6 next_cap=0/6 prev_cap=4/6 titel=0 ort=0/6
GROH	4	6	Groh	eigenname	q=0/5 next_cap=2/6 prev_cap=5/5 titel=0 ort=0/5
GROSJEAN	8	6	Grosjean	eigenname	q=0/4 next_cap=1/6 prev_cap=2/4 titel=0 ort=0/4
GROTHE	6	6	Grothe	eigenname	q=0/6 next_cap=1/6 prev_cap=4/6 titel=0 ort=0/6
GRUNWALD	8	6	Grunwald	eigenname	q=1/6 next_cap=1/6 prev_cap=5/6 titel=0 ort=0/6
GUARDIOLA	9	6	Guardiola	eigenname	q=0/6 next_cap=1/7 prev_cap=6/6 titel=1 ort=0/6
GUENTHERS	9	6	Günthers	eigenname	q=0/6 next_cap=3/6 prev_cap=4/6 titel=0 ort=0/6
GUERRE	6	6	Guerre	eigenname	q=0/6 next_cap=0/6 prev_cap=3/6 titel=0 ort=0/6
GUTENBERG	9	6	Gutenberg	eigenname	q=1/19 next_cap=15/19 prev_cap=11/19 titel=0 ort=0/19
HAIM	4	6	Haim	eigenname	q=0/6 next_cap=1/6 prev_cap=5/6 titel=0 ort=0/6
HAINER	6	6	Hainer	eigenname	q=1/6 next_cap=1/6 prev_cap=5/6 titel=0 ort=0/6
HALBFINAL	9	6	Halbfinal	eigenname	q=4/21 next_cap=15/23 prev_cap=5/21 titel=0 ort=0/21
HAMER	5	6	Hamer	eigenname	q=0/5 next_cap=2/6 prev_cap=5/5 titel=0 ort=0/5
HAMRY	5	6	Hamry	eigenname	q=0/6 next_cap=0/6 prev_cap=1/6 titel=0 ort=1/6
HAPE	4	6	Hape	eigenname	q=0/3 next_cap=6/6 prev_cap=0/3 titel=0 ort=0/3
HARI	4	6	Hari	eigenname	q=0/6 next_cap=1/6 prev_cap=6/6 titel=1 ort=0/6
HARMONY	7	6	Harmony	eigenname	q=1/6 next_cap=1/7 prev_cap=3/6 titel=0 ort=0/6
HARRACH	7	6	Harrach	eigenname	q=0/3 next_cap=0/6 prev_cap=1/3 titel=0 ort=0/3
HASELBERGER	11	6	Haselberger	eigenname	q=0/6 next_cap=0/6 prev_cap=6/6 titel=0 ort=0/6
HAUSDIENER	10	6	Hausdiener	eigenname	q=0/6 next_cap=3/6 prev_cap=1/6 titel=0 ort=0/6
HEARST	6	6	Hearst	eigenname	q=1/6 next_cap=1/6 prev_cap=3/6 titel=0 ort=1/6
HEATHROW	8	6	Heathrow	eigenname	q=0/6 next_cap=2/7 prev_cap=4/6 titel=0 ort=1/6
HEESTERS	8	6	Heesters	eigenname	q=0/6 next_cap=0/6 prev_cap=5/6 titel=0 ort=0/6
HEIDELBERGS	11	6	Heidelbergs	eigenname	q=0/6 next_cap=0/6 prev_cap=5/6 titel=0 ort=0/6
HEINEN	6	6	Heinen	eigenname	q=0/5 next_cap=0/5 prev_cap=3/5 titel=0 ort=0/5
HEINERSDORF	11	6	Heinersdorf	eigenname	q=0/5 next_cap=0/6 prev_cap=2/5 titel=0 ort=0/5
HEINI	5	6	Heini	eigenname	q=1/5 next_cap=3/7 prev_cap=4/5 titel=0 ort=0/5
HEKTOR	6	6	Hektor	eigenname	q=0/3 next_cap=2/6 prev_cap=0/3 titel=0 ort=0/3
HELBIG	6	6	Helbig	eigenname	q=0/3 next_cap=1/6 prev_cap=1/3 titel=0 ort=0/3
HELFRICH	8	6	Helfrich	eigenname	q=0/5 next_cap=2/6 prev_cap=5/5 titel=0 ort=0/5
HELLWIG	7	6	Hellwig	eigenname	q=0/5 next_cap=0/6 prev_cap=5/5 titel=0 ort=0/5
HELWIG	6	6	Helwig	eigenname	q=1/5 next_cap=3/6 prev_cap=2/5 titel=0 ort=1/5
HEMMNISSE	9	6	Hemmnisse	eigenname	q=0/6 next_cap=1/6 prev_cap=2/6 titel=0 ort=0/6
HENDRIX	7	6	Hendrix	eigenname	q=0/6 next_cap=0/6 prev_cap=4/6 titel=0 ort=0/6
HENIN	5	6	Henin	eigenname	q=0/6 next_cap=0/6 prev_cap=4/6 titel=0 ort=0/6
HENZLER	7	6	Henzler	eigenname	q=0/5 next_cap=4/7 prev_cap=5/5 titel=0 ort=0/5
HERBERTS	8	6	Herberts	eigenname	q=0/6 next_cap=6/6 prev_cap=1/6 titel=0 ort=0/6
HERBIG	6	6	Herbig	eigenname	q=0/6 next_cap=0/6 prev_cap=3/6 titel=0 ort=0/6
HERBSTTAG	9	6	Herbsttag	eigenname	q=0/6 next_cap=0/6 prev_cap=0/6 titel=0 ort=0/6
HEUSCH	6	6	Heusch	eigenname	q=0/4 next_cap=1/6 prev_cap=2/4 titel=0 ort=0/4
HEYER	5	6	Heyer	eigenname	q=0/6 next_cap=0/6 prev_cap=4/6 titel=0 ort=1/6
HIDDINK	7	6	Hiddink	eigenname	q=0/5 next_cap=0/6 prev_cap=4/5 titel=0 ort=0/5
HILFSDIENST	11	6	Hilfsdienst	eigenname	q=1/7 next_cap=0/7 prev_cap=4/7 titel=0 ort=0/7
HINGIS	6	6	Hingis	eigenname	q=0/6 next_cap=1/6 prev_cap=5/6 titel=0 ort=0/6
HIRSCHHORN	10	6	Hirschhorn	eigenname	q=0/5 next_cap=1/6 prev_cap=4/5 titel=0 ort=1/5
HOCHBURGEN	10	6	Hochburgen	eigenname	q=1/13 next_cap=0/13 prev_cap=6/13 titel=0 ort=0/13
HOCHWASSERN	11	6	Hochwassern	eigenname	q=0/7 next_cap=0/7 prev_cap=1/7 titel=0 ort=1/7
HOEFER	6	6	Höfer	eigenname	q=0/7 next_cap=1/8 prev_cap=6/7 titel=0 ort=0/7
HOEPFNER	8	6	Hoepfner	eigenname	q=0/4 next_cap=0/6 prev_cap=1/4 titel=0 ort=0/4
HOERGERAETE	11	6	Hörgeräte	eigenname	q=0/6 next_cap=1/7 prev_cap=3/6 titel=0 ort=0/6
HOEVEL	6	6	Hövel	eigenname	q=0/8 next_cap=2/8 prev_cap=3/8 titel=0 ort=1/8
HOHLBEIN	8	6	Hohlbein	eigenname	q=0/7 next_cap=4/7 prev_cap=5/7 titel=0 ort=0/7
HOLDER	6	6	Holder	eigenname	q=1/6 next_cap=0/6 prev_cap=5/6 titel=0 ort=0/6
HOLLANDE	8	6	Hollande	eigenname	q=0/6 next_cap=0/6 prev_cap=1/6 titel=0 ort=0/6
HOLLE	5	6	Holle	eigenname	q=1/7 next_cap=3/7 prev_cap=6/7 titel=5 ort=0/7
HOLLOW	6	6	Hollow	eigenname	q=1/5 next_cap=5/6 prev_cap=2/5 titel=0 ort=0/5
HOLTER	6	6	Holter	eigenname	q=1/5 next_cap=1/6 prev_cap=3/5 titel=0 ort=0/5
HOLYFIELD	9	6	Holyfield	eigenname	q=0/7 next_cap=1/7 prev_cap=3/7 titel=0 ort=0/7
HOLZER	6	6	Holzer	eigenname	q=0/5 next_cap=1/6 prev_cap=4/5 titel=0 ort=0/5
HOLZHEIM	8	6	Holzheim	eigenname	q=0/10 next_cap=0/10 prev_cap=7/10 titel=0 ort=1/10
HOLZSCHUTZ	10	6	Holzschutz	eigenname	q=0/6 next_cap=0/6 prev_cap=1/6 titel=0 ort=0/6
HOOKE	5	6	Hooke	eigenname	q=0/6 next_cap=3/7 prev_cap=3/6 titel=0 ort=0/6
HORIZON	7	6	Horizon	eigenname	q=1/5 next_cap=0/6 prev_cap=4/5 titel=0 ort=0/5
HUBATSCH	8	6	Hubatsch	eigenname	q=0/5 next_cap=3/6 prev_cap=5/5 titel=0 ort=0/5
HUBERS	6	6	Hubers	eigenname	q=0/5 next_cap=3/6 prev_cap=2/5 titel=0 ort=0/5
HUECK	5	6	Hueck	eigenname	q=0/5 next_cap=0/6 prev_cap=4/5 titel=0 ort=0/5
HUELL	5	6	Hüll	eigenname	q=0/6 next_cap=1/6 prev_cap=5/6 titel=0 ort=1/6
HUMBERT	7	6	Humbert	eigenname	q=0/5 next_cap=1/6 prev_cap=1/5 titel=0 ort=0/5
HUNDERASSEN	11	6	Hunderassen	eigenname	q=0/6 next_cap=0/6 prev_cap=1/6 titel=0 ort=0/6
HUSSAIN	7	6	Hussain	eigenname	q=0/6 next_cap=4/6 prev_cap=4/6 titel=0 ort=0/6
HYPOTHEKEN	10	6	Hypotheken	eigenname	q=0/11 next_cap=4/11 prev_cap=5/11 titel=0 ort=0/11
IGNATIUS	8	6	Ignatius	eigenname	q=0/5 next_cap=4/6 prev_cap=4/5 titel=0 ort=0/5
IGNAZIO	7	6	Ignazio	eigenname	q=0/5 next_cap=5/6 prev_cap=2/5 titel=0 ort=0/5
IKE	3	6	Ike	eigenname	q=0/3 next_cap=1/6 prev_cap=2/3 titel=0 ort=0/3
ILIAS	5	6	Ilias	eigenname	q=1/6 next_cap=0/6 prev_cap=3/6 titel=0 ort=0/6
IMPERIUMS	9	6	Imperiums	eigenname	q=3/15 next_cap=2/15 prev_cap=9/15 titel=0 ort=0/15
INDOOR	6	6	Indoor	eigenname	q=2/15 next_cap=16/16 prev_cap=6/15 titel=0 ort=1/15
INFUSIONEN	10	6	Infusionen	eigenname	q=0/6 next_cap=0/6 prev_cap=1/6 titel=0 ort=0/6
INGBERT	7	6	Ingbert	eigenname	q=0/6 next_cap=1/7 prev_cap=6/6 titel=0 ort=0/6
INGERKINGEN	11	6	Ingerkingen	eigenname	q=0/6 next_cap=2/6 prev_cap=4/6 titel=0 ort=1/6
INNOZENZ	8	6	Innozenz	eigenname	q=0/6 next_cap=5/7 prev_cap=5/6 titel=0 ort=1/6
INTEGRAL	8	6	Integral	eigenname	q=2/12 next_cap=3/12 prev_cap=7/12 titel=0 ort=0/12
INTERLAKEN	10	6	Interlaken	eigenname	q=0/6 next_cap=1/6 prev_cap=2/6 titel=0 ort=1/6
IRWIN	5	6	Irwin	eigenname	q=0/6 next_cap=1/6 prev_cap=4/6 titel=0 ort=0/6
ISCHL	5	6	Ischl	eigenname	q=0/6 next_cap=1/6 prev_cap=5/6 titel=0 ort=0/6
JANICE	6	6	Janice	eigenname	q=0/5 next_cap=2/6 prev_cap=2/5 titel=1 ort=0/5
JARI	4	6	Jari	eigenname	q=0/7 next_cap=5/7 prev_cap=3/7 titel=1 ort=1/7
JERUSALEMS	10	6	Jerusalems	eigenname	q=0/6 next_cap=0/6 prev_cap=6/6 titel=0 ort=0/6
JESSIE	6	6	Jessie	eigenname	q=1/5 next_cap=4/6 prev_cap=1/5 titel=0 ort=0/5
JETTA	5	6	Jetta	eigenname	q=1/8 next_cap=3/8 prev_cap=5/8 titel=0 ort=0/8
JIANG	5	6	Jiang	eigenname	q=0/5 next_cap=2/6 prev_cap=4/5 titel=0 ort=0/5
JIE	3	6	Jie	eigenname	q=0/5 next_cap=1/6 prev_cap=4/5 titel=0 ort=1/5
JOANA	5	6	Joana	eigenname	q=0/4 next_cap=3/6 prev_cap=2/4 titel=0 ort=0/4
JOANNES	7	6	Joannes	eigenname	q=1/6 next_cap=4/6 prev_cap=3/6 titel=0 ort=0/6
JOCHEM	6	6	Jochem	eigenname	q=0/5 next_cap=3/6 prev_cap=3/5 titel=0 ort=0/5
JOHANNIS	8	6	Johannis	eigenname	q=0/8 next_cap=4/8 prev_cap=6/8 titel=0 ort=0/8
JOHANNSEN	9	6	Johannsen	eigenname	q=0/5 next_cap=2/8 prev_cap=5/5 titel=0 ort=0/5
JOHANSEN	8	6	Johansen	eigenname	q=0/4 next_cap=1/6 prev_cap=2/4 titel=0 ort=0/4
JOOS	4	6	Joos	eigenname	q=0/6 next_cap=3/7 prev_cap=5/6 titel=0 ort=0/6
JUANA	5	6	Juana	eigenname	q=0/5 next_cap=3/6 prev_cap=1/5 titel=0 ort=0/5
JUBILAEEN	9	6	Jubiläen	eigenname	q=1/5 next_cap=2/6 prev_cap=3/5 titel=0 ort=1/5
JUENEMANN	9	6	Jünemann	eigenname	q=0/4 next_cap=0/6 prev_cap=3/4 titel=0 ort=0/4
JUGENDWERK	10	6	Jugendwerk	eigenname	q=0/7 next_cap=1/7 prev_cap=6/7 titel=0 ort=0/7
JULIAS	6	6	Julias	eigenname	q=0/6 next_cap=5/6 prev_cap=1/6 titel=0 ort=1/6
JUNGLE	6	6	Jungle	eigenname	q=1/6 next_cap=7/8 prev_cap=3/6 titel=0 ort=0/6
JUVENTUD	8	6	Juventud	eigenname	q=1/6 next_cap=4/6 prev_cap=2/6 titel=0 ort=0/6
KACZMAREK	9	6	Kaczmarek	eigenname	q=0/6 next_cap=1/6 prev_cap=5/6 titel=0 ort=0/6
KALEIDOSKOP	11	6	Kaleidoskop	eigenname	q=1/5 next_cap=1/5 prev_cap=4/5 titel=0 ort=0/5
KALZIUM	7	6	Kalzium	eigenname	q=1/10 next_cap=4/10 prev_cap=2/10 titel=0 ort=0/10
KAMINOEFEN	10	6	Kaminöfen	eigenname	q=0/5 next_cap=1/6 prev_cap=1/5 titel=0 ort=0/5
KAMPETER	8	6	Kampeter	eigenname	q=0/4 next_cap=0/6 prev_cap=1/4 titel=0 ort=0/4
KAROLA	6	6	Karola	eigenname	q=0/5 next_cap=4/6 prev_cap=2/5 titel=0 ort=0/5
KARTOGRAPH	10	6	Kartograph	eigenname	q=1/6 next_cap=2/6 prev_cap=3/6 titel=0 ort=0/6
KASSANDRA	9	6	Kassandra	eigenname	q=0/5 next_cap=1/7 prev_cap=0/5 titel=0 ort=0/5
KASSNER	7	6	Kassner	eigenname	q=0/6 next_cap=0/6 prev_cap=4/6 titel=1 ort=0/6
KATIA	5	6	Katia	eigenname	q=0/4 next_cap=3/6 prev_cap=3/4 titel=0 ort=0/4
KAUFFMANN	9	6	Kauffmann	eigenname	q=0/6 next_cap=3/7 prev_cap=3/6 titel=0 ort=0/6
KAYMER	6	6	Kaymer	eigenname	q=0/5 next_cap=1/6 prev_cap=4/5 titel=0 ort=0/5
KEARNEY	7	6	Kearney	eigenname	q=0/3 next_cap=1/6 prev_cap=3/3 titel=0 ort=0/3
KEES	4	6	Kees	eigenname	q=0/5 next_cap=2/6 prev_cap=3/5 titel=0 ort=1/5
KELHEIM	7	6	Kelheim	eigenname	q=0/7 next_cap=1/7 prev_cap=5/7 titel=0 ort=1/7
KEMP	4	6	Kemp	eigenname	q=0/5 next_cap=0/6 prev_cap=4/5 titel=0 ort=0/5
KEMPOWSKI	9	6	Kempowski	eigenname	q=0/6 next_cap=3/7 prev_cap=4/6 titel=0 ort=0/6
KEPPLER	7	6	Keppler	eigenname	q=0/3 next_cap=1/6 prev_cap=2/3 titel=0 ort=0/3
KERBER	6	6	Kerber	eigenname	q=0/6 next_cap=5/8 prev_cap=5/6 titel=0 ort=0/6
KEYSER	6	6	Keyser	eigenname	q=0/6 next_cap=1/6 prev_cap=4/6 titel=0 ort=0/6
KIENBAUM	8	6	Kienbaum	eigenname	q=0/8 next_cap=2/8 prev_cap=4/8 titel=0 ort=1/8
KISSINGER	9	6	Kissinger	eigenname	q=1/5 next_cap=5/7 prev_cap=4/5 titel=0 ort=0/5
KLASNIC	7	6	Klasnic	eigenname	q=0/6 next_cap=0/6 prev_cap=4/6 titel=0 ort=0/6
KLATTEN	7	6	Klatten	eigenname	q=0/6 next_cap=1/7 prev_cap=6/6 titel=1 ort=0/6
KLEMM	5	6	Klemm	eigenname	q=0/7 next_cap=1/7 prev_cap=4/7 titel=0 ort=0/7
KLINGER	7	6	Klinger	eigenname	q=1/8 next_cap=2/8 prev_cap=6/8 titel=0 ort=0/8
KLOSTERMANN	11	6	Klostermann	eigenname	q=1/5 next_cap=3/6 prev_cap=3/5 titel=0 ort=0/5
KLUM	4	6	Klum	eigenname	q=0/7 next_cap=1/7 prev_cap=5/7 titel=0 ort=0/7
KNIGHTLEY	9	6	Knightley	eigenname	q=0/5 next_cap=0/6 prev_cap=5/5 titel=0 ort=0/5
KNOBLOCH	8	6	Knobloch	eigenname	q=1/6 next_cap=1/6 prev_cap=4/6 titel=1 ort=0/6
KNOCK	5	6	Knock	eigenname	q=2/19 next_cap=7/23 prev_cap=6/19 titel=0 ort=0/19
KNOPP	5	6	Knopp	eigenname	q=0/5 next_cap=1/6 prev_cap=4/5 titel=0 ort=0/5
KNOWLES	7	6	Knowles	eigenname	q=0/4 next_cap=0/6 prev_cap=1/4 titel=0 ort=0/4
KOCHBUECHER	11	6	Kochbücher	eigenname	q=0/5 next_cap=1/6 prev_cap=2/5 titel=0 ort=0/5
KOCHKURSE	9	6	Kochkurse	eigenname	q=0/5 next_cap=0/6 prev_cap=1/5 titel=0 ort=0/5
KOELNS	6	6	Kölns	eigenname	q=0/6 next_cap=1/6 prev_cap=4/6 titel=0 ort=0/6
KOERFER	7	6	Koerfer	eigenname	q=0/3 next_cap=1/6 prev_cap=1/3 titel=0 ort=0/3
KOGLER	6	6	Kogler	eigenname	q=1/5 next_cap=2/6 prev_cap=3/5 titel=0 ort=0/5
KOLLOQUIUMS	11	6	Kolloquiums	eigenname	q=1/8 next_cap=1/8 prev_cap=5/8 titel=0 ort=0/8
KOLUMBIENS	10	6	Kolumbiens	eigenname	q=0/4 next_cap=2/6 prev_cap=4/4 titel=0 ort=0/4
KOMBINIERER	11	6	Kombinierer	eigenname	q=0/6 next_cap=1/7 prev_cap=3/6 titel=0 ort=0/6
KONAMI	6	6	Konami	eigenname	q=0/6 next_cap=0/6 prev_cap=0/6 titel=0 ort=1/6
KOPENHAGENS	11	6	Kopenhagens	eigenname	q=0/6 next_cap=2/6 prev_cap=4/6 titel=0 ort=0/6
KORFU	5	6	Korfu	eigenname	q=0/7 next_cap=3/7 prev_cap=3/7 titel=0 ort=1/7
KORNEUBURG	10	6	Korneuburg	eigenname	q=0/6 next_cap=0/6 prev_cap=4/6 titel=0 ort=0/6
KOVACS	6	6	Kovacs	eigenname	q=0/5 next_cap=1/6 prev_cap=3/5 titel=0 ort=0/5
KOVALAINEN	10	6	Kovalainen	eigenname	q=0/5 next_cap=0/6 prev_cap=2/5 titel=0 ort=0/5
KRATZERN	8	6	Kratzern	eigenname	q=0/6 next_cap=1/6 prev_cap=0/6 titel=0 ort=1/6
KRAVITZ	7	6	Kravitz	eigenname	q=0/5 next_cap=0/6 prev_cap=5/5 titel=0 ort=0/5
KREISKY	7	6	Kreisky	eigenname	q=0/4 next_cap=0/6 prev_cap=2/4 titel=0 ort=0/4
KRETZSCHMAR	11	6	Kretzschmar	eigenname	q=0/3 next_cap=0/6 prev_cap=3/3 titel=0 ort=0/3
KUALA	5	6	Kuala	eigenname	q=0/5 next_cap=5/6 prev_cap=2/5 titel=0 ort=0/5
KUEPPERS	8	6	Küppers	eigenname	q=0/5 next_cap=1/6 prev_cap=4/5 titel=0 ort=0/5
KUKA	4	6	Kuka	eigenname	q=0/7 next_cap=4/10 prev_cap=1/7 titel=0 ort=0/7
KUNSTLEDER	10	6	Kunstleder	eigenname	q=0/7 next_cap=0/7 prev_cap=0/7 titel=0 ort=0/7
KYLIE	5	6	Kylie	eigenname	q=0/3 next_cap=5/7 prev_cap=1/3 titel=0 ort=0/3
LABRADOR	8	6	Labrador	eigenname	q=1/7 next_cap=4/8 prev_cap=2/7 titel=0 ort=1/7
LACEY	5	6	Lacey	eigenname	q=0/5 next_cap=0/6 prev_cap=4/5 titel=0 ort=0/5
LADA	4	6	Lada	eigenname	q=1/7 next_cap=3/8 prev_cap=2/7 titel=0 ort=0/7
LADENBURG	9	6	Ladenburg	eigenname	q=1/6 next_cap=2/6 prev_cap=3/6 titel=0 ort=1/6
LAFAYETTE	9	6	Lafayette	eigenname	q=0/6 next_cap=2/7 prev_cap=2/6 titel=0 ort=1/6
LAILA	5	6	Laila	eigenname	q=0/5 next_cap=5/6 prev_cap=3/5 titel=0 ort=1/5
LAMBDA	6	6	Lambda	eigenname	q=0/5 next_cap=6/8 prev_cap=2/5 titel=0 ort=0/5
LAMPRECHT	9	6	Lamprecht	eigenname	q=0/4 next_cap=0/6 prev_cap=3/4 titel=0 ort=0/4
LANA	4	6	Lana	eigenname	q=0/4 next_cap=3/6 prev_cap=1/4 titel=0 ort=0/4
LANDESAMTS	10	6	Landesamts	eigenname	q=1/5 next_cap=2/6 prev_cap=4/5 titel=0 ort=0/5
LANGHOFF	8	6	Langhoff	eigenname	q=0/7 next_cap=1/7 prev_cap=4/7 titel=1 ort=0/7
LANGSTRUMPF	11	6	Langstrumpf	eigenname	q=0/8 next_cap=2/8 prev_cap=8/8 titel=0 ort=0/8
LAO	3	6	Lao	eigenname	q=0/7 next_cap=4/10 prev_cap=4/7 titel=0 ort=0/7
LARSSON	7	6	Larsson	eigenname	q=0/6 next_cap=0/6 prev_cap=4/6 titel=0 ort=0/6
LATINA	6	6	Latina	eigenname	q=1/5 next_cap=2/6 prev_cap=3/5 titel=0 ort=0/5
LATVALA	7	6	Latvala	eigenname	q=0/6 next_cap=0/6 prev_cap=3/6 titel=0 ort=1/6
LAUFKULTUR	10	6	Laufkultur	eigenname	q=0/6 next_cap=0/6 prev_cap=1/6 titel=0 ort=0/6
LEAD	4	6	Lead	eigenname	q=2/15 next_cap=11/16 prev_cap=5/15 titel=0 ort=0/15
LEAH	4	6	Leah	eigenname	q=0/6 next_cap=3/6 prev_cap=5/6 titel=0 ort=0/6
LECKAGEN	8	6	Leckagen	eigenname	q=0/6 next_cap=0/6 prev_cap=1/6 titel=0 ort=0/6
LECTER	6	6	Lecter	eigenname	q=0/6 next_cap=1/7 prev_cap=3/6 titel=3 ort=0/6
LEH	3	6	Leh	eigenname	q=0/3 next_cap=0/3 prev_cap=2/3 titel=0 ort=0/3
LEMMER	6	6	Lemmer	eigenname	q=0/6 next_cap=2/7 prev_cap=3/6 titel=0 ort=0/6
LENGERICH	9	6	Lengerich	eigenname	q=0/5 next_cap=0/6 prev_cap=2/5 titel=0 ort=0/5
LERCH	5	6	Lerch	eigenname	q=0/5 next_cap=0/6 prev_cap=5/5 titel=0 ort=0/5
LESSONS	7	6	Lessons	eigenname	q=1/5 next_cap=3/6 prev_cap=4/5 titel=0 ort=0/5
LEVINE	6	6	Levine	eigenname	q=0/5 next_cap=2/6 prev_cap=4/5 titel=0 ort=0/5
LEWANDOWSKI	11	6	Lewandowski	eigenname	q=0/5 next_cap=1/6 prev_cap=3/5 titel=0 ort=0/5
LEXMARK	7	6	Lexmark	eigenname	q=1/6 next_cap=3/7 prev_cap=1/6 titel=0 ort=0/6
LIEBLINGS	9	6	Lieblings	eigenname	q=3/43 next_cap=42/43 prev_cap=20/43 titel=0 ort=0/43
LIENHARD	8	6	Lienhard	eigenname	q=1/6 next_cap=3/6 prev_cap=2/6 titel=0 ort=0/6
LIETUVOS	8	6	Lietuvos	eigenname	q=0/6 next_cap=1/6 prev_cap=0/6 titel=0 ort=1/6
LIETZ	5	6	Lietz	eigenname	q=0/4 next_cap=0/6 prev_cap=2/4 titel=0 ort=0/4
LINDBERG	8	6	Lindberg	eigenname	q=0/6 next_cap=0/6 prev_cap=5/6 titel=0 ort=0/6
LINTH	5	6	Linth	eigenname	q=1/6 next_cap=0/6 prev_cap=5/6 titel=0 ort=0/6
LIPPERT	7	6	Lippert	eigenname	q=0/5 next_cap=0/6 prev_cap=3/5 titel=0 ort=0/5
LIVIUS	6	6	Livius	eigenname	q=1/5 next_cap=3/6 prev_cap=2/5 titel=0 ort=1/5
LIVLAND	7	6	Livland	eigenname	q=0/5 next_cap=0/6 prev_cap=2/5 titel=0 ort=1/5
LIZZY	5	6	Lizzy	eigenname	q=1/6 next_cap=0/6 prev_cap=2/6 titel=1 ort=0/6
LOCHNER	7	6	Lochner	eigenname	q=0/5 next_cap=3/6 prev_cap=4/5 titel=0 ort=1/5
LOHAN	5	6	Lohan	eigenname	q=1/7 next_cap=2/7 prev_cap=5/7 titel=0 ort=0/7
LORETTA	7	6	Loretta	eigenname	q=0/4 next_cap=6/6 prev_cap=2/4 titel=0 ort=0/4
LOTOS	5	6	Lotos	eigenname	q=1/6 next_cap=2/8 prev_cap=4/6 titel=0 ort=0/6
LOTZ	4	6	Lotz	eigenname	q=0/5 next_cap=0/6 prev_cap=3/5 titel=0 ort=0/5
LUCILLE	7	6	Lucille	eigenname	q=0/5 next_cap=1/6 prev_cap=1/5 titel=0 ort=0/5
LUDWIGSLUST	11	6	Ludwigslust	eigenname	q=0/7 next_cap=1/7 prev_cap=5/7 titel=0 ort=0/7
LUKA	4	6	Luka	eigenname	q=0/5 next_cap=2/6 prev_cap=4/5 titel=1 ort=0/5
LUXEMBURGS	10	6	Luxemburgs	eigenname	q=0/6 next_cap=0/6 prev_cap=5/6 titel=0 ort=0/6
MACHETEN	8	6	Macheten	eigenname	q=0/6 next_cap=2/6 prev_cap=0/6 titel=0 ort=0/6
MACKAY	6	6	Mackay	eigenname	q=0/4 next_cap=1/6 prev_cap=3/4 titel=0 ort=0/4
MADRE	5	6	Madre	eigenname	q=0/5 next_cap=3/6 prev_cap=5/5 titel=0 ort=0/5
MADSEN	6	6	Madsen	eigenname	q=0/7 next_cap=2/8 prev_cap=6/7 titel=0 ort=0/7
MAHA	4	6	Maha	eigenname	q=0/6 next_cap=6/6 prev_cap=5/6 titel=0 ort=0/6
MAHR	4	6	Mahr	eigenname	q=0/6 next_cap=1/6 prev_cap=3/6 titel=0 ort=0/6
MAID	4	6	Maid	eigenname	q=1/6 next_cap=2/6 prev_cap=5/6 titel=0 ort=0/6
MAKKABI	7	6	Makkabi	eigenname	q=1/6 next_cap=2/6 prev_cap=3/6 titel=0 ort=1/6
MALONE	6	6	Malone	eigenname	q=0/6 next_cap=0/6 prev_cap=6/6 titel=0 ort=0/6
MALTAS	6	6	Maltas	eigenname	q=1/5 next_cap=2/6 prev_cap=4/5 titel=0 ort=0/5
MANTA	5	6	Manta	eigenname	q=1/7 next_cap=5/9 prev_cap=4/7 titel=0 ort=1/7
MARGARETHEN	11	6	Margarethen	eigenname	q=0/8 next_cap=2/8 prev_cap=5/8 titel=0 ort=0/8
MARI	4	6	Mari	eigenname	q=0/4 next_cap=3/6 prev_cap=2/4 titel=0 ort=0/4
MARIANNA	8	6	Marianna	eigenname	q=0/5 next_cap=0/6 prev_cap=1/5 titel=1 ort=0/5
MARRIOTT	8	6	Marriott	eigenname	q=0/7 next_cap=3/9 prev_cap=3/7 titel=0 ort=0/7
MARTINO	7	6	Martino	eigenname	q=0/7 next_cap=1/7 prev_cap=6/7 titel=0 ort=0/7
MASSAKERN	9	6	Massakern	eigenname	q=0/6 next_cap=0/6 prev_cap=0/6 titel=0 ort=0/6
MATSCHIE	8	6	Matschie	eigenname	q=0/5 next_cap=0/6 prev_cap=4/5 titel=0 ort=0/5
MATSUMOTO	9	6	Matsumoto	eigenname	q=0/5 next_cap=0/6 prev_cap=3/5 titel=0 ort=0/5
MATZ	4	6	Matz	eigenname	q=0/5 next_cap=3/7 prev_cap=3/5 titel=0 ort=0/5
MAULWURFS	9	6	Maulwurfs	eigenname	q=1/9 next_cap=0/9 prev_cap=7/9 titel=0 ort=0/9
MAUREEN	7	6	Maureen	eigenname	q=0/4 next_cap=2/6 prev_cap=2/4 titel=1 ort=0/4
MAURO	5	6	Mauro	eigenname	q=1/5 next_cap=3/6 prev_cap=3/5 titel=1 ort=0/5
MEDUSEN	7	6	Medusen	eigenname	q=0/6 next_cap=0/6 prev_cap=1/6 titel=0 ort=0/6
MEDWEDJEW	9	6	Medwedjew	eigenname	q=0/3 next_cap=1/6 prev_cap=1/3 titel=0 ort=0/3
MELINA	6	6	Melina	eigenname	q=0/5 next_cap=2/6 prev_cap=2/5 titel=2 ort=0/5
MELLO	5	6	Mello	eigenname	q=0/6 next_cap=1/6 prev_cap=3/6 titel=0 ort=0/6
MERZIG	6	6	Merzig	eigenname	q=0/6 next_cap=2/6 prev_cap=3/6 titel=0 ort=1/6
METROPOLIS	10	6	Metropolis	eigenname	q=1/9 next_cap=4/9 prev_cap=6/9 titel=0 ort=1/9
MICHAILOW	9	6	Michailow	eigenname	q=0/6 next_cap=0/6 prev_cap=2/6 titel=0 ort=0/6
MICHL	5	6	Michl	eigenname	q=1/6 next_cap=2/6 prev_cap=3/6 titel=0 ort=0/6
MICKI	5	6	Micki	eigenname	q=0/7 next_cap=3/7 prev_cap=4/7 titel=0 ort=0/7
MIDDENDORP	10	6	Middendorp	eigenname	q=0/6 next_cap=0/6 prev_cap=5/6 titel=1 ort=0/6
MILBE	5	6	Milbe	eigenname	q=2/11 next_cap=0/11 prev_cap=6/11 titel=0 ort=0/11
MILLICENT	9	6	Millicent	eigenname	q=0/7 next_cap=3/7 prev_cap=3/7 titel=0 ort=1/7
MINERALEN	9	6	Mineralen	eigenname	q=0/6 next_cap=1/6 prev_cap=0/6 titel=0 ort=1/6
MINISTRO	8	6	Ministro	eigenname	q=0/6 next_cap=0/6 prev_cap=6/6 titel=0 ort=0/6
MISEREOR	8	6	Misereor	eigenname	q=0/7 next_cap=2/7 prev_cap=1/7 titel=0 ort=0/7
MISSTOENE	9	6	Misstöne	eigenname	q=0/4 next_cap=0/6 prev_cap=0/4 titel=0 ort=0/4
MITTWEIDA	9	6	Mittweida	eigenname	q=1/7 next_cap=2/7 prev_cap=6/7 titel=0 ort=1/7
MOEDLING	8	6	Mödling	eigenname	q=1/6 next_cap=2/7 prev_cap=4/6 titel=0 ort=1/6
MOERSERN	8	6	Mörsern	eigenname	q=0/6 next_cap=0/6 prev_cap=0/6 titel=0 ort=1/6
MOESSINGEN	10	6	Mössingen	eigenname	q=0/7 next_cap=1/7 prev_cap=6/7 titel=0 ort=0/7
MOGLI	5	6	Mogli	eigenname	q=0/5 next_cap=0/6 prev_cap=1/5 titel=0 ort=0/5
MONET	5	6	Monet	eigenname	q=0/8 next_cap=4/8 prev_cap=4/8 titel=0 ort=0/8
MONSTERN	8	6	Monstern	eigenname	q=0/6 next_cap=0/6 prev_cap=0/6 titel=0 ort=0/6
MONTABAUR	9	6	Montabaur	eigenname	q=0/5 next_cap=0/7 prev_cap=2/5 titel=0 ort=1/5
MONTAGNE	8	6	Montagne	eigenname	q=2/9 next_cap=1/9 prev_cap=5/9 titel=0 ort=0/9
MONTEVERDI	10	6	Monteverdi	eigenname	q=0/5 next_cap=0/6 prev_cap=1/5 titel=0 ort=0/5
MOODY	5	6	Moody	eigenname	q=1/7 next_cap=3/7 prev_cap=2/7 titel=0 ort=0/7
MOR	3	6	Mor	eigenname	q=0/5 next_cap=2/5 prev_cap=3/5 titel=0 ort=0/5
MORSBACH	8	6	Morsbach	eigenname	q=0/5 next_cap=1/6 prev_cap=4/5 titel=0 ort=1/5
MOSSE	5	6	Mosse	eigenname	q=0/6 next_cap=1/6 prev_cap=6/6 titel=0 ort=0/6
MOTOCROSS	9	6	Motocross	eigenname	q=1/10 next_cap=7/11 prev_cap=2/10 titel=0 ort=0/10
MOURINHO	8	6	Mourinho	eigenname	q=0/4 next_cap=1/7 prev_cap=2/4 titel=0 ort=0/4
MOUSE	5	6	Mouse	eigenname	q=1/10 next_cap=2/10 prev_cap=7/10 titel=0 ort=0/10
MUESSIGGANG	11	6	Müssiggang	eigenname	q=0/6 next_cap=0/6 prev_cap=2/6 titel=0 ort=0/6
MULTIKULTI	10	6	Multikulti	eigenname	q=0/5 next_cap=0/6 prev_cap=2/5 titel=0 ort=1/5
MUNDGERUCH	10	6	Mundgeruch	eigenname	q=0/6 next_cap=1/6 prev_cap=1/6 titel=0 ort=0/6
MURSI	5	6	Mursi	eigenname	q=0/8 next_cap=4/9 prev_cap=3/8 titel=1 ort=0/8
MUSIL	5	6	Musil	eigenname	q=0/6 next_cap=1/6 prev_cap=5/6 titel=0 ort=0/6
MYLIUS	6	6	Mylius	eigenname	q=0/6 next_cap=0/6 prev_cap=3/6 titel=0 ort=0/6
NAKAGAWA	8	6	Nakagawa	eigenname	q=0/4 next_cap=1/6 prev_cap=1/4 titel=0 ort=0/4
NAPO	4	6	Napo	eigenname	q=0/4 next_cap=1/4 prev_cap=3/4 titel=0 ort=0/4
NAS	3	6	NAS	eigenname	q=0/3 next_cap=1/4 prev_cap=2/3 titel=0 ort=0/3
NATALJA	7	6	Natalja	eigenname	q=1/5 next_cap=4/6 prev_cap=3/5 titel=1 ort=1/5
NATHANIEL	9	6	Nathaniel	eigenname	q=0/6 next_cap=4/6 prev_cap=4/6 titel=0 ort=0/6
NATHUSIUS	9	6	Nathusius	eigenname	q=0/6 next_cap=0/6 prev_cap=2/6 titel=0 ort=0/6
NAVARRO	7	6	Navarro	eigenname	q=0/5 next_cap=1/6 prev_cap=3/5 titel=0 ort=0/5
NAVTEQ	6	6	Navteq	eigenname	q=0/6 next_cap=2/7 prev_cap=1/6 titel=0 ort=0/6
NAZARETH	8	6	Nazareth	eigenname	q=0/9 next_cap=3/9 prev_cap=4/9 titel=0 ort=1/9
NEBRA	5	6	Nebra	eigenname	q=0/6 next_cap=0/6 prev_cap=1/6 titel=0 ort=1/6
NEMSI	5	6	Nemsi	eigenname	q=0/6 next_cap=1/6 prev_cap=6/6 titel=0 ort=0/6
NEONAZI	7	6	Neonazi	eigenname	q=4/18 next_cap=12/18 prev_cap=3/18 titel=0 ort=0/18
NERESHEIM	9	6	Neresheim	eigenname	q=0/4 next_cap=0/6 prev_cap=3/4 titel=0 ort=0/4
NESS	4	6	Ness	eigenname	q=1/7 next_cap=2/7 prev_cap=6/7 titel=0 ort=0/7
NESTLER	7	6	Nestler	eigenname	q=0/6 next_cap=4/6 prev_cap=6/6 titel=0 ort=0/6
NEUBERT	7	6	Neubert	eigenname	q=1/5 next_cap=1/6 prev_cap=3/5 titel=0 ort=0/5
NEUKIRCH	8	6	Neukirch	eigenname	q=0/8 next_cap=3/8 prev_cap=7/8 titel=0 ort=0/8
NEUWERK	7	6	Neuwerk	eigenname	q=0/7 next_cap=1/7 prev_cap=5/7 titel=0 ort=1/7
NEVES	5	6	Neves	eigenname	q=0/5 next_cap=0/6 prev_cap=4/5 titel=0 ort=0/5
NEWSMAX	7	6	Newsmax	eigenname	q=0/5 next_cap=5/6 prev_cap=2/5 titel=0 ort=0/5
NIHON	5	6	Nihon	eigenname	q=1/6 next_cap=3/6 prev_cap=3/6 titel=0 ort=0/6
NIKLAUS	7	6	Niklaus	eigenname	q=0/6 next_cap=3/6 prev_cap=5/6 titel=0 ort=0/6
NILSSON	7	6	Nilsson	eigenname	q=0/4 next_cap=0/6 prev_cap=3/4 titel=1 ort=0/4
NORTE	5	6	Norte	eigenname	q=0/7 next_cap=1/7 prev_cap=3/7 titel=0 ort=0/7
NOSSA	5	6	Nossa	eigenname	q=0/4 next_cap=5/6 prev_cap=2/4 titel=0 ort=0/4
OBSERVATORY	11	6	Observatory	eigenname	q=1/6 next_cap=2/6 prev_cap=5/6 titel=0 ort=0/6
OEMER	5	6	Ömer	eigenname	q=0/4 next_cap=3/6 prev_cap=3/4 titel=0 ort=0/4
OETZI	5	6	Ötzi	eigenname	q=0/6 next_cap=2/7 prev_cap=2/6 titel=0 ort=0/6
OEZKAN	6	6	Özkan	eigenname	q=0/4 next_cap=0/6 prev_cap=3/4 titel=1 ort=0/4
OLAV	4	6	Olav	eigenname	q=0/6 next_cap=3/6 prev_cap=2/6 titel=0 ort=0/6
OLDENBURGS	10	6	Oldenburgs	eigenname	q=0/5 next_cap=1/6 prev_cap=4/5 titel=0 ort=0/5
OLDESLOE	8	6	Oldesloe	eigenname	q=0/7 next_cap=1/7 prev_cap=6/7 titel=0 ort=0/7
OLIVA	5	6	Oliva	eigenname	q=0/5 next_cap=0/6 prev_cap=2/5 titel=0 ort=1/5
OLSON	5	6	Olson	eigenname	q=0/4 next_cap=1/6 prev_cap=2/4 titel=0 ort=0/4
OLSSON	6	6	Olsson	eigenname	q=0/5 next_cap=2/6 prev_cap=3/5 titel=0 ort=0/5
OPPERMANN	9	6	Oppermann	eigenname	q=0/6 next_cap=3/6 prev_cap=4/6 titel=0 ort=0/6
OROSZ	5	6	Orosz	eigenname	q=0/4 next_cap=2/6 prev_cap=3/4 titel=0 ort=0/4
ORTEGA	6	6	Ortega	eigenname	q=0/3 next_cap=0/6 prev_cap=2/3 titel=0 ort=0/3
ORTIZ	5	6	Ortiz	eigenname	q=0/8 next_cap=1/8 prev_cap=2/8 titel=0 ort=0/8
OSMOSE	6	6	Osmose	eigenname	q=2/9 next_cap=4/9 prev_cap=3/9 titel=0 ort=1/9
OSSIETZKY	9	6	Ossietzky	eigenname	q=0/8 next_cap=4/9 prev_cap=1/8 titel=0 ort=0/8
OSTERMANN	9	6	Ostermann	eigenname	q=0/7 next_cap=1/7 prev_cap=5/7 titel=0 ort=0/7
OSTROM	6	6	Ostrom	eigenname	q=0/4 next_cap=0/6 prev_cap=2/4 titel=0 ort=0/4
OTTEN	5	6	Otten	eigenname	q=0/6 next_cap=1/6 prev_cap=5/6 titel=0 ort=0/6
PACO	4	6	Paco	eigenname	q=0/6 next_cap=2/6 prev_cap=2/6 titel=1 ort=0/6
PALMAS	6	6	Palmas	eigenname	q=0/6 next_cap=0/6 prev_cap=6/6 titel=0 ort=0/6
PAPKE	5	6	Papke	eigenname	q=0/4 next_cap=0/6 prev_cap=3/4 titel=0 ort=0/4
PARAVICINI	10	6	Paravicini	eigenname	q=0/6 next_cap=0/6 prev_cap=4/6 titel=0 ort=0/6
PARRY	5	6	Parry	eigenname	q=1/6 next_cap=3/7 prev_cap=3/6 titel=1 ort=0/6
PASQUALE	8	6	Pasquale	eigenname	q=0/5 next_cap=4/6 prev_cap=2/5 titel=0 ort=0/5
PAULSON	7	6	Paulson	eigenname	q=0/5 next_cap=0/6 prev_cap=4/5 titel=0 ort=0/5
PAVAROTTI	9	6	Pavarotti	eigenname	q=0/4 next_cap=0/6 prev_cap=1/4 titel=0 ort=0/4
PEAKE	5	6	Peake	eigenname	q=0/5 next_cap=0/6 prev_cap=4/5 titel=0 ort=0/5
PEDROSA	7	6	Pedrosa	eigenname	q=0/6 next_cap=0/6 prev_cap=2/6 titel=0 ort=0/6
PESTALOZZI	10	6	Pestalozzi	eigenname	q=1/9 next_cap=8/13 prev_cap=2/9 titel=0 ort=0/9
PETAR	5	6	Petar	eigenname	q=0/6 next_cap=3/6 prev_cap=4/6 titel=0 ort=0/6
PHYLLIS	7	6	Phyllis	eigenname	q=0/6 next_cap=3/6 prev_cap=4/6 titel=1 ort=0/6
PICHLER	7	6	Pichler	eigenname	q=0/6 next_cap=0/6 prev_cap=6/6 titel=0 ort=0/6
PIEL	4	6	Piel	eigenname	q=0/4 next_cap=0/6 prev_cap=3/4 titel=0 ort=0/4
PILS	4	6	Pils	eigenname	q=1/11 next_cap=2/11 prev_cap=6/11 titel=0 ort=0/11
PIRELLI	7	6	Pirelli	eigenname	q=0/7 next_cap=4/10 prev_cap=2/7 titel=0 ort=1/7
PLAIN	5	6	Plain	eigenname	q=1/6 next_cap=2/6 prev_cap=5/6 titel=0 ort=0/6
PLANCK	6	6	Planck	eigenname	q=0/47 next_cap=43/48 prev_cap=41/47 titel=0 ort=0/47
PLATTLING	9	6	Plattling	eigenname	q=0/6 next_cap=1/6 prev_cap=5/6 titel=0 ort=0/6
PLUENDERERN	11	6	Plünderern	eigenname	q=0/6 next_cap=0/6 prev_cap=0/6 titel=0 ort=0/6
POIROT	6	6	Poirot	eigenname	q=0/5 next_cap=1/7 prev_cap=2/5 titel=0 ort=0/5
POLENZ	6	6	Polenz	eigenname	q=1/5 next_cap=1/6 prev_cap=3/5 titel=0 ort=0/5
POLLAK	6	6	Pollak	eigenname	q=0/5 next_cap=2/7 prev_cap=4/5 titel=0 ort=0/5
POLONIA	7	6	Polonia	eigenname	q=1/6 next_cap=3/6 prev_cap=2/6 titel=0 ort=0/6
POMPEIUS	8	6	Pompeius	eigenname	q=0/5 next_cap=0/6 prev_cap=1/5 titel=0 ort=0/5
POPPER	6	6	Popper	eigenname	q=1/5 next_cap=3/6 prev_cap=3/5 titel=0 ort=1/5
PORTMAN	7	6	Portman	eigenname	q=0/6 next_cap=0/6 prev_cap=5/6 titel=0 ort=0/6
POSCH	5	6	Posch	eigenname	q=0/6 next_cap=2/7 prev_cap=4/6 titel=0 ort=0/6
PRANTL	6	6	Prantl	eigenname	q=0/4 next_cap=3/6 prev_cap=4/4 titel=0 ort=0/4
PREM	4	6	Prem	eigenname	q=1/5 next_cap=2/6 prev_cap=4/5 titel=0 ort=0/5
PRESLEY	7	6	Presley	eigenname	q=0/5 next_cap=2/6 prev_cap=3/5 titel=0 ort=0/5
PRISCILLA	9	6	Priscilla	eigenname	q=0/6 next_cap=4/6 prev_cap=2/6 titel=1 ort=0/6
PRITZWALK	9	6	Pritzwalk	eigenname	q=0/6 next_cap=0/6 prev_cap=1/6 titel=0 ort=1/6
PRIVATDRUCK	11	6	Privatdruck	eigenname	q=0/3 next_cap=4/6 prev_cap=2/3 titel=0 ort=0/3
PUETZ	5	6	Pütz	eigenname	q=0/5 next_cap=1/6 prev_cap=5/5 titel=1 ort=0/5
PUTEN	5	6	Puten	eigenname	q=1/9 next_cap=4/9 prev_cap=3/9 titel=0 ort=0/9
QIN	3	6	Qin	eigenname	q=0/6 next_cap=2/7 prev_cap=3/6 titel=0 ort=1/6
QUAST	5	6	Quast	eigenname	q=0/6 next_cap=0/6 prev_cap=1/6 titel=0 ort=0/6
QUECHUA	7	6	Quechua	eigenname	q=1/11 next_cap=4/11 prev_cap=3/11 titel=0 ort=0/11
QUERLENKER	10	6	Querlenker	eigenname	q=0/6 next_cap=0/6 prev_cap=0/6 titel=0 ort=0/6
RADEK	5	6	Radek	eigenname	q=0/6 next_cap=3/6 prev_cap=3/6 titel=0 ort=0/6
RADU	4	6	Radu	eigenname	q=0/5 next_cap=2/6 prev_cap=2/5 titel=0 ort=0/5
RAE	3	6	Rae	eigenname	q=0/4 next_cap=1/4 prev_cap=3/4 titel=0 ort=0/4
RAID	4	6	Raid	eigenname	q=1/9 next_cap=7/9 prev_cap=5/9 titel=0 ort=0/9
RAIS	4	6	Rais	eigenname	q=0/6 next_cap=1/6 prev_cap=2/6 titel=0 ort=0/6
RAPIDS	6	6	Rapids	eigenname	q=1/6 next_cap=1/6 prev_cap=5/6 titel=0 ort=0/6
RAVE	4	6	Rave	eigenname	q=1/7 next_cap=3/8 prev_cap=4/7 titel=0 ort=0/7
RECEP	5	6	Recep	eigenname	q=0/5 next_cap=4/7 prev_cap=3/5 titel=0 ort=0/5
REGINALD	8	6	Reginald	eigenname	q=0/3 next_cap=4/6 prev_cap=2/3 titel=0 ort=0/3
REICHARDT	9	6	Reichardt	eigenname	q=1/6 next_cap=2/6 prev_cap=3/6 titel=0 ort=0/6
REICHENHALL	11	6	Reichenhall	eigenname	q=0/7 next_cap=2/7 prev_cap=7/7 titel=0 ort=0/7
REIMAR	6	6	Reimar	eigenname	q=1/6 next_cap=4/6 prev_cap=3/6 titel=1 ort=0/6
REITH	5	6	Reith	eigenname	q=1/6 next_cap=1/6 prev_cap=3/6 titel=0 ort=0/6
REITZ	5	6	Reitz	eigenname	q=0/7 next_cap=1/7 prev_cap=7/7 titel=0 ort=0/7
REMBRANDTS	10	6	Rembrandts	eigenname	q=0/6 next_cap=2/6 prev_cap=4/6 titel=0 ort=1/6
REPUBBLICA	10	6	Repubblica	eigenname	q=0/6 next_cap=0/6 prev_cap=3/6 titel=0 ort=0/6
RETAIL	6	6	Retail	eigenname	q=2/10 next_cap=7/10 prev_cap=4/10 titel=0 ort=0/10
RETTIG	6	6	Rettig	eigenname	q=0/5 next_cap=1/6 prev_cap=5/5 titel=0 ort=0/5
REUTTE	6	6	Reutte	eigenname	q=0/5 next_cap=0/6 prev_cap=0/5 titel=0 ort=1/5
RIEDEN	6	6	Rieden	eigenname	q=1/6 next_cap=6/7 prev_cap=4/6 titel=0 ort=0/6
RIEFENSTAHL	11	6	Riefenstahl	eigenname	q=1/6 next_cap=0/6 prev_cap=5/6 titel=0 ort=0/6
RIKE	4	6	Rike	eigenname	q=0/5 next_cap=4/6 prev_cap=5/5 titel=0 ort=0/5
RINGO	5	6	Ringo	eigenname	q=0/4 next_cap=2/5 prev_cap=1/4 titel=0 ort=0/4
ROACH	5	6	Roach	eigenname	q=1/6 next_cap=1/6 prev_cap=3/6 titel=0 ort=0/6
ROADHOUSE	9	6	Roadhouse	eigenname	q=1/5 next_cap=2/6 prev_cap=3/5 titel=0 ort=0/5
ROBOTERN	8	6	Robotern	eigenname	q=0/6 next_cap=0/6 prev_cap=1/6 titel=0 ort=0/6
ROBOTNIK	8	6	Robotnik	eigenname	q=0/6 next_cap=1/6 prev_cap=4/6 titel=3 ort=0/6
ROBSON	6	6	Robson	eigenname	q=0/6 next_cap=0/6 prev_cap=3/6 titel=0 ort=0/6
ROCHLITZ	8	6	Rochlitz	eigenname	q=1/5 next_cap=1/6 prev_cap=4/5 titel=0 ort=0/5
RODA	4	6	Roda	eigenname	q=0/7 next_cap=3/7 prev_cap=4/7 titel=0 ort=0/7
ROEHR	5	6	Röhr	eigenname	q=0/6 next_cap=1/6 prev_cap=3/6 titel=1 ort=0/6
ROETHENBACH	11	6	Röthenbach	eigenname	q=0/6 next_cap=2/6 prev_cap=4/6 titel=0 ort=1/6
ROHAN	5	6	Rohan	eigenname	q=0/7 next_cap=3/7 prev_cap=2/7 titel=0 ort=0/7
ROLOFF	6	6	Roloff	eigenname	q=0/7 next_cap=2/7 prev_cap=4/7 titel=0 ort=1/7
ROMER	5	6	Romer	eigenname	q=0/4 next_cap=0/6 prev_cap=3/4 titel=0 ort=0/4
ROQUE	5	6	Roque	eigenname	q=1/5 next_cap=4/6 prev_cap=4/5 titel=0 ort=0/5
ROSAS	5	6	Rosas	eigenname	q=0/5 next_cap=1/5 prev_cap=1/5 titel=0 ort=0/5
ROSENBAUM	9	6	Rosenbaum	eigenname	q=0/3 next_cap=2/6 prev_cap=2/3 titel=0 ort=0/3
ROSSETTI	8	6	Rossetti	eigenname	q=0/5 next_cap=0/6 prev_cap=5/5 titel=0 ort=0/5
ROZEHNAL	8	6	Rozehnal	eigenname	q=0/5 next_cap=1/6 prev_cap=4/5 titel=0 ort=0/5
RUDOLFS	7	6	Rudolfs	eigenname	q=0/5 next_cap=4/7 prev_cap=4/5 titel=0 ort=0/5
RUECKER	7	6	Rücker	eigenname	q=0/5 next_cap=1/6 prev_cap=3/5 titel=0 ort=0/5
RUEEGG	6	6	Rüegg	eigenname	q=0/5 next_cap=1/6 prev_cap=5/5 titel=0 ort=0/5
RUEHLE	6	6	Rühle	eigenname	q=1/6 next_cap=0/6 prev_cap=3/6 titel=0 ort=0/6
RUFFY	5	6	Ruffy	eigenname	q=0/6 next_cap=0/6 prev_cap=0/6 titel=0 ort=0/6
RULAND	6	6	Ruland	eigenname	q=0/4 next_cap=0/6 prev_cap=4/4 titel=0 ort=0/4
RUNDFLUEGE	10	6	Rundflüge	eigenname	q=0/6 next_cap=0/7 prev_cap=3/6 titel=0 ort=0/6
SABHA	5	6	Sabha	eigenname	q=0/6 next_cap=0/6 prev_cap=6/6 titel=0 ort=0/6
SAEUFER	7	6	Säufer	eigenname	q=0/6 next_cap=1/6 prev_cap=0/6 titel=0 ort=0/6
SAGAN	5	6	Sagan	eigenname	q=0/6 next_cap=1/7 prev_cap=4/6 titel=0 ort=0/6
SAHIN	5	6	Sahin	eigenname	q=0/4 next_cap=3/6 prev_cap=4/4 titel=0 ort=0/4
SALAH	5	6	Salah	eigenname	q=0/5 next_cap=4/6 prev_cap=3/5 titel=0 ort=0/5
SALENTIN	8	6	Salentin	eigenname	q=0/5 next_cap=4/6 prev_cap=5/5 titel=0 ort=0/5
SALISH	6	6	Salish	eigenname	q=1/10 next_cap=5/10 prev_cap=6/10 titel=0 ort=0/10
SALTO	5	6	Salto	eigenname	q=0/5 next_cap=2/6 prev_cap=2/5 titel=0 ort=1/5
SALVATOR	8	6	Salvator	eigenname	q=0/9 next_cap=4/9 prev_cap=7/9 titel=0 ort=0/9
SAMSON	6	6	Samson	eigenname	q=0/8 next_cap=3/8 prev_cap=3/8 titel=0 ort=0/8
SAMUELSSON	10	6	Samuelsson	eigenname	q=0/4 next_cap=0/6 prev_cap=2/4 titel=0 ort=0/4
SAMY	4	6	Samy	eigenname	q=0/4 next_cap=5/6 prev_cap=1/4 titel=0 ort=0/4
SANCHO	6	6	Sancho	eigenname	q=0/5 next_cap=4/6 prev_cap=0/5 titel=0 ort=0/5
SANDBERG	8	6	Sandberg	eigenname	q=0/4 next_cap=2/6 prev_cap=4/4 titel=0 ort=0/4
SANDHAUSEN	10	6	Sandhausen	eigenname	q=0/4 next_cap=1/6 prev_cap=2/4 titel=0 ort=0/4
SANDWICHES	10	6	Sandwiches	eigenname	q=0/5 next_cap=0/6 prev_cap=1/5 titel=0 ort=0/5
SANYO	5	6	Sanyo	eigenname	q=0/3 next_cap=0/6 prev_cap=0/3 titel=0 ort=0/3
SARDINEN	8	6	Sardinen	eigenname	q=0/5 next_cap=0/6 prev_cap=4/5 titel=0 ort=0/5
SAUNDERS	8	6	Saunders	eigenname	q=0/4 next_cap=0/6 prev_cap=3/4 titel=0 ort=0/4
SAVAGE	6	6	Savage	eigenname	q=1/6 next_cap=2/7 prev_cap=4/6 titel=0 ort=0/6
SAVOYEN	7	6	Savoyen	eigenname	q=0/6 next_cap=1/6 prev_cap=1/6 titel=0 ort=0/6
SCHAFFER	8	6	Schaffer	eigenname	q=1/7 next_cap=1/7 prev_cap=5/7 titel=0 ort=0/7
SCHELER	7	6	Scheler	eigenname	q=0/3 next_cap=0/6 prev_cap=2/3 titel=0 ort=0/3
SCHERMBECK	10	6	Schermbeck	eigenname	q=0/6 next_cap=1/6 prev_cap=5/6 titel=0 ort=1/6
SCHEUERFELD	11	6	Scheuerfeld	eigenname	q=0/6 next_cap=0/6 prev_cap=6/6 titel=0 ort=0/6
SCHILYS	7	6	Schilys	eigenname	q=0/4 next_cap=4/6 prev_cap=1/4 titel=0 ort=0/4
SCHINKEL	8	6	Schinkel	eigenname	q=0/6 next_cap=1/7 prev_cap=4/6 titel=0 ort=0/6
SCHLEIDEN	9	6	Schleiden	eigenname	q=0/7 next_cap=1/8 prev_cap=6/7 titel=1 ort=1/7
SCHLESINGER	11	6	Schlesinger	eigenname	q=0/5 next_cap=0/6 prev_cap=5/5 titel=0 ort=0/5
SCHMIEDER	9	6	Schmieder	eigenname	q=0/4 next_cap=2/6 prev_cap=4/4 titel=0 ort=0/4
SCHMIERGELD	11	6	Schmiergeld	eigenname	q=2/10 next_cap=4/10 prev_cap=2/10 titel=0 ort=0/10
SCHROTH	7	6	Schroth	eigenname	q=0/5 next_cap=1/6 prev_cap=4/5 titel=0 ort=0/5
SCHWANITZ	9	6	Schwanitz	eigenname	q=0/6 next_cap=1/7 prev_cap=3/6 titel=0 ort=0/6
SCHWARZBROT	11	6	Schwarzbrot	eigenname	q=1/6 next_cap=0/6 prev_cap=3/6 titel=0 ort=0/6
SEAGATE	7	6	Seagate	eigenname	q=0/3 next_cap=1/6 prev_cap=1/3 titel=0 ort=0/3
SEBASTIANO	10	6	Sebastiano	eigenname	q=0/6 next_cap=2/6 prev_cap=5/6 titel=0 ort=0/6
SEEHOFERS	9	6	Seehofers	eigenname	q=0/4 next_cap=5/6 prev_cap=2/4 titel=0 ort=0/4
SELEN	5	6	Selen	eigenname	q=1/5 next_cap=0/6 prev_cap=3/5 titel=0 ort=0/5
SELIM	5	6	Selim	eigenname	q=0/3 next_cap=1/6 prev_cap=0/3 titel=0 ort=0/3
SELINA	6	6	Selina	eigenname	q=0/4 next_cap=4/6 prev_cap=2/4 titel=1 ort=0/4
SEPPEL	6	6	Seppel	eigenname	q=0/7 next_cap=1/7 prev_cap=0/7 titel=0 ort=1/7
SHALOM	6	6	Shalom	eigenname	q=1/5 next_cap=2/6 prev_cap=4/5 titel=0 ort=0/5
SHAUN	5	6	Shaun	eigenname	q=0/6 next_cap=4/7 prev_cap=1/6 titel=0 ort=1/6
SHELTON	7	6	Shelton	eigenname	q=0/4 next_cap=2/6 prev_cap=3/4 titel=0 ort=0/4
SHEPHERD	8	6	Shepherd	eigenname	q=1/6 next_cap=0/6 prev_cap=4/6 titel=0 ort=0/6
SIDONIE	7	6	Sidonie	eigenname	q=0/6 next_cap=3/6 prev_cap=4/6 titel=0 ort=1/6
SIEBECK	7	6	Siebeck	eigenname	q=0/4 next_cap=3/6 prev_cap=4/4 titel=0 ort=0/4
SIEMER	6	6	Siemer	eigenname	q=1/6 next_cap=3/6 prev_cap=3/6 titel=0 ort=0/6
SILLA	5	6	Silla	eigenname	q=0/6 next_cap=3/7 prev_cap=2/6 titel=0 ort=0/6
SIMBACH	7	6	Simbach	eigenname	q=0/6 next_cap=0/6 prev_cap=2/6 titel=0 ort=0/6
SIMENON	7	6	Simenon	eigenname	q=0/4 next_cap=0/6 prev_cap=2/4 titel=0 ort=0/4
SINNESORGAN	11	6	Sinnesorgan	eigenname	q=0/6 next_cap=0/6 prev_cap=0/6 titel=0 ort=0/6
SITZREIHE	9	6	Sitzreihe	eigenname	q=0/6 next_cap=0/6 prev_cap=0/6 titel=0 ort=0/6
SIZILIENS	9	6	Siziliens	eigenname	q=0/6 next_cap=2/6 prev_cap=5/6 titel=0 ort=0/6
SKITOUR	7	6	Skitour	eigenname	q=1/5 next_cap=2/6 prev_cap=1/5 titel=0 ort=0/5
SLOVAN	6	6	Slovan	eigenname	q=0/5 next_cap=3/6 prev_cap=3/5 titel=0 ort=0/5
SMASH	5	6	Smash	eigenname	q=0/3 next_cap=3/4 prev_cap=3/3 titel=0 ort=0/3
SOARES	6	6	Soares	eigenname	q=1/5 next_cap=0/6 prev_cap=3/5 titel=0 ort=0/5
SOELLNER	8	6	Söllner	eigenname	q=0/6 next_cap=0/7 prev_cap=4/6 titel=0 ort=0/6
SOPHIES	7	6	Sophies	eigenname	q=0/5 next_cap=6/6 prev_cap=2/5 titel=0 ort=0/5
SOUSA	5	6	Sousa	eigenname	q=0/5 next_cap=3/6 prev_cap=1/5 titel=0 ort=0/5
SOZIALKUNDE	11	6	Sozialkunde	eigenname	q=0/7 next_cap=1/7 prev_cap=2/7 titel=0 ort=0/7
SPALIER	7	6	Spalier	eigenname	q=0/5 next_cap=0/6 prev_cap=3/5 titel=0 ort=0/5
SPARMANN	8	6	Sparmann	eigenname	q=0/4 next_cap=0/6 prev_cap=2/4 titel=0 ort=0/4
SPEERE	6	6	Speere	eigenname	q=1/5 next_cap=0/6 prev_cap=3/5 titel=0 ort=0/5
SPEIDEL	7	6	Speidel	eigenname	q=0/5 next_cap=0/6 prev_cap=4/5 titel=0 ort=0/5
SPOERR	6	6	Spoerr	eigenname	q=0/4 next_cap=0/6 prev_cap=2/4 titel=0 ort=0/4
SPORTBOOTE	10	6	Sportboote	eigenname	q=0/6 next_cap=0/6 prev_cap=0/6 titel=0 ort=0/6
SPRENGER	8	6	Sprenger	eigenname	q=0/6 next_cap=1/6 prev_cap=5/6 titel=0 ort=0/6
SPRINGSTEEN	11	6	Springsteen	eigenname	q=0/6 next_cap=0/6 prev_cap=2/6 titel=0 ort=1/6
STAATSRECHT	11	6	Staatsrecht	eigenname	q=1/6 next_cap=1/6 prev_cap=3/6 titel=0 ort=0/6
STACEY	6	6	Stacey	eigenname	q=0/6 next_cap=2/6 prev_cap=2/6 titel=0 ort=0/6
STADTKULTUR	11	6	Stadtkultur	eigenname	q=0/6 next_cap=1/6 prev_cap=0/6 titel=0 ort=0/6
STANISLAUS	10	6	Stanislaus	eigenname	q=0/6 next_cap=3/6 prev_cap=3/6 titel=0 ort=0/6
STARTREIHE	10	6	Startreihe	eigenname	q=0/6 next_cap=0/6 prev_cap=0/6 titel=0 ort=0/6
STECKPLATZ	10	6	Steckplatz	eigenname	q=2/17 next_cap=0/17 prev_cap=9/17 titel=0 ort=0/17
STEFANI	7	6	Stefani	eigenname	q=1/7 next_cap=1/7 prev_cap=5/7 titel=0 ort=0/7
STEFANS	7	6	Stefans	eigenname	q=0/4 next_cap=2/6 prev_cap=1/4 titel=0 ort=0/4
STEIDL	6	6	Steidl	eigenname	q=1/5 next_cap=2/6 prev_cap=4/5 titel=0 ort=0/5
STEINFELD	9	6	Steinfeld	eigenname	q=0/7 next_cap=0/7 prev_cap=6/7 titel=1 ort=1/7
STEINHAGEN	10	6	Steinhagen	eigenname	q=0/5 next_cap=0/6 prev_cap=3/5 titel=0 ort=1/5
STEINMEYER	10	6	Steinmeyer	eigenname	q=0/8 next_cap=3/8 prev_cap=4/8 titel=0 ort=0/8
STELLAS	7	6	Stellas	eigenname	q=0/5 next_cap=4/6 prev_cap=2/5 titel=0 ort=0/5
STEPHANUS	9	6	Stephanus	eigenname	q=0/12 next_cap=7/12 prev_cap=6/12 titel=0 ort=0/12
STOECKER	8	6	Stöcker	eigenname	q=0/5 next_cap=1/7 prev_cap=4/5 titel=0 ort=0/5
STOEVER	7	6	Stoever	eigenname	q=0/3 next_cap=1/6 prev_cap=2/3 titel=0 ort=0/3
STOEWER	7	6	Stoewer	eigenname	q=1/6 next_cap=3/6 prev_cap=5/6 titel=0 ort=0/6
STRAIGHT	8	6	Straight	eigenname	q=1/8 next_cap=8/8 prev_cap=2/8 titel=0 ort=0/8
STRATMANN	9	6	Stratmann	eigenname	q=0/6 next_cap=0/6 prev_cap=6/6 titel=0 ort=0/6
STU	3	6	Stu	eigenname	q=0/5 next_cap=1/5 prev_cap=5/5 titel=0 ort=0/5
SUBARU	6	6	Subaru	eigenname	q=1/8 next_cap=4/9 prev_cap=3/8 titel=0 ort=0/8
SUBKULTUREN	11	6	Subkulturen	eigenname	q=0/6 next_cap=0/6 prev_cap=2/6 titel=0 ort=0/6
SUHR	4	6	Suhr	eigenname	q=0/8 next_cap=3/8 prev_cap=7/8 titel=0 ort=1/8
SUPERCUP	8	6	Supercup	eigenname	q=3/14 next_cap=6/14 prev_cap=4/14 titel=0 ort=0/14
SUSANN	6	6	Susann	eigenname	q=0/5 next_cap=3/6 prev_cap=2/5 titel=0 ort=0/5
SUSIE	5	6	Susie	eigenname	q=0/6 next_cap=3/6 prev_cap=1/6 titel=0 ort=0/6
SVENSSON	8	6	Svensson	eigenname	q=0/6 next_cap=2/6 prev_cap=4/6 titel=0 ort=0/6
SYED	4	6	Syed	eigenname	q=0/3 next_cap=3/6 prev_cap=3/3 titel=0 ort=0/3
SYLVIE	6	6	Sylvie	eigenname	q=1/6 next_cap=3/6 prev_cap=2/6 titel=0 ort=0/6
TABORI	6	6	Tabori	eigenname	q=0/3 next_cap=1/7 prev_cap=3/3 titel=0 ort=0/3
TAGESKARTEN	11	6	Tageskarten	eigenname	q=0/4 next_cap=0/6 prev_cap=0/4 titel=0 ort=0/4
TAKESHI	7	6	Takeshi	eigenname	q=1/6 next_cap=3/6 prev_cap=4/6 titel=1 ort=0/6
TEQUILA	7	6	Tequila	eigenname	q=1/6 next_cap=2/7 prev_cap=3/6 titel=0 ort=0/6
TERME	5	6	Terme	eigenname	q=0/7 next_cap=0/8 prev_cap=4/7 titel=0 ort=0/7
TERMINTREUE	11	6	Termintreue	eigenname	q=0/4 next_cap=1/6 prev_cap=2/4 titel=0 ort=0/4
TERRAKOTTA	10	6	Terrakotta	eigenname	q=1/9 next_cap=6/9 prev_cap=1/9 titel=0 ort=2/9
TESCH	5	6	Tesch	eigenname	q=0/4 next_cap=1/4 prev_cap=1/4 titel=0 ort=0/4
TESKE	5	6	Teske	eigenname	q=0/6 next_cap=0/6 prev_cap=5/6 titel=0 ort=0/6
TEVA	4	6	Teva	eigenname	q=0/5 next_cap=2/6 prev_cap=1/5 titel=0 ort=0/5
THA	3	6	Tha	eigenname	q=1/7 next_cap=7/7 prev_cap=1/7 titel=0 ort=1/7
THALES	6	6	Thales	eigenname	q=0/5 next_cap=4/7 prev_cap=0/5 titel=0 ort=0/5
THANN	5	6	Thann	eigenname	q=0/7 next_cap=1/7 prev_cap=3/7 titel=0 ort=1/7
THEODOSIUS	10	6	Theodosius	eigenname	q=1/6 next_cap=2/6 prev_cap=3/6 titel=0 ort=0/6
THIEDE	6	6	Thiede	eigenname	q=1/6 next_cap=2/6 prev_cap=5/6 titel=0 ort=0/6
THIERRY	7	6	Thierry	eigenname	q=1/5 next_cap=5/6 prev_cap=2/5 titel=0 ort=0/5
THOMS	5	6	Thoms	eigenname	q=1/9 next_cap=1/10 prev_cap=8/9 titel=0 ort=0/9
THORPE	6	6	Thorpe	eigenname	q=1/5 next_cap=2/7 prev_cap=3/5 titel=0 ort=0/5
THROMBOSEN	10	6	Thrombosen	eigenname	q=0/6 next_cap=1/6 prev_cap=1/6 titel=0 ort=0/6
THUM	4	6	Thum	eigenname	q=0/5 next_cap=1/6 prev_cap=5/5 titel=0 ort=0/5
TIANJIN	7	6	Tianjin	eigenname	q=0/5 next_cap=0/6 prev_cap=1/5 titel=0 ort=1/5
TIEFEBENE	9	6	Tiefebene	eigenname	q=0/6 next_cap=0/6 prev_cap=2/6 titel=0 ort=0/6
TIETZE	6	6	Tietze	eigenname	q=1/5 next_cap=3/7 prev_cap=4/5 titel=0 ort=0/5
TIFFANY	7	6	Tiffany	eigenname	q=0/6 next_cap=3/8 prev_cap=1/6 titel=0 ort=0/6
TILGNER	7	6	Tilgner	eigenname	q=1/5 next_cap=2/6 prev_cap=2/5 titel=0 ort=0/5
TIMUR	5	6	Timur	eigenname	q=1/6 next_cap=3/6 prev_cap=2/6 titel=0 ort=1/6
TINTO	5	6	Tinto	eigenname	q=0/13 next_cap=7/13 prev_cap=13/13 titel=0 ort=0/13
TITANIA	7	6	Titania	eigenname	q=1/7 next_cap=4/7 prev_cap=2/7 titel=0 ort=1/7
TOLUCA	6	6	Toluca	eigenname	q=0/6 next_cap=0/6 prev_cap=4/6 titel=0 ort=1/6
TOMBA	5	6	Tomba	eigenname	q=0/5 next_cap=2/6 prev_cap=2/5 titel=0 ort=0/5
TOMMASO	7	6	Tommaso	eigenname	q=0/4 next_cap=3/6 prev_cap=2/4 titel=0 ort=0/4
TOY	3	6	Toy	eigenname	q=1/7 next_cap=6/7 prev_cap=5/7 titel=0 ort=0/7
TOYS	4	6	Toys	eigenname	q=1/6 next_cap=0/6 prev_cap=4/6 titel=0 ort=0/6
TRANSOCEAN	10	6	Transocean	eigenname	q=0/6 next_cap=1/7 prev_cap=1/6 titel=0 ort=0/6
TRAUB	5	6	Traub	eigenname	q=0/6 next_cap=1/7 prev_cap=4/6 titel=0 ort=0/6
TRAUGOTT	8	6	Traugott	eigenname	q=0/5 next_cap=3/6 prev_cap=3/5 titel=0 ort=0/5
TRENNUNGEN	10	6	Trennungen	eigenname	q=0/5 next_cap=0/6 prev_cap=1/5 titel=0 ort=0/5
TRIANGLE	8	6	Triangle	eigenname	q=1/6 next_cap=0/6 prev_cap=5/6 titel=0 ort=0/6
TURAN	5	6	Turan	eigenname	q=1/6 next_cap=0/6 prev_cap=4/6 titel=0 ort=0/6
UELI	4	6	Ueli	eigenname	q=0/5 next_cap=5/6 prev_cap=5/5 titel=0 ort=0/5
UGANDAS	7	6	Ugandas	eigenname	q=0/6 next_cap=0/6 prev_cap=5/6 titel=0 ort=0/6
UHU	3	6	Uhu	eigenname	q=2/10 next_cap=2/10 prev_cap=5/10 titel=1 ort=0/10
UMTRIEBE	8	6	Umtriebe	eigenname	q=0/5 next_cap=0/6 prev_cap=1/5 titel=0 ort=0/5
UNITS	5	6	Units	eigenname	q=0/7 next_cap=0/7 prev_cap=5/7 titel=0 ort=1/7
UNTERLASS	9	6	Unterlass	eigenname	q=0/6 next_cap=1/6 prev_cap=0/6 titel=0 ort=0/6
URSEL	5	6	Ursel	eigenname	q=0/5 next_cap=4/6 prev_cap=1/5 titel=0 ort=1/5
USTER	5	6	Uster	eigenname	q=0/5 next_cap=2/6 prev_cap=2/5 titel=0 ort=0/5
VALENTINUS	10	6	Valentinus	eigenname	q=0/4 next_cap=2/6 prev_cap=2/4 titel=0 ort=0/4
VALLETTA	8	6	Valletta	eigenname	q=0/5 next_cap=0/6 prev_cap=1/5 titel=0 ort=1/5
VANDALIA	8	6	Vandalia	eigenname	q=1/6 next_cap=2/6 prev_cap=3/6 titel=0 ort=0/6
VENEZUELAS	10	6	Venezuelas	eigenname	q=0/5 next_cap=2/6 prev_cap=5/5 titel=1 ort=0/5
VERGNE	6	6	Vergne	eigenname	q=0/5 next_cap=1/6 prev_cap=0/5 titel=0 ort=0/5
VICKY	5	6	Vicky	eigenname	q=0/5 next_cap=0/6 prev_cap=1/5 titel=0 ort=0/5
VICTORS	7	6	Victors	eigenname	q=1/6 next_cap=2/6 prev_cap=4/6 titel=0 ort=0/6
VILAR	5	6	Vilar	eigenname	q=0/4 next_cap=1/6 prev_cap=3/4 titel=0 ort=0/4
VIRGINIAS	9	6	Virginias	eigenname	q=0/4 next_cap=3/6 prev_cap=3/4 titel=0 ort=0/4
VISCHER	7	6	Vischer	eigenname	q=0/6 next_cap=1/6 prev_cap=6/6 titel=0 ort=0/6
VIVALDI	7	6	Vivaldi	eigenname	q=0/5 next_cap=2/8 prev_cap=2/5 titel=0 ort=0/5
VLAD	4	6	Vlad	eigenname	q=0/3 next_cap=2/6 prev_cap=1/3 titel=0 ort=0/3
VOCAL	5	6	Vocal	eigenname	q=1/9 next_cap=7/9 prev_cap=6/9 titel=0 ort=0/9
VOJISLAV	8	6	Vojislav	eigenname	q=0/4 next_cap=4/6 prev_cap=3/4 titel=1 ort=0/4
VOLLMER	7	6	Vollmer	eigenname	q=0/7 next_cap=2/7 prev_cap=6/7 titel=0 ort=0/7
VOLLZEIT	8	6	Vollzeit	eigenname	q=0/19 next_cap=13/19 prev_cap=1/19 titel=0 ort=3/19
VORRUNDEN	9	6	Vorrunden	eigenname	q=3/14 next_cap=8/14 prev_cap=2/14 titel=0 ort=0/14
VREDEN	6	6	Vreden	eigenname	q=0/6 next_cap=0/6 prev_cap=3/6 titel=0 ort=1/6
VULKANEN	8	6	Vulkanen	eigenname	q=0/6 next_cap=1/6 prev_cap=0/6 titel=0 ort=0/6
WAEDENSWIL	10	6	Wädenswil	eigenname	q=0/6 next_cap=0/6 prev_cap=1/6 titel=0 ort=0/6
WAGENBACH	9	6	Wagenbach	eigenname	q=1/5 next_cap=4/6 prev_cap=4/5 titel=0 ort=0/5
WALDKIRCH	9	6	Waldkirch	eigenname	q=0/9 next_cap=4/9 prev_cap=4/9 titel=0 ort=2/9
WALDSTEIN	9	6	Waldstein	eigenname	q=0/6 next_cap=0/6 prev_cap=2/6 titel=0 ort=0/6
WALDSTUECKE	11	6	Waldstücke	eigenname	q=0/6 next_cap=2/6 prev_cap=2/6 titel=0 ort=0/6
WALDUNGEN	9	6	Waldungen	eigenname	q=0/6 next_cap=0/6 prev_cap=1/6 titel=0 ort=0/6
WALDWEGEN	9	6	Waldwegen	eigenname	q=1/6 next_cap=2/6 prev_cap=1/6 titel=0 ort=0/6
WARWITZ	7	6	Warwitz	eigenname	q=0/6 next_cap=6/6 prev_cap=6/6 titel=0 ort=0/6
WASA	4	6	Wasa	eigenname	q=0/5 next_cap=2/6 prev_cap=3/5 titel=0 ort=1/5
WASCHBAER	9	6	Waschbär	eigenname	q=0/6 next_cap=2/7 prev_cap=1/6 titel=0 ort=0/6
WASHINGTONS	11	6	Washingtons	eigenname	q=0/5 next_cap=1/6 prev_cap=4/5 titel=0 ort=1/5
WEHRMANN	8	6	Wehrmann	eigenname	q=0/6 next_cap=1/6 prev_cap=5/6 titel=1 ort=0/6
WEIDMANN	8	6	Weidmann	eigenname	q=1/6 next_cap=2/7 prev_cap=4/6 titel=0 ort=0/6
WEIMER	6	6	Weimer	eigenname	q=0/4 next_cap=1/6 prev_cap=1/4 titel=0 ort=0/4
WEINHOLD	8	6	Weinhold	eigenname	q=0/5 next_cap=3/6 prev_cap=5/5 titel=0 ort=0/5
WEINZIERL	9	6	Weinzierl	eigenname	q=0/5 next_cap=0/6 prev_cap=3/5 titel=0 ort=0/5
WEIZ	4	6	Weiz	eigenname	q=0/6 next_cap=0/6 prev_cap=6/6 titel=0 ort=1/6
WENDLER	7	6	Wendler	eigenname	q=0/7 next_cap=1/7 prev_cap=4/7 titel=0 ort=0/7
WERFERIN	8	6	Werferin	eigenname	q=1/7 next_cap=0/7 prev_cap=7/7 titel=0 ort=0/7
WERNHER	7	6	Wernher	eigenname	q=1/6 next_cap=3/6 prev_cap=1/6 titel=0 ort=0/6
WESSELY	7	6	Wessely	eigenname	q=1/5 next_cap=2/6 prev_cap=3/5 titel=0 ort=0/5
WESTPHAL	8	6	Westphal	eigenname	q=1/6 next_cap=1/6 prev_cap=5/6 titel=0 ort=0/6
WICHERNWEG	10	6	Wichernweg	eigenname	q=0/6 next_cap=0/6 prev_cap=6/6 titel=0 ort=0/6
WICHNIAREK	10	6	Wichniarek	eigenname	q=0/5 next_cap=0/6 prev_cap=4/5 titel=0 ort=0/5
WICKENS	7	6	Wickens	eigenname	q=0/6 next_cap=1/6 prev_cap=3/6 titel=0 ort=0/6
WIDMAIER	8	6	Widmaier	eigenname	q=0/6 next_cap=3/6 prev_cap=6/6 titel=0 ort=0/6
WIEGAND	7	6	Wiegand	eigenname	q=0/5 next_cap=0/6 prev_cap=1/5 titel=0 ort=0/5
WIESINGER	9	6	Wiesinger	eigenname	q=0/5 next_cap=0/6 prev_cap=3/5 titel=0 ort=0/5
WIESN	5	6	Wiesn	eigenname	q=3/14 next_cap=10/16 prev_cap=8/14 titel=0 ort=0/14
WIL	3	6	Wil	eigenname	q=0/6 next_cap=3/8 prev_cap=4/6 titel=0 ort=0/6
WILDT	5	6	Wildt	eigenname	q=0/5 next_cap=5/6 prev_cap=4/5 titel=0 ort=0/5
WILKE	5	6	Wilke	eigenname	q=0/5 next_cap=0/6 prev_cap=5/5 titel=0 ort=0/5
WILSONS	7	6	Wilsons	eigenname	q=0/6 next_cap=4/6 prev_cap=4/6 titel=0 ort=0/6
WINCOR	6	6	Wincor	eigenname	q=0/4 next_cap=5/6 prev_cap=0/4 titel=0 ort=0/4
WINDHUND	8	6	Windhund	eigenname	q=1/8 next_cap=2/8 prev_cap=4/8 titel=0 ort=0/8
WINTERJACKE	11	6	Winterjacke	eigenname	q=0/6 next_cap=0/6 prev_cap=0/6 titel=0 ort=0/6
WIRTZ	5	6	Wirtz	eigenname	q=0/6 next_cap=1/6 prev_cap=6/6 titel=0 ort=0/6
WODEHOUSE	9	6	Wodehouse	eigenname	q=0/4 next_cap=1/6 prev_cap=2/4 titel=0 ort=0/4
WOLFOWITZ	9	6	Wolfowitz	eigenname	q=0/4 next_cap=0/6 prev_cap=3/4 titel=0 ort=0/4
WOYZECK	7	6	Woyzeck	eigenname	q=0/5 next_cap=1/6 prev_cap=2/5 titel=0 ort=0/5
WRANGEL	7	6	Wrangel	eigenname	q=0/4 next_cap=0/7 prev_cap=1/4 titel=0 ort=0/4
WUERMERN	8	6	Würmern	eigenname	q=1/6 next_cap=2/6 prev_cap=1/6 titel=0 ort=0/6
WUNDERLICH	10	6	Wunderlich	eigenname	q=0/5 next_cap=2/6 prev_cap=5/5 titel=0 ort=0/5
WURMLINGEN	10	6	Wurmlingen	eigenname	q=0/6 next_cap=1/6 prev_cap=6/6 titel=0 ort=0/6
XENON	5	6	Xenon	eigenname	q=3/18 next_cap=13/19 prev_cap=5/18 titel=0 ort=0/18
XING	4	6	Xing	eigenname	q=0/6 next_cap=4/8 prev_cap=3/6 titel=0 ort=0/6
YAMATO	6	6	Yamato	eigenname	q=1/7 next_cap=4/8 prev_cap=4/7 titel=0 ort=0/7
YANN	4	6	Yann	eigenname	q=0/5 next_cap=2/6 prev_cap=2/5 titel=0 ort=0/5
YEO	3	6	Yeo	eigenname	q=0/5 next_cap=2/6 prev_cap=4/5 titel=0 ort=0/5
YUME	4	6	Yume	eigenname	q=0/6 next_cap=1/6 prev_cap=4/6 titel=0 ort=0/6
YUN	3	6	Yun	eigenname	q=0/6 next_cap=5/7 prev_cap=5/6 titel=0 ort=0/6
ZADEK	5	6	Zadek	eigenname	q=0/3 next_cap=0/6 prev_cap=2/3 titel=0 ort=0/3
ZAHLER	6	6	Zahler	eigenname	q=0/7 next_cap=0/7 prev_cap=4/7 titel=0 ort=0/7
ZAHNSTEIN	9	6	Zahnstein	eigenname	q=0/3 next_cap=0/6 prev_cap=0/3 titel=0 ort=0/3
ZEDERNHOLZ	10	6	Zedernholz	eigenname	q=0/5 next_cap=0/6 prev_cap=0/5 titel=0 ort=1/5
ZEILER	6	6	Zeiler	eigenname	q=1/6 next_cap=5/7 prev_cap=4/6 titel=0 ort=0/6
ZELDA	5	6	Zelda	eigenname	q=0/3 next_cap=1/6 prev_cap=2/3 titel=0 ort=0/3
ZIEMER	6	6	Ziemer	eigenname	q=0/4 next_cap=0/6 prev_cap=2/4 titel=0 ort=0/4
ZOE	3	6	Zoe	eigenname	q=0/6 next_cap=3/6 prev_cap=3/6 titel=0 ort=0/6
ZOEPFE	6	6	Zöpfe	eigenname	q=0/5 next_cap=0/6 prev_cap=1/5 titel=0 ort=0/5
ZOEPFEN	7	6	Zöpfen	eigenname	q=0/6 next_cap=0/6 prev_cap=0/6 titel=0 ort=0/6
ZORAN	5	6	Zoran	eigenname	q=0/5 next_cap=4/6 prev_cap=2/5 titel=0 ort=0/5
ZWECKBAU	8	6	Zweckbau	eigenname	q=0/6 next_cap=0/6 prev_cap=0/6 titel=0 ort=0/6
ZYPERNS	7	6	Zyperns	eigenname	q=0/6 next_cap=0/6 prev_cap=5/6 titel=0 ort=0/6
ABAELARD	8	5	Abaelard	eigenname	q=0/4 next_cap=0/5 prev_cap=1/4 titel=0 ort=0/4
ABDALLAH	8	5	Abdallah	eigenname	q=0/5 next_cap=0/5 prev_cap=2/5 titel=0 ort=0/5
ABREU	5	5	Abreu	eigenname	q=0/4 next_cap=1/5 prev_cap=2/4 titel=0 ort=0/4
ABTSSTAB	8	5	Abtsstab	eigenname	q=0/5 next_cap=0/5 prev_cap=0/5 titel=0 ort=0/5
ADDAMS	6	5	Addams	eigenname	q=0/5 next_cap=1/5 prev_cap=5/5 titel=0 ort=0/5
ADMIRALE	8	5	Admirale	eigenname	q=0/5 next_cap=0/5 prev_cap=1/5 titel=0 ort=0/5
ADOLFO	6	5	Adolfo	eigenname	q=0/4 next_cap=3/5 prev_cap=3/4 titel=1 ort=0/4
AEXTEN	6	5	Äxten	eigenname	q=0/5 next_cap=0/5 prev_cap=2/5 titel=0 ort=0/5
AFFINERIE	9	5	Affinerie	eigenname	q=1/5 next_cap=0/5 prev_cap=4/5 titel=0 ort=0/5
AFSCHARTUS	10	5	Afschartus	eigenname	q=0/4 next_cap=0/5 prev_cap=3/4 titel=0 ort=0/4
AGATHE	6	5	Agathe	eigenname	q=0/6 next_cap=1/6 prev_cap=3/6 titel=0 ort=0/6
AGRICOLE	8	5	Agricole	eigenname	q=0/5 next_cap=1/5 prev_cap=2/5 titel=0 ort=0/5
AHLHAUS	7	5	Ahlhaus	eigenname	q=0/3 next_cap=1/5 prev_cap=3/3 titel=0 ort=0/3
AHNUNGEN	8	5	Ahnungen	eigenname	q=0/5 next_cap=0/5 prev_cap=0/5 titel=0 ort=0/5
AICHA	5	5	Aicha	eigenname	q=0/5 next_cap=0/5 prev_cap=2/5 titel=0 ort=1/5
AKTS	4	5	Akts	eigenname	q=0/5 next_cap=1/5 prev_cap=0/5 titel=0 ort=0/5
ALARMSYSTEM	11	5	Alarmsystem	eigenname	q=0/7 next_cap=0/7 prev_cap=2/7 titel=0 ort=0/7
ALBERTINA	9	5	Albertina	eigenname	q=1/5 next_cap=1/5 prev_cap=4/5 titel=0 ort=0/5
ALBERTZ	7	5	Albertz	eigenname	q=0/4 next_cap=0/5 prev_cap=4/4 titel=0 ort=0/4
ALBIG	5	5	Albig	eigenname	q=0/4 next_cap=0/5 prev_cap=4/4 titel=0 ort=0/4
ALBSTADT	8	5	Albstadt	eigenname	q=0/6 next_cap=2/7 prev_cap=4/6 titel=0 ort=0/6
ALEKSANDAR	10	5	Aleksandar	eigenname	q=0/3 next_cap=3/5 prev_cap=1/3 titel=0 ort=0/3
ALISTAIR	8	5	Alistair	eigenname	q=0/5 next_cap=5/5 prev_cap=4/5 titel=1 ort=0/5
ALLEGRA	7	5	Allegra	eigenname	q=0/5 next_cap=1/5 prev_cap=3/5 titel=0 ort=0/5
ALLEINERBIN	11	5	Alleinerbin	eigenname	q=0/5 next_cap=0/5 prev_cap=2/5 titel=0 ort=0/5
ALMAVIVA	8	5	Almaviva	eigenname	q=1/5 next_cap=1/5 prev_cap=3/5 titel=0 ort=0/5
ALMUT	5	5	Almut	eigenname	q=0/5 next_cap=3/5 prev_cap=1/5 titel=0 ort=1/5
AMATO	5	5	Amato	eigenname	q=0/3 next_cap=0/5 prev_cap=3/3 titel=0 ort=0/3
AMBASSADOR	10	5	Ambassador	eigenname	q=1/5 next_cap=1/5 prev_cap=4/5 titel=0 ort=0/5
AMERELL	7	5	Amerell	eigenname	q=0/3 next_cap=0/5 prev_cap=2/3 titel=0 ort=0/3
AMUNDSEN	8	5	Amundsen	eigenname	q=0/5 next_cap=0/5 prev_cap=4/5 titel=0 ort=0/5
ANALYTICS	9	5	Analytics	eigenname	q=1/6 next_cap=2/6 prev_cap=4/6 titel=0 ort=0/6
ANATOL	6	5	Anatol	eigenname	q=0/5 next_cap=2/5 prev_cap=4/5 titel=0 ort=0/5
ANDREY	6	5	Andrey	eigenname	q=0/4 next_cap=4/5 prev_cap=3/4 titel=1 ort=0/4
ANDROMEDA	9	5	Andromeda	eigenname	q=1/8 next_cap=4/8 prev_cap=3/8 titel=0 ort=0/8
ANGELKARTEN	11	5	Angelkarten	eigenname	q=0/3 next_cap=0/5 prev_cap=0/3 titel=0 ort=0/3
ANGELOV	7	5	Angelov	eigenname	q=0/5 next_cap=0/5 prev_cap=2/5 titel=0 ort=0/5
ANGOLAS	7	5	Angolas	eigenname	q=0/6 next_cap=2/6 prev_cap=5/6 titel=0 ort=0/6
ANNALES	7	5	Annales	eigenname	q=1/5 next_cap=2/5 prev_cap=3/5 titel=0 ort=0/5
ANNES	5	5	Annes	eigenname	q=0/5 next_cap=4/5 prev_cap=3/5 titel=0 ort=0/5
ANTIOCHIA	9	5	Antiochia	eigenname	q=0/5 next_cap=1/5 prev_cap=1/5 titel=0 ort=1/5
ANTIOCHOS	9	5	Antiochos	eigenname	q=1/6 next_cap=3/7 prev_cap=0/6 titel=0 ort=0/6
ANTONINO	8	5	Antonino	eigenname	q=0/3 next_cap=2/5 prev_cap=2/3 titel=0 ort=0/3
APPLICATION	11	5	Application	eigenname	q=2/14 next_cap=13/14 prev_cap=4/14 titel=0 ort=0/14
AQUINO	6	5	Aquino	eigenname	q=0/5 next_cap=1/5 prev_cap=1/5 titel=0 ort=0/5
ARABIEN	7	5	Arabien	eigenname	q=0/61 next_cap=9/61 prev_cap=58/61 titel=0 ort=1/61
ARAGON	6	5	Aragon	eigenname	q=0/5 next_cap=0/5 prev_cap=1/5 titel=0 ort=0/5
ARCELOR	7	5	Arcelor	eigenname	q=0/6 next_cap=6/10 prev_cap=3/6 titel=0 ort=1/6
ARCHIVFOTO	10	5	Archivfoto	eigenname	q=1/5 next_cap=0/5 prev_cap=5/5 titel=0 ort=0/5
ARCOR	5	5	Arcor	eigenname	q=0/12 next_cap=11/16 prev_cap=5/12 titel=0 ort=0/12
ARENBERG	8	5	Arenberg	eigenname	q=1/9 next_cap=5/9 prev_cap=6/9 titel=0 ort=0/9
ARENDTS	7	5	Arendts	eigenname	q=0/5 next_cap=4/5 prev_cap=2/5 titel=0 ort=1/5
ARENS	5	5	Arens	eigenname	q=0/4 next_cap=1/5 prev_cap=2/4 titel=0 ort=0/4
AREZZO	6	5	Arezzo	eigenname	q=0/5 next_cap=1/5 prev_cap=3/5 titel=0 ort=1/5
ARJEN	5	5	Arjen	eigenname	q=0/3 next_cap=3/5 prev_cap=1/3 titel=0 ort=0/3
ARMANI	6	5	Armani	eigenname	q=0/6 next_cap=2/7 prev_cap=0/6 titel=0 ort=0/6
ARMITAGE	8	5	Armitage	eigenname	q=0/3 next_cap=1/5 prev_cap=3/3 titel=0 ort=0/3
ARRAN	5	5	Arran	eigenname	q=0/4 next_cap=1/5 prev_cap=1/4 titel=0 ort=0/4
ARTHURS	7	5	Arthurs	eigenname	q=1/5 next_cap=3/5 prev_cap=2/5 titel=0 ort=0/5
ARUBA	5	5	Aruba	eigenname	q=0/4 next_cap=0/5 prev_cap=0/4 titel=0 ort=0/4
ASPERN	6	5	Aspern	eigenname	q=0/4 next_cap=2/5 prev_cap=3/4 titel=0 ort=0/4
ASTANA	6	5	Astana	eigenname	q=0/18 next_cap=13/18 prev_cap=10/18 titel=0 ort=2/18
ATTA	4	5	Atta	eigenname	q=0/4 next_cap=2/5 prev_cap=3/4 titel=0 ort=0/4
AUDLEY	6	5	Audley	eigenname	q=0/5 next_cap=0/5 prev_cap=4/5 titel=0 ort=0/5
AUGUSTO	7	5	Augusto	eigenname	q=1/5 next_cap=5/5 prev_cap=2/5 titel=0 ort=0/5
AULENDORF	9	5	Aulendorf	eigenname	q=0/3 next_cap=0/5 prev_cap=2/3 titel=0 ort=0/3
AURUBIS	7	5	Aurubis	eigenname	q=0/4 next_cap=1/6 prev_cap=0/4 titel=0 ort=0/4
AVENTIS	7	5	Aventis	eigenname	q=1/18 next_cap=2/20 prev_cap=16/18 titel=0 ort=0/18
AVIA	4	5	Avia	eigenname	q=1/5 next_cap=2/5 prev_cap=2/5 titel=0 ort=0/5
AVON	4	5	Avon	eigenname	q=0/3 next_cap=1/5 prev_cap=1/3 titel=0 ort=0/3
AXELROD	7	5	Axelrod	eigenname	q=0/5 next_cap=0/5 prev_cap=4/5 titel=0 ort=0/5
BABCOCK	7	5	Babcock	eigenname	q=0/5 next_cap=3/7 prev_cap=3/5 titel=0 ort=0/5
BAC	3	5	Bac	eigenname	q=0/8 next_cap=4/8 prev_cap=4/8 titel=0 ort=0/8
BACHER	6	5	Bacher	eigenname	q=1/5 next_cap=1/5 prev_cap=5/5 titel=1 ort=0/5
BADSTUBER	9	5	Badstuber	eigenname	q=0/4 next_cap=0/5 prev_cap=4/4 titel=0 ort=0/4
BAERENTHAL	10	5	Bärenthal	eigenname	q=0/5 next_cap=2/5 prev_cap=5/5 titel=0 ort=0/5
BAETZING	8	5	Bätzing	eigenname	q=0/3 next_cap=0/5 prev_cap=1/3 titel=0 ort=0/3
BAGEL	5	5	Bagel	eigenname	q=1/5 next_cap=4/7 prev_cap=1/5 titel=0 ort=0/5
BAILLY	6	5	Bailly	eigenname	q=0/3 next_cap=0/5 prev_cap=2/3 titel=0 ort=0/3
BAIRD	5	5	Baird	eigenname	q=0/4 next_cap=1/5 prev_cap=3/4 titel=0 ort=0/4
BALDER	6	5	Balder	eigenname	q=0/5 next_cap=1/5 prev_cap=3/5 titel=0 ort=1/5
BALLACKS	8	5	Ballacks	eigenname	q=0/5 next_cap=1/5 prev_cap=3/5 titel=0 ort=0/5
BAMBOO	6	5	Bamboo	eigenname	q=1/5 next_cap=2/5 prev_cap=3/5 titel=0 ort=1/5
BANJA	5	5	Banja	eigenname	q=1/5 next_cap=3/5 prev_cap=2/5 titel=0 ort=1/5
BANJO	5	5	Banjo	eigenname	q=1/5 next_cap=2/6 prev_cap=2/5 titel=0 ort=0/5
BARBAROSSAS	11	5	Barbarossas	eigenname	q=0/5 next_cap=2/5 prev_cap=3/5 titel=0 ort=0/5
BARCELONAS	10	5	Barcelonas	eigenname	q=0/3 next_cap=4/5 prev_cap=1/3 titel=0 ort=0/3
BARDOT	6	5	Bardot	eigenname	q=0/5 next_cap=0/5 prev_cap=1/5 titel=0 ort=0/5
BARTHES	7	5	Barthes	eigenname	q=0/5 next_cap=0/5 prev_cap=2/5 titel=0 ort=0/5
BASIDIEN	8	5	Basidien	eigenname	q=0/5 next_cap=0/5 prev_cap=0/5 titel=0 ort=0/5
BATTENBERG	10	5	Battenberg	eigenname	q=0/5 next_cap=0/5 prev_cap=3/5 titel=0 ort=1/5
BAUMAERKTEN	11	5	Baumärkten	eigenname	q=0/5 next_cap=0/5 prev_cap=0/5 titel=0 ort=1/5
BECHSTEIN	9	5	Bechstein	eigenname	q=0/5 next_cap=4/6 prev_cap=5/5 titel=1 ort=0/5
BECKSTEINS	10	5	Becksteins	eigenname	q=0/5 next_cap=2/5 prev_cap=3/5 titel=0 ort=0/5
BEECK	5	5	Beeck	eigenname	q=0/3 next_cap=0/5 prev_cap=2/3 titel=0 ort=0/3
BEHREND	7	5	Behrend	eigenname	q=0/4 next_cap=1/5 prev_cap=4/4 titel=0 ort=0/4
BEHRINGER	9	5	Behringer	eigenname	q=0/4 next_cap=1/5 prev_cap=3/4 titel=0 ort=0/4
BEITZ	5	5	Beitz	eigenname	q=0/3 next_cap=4/5 prev_cap=2/3 titel=0 ort=0/3
BELLAMY	7	5	Bellamy	eigenname	q=0/5 next_cap=1/5 prev_cap=4/5 titel=0 ort=0/5
BELMONDO	8	5	Belmondo	eigenname	q=0/3 next_cap=2/4 prev_cap=3/3 titel=1 ort=0/3
BENAGLIO	8	5	Benaglio	eigenname	q=0/3 next_cap=0/5 prev_cap=3/3 titel=0 ort=0/3
BENDEL	6	5	Bendel	eigenname	q=0/3 next_cap=1/5 prev_cap=1/3 titel=0 ort=0/3
BENDIX	6	5	Bendix	eigenname	q=0/4 next_cap=0/5 prev_cap=2/4 titel=0 ort=0/4
BENOIT	6	5	Benoit	eigenname	q=0/4 next_cap=1/5 prev_cap=2/4 titel=0 ort=0/4
BERCHTOLD	9	5	Berchtold	eigenname	q=0/5 next_cap=3/5 prev_cap=4/5 titel=0 ort=0/5
BERKA	5	5	Berka	eigenname	q=0/5 next_cap=1/5 prev_cap=3/5 titel=0 ort=1/5
BEUTETIEREN	11	5	Beutetieren	eigenname	q=0/5 next_cap=0/5 prev_cap=0/5 titel=0 ort=1/5
BEZIEHER	8	5	Bezieher	eigenname	q=2/9 next_cap=0/9 prev_cap=5/9 titel=0 ort=0/9
BHUTANS	7	5	Bhutans	eigenname	q=0/4 next_cap=1/5 prev_cap=3/4 titel=0 ort=0/4
BHUTTO	6	5	Bhutto	eigenname	q=0/4 next_cap=1/6 prev_cap=1/4 titel=0 ort=0/4
BIBI	4	5	Bibi	eigenname	q=0/5 next_cap=3/6 prev_cap=2/5 titel=0 ort=0/5
BIERGAERTEN	11	5	Biergärten	eigenname	q=0/5 next_cap=1/5 prev_cap=2/5 titel=0 ort=1/5
BIERTRINKER	11	5	Biertrinker	eigenname	q=1/5 next_cap=2/6 prev_cap=0/5 titel=0 ort=0/5
BILDHAUERN	10	5	Bildhauern	eigenname	q=0/5 next_cap=1/5 prev_cap=0/5 titel=0 ort=0/5
BIRDIE	6	5	Birdie	eigenname	q=1/5 next_cap=1/5 prev_cap=3/5 titel=0 ort=0/5
BISTROS	7	5	Bistros	eigenname	q=1/5 next_cap=2/5 prev_cap=2/5 titel=0 ort=0/5
BLANKENSEE	10	5	Blankensee	eigenname	q=0/5 next_cap=0/5 prev_cap=3/5 titel=0 ort=1/5
BLAUBART	8	5	Blaubart	eigenname	q=1/5 next_cap=2/5 prev_cap=3/5 titel=0 ort=0/5
BLEIBTREU	9	5	Bleibtreu	eigenname	q=0/4 next_cap=0/5 prev_cap=4/4 titel=0 ort=0/4
BLIX	4	5	Blix	eigenname	q=0/6 next_cap=2/7 prev_cap=4/6 titel=0 ort=0/6
BLOIS	5	5	Blois	eigenname	q=0/6 next_cap=0/6 prev_cap=0/6 titel=0 ort=0/6
BLOUNT	6	5	Blount	eigenname	q=0/5 next_cap=1/5 prev_cap=4/5 titel=0 ort=0/5
BOCKUM	6	5	Bockum	eigenname	q=1/7 next_cap=4/8 prev_cap=3/7 titel=0 ort=1/7
BOETTICHER	10	5	Bötticher	eigenname	q=0/5 next_cap=1/5 prev_cap=2/5 titel=0 ort=0/5
BOFINGER	8	5	Bofinger	eigenname	q=0/4 next_cap=1/5 prev_cap=4/4 titel=1 ort=0/4
BOHN	4	5	Bohn	eigenname	q=0/4 next_cap=3/6 prev_cap=4/4 titel=0 ort=0/4
BOIZENBURG	10	5	Boizenburg	eigenname	q=0/5 next_cap=1/5 prev_cap=5/5 titel=0 ort=1/5
BOLIVIENS	9	5	Boliviens	eigenname	q=0/4 next_cap=1/5 prev_cap=4/4 titel=0 ort=0/4
BOLZ	4	5	Bolz	eigenname	q=0/6 next_cap=4/8 prev_cap=6/6 titel=1 ort=0/6
BOM	3	5	Bom	eigenname	q=0/4 next_cap=2/4 prev_cap=3/4 titel=0 ort=0/4
BONIN	5	5	Bonin	eigenname	q=0/4 next_cap=2/5 prev_cap=2/4 titel=0 ort=0/4
BONSAI	6	5	Bonsai	eigenname	q=2/11 next_cap=6/11 prev_cap=1/11 titel=0 ort=0/11
BOONEN	6	5	Boonen	eigenname	q=0/5 next_cap=1/5 prev_cap=2/5 titel=0 ort=1/5
BOOTSWERFT	10	5	Bootswerft	eigenname	q=1/5 next_cap=3/5 prev_cap=1/5 titel=0 ort=0/5
BORK	4	5	Bork	eigenname	q=0/6 next_cap=0/6 prev_cap=6/6 titel=0 ort=0/6
BORMANN	7	5	Bormann	eigenname	q=0/4 next_cap=0/5 prev_cap=2/4 titel=0 ort=0/4
BORNEMANN	9	5	Bornemann	eigenname	q=0/5 next_cap=0/5 prev_cap=5/5 titel=0 ort=0/5
BORNHOLM	8	5	Bornholm	eigenname	q=0/6 next_cap=1/6 prev_cap=1/6 titel=0 ort=1/6
BORTE	5	5	Borte	eigenname	q=0/5 next_cap=0/5 prev_cap=0/5 titel=0 ort=0/5
BOSE	4	5	Bose	eigenname	q=0/7 next_cap=4/8 prev_cap=3/7 titel=0 ort=1/7
BOSNIENS	8	5	Bosniens	eigenname	q=0/4 next_cap=3/5 prev_cap=1/4 titel=0 ort=0/4
BOTERO	6	5	Botero	eigenname	q=0/4 next_cap=0/5 prev_cap=3/4 titel=0 ort=0/4
BOUTON	6	5	Bouton	eigenname	q=0/6 next_cap=1/7 prev_cap=5/6 titel=0 ort=0/6
BOW	3	5	Bow	eigenname	q=1/8 next_cap=4/9 prev_cap=1/8 titel=0 ort=0/8
BRACKWEDE	9	5	Brackwede	eigenname	q=0/6 next_cap=0/6 prev_cap=6/6 titel=0 ort=0/6
BRAEHMER	8	5	Brähmer	eigenname	q=0/5 next_cap=0/5 prev_cap=4/5 titel=0 ort=0/5
BRAEUCHEN	9	5	Bräuchen	eigenname	q=0/5 next_cap=0/5 prev_cap=0/5 titel=0 ort=0/5
BRANCO	6	5	Branco	eigenname	q=0/4 next_cap=1/5 prev_cap=2/4 titel=0 ort=0/4
BRANNTWEIN	10	5	Branntwein	eigenname	q=0/5 next_cap=1/5 prev_cap=2/5 titel=0 ort=0/5
BRAUNFELS	9	5	Braunfels	eigenname	q=0/5 next_cap=0/5 prev_cap=4/5 titel=0 ort=1/5
BRECHER	7	5	Brecher	eigenname	q=1/5 next_cap=0/5 prev_cap=5/5 titel=0 ort=0/5
BREITENBACH	11	5	Breitenbach	eigenname	q=0/4 next_cap=1/5 prev_cap=3/4 titel=0 ort=0/4
BRIEGEL	7	5	Briegel	eigenname	q=0/4 next_cap=0/5 prev_cap=4/4 titel=0 ort=0/4
BROCKMANN	9	5	Brockmann	eigenname	q=1/5 next_cap=2/5 prev_cap=4/5 titel=0 ort=0/5
BROUWERS	8	5	Brouwers	eigenname	q=0/4 next_cap=0/5 prev_cap=2/4 titel=0 ort=0/4
BRUCHHAGEN	10	5	Bruchhagen	eigenname	q=0/3 next_cap=0/5 prev_cap=2/3 titel=0 ort=0/3
BRUHNS	6	5	Bruhns	eigenname	q=0/5 next_cap=0/5 prev_cap=4/5 titel=1 ort=0/5
BRUNN	5	5	Brunn	eigenname	q=0/6 next_cap=1/7 prev_cap=5/6 titel=0 ort=0/6
BUCHPREISE	10	5	Buchpreise	eigenname	q=0/5 next_cap=0/5 prev_cap=0/5 titel=0 ort=0/5
BUECKEBURG	10	5	Bückeburg	eigenname	q=0/5 next_cap=0/5 prev_cap=3/5 titel=0 ort=1/5
BULLET	6	5	Bullet	eigenname	q=1/6 next_cap=4/7 prev_cap=1/6 titel=0 ort=0/6
BURGRIEDEN	10	5	Burgrieden	eigenname	q=0/6 next_cap=3/6 prev_cap=5/6 titel=0 ort=0/6
BURON	5	5	Buron	eigenname	q=0/5 next_cap=2/5 prev_cap=4/5 titel=0 ort=0/5
BURT	4	5	Burt	eigenname	q=0/5 next_cap=1/5 prev_cap=1/5 titel=0 ort=0/5
BUSCHLAND	9	5	Buschland	eigenname	q=0/5 next_cap=0/5 prev_cap=1/5 titel=0 ort=0/5
BUSCHMANN	9	5	Buschmann	eigenname	q=0/5 next_cap=0/5 prev_cap=4/5 titel=1 ort=0/5
BUSSPUREN	9	5	Busspuren	eigenname	q=0/5 next_cap=0/5 prev_cap=1/5 titel=0 ort=0/5
BUTTLER	7	5	Buttler	eigenname	q=0/3 next_cap=1/5 prev_cap=2/3 titel=0 ort=0/3
BUTTOLO	7	5	Buttolo	eigenname	q=0/3 next_cap=1/5 prev_cap=3/3 titel=0 ort=0/3
BUTZ	4	5	Butz	eigenname	q=0/6 next_cap=0/6 prev_cap=6/6 titel=0 ort=0/6
BUZZ	4	5	Buzz	eigenname	q=1/6 next_cap=3/7 prev_cap=0/6 titel=0 ort=0/6
CAB	3	5	Cab	eigenname	q=1/5 next_cap=5/6 prev_cap=4/5 titel=0 ort=0/5
CABRAL	6	5	Cabral	eigenname	q=0/7 next_cap=0/7 prev_cap=4/7 titel=0 ort=0/7
CAECILIE	8	5	Cäcilie	eigenname	q=0/3 next_cap=2/5 prev_cap=3/3 titel=0 ort=0/3
CAINE	5	5	Caine	eigenname	q=0/4 next_cap=0/5 prev_cap=4/4 titel=0 ort=0/4
CAL	3	5	Cal	eigenname	q=0/4 next_cap=1/4 prev_cap=1/4 titel=0 ort=0/4
CALEDONIA	9	5	Caledonia	eigenname	q=1/5 next_cap=2/5 prev_cap=4/5 titel=0 ort=0/5
CALHOUN	7	5	Calhoun	eigenname	q=0/6 next_cap=2/6 prev_cap=2/6 titel=0 ort=0/6
CAMELOT	7	5	Camelot	eigenname	q=0/4 next_cap=0/5 prev_cap=1/4 titel=0 ort=0/4
CAMPE	5	5	Campe	eigenname	q=0/8 next_cap=3/8 prev_cap=4/8 titel=0 ort=0/8
CAMUS	5	5	Camus	eigenname	q=0/4 next_cap=1/5 prev_cap=2/4 titel=0 ort=0/4
CANTZ	5	5	Cantz	eigenname	q=0/5 next_cap=2/5 prev_cap=5/5 titel=0 ort=0/5
CAPELLO	7	5	Capello	eigenname	q=0/3 next_cap=0/5 prev_cap=2/3 titel=0 ort=0/3
CARACCIOLA	10	5	Caracciola	eigenname	q=0/4 next_cap=0/5 prev_cap=3/4 titel=0 ort=0/4
CARLOTTA	8	5	Carlotta	eigenname	q=0/5 next_cap=3/5 prev_cap=3/5 titel=0 ort=1/5
CARLYLE	7	5	Carlyle	eigenname	q=0/7 next_cap=3/7 prev_cap=1/7 titel=0 ort=0/7
CARRY	5	5	Carry	eigenname	q=1/9 next_cap=6/10 prev_cap=4/9 titel=0 ort=0/9
CASPARI	7	5	Caspari	eigenname	q=0/6 next_cap=4/7 prev_cap=3/6 titel=0 ort=0/6
CASSINI	7	5	Cassini	eigenname	q=0/7 next_cap=2/7 prev_cap=0/7 titel=0 ort=0/7
CASTEL	6	5	Castel	eigenname	q=1/5 next_cap=2/6 prev_cap=2/5 titel=0 ort=0/5
CASTROS	7	5	Castros	eigenname	q=0/5 next_cap=3/5 prev_cap=2/5 titel=0 ort=0/5
CATHERINES	10	5	Catherines	eigenname	q=0/5 next_cap=4/5 prev_cap=1/5 titel=0 ort=0/5
CATTERFELD	10	5	Catterfeld	eigenname	q=0/5 next_cap=0/5 prev_cap=4/5 titel=0 ort=0/5
CEJKA	5	5	Cejka	eigenname	q=0/5 next_cap=0/5 prev_cap=5/5 titel=0 ort=0/5
CENA	4	5	Cena	eigenname	q=0/5 next_cap=0/5 prev_cap=2/5 titel=0 ort=0/5
CENTRALE	8	5	Centrale	eigenname	q=0/5 next_cap=1/5 prev_cap=5/5 titel=0 ort=0/5
CHAMENEI	8	5	Chamenei	eigenname	q=0/4 next_cap=0/5 prev_cap=3/4 titel=0 ort=0/4
CHANGES	7	5	Changes	eigenname	q=1/5 next_cap=2/5 prev_cap=4/5 titel=0 ort=0/5
CHAPELLE	8	5	Chapelle	eigenname	q=0/9 next_cap=1/9 prev_cap=6/9 titel=0 ort=0/9
CHAPMANS	8	5	Chapmans	eigenname	q=1/5 next_cap=2/5 prev_cap=1/5 titel=0 ort=0/5
CHEFOEKONOM	11	5	Chefökonom	eigenname	q=0/7 next_cap=2/7 prev_cap=4/7 titel=0 ort=0/7
CHENEY	6	5	Cheney	eigenname	q=0/5 next_cap=2/7 prev_cap=1/5 titel=0 ort=0/5
CHICAGOS	8	5	Chicagos	eigenname	q=0/5 next_cap=0/5 prev_cap=5/5 titel=0 ort=0/5
CHORLEITUNG	11	5	Chorleitung	eigenname	q=0/5 next_cap=0/5 prev_cap=1/5 titel=0 ort=0/5
CHRISTOPHS	10	5	Christophs	eigenname	q=0/4 next_cap=3/5 prev_cap=2/4 titel=0 ort=0/4
CLAUSSEN	8	5	Claussen	eigenname	q=0/5 next_cap=2/5 prev_cap=4/5 titel=0 ort=0/5
COBLENZ	7	5	Coblenz	eigenname	q=0/5 next_cap=0/5 prev_cap=5/5 titel=0 ort=0/5
CODEMASTERS	11	5	Codemasters	eigenname	q=0/6 next_cap=1/6 prev_cap=0/6 titel=0 ort=0/6
COENEN	6	5	Coenen	eigenname	q=0/5 next_cap=1/5 prev_cap=2/5 titel=0 ort=0/5
COLOMBIA	8	5	Colombia	eigenname	q=0/5 next_cap=0/5 prev_cap=4/5 titel=0 ort=0/5
CONVENT	7	5	Convent	eigenname	q=1/8 next_cap=1/8 prev_cap=5/8 titel=0 ort=0/8
COOTE	5	5	Coote	eigenname	q=0/4 next_cap=0/5 prev_cap=4/4 titel=0 ort=0/4
COPPERFIELD	11	5	Copperfield	eigenname	q=0/4 next_cap=1/5 prev_cap=3/4 titel=0 ort=0/4
CORBETT	7	5	Corbett	eigenname	q=0/4 next_cap=1/5 prev_cap=3/4 titel=0 ort=0/4
COREL	5	5	Corel	eigenname	q=0/5 next_cap=2/5 prev_cap=1/5 titel=0 ort=0/5
CORTISON	8	5	Cortison	eigenname	q=0/5 next_cap=1/6 prev_cap=0/5 titel=0 ort=1/5
CORVO	5	5	Corvo	eigenname	q=0/5 next_cap=0/5 prev_cap=2/5 titel=0 ort=0/5
COSTANZA	8	5	Costanza	eigenname	q=0/4 next_cap=0/5 prev_cap=2/4 titel=0 ort=0/4
COUCHEPIN	9	5	Couchepin	eigenname	q=0/5 next_cap=0/5 prev_cap=3/5 titel=0 ort=0/5
COURTENAY	9	5	Courtenay	eigenname	q=0/4 next_cap=0/5 prev_cap=1/4 titel=0 ort=0/4
CRESSWELL	9	5	Cresswell	eigenname	q=0/3 next_cap=0/5 prev_cap=2/3 titel=0 ort=0/3
CRIS	4	5	Cris	eigenname	q=0/5 next_cap=4/5 prev_cap=2/5 titel=0 ort=0/5
CRISTO	6	5	Cristo	eigenname	q=0/5 next_cap=2/5 prev_cap=2/5 titel=0 ort=0/5
CROCKER	7	5	Crocker	eigenname	q=0/4 next_cap=2/5 prev_cap=3/4 titel=0 ort=0/4
CRONENBERG	10	5	Cronenberg	eigenname	q=0/4 next_cap=0/5 prev_cap=3/4 titel=0 ort=0/4
CRYSIS	6	5	Crysis	eigenname	q=1/6 next_cap=3/7 prev_cap=2/6 titel=0 ort=0/6
CUNO	4	5	Cuno	eigenname	q=0/5 next_cap=2/5 prev_cap=1/5 titel=0 ort=0/5
CYRIL	5	5	Cyril	eigenname	q=0/5 next_cap=5/5 prev_cap=3/5 titel=0 ort=1/5
DAMIR	5	5	Damir	eigenname	q=0/4 next_cap=5/5 prev_cap=0/4 titel=0 ort=0/4
DAMON	5	5	Damon	eigenname	q=0/3 next_cap=2/5 prev_cap=0/3 titel=0 ort=0/3
DANIELE	7	5	Daniele	eigenname	q=0/3 next_cap=3/5 prev_cap=1/3 titel=0 ort=0/3
DARIUSZ	7	5	Dariusz	eigenname	q=0/3 next_cap=4/6 prev_cap=0/3 titel=0 ort=0/3
DARROW	6	5	Darrow	eigenname	q=0/3 next_cap=0/5 prev_cap=1/3 titel=0 ort=0/3
DARTH	5	5	Darth	eigenname	q=0/4 next_cap=5/5 prev_cap=1/4 titel=0 ort=0/4
DAUERFEUER	10	5	Dauerfeuer	eigenname	q=0/5 next_cap=0/5 prev_cap=1/5 titel=0 ort=0/5
DAWKINS	7	5	Dawkins	eigenname	q=0/5 next_cap=1/5 prev_cap=4/5 titel=0 ort=0/5
DECHANT	7	5	Dechant	eigenname	q=0/4 next_cap=3/5 prev_cap=2/4 titel=0 ort=0/4
DECKARD	7	5	Deckard	eigenname	q=0/5 next_cap=0/5 prev_cap=3/5 titel=0 ort=0/5
DEHLER	6	5	Dehler	eigenname	q=0/6 next_cap=1/6 prev_cap=3/6 titel=0 ort=0/6
DELFIN	6	5	Delfin	eigenname	q=1/8 next_cap=3/9 prev_cap=3/8 titel=0 ort=0/8
DELIUS	6	5	Delius	eigenname	q=0/3 next_cap=1/5 prev_cap=0/3 titel=0 ort=0/3
DEVIN	5	5	Devin	eigenname	q=0/5 next_cap=2/5 prev_cap=0/5 titel=0 ort=0/5
DIAGEO	6	5	Diageo	eigenname	q=0/5 next_cap=1/6 prev_cap=2/5 titel=0 ort=1/5
DICKSON	7	5	Dickson	eigenname	q=0/5 next_cap=1/5 prev_cap=4/5 titel=0 ort=0/5
DIECKMANN	9	5	Dieckmann	eigenname	q=0/4 next_cap=0/5 prev_cap=3/4 titel=1 ort=0/4
DIEKMANN	8	5	Diekmann	eigenname	q=0/4 next_cap=1/5 prev_cap=1/4 titel=0 ort=0/4
DIESTERWEG	10	5	Diesterweg	eigenname	q=0/7 next_cap=4/7 prev_cap=2/7 titel=0 ort=0/7
DIETHER	7	5	Diether	eigenname	q=0/5 next_cap=3/5 prev_cap=4/5 titel=0 ort=0/5
DIETZEL	7	5	Dietzel	eigenname	q=0/3 next_cap=1/4 prev_cap=3/3 titel=0 ort=0/3
DIFF	4	5	Diff	eigenname	q=0/3 next_cap=0/3 prev_cap=3/3 titel=0 ort=0/3
DINGES	6	5	Dinges	eigenname	q=1/6 next_cap=1/7 prev_cap=3/6 titel=0 ort=0/6
DIONYSIOS	9	5	Dionysios	eigenname	q=0/3 next_cap=1/5 prev_cap=1/3 titel=0 ort=0/3
DIOXIN	6	5	Dioxin	eigenname	q=1/10 next_cap=6/11 prev_cap=0/10 titel=0 ort=0/10
DISK	4	5	Disk	eigenname	q=2/11 next_cap=5/11 prev_cap=4/11 titel=0 ort=0/11
DITA	4	5	Dita	eigenname	q=0/3 next_cap=1/6 prev_cap=2/3 titel=0 ort=0/3
DITTMAR	7	5	Dittmar	eigenname	q=0/4 next_cap=1/5 prev_cap=3/4 titel=0 ort=0/4
DITTMER	7	5	Dittmer	eigenname	q=0/3 next_cap=1/5 prev_cap=3/3 titel=0 ort=0/3
DOETSCH	7	5	Doetsch	eigenname	q=0/5 next_cap=2/5 prev_cap=3/5 titel=0 ort=0/5
DOMINIKUS	9	5	Dominikus	eigenname	q=0/5 next_cap=2/5 prev_cap=2/5 titel=1 ort=0/5
DONATUS	7	5	Donatus	eigenname	q=0/4 next_cap=1/5 prev_cap=1/4 titel=0 ort=0/4
DORFEN	6	5	Dorfen	eigenname	q=0/5 next_cap=1/5 prev_cap=1/5 titel=0 ort=1/5
DORIA	5	5	Doria	eigenname	q=1/5 next_cap=0/5 prev_cap=4/5 titel=0 ort=0/5
DORNBUSCH	9	5	Dornbusch	eigenname	q=1/5 next_cap=1/5 prev_cap=4/5 titel=0 ort=0/5
DOUGLASS	8	5	Douglass	eigenname	q=0/4 next_cap=0/5 prev_cap=3/4 titel=0 ort=0/4
DOWNS	5	5	Downs	eigenname	q=1/6 next_cap=3/6 prev_cap=5/6 titel=0 ort=0/6
DRAHTSEILE	10	5	Drahtseile	eigenname	q=0/5 next_cap=0/5 prev_cap=1/5 titel=0 ort=0/5
DRAXLER	7	5	Draxler	eigenname	q=0/4 next_cap=1/5 prev_cap=2/4 titel=0 ort=0/4
DRUMMOND	8	5	Drummond	eigenname	q=0/5 next_cap=1/6 prev_cap=4/5 titel=0 ort=0/5
DUANE	5	5	Duane	eigenname	q=0/3 next_cap=4/5 prev_cap=1/3 titel=0 ort=0/3
DUATHLON	8	5	Duathlon	eigenname	q=1/16 next_cap=11/16 prev_cap=9/16 titel=0 ort=0/16
DUBOIS	6	5	Dubois	eigenname	q=0/4 next_cap=2/5 prev_cap=4/4 titel=0 ort=0/4
DUBROVNIK	9	5	Dubrovnik	eigenname	q=0/5 next_cap=0/5 prev_cap=3/5 titel=0 ort=1/5
DUERING	7	5	Düring	eigenname	q=0/5 next_cap=1/5 prev_cap=1/5 titel=0 ort=0/5
DUNLOP	6	5	Dunlop	eigenname	q=1/7 next_cap=2/7 prev_cap=4/7 titel=0 ort=0/7
DUNNE	5	5	Dunne	eigenname	q=0/5 next_cap=0/5 prev_cap=2/5 titel=0 ort=0/5
DUTSCHKE	8	5	Dutschke	eigenname	q=0/5 next_cap=2/7 prev_cap=2/5 titel=0 ort=0/5
DVORAK	6	5	Dvorak	eigenname	q=0/3 next_cap=2/5 prev_cap=2/3 titel=0 ort=0/3
DYNAMIT	7	5	Dynamit	eigenname	q=2/10 next_cap=5/10 prev_cap=3/10 titel=0 ort=0/10
EATON	5	5	Eaton	eigenname	q=0/5 next_cap=0/5 prev_cap=3/5 titel=0 ort=0/5
EBERLE	6	5	Eberle	eigenname	q=0/6 next_cap=0/6 prev_cap=5/6 titel=0 ort=0/6
EBERSBERG	9	5	Ebersberg	eigenname	q=0/6 next_cap=0/6 prev_cap=2/6 titel=0 ort=1/6
ECHTERNACH	10	5	Echternach	eigenname	q=0/5 next_cap=0/5 prev_cap=2/5 titel=0 ort=1/5
ECKERMANN	9	5	Eckermann	eigenname	q=0/4 next_cap=0/5 prev_cap=2/4 titel=0 ort=0/4
ECKHARTS	8	5	Eckharts	eigenname	q=0/4 next_cap=5/5 prev_cap=1/4 titel=0 ort=0/4
EDELMET	7	5	Edelmet	eigenname	q=0/5 next_cap=0/5 prev_cap=5/5 titel=0 ort=0/5
EDI	3	5	Edi	eigenname	q=0/3 next_cap=3/3 prev_cap=1/3 titel=0 ort=0/3
EDIN	4	5	Edin	eigenname	q=0/3 next_cap=4/5 prev_cap=0/3 titel=0 ort=0/3
EGGERT	6	5	Eggert	eigenname	q=0/4 next_cap=0/5 prev_cap=3/4 titel=0 ort=0/4
EHEPROBLEME	11	5	Eheprobleme	eigenname	q=0/5 next_cap=1/5 prev_cap=0/5 titel=0 ort=0/5
EHLERT	6	5	Ehlert	eigenname	q=0/4 next_cap=1/5 prev_cap=1/4 titel=0 ort=0/4
EHRHARDT	8	5	Ehrhardt	eigenname	q=0/5 next_cap=1/5 prev_cap=5/5 titel=0 ort=0/5
EICHHOLZ	8	5	Eichholz	eigenname	q=1/6 next_cap=1/6 prev_cap=4/6 titel=0 ort=0/6
EIDECHSEN	9	5	Eidechsen	eigenname	q=1/5 next_cap=2/5 prev_cap=3/5 titel=0 ort=0/5
EILERS	6	5	Eilers	eigenname	q=0/4 next_cap=3/5 prev_cap=4/4 titel=0 ort=0/4
EINSIEDEL	9	5	Einsiedel	eigenname	q=0/6 next_cap=2/6 prev_cap=3/6 titel=0 ort=1/6
EISENSTEIN	10	5	Eisenstein	eigenname	q=1/6 next_cap=0/6 prev_cap=4/6 titel=0 ort=0/6
EISENWAREN	10	5	Eisenwaren	eigenname	q=0/6 next_cap=3/6 prev_cap=1/6 titel=0 ort=0/6
ELIN	4	5	Elin	eigenname	q=0/4 next_cap=2/5 prev_cap=2/4 titel=1 ort=0/4
ELLER	5	5	Eller	eigenname	q=0/5 next_cap=1/5 prev_cap=5/5 titel=0 ort=0/5
EMIG	4	5	Emig	eigenname	q=0/3 next_cap=0/5 prev_cap=3/3 titel=0 ort=0/3
EMMAS	5	5	Emmas	eigenname	q=0/3 next_cap=4/5 prev_cap=0/3 titel=0 ort=0/3
EMNID	5	5	Emnid	eigenname	q=0/17 next_cap=13/18 prev_cap=5/17 titel=0 ort=0/17
EMRICH	6	5	Emrich	eigenname	q=0/5 next_cap=2/6 prev_cap=3/5 titel=0 ort=0/5
ENDESA	6	5	Endesa	eigenname	q=1/9 next_cap=5/10 prev_cap=0/9 titel=0 ort=0/9
ENGELHORN	9	5	Engelhorn	eigenname	q=0/5 next_cap=5/6 prev_cap=4/5 titel=0 ort=0/5
ENNIS	5	5	Ennis	eigenname	q=0/4 next_cap=0/5 prev_cap=0/4 titel=0 ort=0/4
ERBPRINZ	8	5	Erbprinz	eigenname	q=0/4 next_cap=3/5 prev_cap=1/4 titel=0 ort=0/4
ERBSENSUPPE	11	5	Erbsensuppe	eigenname	q=0/5 next_cap=0/5 prev_cap=0/5 titel=0 ort=0/5
ERHARDT	7	5	Erhardt	eigenname	q=0/6 next_cap=2/6 prev_cap=2/6 titel=0 ort=0/6
ERIKSSON	8	5	Eriksson	eigenname	q=0/4 next_cap=0/5 prev_cap=2/4 titel=0 ort=0/4
ERLEBENS	8	5	Erlebens	eigenname	q=0/6 next_cap=1/6 prev_cap=1/6 titel=0 ort=0/6
ERNIE	5	5	Ernie	eigenname	q=0/5 next_cap=2/5 prev_cap=2/5 titel=0 ort=0/5
ESBJERG	7	5	Esbjerg	eigenname	q=1/5 next_cap=1/5 prev_cap=3/5 titel=0 ort=0/5
ESCHBACH	8	5	Eschbach	eigenname	q=0/6 next_cap=1/7 prev_cap=3/6 titel=0 ort=0/6
ESCOBAR	7	5	Escobar	eigenname	q=0/5 next_cap=0/5 prev_cap=3/5 titel=0 ort=0/5
ESPERANZA	9	5	Esperanza	eigenname	q=0/5 next_cap=0/5 prev_cap=2/5 titel=0 ort=0/5
ETHEN	5	5	Ethen	eigenname	q=0/4 next_cap=0/6 prev_cap=0/4 titel=0 ort=0/4
EUGENIO	7	5	Eugenio	eigenname	q=0/4 next_cap=1/5 prev_cap=3/4 titel=0 ort=0/4
EURYDIKE	8	5	Eurydike	eigenname	q=0/5 next_cap=0/5 prev_cap=1/5 titel=0 ort=1/5
EVANGELIST	10	5	Evangelist	eigenname	q=1/5 next_cap=2/5 prev_cap=3/5 titel=0 ort=0/5
EWING	5	5	Ewing	eigenname	q=0/4 next_cap=1/5 prev_cap=4/4 titel=0 ort=0/4
EXEL	4	5	Exel	eigenname	q=0/4 next_cap=2/6 prev_cap=2/4 titel=0 ort=0/4
EXPORTGUT	9	5	Exportgut	eigenname	q=0/5 next_cap=0/5 prev_cap=1/5 titel=0 ort=0/5
EZRA	4	5	Ezra	eigenname	q=0/4 next_cap=3/5 prev_cap=1/4 titel=0 ort=0/4
FABRY	5	5	Fabry	eigenname	q=0/4 next_cap=0/5 prev_cap=3/4 titel=0 ort=0/4
FACHMEDIEN	10	5	Fachmedien	eigenname	q=1/6 next_cap=4/6 prev_cap=3/6 titel=0 ort=0/6
FAGAN	5	5	Fagan	eigenname	q=0/3 next_cap=2/5 prev_cap=1/3 titel=0 ort=0/3
FAHRENHEIT	10	5	Fahrenheit	eigenname	q=0/4 next_cap=0/5 prev_cap=3/4 titel=0 ort=0/4
FAIRFIELD	9	5	Fairfield	eigenname	q=1/5 next_cap=1/5 prev_cap=3/5 titel=0 ort=1/5
FARRELL	7	5	Farrell	eigenname	q=0/5 next_cap=0/5 prev_cap=4/5 titel=0 ort=0/5
FAUBOURG	8	5	Faubourg	eigenname	q=1/5 next_cap=5/5 prev_cap=0/5 titel=0 ort=1/5
FAWCETT	7	5	Fawcett	eigenname	q=0/4 next_cap=0/5 prev_cap=1/4 titel=0 ort=0/4
FECHNER	7	5	Fechner	eigenname	q=0/3 next_cap=0/5 prev_cap=2/3 titel=0 ort=0/3
FEHR	4	5	Fehr	eigenname	q=0/5 next_cap=1/6 prev_cap=4/5 titel=1 ort=0/5
FEIGLINGE	9	5	Feiglinge	eigenname	q=0/4 next_cap=0/5 prev_cap=0/4 titel=0 ort=0/4
FELDMANN	8	5	Feldmann	eigenname	q=0/5 next_cap=0/5 prev_cap=4/5 titel=0 ort=0/5
FELSKLIPPEN	11	5	Felsklippen	eigenname	q=0/5 next_cap=0/5 prev_cap=0/5 titel=0 ort=0/5
FENN	4	5	Fenn	eigenname	q=0/4 next_cap=0/5 prev_cap=1/4 titel=0 ort=0/4
FERDINANDO	10	5	Ferdinando	eigenname	q=0/5 next_cap=2/5 prev_cap=4/5 titel=0 ort=0/5
FERNPENDLER	11	5	Fernpendler	eigenname	q=0/5 next_cap=1/5 prev_cap=3/5 titel=0 ort=0/5
FERRERO	7	5	Ferrero	eigenname	q=0/11 next_cap=7/13 prev_cap=6/11 titel=0 ort=0/11
FERRIS	6	5	Ferris	eigenname	q=0/5 next_cap=3/7 prev_cap=4/5 titel=0 ort=0/5
FEYENOORD	9	5	Feyenoord	eigenname	q=0/5 next_cap=5/6 prev_cap=2/5 titel=0 ort=0/5
FIDAN	5	5	Fidan	eigenname	q=0/3 next_cap=3/5 prev_cap=2/3 titel=0 ort=0/3
FIFTY	5	5	Fifty	eigenname	q=3/13 next_cap=7/13 prev_cap=6/13 titel=0 ort=0/13
FILMTAGE	8	5	Filmtage	eigenname	q=1/7 next_cap=0/7 prev_cap=6/7 titel=0 ort=0/7
FILMVERLEIH	11	5	Filmverleih	eigenname	q=1/5 next_cap=1/5 prev_cap=3/5 titel=0 ort=0/5
FINLAY	6	5	Finlay	eigenname	q=0/5 next_cap=2/5 prev_cap=4/5 titel=0 ort=0/5
FIRMENERBEN	11	5	Firmenerben	eigenname	q=0/4 next_cap=0/5 prev_cap=2/4 titel=0 ort=0/4
FLEGEL	6	5	Flegel	eigenname	q=1/5 next_cap=2/5 prev_cap=3/5 titel=0 ort=0/5
FLOORBALL	9	5	Floorball	eigenname	q=0/6 next_cap=3/6 prev_cap=5/6 titel=0 ort=0/6
FLORISTEN	9	5	Floristen	eigenname	q=0/4 next_cap=1/5 prev_cap=2/4 titel=0 ort=0/4
FLYNN	5	5	Flynn	eigenname	q=0/4 next_cap=0/5 prev_cap=2/4 titel=0 ort=0/4
FOLTERUNGEN	11	5	Folterungen	eigenname	q=0/5 next_cap=0/5 prev_cap=1/5 titel=0 ort=0/5
FRANZI	6	5	Franzi	eigenname	q=0/4 next_cap=0/5 prev_cap=2/4 titel=0 ort=0/4
FREDA	5	5	Freda	eigenname	q=0/3 next_cap=3/4 prev_cap=0/3 titel=0 ort=0/3
FREDERIKE	9	5	Frederike	eigenname	q=0/5 next_cap=0/5 prev_cap=4/5 titel=0 ort=0/5
FREESE	6	5	Freese	eigenname	q=0/4 next_cap=1/6 prev_cap=3/4 titel=0 ort=0/4
FREIDORF	8	5	Freidorf	eigenname	q=0/5 next_cap=0/5 prev_cap=4/5 titel=0 ort=0/5
FREYBERG	8	5	Freyberg	eigenname	q=0/4 next_cap=0/5 prev_cap=1/4 titel=0 ort=0/4
FRIEDEMANN	10	5	Friedemann	eigenname	q=0/4 next_cap=4/6 prev_cap=2/4 titel=0 ort=0/4
FRISIA	6	5	Frisia	eigenname	q=1/6 next_cap=2/6 prev_cap=3/6 titel=0 ort=0/6
FRITZL	6	5	Fritzl	eigenname	q=0/4 next_cap=2/7 prev_cap=1/4 titel=0 ort=0/4
FRITZSCHE	9	5	Fritzsche	eigenname	q=0/5 next_cap=1/5 prev_cap=5/5 titel=0 ort=0/5
FROESE	6	5	Froese	eigenname	q=1/5 next_cap=1/5 prev_cap=3/5 titel=0 ort=0/5
FRUCHTFOLGE	11	5	Fruchtfolge	eigenname	q=0/6 next_cap=2/6 prev_cap=0/6 titel=0 ort=0/6
FRUECHTCHEN	11	5	Früchtchen	eigenname	q=0/5 next_cap=0/5 prev_cap=2/5 titel=0 ort=0/5
FUEGO	5	5	Fuego	eigenname	q=0/5 next_cap=0/5 prev_cap=0/5 titel=0 ort=0/5
FUENEN	6	5	Fünen	eigenname	q=0/5 next_cap=0/5 prev_cap=1/5 titel=0 ort=0/5
FUESSLI	7	5	Füssli	eigenname	q=0/5 next_cap=2/5 prev_cap=5/5 titel=0 ort=0/5
FUNGIZIDE	9	5	Fungizide	eigenname	q=0/3 next_cap=1/5 prev_cap=2/3 titel=0 ort=0/3
FURTEN	6	5	Furten	eigenname	q=0/5 next_cap=2/5 prev_cap=3/5 titel=0 ort=0/5
GABLER	6	5	Gabler	eigenname	q=0/3 next_cap=5/6 prev_cap=2/3 titel=0 ort=0/3
GABRIELLA	9	5	Gabriella	eigenname	q=0/3 next_cap=3/5 prev_cap=0/3 titel=0 ort=0/3
GAGGENAU	8	5	Gaggenau	eigenname	q=0/5 next_cap=0/5 prev_cap=4/5 titel=0 ort=1/5
GAHAN	5	5	Gahan	eigenname	q=0/4 next_cap=0/5 prev_cap=4/4 titel=0 ort=0/4
GALAS	5	5	Galas	eigenname	q=1/5 next_cap=1/5 prev_cap=3/5 titel=0 ort=1/5
GALLOWAY	8	5	Galloway	eigenname	q=0/5 next_cap=0/5 prev_cap=2/5 titel=0 ort=0/5
GAMER	5	5	Gamer	eigenname	q=1/12 next_cap=6/14 prev_cap=8/12 titel=0 ort=0/12
GARZA	5	5	Garza	eigenname	q=0/5 next_cap=1/5 prev_cap=2/5 titel=0 ort=0/5
GASSNER	7	5	Gassner	eigenname	q=0/5 next_cap=2/5 prev_cap=4/5 titel=0 ort=0/5
GAUTING	7	5	Gauting	eigenname	q=0/5 next_cap=1/5 prev_cap=5/5 titel=0 ort=0/5
GAZELLEN	8	5	Gazellen	eigenname	q=0/6 next_cap=1/6 prev_cap=2/6 titel=0 ort=0/6
GEBHART	7	5	Gebhart	eigenname	q=0/4 next_cap=1/5 prev_cap=2/4 titel=0 ort=0/4
GEBINDEN	8	5	Gebinden	eigenname	q=0/5 next_cap=0/5 prev_cap=0/5 titel=0 ort=1/5
GEELY	5	5	Geely	eigenname	q=0/5 next_cap=0/5 prev_cap=2/5 titel=0 ort=0/5
GEGENMACHT	10	5	Gegenmacht	eigenname	q=0/5 next_cap=0/5 prev_cap=0/5 titel=0 ort=0/5
GEHRKE	6	5	Gehrke	eigenname	q=0/3 next_cap=1/5 prev_cap=1/3 titel=0 ort=0/3
GEISINGEN	9	5	Geisingen	eigenname	q=0/4 next_cap=1/5 prev_cap=2/4 titel=0 ort=0/4
GEISMAR	7	5	Geismar	eigenname	q=0/4 next_cap=0/5 prev_cap=3/4 titel=0 ort=0/4
GEITHNER	8	5	Geithner	eigenname	q=0/3 next_cap=1/5 prev_cap=1/3 titel=0 ort=0/3
GELLER	6	5	Geller	eigenname	q=0/4 next_cap=1/5 prev_cap=2/4 titel=0 ort=0/4
GEMEN	5	5	Gemen	eigenname	q=0/5 next_cap=0/5 prev_cap=3/5 titel=0 ort=1/5
GEMMINGEN	9	5	Gemmingen	eigenname	q=0/7 next_cap=3/8 prev_cap=2/7 titel=0 ort=0/7
GENENTECH	9	5	Genentech	eigenname	q=0/3 next_cap=0/5 prev_cap=2/3 titel=0 ort=0/3
GENEST	6	5	Genest	eigenname	q=0/5 next_cap=2/5 prev_cap=1/5 titel=0 ort=0/5
GENNADI	7	5	Gennadi	eigenname	q=0/3 next_cap=5/5 prev_cap=0/3 titel=0 ort=0/3
GENRESZENEN	11	5	Genreszenen	eigenname	q=0/5 next_cap=0/5 prev_cap=1/5 titel=0 ort=0/5
GENUESSEN	9	5	Genüssen	eigenname	q=0/5 next_cap=0/5 prev_cap=1/5 titel=0 ort=0/5
GEOFF	5	5	Geoff	eigenname	q=0/4 next_cap=4/5 prev_cap=0/4 titel=0 ort=0/4
GERMANWINGS	11	5	Germanwings	eigenname	q=0/5 next_cap=1/6 prev_cap=2/5 titel=0 ort=1/5
GEVELSBERG	10	5	Gevelsberg	eigenname	q=0/5 next_cap=1/5 prev_cap=4/5 titel=0 ort=1/5
GEWAECHSEN	10	5	Gewächsen	eigenname	q=0/5 next_cap=0/5 prev_cap=0/5 titel=0 ort=0/5
GEWEHRFEUER	11	5	Gewehrfeuer	eigenname	q=0/5 next_cap=0/5 prev_cap=1/5 titel=0 ort=0/5
GHEORGHE	8	5	Gheorghe	eigenname	q=0/4 next_cap=2/5 prev_cap=2/4 titel=0 ort=0/4
GIESSLER	8	5	Gießler	eigenname	q=0/5 next_cap=4/5 prev_cap=4/5 titel=0 ort=0/5
GILLE	5	5	Gille	eigenname	q=0/3 next_cap=0/5 prev_cap=2/3 titel=0 ort=0/3
GIROLAMO	8	5	Girolamo	eigenname	q=0/5 next_cap=3/5 prev_cap=1/5 titel=0 ort=0/5
GLASNER	7	5	Glasner	eigenname	q=0/4 next_cap=0/5 prev_cap=3/4 titel=0 ort=0/4
GLEICHMUT	9	5	Gleichmut	eigenname	q=1/5 next_cap=0/5 prev_cap=3/5 titel=0 ort=0/5
GLEIWITZ	8	5	Gleiwitz	eigenname	q=0/5 next_cap=1/5 prev_cap=3/5 titel=0 ort=1/5
GMINDER	7	5	Gminder	eigenname	q=0/5 next_cap=0/5 prev_cap=4/5 titel=0 ort=0/5
GNAUCK	6	5	Gnauck	eigenname	q=0/3 next_cap=4/6 prev_cap=3/3 titel=0 ort=0/3
GOAR	4	5	Goar	eigenname	q=0/5 next_cap=1/5 prev_cap=5/5 titel=0 ort=0/5
GOCH	4	5	Goch	eigenname	q=0/5 next_cap=1/5 prev_cap=3/5 titel=0 ort=1/5
GODEFROY	8	5	Godefroy	eigenname	q=0/5 next_cap=1/5 prev_cap=2/5 titel=0 ort=0/5
GOEDEL	6	5	Gödel	eigenname	q=0/4 next_cap=1/5 prev_cap=2/4 titel=0 ort=0/4
GOERAN	6	5	Göran	eigenname	q=0/7 next_cap=6/7 prev_cap=5/7 titel=1 ort=0/7
GOERLICH	8	5	Görlich	eigenname	q=0/4 next_cap=2/5 prev_cap=4/4 titel=0 ort=0/4
GOERTZ	6	5	Görtz	eigenname	q=0/5 next_cap=2/6 prev_cap=4/5 titel=0 ort=0/5
GOETSCH	7	5	Goetsch	eigenname	q=0/3 next_cap=1/5 prev_cap=3/3 titel=0 ort=0/3
GOLGATHA	8	5	Golgatha	eigenname	q=0/5 next_cap=0/5 prev_cap=2/5 titel=0 ort=0/5
GOLLER	6	5	Goller	eigenname	q=0/4 next_cap=1/6 prev_cap=4/4 titel=0 ort=0/4
GONZALO	7	5	Gonzalo	eigenname	q=0/3 next_cap=4/5 prev_cap=2/3 titel=0 ort=0/3
GOPPEL	6	5	Goppel	eigenname	q=0/4 next_cap=1/5 prev_cap=4/4 titel=0 ort=0/4
GOSHEIM	7	5	Gosheim	eigenname	q=0/5 next_cap=1/5 prev_cap=3/5 titel=0 ort=1/5
GOSSLER	7	5	Goßler	eigenname	q=0/4 next_cap=0/5 prev_cap=2/4 titel=0 ort=0/4
GOTHAM	6	5	Gotham	eigenname	q=0/5 next_cap=4/5 prev_cap=2/5 titel=0 ort=1/5
GOTTWALD	8	5	Gottwald	eigenname	q=0/4 next_cap=3/5 prev_cap=4/4 titel=0 ort=0/4
GRACIA	6	5	Gracia	eigenname	q=0/5 next_cap=3/5 prev_cap=1/5 titel=0 ort=0/5
GRAETZ	6	5	Grätz	eigenname	q=0/4 next_cap=0/5 prev_cap=4/4 titel=0 ort=0/4
GRAPHIT	7	5	Graphit	eigenname	q=0/7 next_cap=4/7 prev_cap=1/7 titel=0 ort=0/7
GREGG	5	5	Gregg	eigenname	q=0/5 next_cap=3/5 prev_cap=2/5 titel=0 ort=1/5
GRETL	5	5	Gretl	eigenname	q=0/4 next_cap=2/5 prev_cap=0/4 titel=0 ort=0/4
GREVE	5	5	Greve	eigenname	q=0/4 next_cap=0/5 prev_cap=4/4 titel=0 ort=0/4
GRIEG	5	5	Grieg	eigenname	q=0/6 next_cap=2/6 prev_cap=5/6 titel=0 ort=0/6
GRILLO	6	5	Grillo	eigenname	q=0/8 next_cap=4/8 prev_cap=5/8 titel=0 ort=0/8
GRIPS	5	5	Grips	eigenname	q=1/5 next_cap=2/6 prev_cap=1/5 titel=0 ort=0/5
GROEGER	7	5	Gröger	eigenname	q=0/5 next_cap=1/6 prev_cap=5/5 titel=0 ort=0/5
GROOT	5	5	Groot	eigenname	q=1/5 next_cap=4/5 prev_cap=1/5 titel=0 ort=0/5
GRUNENBERG	10	5	Grunenberg	eigenname	q=0/4 next_cap=0/5 prev_cap=2/4 titel=0 ort=0/4
GUADALUPE	9	5	Guadalupe	eigenname	q=1/9 next_cap=6/9 prev_cap=3/9 titel=0 ort=1/9
GUGGENHEIM	10	5	Guggenheim	eigenname	q=1/8 next_cap=4/9 prev_cap=2/8 titel=0 ort=0/8
GULF	4	5	Gulf	eigenname	q=1/5 next_cap=3/5 prev_cap=4/5 titel=0 ort=0/5
GUNDOLF	7	5	Gundolf	eigenname	q=0/5 next_cap=2/5 prev_cap=3/5 titel=0 ort=0/5
GUO	3	5	Guo	eigenname	q=1/5 next_cap=2/6 prev_cap=2/5 titel=0 ort=0/5
GUSTAFSSON	10	5	Gustafsson	eigenname	q=0/4 next_cap=1/5 prev_cap=3/4 titel=0 ort=0/4
GUTH	4	5	Guth	eigenname	q=0/4 next_cap=1/5 prev_cap=4/4 titel=0 ort=0/4
GUUS	4	5	Guus	eigenname	q=0/3 next_cap=4/5 prev_cap=1/3 titel=0 ort=0/3
GWENDOLYN	9	5	Gwendolyn	eigenname	q=0/3 next_cap=1/5 prev_cap=2/3 titel=0 ort=0/3
HADDAD	6	5	Haddad	eigenname	q=0/3 next_cap=0/5 prev_cap=2/3 titel=0 ort=0/3
HAENSEL	7	5	Hänsel	eigenname	q=0/4 next_cap=0/5 prev_cap=2/4 titel=0 ort=0/4
HAERTEL	7	5	Härtel	eigenname	q=0/6 next_cap=3/6 prev_cap=3/6 titel=0 ort=0/6
HAEUPL	6	5	Häupl	eigenname	q=0/5 next_cap=0/5 prev_cap=3/5 titel=0 ort=0/5
HAFFNER	7	5	Haffner	eigenname	q=0/4 next_cap=1/6 prev_cap=4/4 titel=0 ort=0/4
HAGENBECK	9	5	Hagenbeck	eigenname	q=0/5 next_cap=1/5 prev_cap=4/5 titel=0 ort=0/5
HAILE	5	5	Haile	eigenname	q=0/3 next_cap=5/5 prev_cap=2/3 titel=0 ort=0/3
HAINBUCHEN	10	5	Hainbuchen	eigenname	q=0/6 next_cap=2/6 prev_cap=4/6 titel=0 ort=1/6
HAITIS	6	5	Haitis	eigenname	q=0/4 next_cap=1/5 prev_cap=4/4 titel=1 ort=0/4
HALMICH	7	5	Halmich	eigenname	q=0/4 next_cap=0/5 prev_cap=4/4 titel=0 ort=0/4
HALSTUECHER	11	5	Halstücher	eigenname	q=0/5 next_cap=1/5 prev_cap=2/5 titel=0 ort=0/5
HAMBUECHEN	10	5	Hambüchen	eigenname	q=0/5 next_cap=2/6 prev_cap=4/5 titel=0 ort=0/5
HAMEL	5	5	Hamel	eigenname	q=0/6 next_cap=0/6 prev_cap=6/6 titel=2 ort=0/6
HAMPSON	7	5	Hampson	eigenname	q=0/5 next_cap=0/5 prev_cap=5/5 titel=0 ort=0/5
HANDFESSELN	11	5	Handfesseln	eigenname	q=0/5 next_cap=0/5 prev_cap=1/5 titel=0 ort=1/5
HANDLANGERN	11	5	Handlangern	eigenname	q=1/5 next_cap=1/5 prev_cap=4/5 titel=0 ort=0/5
HANDLER	7	5	Handler	eigenname	q=1/9 next_cap=2/9 prev_cap=9/9 titel=0 ort=0/9
HANDLEY	7	5	Handley	eigenname	q=1/7 next_cap=3/7 prev_cap=4/7 titel=0 ort=0/7
HANDWERKE	9	5	Handwerke	eigenname	q=0/5 next_cap=0/5 prev_cap=2/5 titel=0 ort=0/5
HAPOEL	6	5	Hapoel	eigenname	q=0/5 next_cap=3/5 prev_cap=1/5 titel=0 ort=1/5
HAQ	3	5	Haq	eigenname	q=0/6 next_cap=1/6 prev_cap=3/6 titel=0 ort=0/6
HARA	4	5	Hara	eigenname	q=0/3 next_cap=0/5 prev_cap=2/3 titel=0 ort=0/3
HARGREAVES	10	5	Hargreaves	eigenname	q=0/4 next_cap=1/5 prev_cap=4/4 titel=0 ort=0/4
HARNISCH	8	5	Harnisch	eigenname	q=0/6 next_cap=1/6 prev_cap=4/6 titel=0 ort=1/6
HARRISLEE	9	5	Harrislee	eigenname	q=0/5 next_cap=1/5 prev_cap=3/5 titel=0 ort=1/5
HARRISONS	9	5	Harrisons	eigenname	q=0/4 next_cap=4/5 prev_cap=0/4 titel=0 ort=0/4
HARSEFELD	9	5	Harsefeld	eigenname	q=0/5 next_cap=0/5 prev_cap=4/5 titel=0 ort=0/5
HARTLEY	7	5	Hartley	eigenname	q=1/5 next_cap=1/5 prev_cap=4/5 titel=0 ort=0/5
HASKELL	7	5	Haskell	eigenname	q=1/6 next_cap=2/6 prev_cap=2/6 titel=0 ort=1/6
HASSBERGE	9	5	Hassberge	eigenname	q=0/5 next_cap=1/5 prev_cap=5/5 titel=0 ort=0/5
HATO	4	5	Hato	eigenname	q=0/4 next_cap=2/5 prev_cap=4/4 titel=0 ort=0/4
HAUBOLD	7	5	Haubold	eigenname	q=0/5 next_cap=2/5 prev_cap=5/5 titel=1 ort=0/5
HAUFF	5	5	Hauff	eigenname	q=0/6 next_cap=2/6 prev_cap=4/6 titel=0 ort=0/6
HAUPTES	7	5	Hauptes	eigenname	q=0/5 next_cap=0/5 prev_cap=1/5 titel=0 ort=0/5
HAUSMUSIK	9	5	Hausmusik	eigenname	q=0/5 next_cap=0/5 prev_cap=1/5 titel=0 ort=0/5
HAUSSCHUHE	10	5	Hausschuhe	eigenname	q=0/4 next_cap=0/5 prev_cap=0/4 titel=0 ort=0/4
HAUSWALD	8	5	Hauswald	eigenname	q=0/5 next_cap=0/5 prev_cap=5/5 titel=0 ort=0/5
HAVA	4	5	Hava	eigenname	q=0/3 next_cap=1/5 prev_cap=1/3 titel=0 ort=0/3
HAWKING	7	5	Hawking	eigenname	q=0/3 next_cap=0/5 prev_cap=2/3 titel=0 ort=0/3
HAWTHORNE	9	5	Hawthorne	eigenname	q=0/4 next_cap=0/5 prev_cap=2/4 titel=0 ort=0/4
HAYE	4	5	Haye	eigenname	q=0/5 next_cap=0/5 prev_cap=3/5 titel=0 ort=0/5
HAYLEY	6	5	Hayley	eigenname	q=0/4 next_cap=4/5 prev_cap=2/4 titel=0 ort=0/4
HEESEN	6	5	Heesen	eigenname	q=0/4 next_cap=0/5 prev_cap=2/4 titel=1 ort=0/4
HEGELS	6	5	Hegels	eigenname	q=0/5 next_cap=3/6 prev_cap=4/5 titel=0 ort=1/5
HEGEMANN	8	5	Hegemann	eigenname	q=0/5 next_cap=2/7 prev_cap=5/5 titel=0 ort=0/5
HEIDER	6	5	Heider	eigenname	q=0/5 next_cap=0/5 prev_cap=2/5 titel=0 ort=0/5
HEIMATFILM	10	5	Heimatfilm	eigenname	q=1/5 next_cap=2/5 prev_cap=1/5 titel=0 ort=0/5
HEINES	6	5	Heines	eigenname	q=0/3 next_cap=1/5 prev_cap=3/3 titel=0 ort=0/3
HEINISCH	8	5	Heinisch	eigenname	q=0/5 next_cap=3/6 prev_cap=5/5 titel=0 ort=0/5
HELFENBERG	10	5	Helfenberg	eigenname	q=0/5 next_cap=0/5 prev_cap=3/5 titel=0 ort=0/5
HELFENSTEIN	11	5	Helfenstein	eigenname	q=0/5 next_cap=2/5 prev_cap=4/5 titel=0 ort=0/5
HELMBRECHTS	11	5	Helmbrechts	eigenname	q=0/5 next_cap=0/5 prev_cap=1/5 titel=0 ort=1/5
HENLE	5	5	Henle	eigenname	q=0/5 next_cap=1/5 prev_cap=4/5 titel=0 ort=0/5
HENNECKE	8	5	Hennecke	eigenname	q=0/4 next_cap=2/5 prev_cap=4/4 titel=0 ort=0/4
HENNENBERG	10	5	Hennenberg	eigenname	q=1/5 next_cap=2/5 prev_cap=3/5 titel=0 ort=0/5
HENRIQUE	8	5	Henrique	eigenname	q=0/5 next_cap=1/5 prev_cap=4/5 titel=0 ort=0/5
HEPP	4	5	Hepp	eigenname	q=0/6 next_cap=2/6 prev_cap=3/6 titel=0 ort=0/6
HERNANDEZ	9	5	Hernandez	eigenname	q=0/4 next_cap=1/5 prev_cap=3/4 titel=0 ort=0/4
HESTON	6	5	Heston	eigenname	q=0/5 next_cap=1/5 prev_cap=4/5 titel=0 ort=0/5
HEYDRICH	8	5	Heydrich	eigenname	q=0/5 next_cap=0/5 prev_cap=5/5 titel=1 ort=0/5
HEYE	4	5	Heye	eigenname	q=0/4 next_cap=0/5 prev_cap=3/4 titel=1 ort=0/4
HIGHER	6	5	Higher	eigenname	q=0/5 next_cap=5/5 prev_cap=4/5 titel=0 ort=0/5
HIGHTECH	8	5	Hightech	eigenname	q=1/34 next_cap=32/39 prev_cap=9/34 titel=0 ort=0/34
HILLA	5	5	Hilla	eigenname	q=0/3 next_cap=1/5 prev_cap=2/3 titel=0 ort=0/3
HIMBERG	7	5	Himberg	eigenname	q=1/5 next_cap=1/5 prev_cap=3/5 titel=0 ort=1/5
HIRSCHER	8	5	Hirscher	eigenname	q=0/5 next_cap=0/5 prev_cap=3/5 titel=0 ort=0/5
HITRADIO	8	5	Hitradio	eigenname	q=0/5 next_cap=1/5 prev_cap=4/5 titel=0 ort=0/5
HOCHBRUECKE	11	5	Hochbrücke	eigenname	q=0/6 next_cap=0/6 prev_cap=5/6 titel=0 ort=0/6
HOCKNEY	7	5	Hockney	eigenname	q=0/4 next_cap=2/6 prev_cap=2/4 titel=0 ort=0/4
HODGES	6	5	Hodges	eigenname	q=0/5 next_cap=2/5 prev_cap=4/5 titel=0 ort=0/5
HOEGER	6	5	Höger	eigenname	q=0/4 next_cap=1/5 prev_cap=2/4 titel=0 ort=0/4
HOEGL	5	5	Högl	eigenname	q=0/3 next_cap=1/5 prev_cap=1/3 titel=0 ort=0/3
HOFPREDIGER	11	5	Hofprediger	eigenname	q=1/5 next_cap=2/5 prev_cap=1/5 titel=0 ort=0/5
HOGG	4	5	Hogg	eigenname	q=0/4 next_cap=1/5 prev_cap=2/4 titel=0 ort=0/4
HOLLSTEIN	9	5	Hollstein	eigenname	q=0/3 next_cap=1/5 prev_cap=2/3 titel=0 ort=0/3
HOLZNER	7	5	Holzner	eigenname	q=0/3 next_cap=3/5 prev_cap=2/3 titel=0 ort=0/3
HOLZPFOSTEN	11	5	Holzpfosten	eigenname	q=0/5 next_cap=0/5 prev_cap=0/5 titel=0 ort=1/5
HOLZSTEGE	9	5	Holzstege	eigenname	q=0/5 next_cap=0/5 prev_cap=0/5 titel=0 ort=0/5
HOPP	4	5	Hopp	eigenname	q=1/6 next_cap=2/8 prev_cap=3/6 titel=0 ort=0/6
HOPPENSTEDT	11	5	Hoppenstedt	eigenname	q=0/5 next_cap=1/5 prev_cap=2/5 titel=1 ort=1/5
HORATIO	7	5	Horatio	eigenname	q=0/3 next_cap=2/5 prev_cap=3/3 titel=0 ort=0/3
HORDEN	6	5	Horden	eigenname	q=0/4 next_cap=0/5 prev_cap=0/4 titel=0 ort=0/4
HOTSPOT	7	5	Hotspot	eigenname	q=1/9 next_cap=4/10 prev_cap=4/9 titel=0 ort=0/9
HOWELL	6	5	Howell	eigenname	q=0/5 next_cap=1/5 prev_cap=4/5 titel=0 ort=0/5
HOYA	4	5	Hoya	eigenname	q=0/4 next_cap=0/5 prev_cap=1/4 titel=0 ort=0/4
HRUBESCH	8	5	Hrubesch	eigenname	q=0/4 next_cap=0/5 prev_cap=4/4 titel=0 ort=0/4
HUA	3	5	Hua	eigenname	q=0/4 next_cap=4/5 prev_cap=1/4 titel=0 ort=0/4
HUMBERTO	8	5	Humberto	eigenname	q=0/3 next_cap=4/5 prev_cap=2/3 titel=0 ort=0/3
HUNZIKER	8	5	Hunziker	eigenname	q=0/4 next_cap=0/5 prev_cap=3/4 titel=0 ort=0/4
HUSEN	5	5	Husen	eigenname	q=0/6 next_cap=1/6 prev_cap=3/6 titel=0 ort=0/6
HUSSERL	7	5	Husserl	eigenname	q=0/5 next_cap=2/6 prev_cap=2/5 titel=0 ort=0/5
HUSTER	6	5	Huster	eigenname	q=0/5 next_cap=1/5 prev_cap=3/5 titel=1 ort=0/5
HUXLEY	6	5	Huxley	eigenname	q=0/4 next_cap=1/6 prev_cap=3/4 titel=0 ort=0/4
HYPERTEXT	9	5	Hypertext	eigenname	q=2/14 next_cap=12/16 prev_cap=4/14 titel=0 ort=0/14
IBISEVIC	8	5	Ibisevic	eigenname	q=0/4 next_cap=0/5 prev_cap=2/4 titel=0 ort=0/4
ICKX	4	5	Ickx	eigenname	q=0/4 next_cap=0/5 prev_cap=2/4 titel=0 ort=0/4
IDSTEIN	7	5	Idstein	eigenname	q=0/6 next_cap=1/6 prev_cap=4/6 titel=0 ort=1/6
IGLESIAS	8	5	Iglesias	eigenname	q=0/3 next_cap=1/5 prev_cap=3/3 titel=0 ort=0/3
IIB	3	5	IIb	eigenname	q=0/5 next_cap=2/5 prev_cap=5/5 titel=0 ort=0/5
ILJITSCH	8	5	Iljitsch	eigenname	q=0/5 next_cap=3/5 prev_cap=5/5 titel=1 ort=0/5
ILLNER	6	5	Illner	eigenname	q=0/5 next_cap=0/6 prev_cap=5/5 titel=0 ort=0/5
IMRAN	5	5	Imran	eigenname	q=0/3 next_cap=3/5 prev_cap=2/3 titel=0 ort=0/3
IMRE	4	5	Imre	eigenname	q=0/4 next_cap=3/5 prev_cap=1/4 titel=0 ort=0/4
INDIRA	6	5	Indira	eigenname	q=1/6 next_cap=4/6 prev_cap=3/6 titel=0 ort=0/6
INFRAROT	8	5	Infrarot	eigenname	q=0/21 next_cap=16/21 prev_cap=5/21 titel=0 ort=1/21
INGMAR	6	5	Ingmar	eigenname	q=0/4 next_cap=4/5 prev_cap=1/4 titel=0 ort=0/4
INNERRHODEN	11	5	Innerrhoden	eigenname	q=0/5 next_cap=0/5 prev_cap=4/5 titel=0 ort=0/5
INTARSIEN	9	5	Intarsien	eigenname	q=0/5 next_cap=0/5 prev_cap=0/5 titel=0 ort=0/5
INTERFACES	10	5	Interfaces	eigenname	q=1/8 next_cap=0/8 prev_cap=5/8 titel=0 ort=0/8
INTERPRETIN	11	5	Interpretin	eigenname	q=0/6 next_cap=0/6 prev_cap=2/6 titel=0 ort=0/6
IRENA	5	5	Irena	eigenname	q=0/4 next_cap=1/5 prev_cap=3/4 titel=0 ort=0/4
IRONMAN	7	5	Ironman	eigenname	q=1/9 next_cap=5/9 prev_cap=3/9 titel=0 ort=1/9
IVANOVIC	8	5	Ivanovic	eigenname	q=0/3 next_cap=0/5 prev_cap=3/3 titel=0 ort=0/3
IVANSCHITZ	10	5	Ivanschitz	eigenname	q=0/3 next_cap=0/5 prev_cap=3/3 titel=0 ort=0/3
IVER	4	5	Iver	eigenname	q=0/4 next_cap=5/5 prev_cap=2/4 titel=0 ort=0/4
JAAP	4	5	Jaap	eigenname	q=0/5 next_cap=4/5 prev_cap=4/5 titel=0 ort=0/5
JAESCHKE	8	5	Jaeschke	eigenname	q=0/4 next_cap=1/5 prev_cap=4/4 titel=0 ort=0/4
JAFFA	5	5	Jaffa	eigenname	q=1/7 next_cap=1/7 prev_cap=4/7 titel=0 ort=1/7
JAHNKE	6	5	Jahnke	eigenname	q=0/5 next_cap=0/5 prev_cap=5/5 titel=0 ort=0/5
JAKOBI	6	5	Jakobi	eigenname	q=0/6 next_cap=2/6 prev_cap=5/6 titel=1 ort=0/6
JAKSCHE	7	5	Jaksche	eigenname	q=0/3 next_cap=0/5 prev_cap=2/3 titel=0 ort=0/3
JALTA	5	5	Jalta	eigenname	q=0/4 next_cap=0/4 prev_cap=0/4 titel=0 ort=0/4
JAMAIKAS	8	5	Jamaikas	eigenname	q=0/4 next_cap=0/5 prev_cap=4/4 titel=0 ort=0/4
JANUSZ	6	5	Janusz	eigenname	q=0/3 next_cap=5/5 prev_cap=2/3 titel=0 ort=0/3
JAQUES	6	5	Jaques	eigenname	q=0/5 next_cap=3/5 prev_cap=3/5 titel=0 ort=0/5
JARRETT	7	5	Jarrett	eigenname	q=0/5 next_cap=1/5 prev_cap=3/5 titel=0 ort=0/5
JAUCHE	6	5	Jauche	eigenname	q=1/6 next_cap=0/6 prev_cap=3/6 titel=0 ort=0/6
JEKATERINA	10	5	Jekaterina	eigenname	q=0/3 next_cap=2/5 prev_cap=2/3 titel=0 ort=0/3
JENAS	5	5	Jenas	eigenname	q=0/3 next_cap=1/5 prev_cap=2/3 titel=0 ort=0/3
JENNER	6	5	Jenner	eigenname	q=0/5 next_cap=2/5 prev_cap=4/5 titel=0 ort=0/5
JENTZSCH	8	5	Jentzsch	eigenname	q=0/3 next_cap=0/5 prev_cap=3/3 titel=0 ort=0/3
JEREMIAH	8	5	Jeremiah	eigenname	q=0/3 next_cap=4/5 prev_cap=2/3 titel=0 ort=0/3
JETTE	5	5	Jette	eigenname	q=0/4 next_cap=1/5 prev_cap=2/4 titel=0 ort=0/4
JIMI	4	5	Jimi	eigenname	q=0/5 next_cap=4/5 prev_cap=0/5 titel=0 ort=1/5
JIMMIE	6	5	Jimmie	eigenname	q=0/4 next_cap=3/5 prev_cap=2/4 titel=0 ort=0/4
JIRI	4	5	Jiri	eigenname	q=0/5 next_cap=5/5 prev_cap=4/5 titel=0 ort=0/5
JOAQUIM	7	5	Joaquim	eigenname	q=0/4 next_cap=5/5 prev_cap=2/4 titel=0 ort=0/4
JOBROTATION	11	5	Jobrotation	eigenname	q=0/3 next_cap=0/5 prev_cap=1/3 titel=0 ort=0/3
JODIE	5	5	Jodie	eigenname	q=0/4 next_cap=4/5 prev_cap=2/4 titel=1 ort=0/4
JOHNSTONE	9	5	Johnstone	eigenname	q=0/6 next_cap=2/8 prev_cap=6/6 titel=0 ort=0/6
JOLLA	5	5	Jolla	eigenname	q=1/5 next_cap=3/6 prev_cap=1/5 titel=0 ort=0/5
JOURNALS	8	5	Journals	eigenname	q=2/9 next_cap=2/9 prev_cap=6/9 titel=0 ort=0/9
JOUX	4	5	Joux	eigenname	q=0/5 next_cap=0/5 prev_cap=1/5 titel=0 ort=0/5
JUENGERS	8	5	Jüngers	eigenname	q=1/5 next_cap=2/5 prev_cap=2/5 titel=0 ort=0/5
JUERGENSEN	10	5	Jürgensen	eigenname	q=0/4 next_cap=2/5 prev_cap=3/4 titel=0 ort=0/4
JUHNKE	6	5	Juhnke	eigenname	q=0/6 next_cap=1/6 prev_cap=4/6 titel=0 ort=0/6
JULIES	6	5	Julies	eigenname	q=0/4 next_cap=5/5 prev_cap=0/4 titel=0 ort=0/4
JUNGMANN	8	5	Jungmann	eigenname	q=0/5 next_cap=0/5 prev_cap=4/5 titel=0 ort=0/5
JUSO	4	5	Juso	eigenname	q=2/19 next_cap=17/20 prev_cap=3/19 titel=0 ort=0/19
KAAS	4	5	Kaas	eigenname	q=0/6 next_cap=4/6 prev_cap=5/6 titel=0 ort=0/6
KACAR	5	5	Kacar	eigenname	q=0/4 next_cap=0/5 prev_cap=3/4 titel=0 ort=0/4
KALIUM	6	5	Kalium	eigenname	q=1/7 next_cap=3/9 prev_cap=3/7 titel=0 ort=0/7
KALKBRENNER	11	5	Kalkbrenner	eigenname	q=0/4 next_cap=2/5 prev_cap=1/4 titel=0 ort=0/4
KALKMOERTEL	11	5	Kalkmörtel	eigenname	q=0/5 next_cap=0/5 prev_cap=0/5 titel=0 ort=1/5
KALTENBORN	10	5	Kaltenborn	eigenname	q=0/4 next_cap=0/5 prev_cap=2/4 titel=0 ort=0/4
KAMPFSTOFFE	11	5	Kampfstoffe	eigenname	q=0/5 next_cap=0/5 prev_cap=1/5 titel=0 ort=0/5
KAPPEL	6	5	Kappel	eigenname	q=0/4 next_cap=2/6 prev_cap=2/4 titel=0 ort=0/4
KAPPLER	7	5	Kappler	eigenname	q=1/5 next_cap=2/5 prev_cap=3/5 titel=0 ort=0/5
KARASJOK	8	5	Karasjok	eigenname	q=0/5 next_cap=1/5 prev_cap=2/5 titel=0 ort=1/5
KARTHAGO	8	5	Karthago	eigenname	q=0/5 next_cap=1/5 prev_cap=0/5 titel=0 ort=0/5
KARTOGRAF	9	5	Kartograf	eigenname	q=0/5 next_cap=1/5 prev_cap=0/5 titel=0 ort=0/5
KASSENSTAND	11	5	Kassenstand	eigenname	q=0/5 next_cap=0/5 prev_cap=0/5 titel=0 ort=0/5
KATERINA	8	5	Katerina	eigenname	q=0/3 next_cap=1/5 prev_cap=2/3 titel=0 ort=0/3
KATZER	6	5	Katzer	eigenname	q=0/6 next_cap=1/6 prev_cap=5/6 titel=0 ort=0/6
KAUFSIGNALE	11	5	Kaufsignale	eigenname	q=0/4 next_cap=0/5 prev_cap=2/4 titel=0 ort=0/4
KEATING	7	5	Keating	eigenname	q=0/5 next_cap=1/5 prev_cap=4/5 titel=0 ort=0/5
KEMNATH	7	5	Kemnath	eigenname	q=0/6 next_cap=1/6 prev_cap=5/6 titel=0 ort=0/6
KEMPER	6	5	Kemper	eigenname	q=0/4 next_cap=1/5 prev_cap=4/4 titel=0 ort=0/4
KEMPF	5	5	Kempf	eigenname	q=0/4 next_cap=2/6 prev_cap=4/4 titel=0 ort=0/4
KENJI	5	5	Kenji	eigenname	q=0/4 next_cap=3/5 prev_cap=2/4 titel=0 ort=0/4
KERK	4	5	Kerk	eigenname	q=0/5 next_cap=0/5 prev_cap=5/5 titel=0 ort=0/5
KETTELER	8	5	Ketteler	eigenname	q=0/5 next_cap=1/5 prev_cap=2/5 titel=0 ort=0/5
KIBAKI	6	5	Kibaki	eigenname	q=0/4 next_cap=1/5 prev_cap=3/4 titel=0 ort=0/4
KIEKEBUSCH	10	5	Kiekebusch	eigenname	q=0/4 next_cap=0/5 prev_cap=3/4 titel=0 ort=0/4
KIEPENHEUER	11	5	Kiepenheuer	eigenname	q=0/5 next_cap=1/5 prev_cap=4/5 titel=0 ort=0/5
KIMBERLY	8	5	Kimberly	eigenname	q=0/4 next_cap=1/5 prev_cap=0/4 titel=0 ort=0/4
KIMURA	6	5	Kimura	eigenname	q=0/5 next_cap=2/5 prev_cap=4/5 titel=0 ort=0/5
KIRCHBACH	9	5	Kirchbach	eigenname	q=0/4 next_cap=0/5 prev_cap=3/4 titel=0 ort=0/4
KIRSTIN	7	5	Kirstin	eigenname	q=0/3 next_cap=4/5 prev_cap=2/3 titel=0 ort=0/3
KLARINETTEN	11	5	Klarinetten	eigenname	q=0/6 next_cap=2/7 prev_cap=1/6 titel=0 ort=0/6
KLAUSENER	9	5	Klausener	eigenname	q=0/5 next_cap=1/5 prev_cap=2/5 titel=0 ort=0/5
KLEMANN	7	5	Klemann	eigenname	q=0/4 next_cap=1/5 prev_cap=1/4 titel=0 ort=0/4
KLENK	5	5	Klenk	eigenname	q=0/4 next_cap=2/5 prev_cap=4/4 titel=0 ort=0/4
KLIMKE	6	5	Klimke	eigenname	q=0/5 next_cap=2/5 prev_cap=5/5 titel=0 ort=0/5
KNAUS	5	5	Knaus	eigenname	q=0/5 next_cap=4/5 prev_cap=4/5 titel=0 ort=0/5
KNEF	4	5	Knef	eigenname	q=1/5 next_cap=0/5 prev_cap=5/5 titel=0 ort=0/5
KNEISSL	7	5	Kneißl	eigenname	q=1/6 next_cap=3/7 prev_cap=3/6 titel=0 ort=1/6
KNIGGE	6	5	Knigge	eigenname	q=0/12 next_cap=5/13 prev_cap=4/12 titel=0 ort=0/12
KNITTEL	7	5	Knittel	eigenname	q=0/4 next_cap=1/5 prev_cap=3/4 titel=0 ort=0/4
KNUTH	5	5	Knuth	eigenname	q=0/4 next_cap=3/7 prev_cap=4/4 titel=0 ort=0/4
KOELLY	6	5	Kölly	eigenname	q=0/5 next_cap=0/5 prev_cap=1/5 titel=0 ort=0/5
KOENIGSBORN	11	5	Königsborn	eigenname	q=0/5 next_cap=0/5 prev_cap=3/5 titel=0 ort=0/5
KOENIGSDORF	11	5	Königsdorf	eigenname	q=0/5 next_cap=0/5 prev_cap=4/5 titel=0 ort=1/5
KOEPPEN	7	5	Köppen	eigenname	q=1/8 next_cap=5/8 prev_cap=6/8 titel=0 ort=0/8
KOERBER	7	5	Körber	eigenname	q=0/6 next_cap=1/6 prev_cap=3/6 titel=0 ort=0/6
KOHLI	5	5	Kohli	eigenname	q=0/4 next_cap=0/5 prev_cap=3/4 titel=0 ort=0/4
KOHLMANN	8	5	Kohlmann	eigenname	q=0/3 next_cap=0/5 prev_cap=2/3 titel=0 ort=0/3
KOHN	4	5	Kohn	eigenname	q=0/3 next_cap=1/5 prev_cap=1/3 titel=0 ort=0/3
KOK	3	5	Kok	eigenname	q=0/4 next_cap=1/4 prev_cap=4/4 titel=0 ort=0/4
KOLORIT	7	5	Kolorit	eigenname	q=0/5 next_cap=0/5 prev_cap=0/5 titel=0 ort=0/5
KOLPING	7	5	Kolping	eigenname	q=1/8 next_cap=6/11 prev_cap=4/8 titel=0 ort=0/8
KOMPAKTHEIT	11	5	Kompaktheit	eigenname	q=0/5 next_cap=1/5 prev_cap=0/5 titel=0 ort=0/5
KONSULENT	9	5	Konsulent	eigenname	q=0/5 next_cap=1/5 prev_cap=0/5 titel=0 ort=0/5
KONTRA	6	5	Kontra	eigenname	q=1/7 next_cap=2/7 prev_cap=4/7 titel=0 ort=0/7
KONZ	4	5	Konz	eigenname	q=0/5 next_cap=0/5 prev_cap=4/5 titel=0 ort=0/5
KOPERNIKUS	10	5	Kopernikus	eigenname	q=0/4 next_cap=0/5 prev_cap=2/4 titel=0 ort=0/4
KRAENEN	7	5	Kränen	eigenname	q=0/5 next_cap=0/5 prev_cap=0/5 titel=0 ort=0/5
KRAFTSTOFFE	11	5	Kraftstoffe	eigenname	q=0/6 next_cap=0/6 prev_cap=1/6 titel=0 ort=0/6
KREISBAHNEN	11	5	Kreisbahnen	eigenname	q=0/5 next_cap=1/5 prev_cap=4/5 titel=0 ort=0/5
KREUTZ	6	5	Kreutz	eigenname	q=0/5 next_cap=2/6 prev_cap=1/5 titel=0 ort=0/5
KREUZBAND	9	5	Kreuzband	eigenname	q=2/9 next_cap=4/9 prev_cap=0/9 titel=0 ort=0/9
KRISTIANSEN	11	5	Kristiansen	eigenname	q=0/5 next_cap=0/5 prev_cap=5/5 titel=0 ort=0/5
KROENING	8	5	Kröning	eigenname	q=0/4 next_cap=0/5 prev_cap=2/4 titel=0 ort=0/4
KROHN	5	5	Krohn	eigenname	q=0/5 next_cap=2/5 prev_cap=2/5 titel=0 ort=0/5
KRUEMMUNGEN	11	5	Krümmungen	eigenname	q=0/5 next_cap=0/5 prev_cap=0/5 titel=0 ort=1/5
KUES	4	5	Kues	eigenname	q=0/6 next_cap=0/6 prev_cap=3/6 titel=0 ort=0/6
KUGLER	6	5	Kugler	eigenname	q=0/3 next_cap=0/5 prev_cap=1/3 titel=0 ort=0/3
KUNERT	6	5	Kunert	eigenname	q=0/5 next_cap=0/5 prev_cap=3/5 titel=0 ort=0/5
KUNSTGUSS	9	5	Kunstguss	eigenname	q=1/6 next_cap=2/6 prev_cap=4/6 titel=0 ort=0/6
KUPPELACHSE	11	5	Kuppelachse	eigenname	q=0/5 next_cap=0/5 prev_cap=0/5 titel=0 ort=0/5
KURRAS	6	5	Kurras	eigenname	q=0/4 next_cap=0/5 prev_cap=2/4 titel=0 ort=0/4
KUSTOS	6	5	Kustos	eigenname	q=0/5 next_cap=0/5 prev_cap=0/5 titel=0 ort=0/5
KUTSCHMA	8	5	Kutschma	eigenname	q=0/4 next_cap=1/6 prev_cap=1/4 titel=1 ort=0/4
KYOCERA	7	5	Kyocera	eigenname	q=0/4 next_cap=0/5 prev_cap=2/4 titel=0 ort=0/4
LABEM	5	5	Labem	eigenname	q=0/5 next_cap=0/5 prev_cap=0/5 titel=0 ort=0/5
LABG	4	5	LAbg	eigenname	q=0/5 next_cap=0/5 prev_cap=2/5 titel=0 ort=0/5
LACHMANN	8	5	Lachmann	eigenname	q=0/4 next_cap=1/5 prev_cap=1/4 titel=0 ort=0/4
LADISLAUS	9	5	Ladislaus	eigenname	q=0/5 next_cap=3/5 prev_cap=1/5 titel=0 ort=0/5
LANCELOT	8	5	Lancelot	eigenname	q=0/4 next_cap=0/5 prev_cap=2/4 titel=0 ort=0/4
LANDADEL	8	5	Landadel	eigenname	q=0/5 next_cap=0/5 prev_cap=1/5 titel=0 ort=0/5
LANDAMMANN	10	5	Landammann	eigenname	q=1/5 next_cap=2/5 prev_cap=1/5 titel=0 ort=0/5
LANDESRECHT	11	5	Landesrecht	eigenname	q=0/5 next_cap=1/5 prev_cap=1/5 titel=0 ort=1/5
LANGEMEYER	10	5	Langemeyer	eigenname	q=0/3 next_cap=1/5 prev_cap=1/3 titel=1 ort=0/3
LANKWITZ	8	5	Lankwitz	eigenname	q=0/5 next_cap=0/5 prev_cap=2/5 titel=1 ort=1/5
LANZAROTE	9	5	Lanzarote	eigenname	q=0/3 next_cap=0/5 prev_cap=1/3 titel=0 ort=0/3
LANZELOT	8	5	Lanzelot	eigenname	q=0/3 next_cap=1/5 prev_cap=2/3 titel=0 ort=0/3
LAREDO	6	5	Laredo	eigenname	q=0/5 next_cap=2/5 prev_cap=1/5 titel=0 ort=1/5
LASERN	6	5	Lasern	eigenname	q=0/5 next_cap=0/5 prev_cap=0/5 titel=0 ort=0/5
LAUDENBACH	10	5	Laudenbach	eigenname	q=0/5 next_cap=0/5 prev_cap=4/5 titel=0 ort=1/5
LAUDERDALE	10	5	Lauderdale	eigenname	q=0/5 next_cap=1/5 prev_cap=5/5 titel=0 ort=0/5
LAURAS	6	5	Lauras	eigenname	q=0/3 next_cap=4/5 prev_cap=1/3 titel=0 ort=0/3
LAUX	4	5	Laux	eigenname	q=0/3 next_cap=0/5 prev_cap=3/3 titel=0 ort=0/3
LAVOISIER	9	5	Lavoisier	eigenname	q=0/4 next_cap=1/5 prev_cap=0/4 titel=0 ort=0/4
LEAF	4	5	Leaf	eigenname	q=1/5 next_cap=1/5 prev_cap=4/5 titel=0 ort=0/5
LEAN	4	5	Lean	eigenname	q=1/5 next_cap=3/6 prev_cap=3/5 titel=0 ort=0/5
LEBERKREBS	10	5	Leberkrebs	eigenname	q=0/5 next_cap=0/5 prev_cap=0/5 titel=0 ort=0/5
LECLERC	7	5	Leclerc	eigenname	q=0/5 next_cap=0/6 prev_cap=4/5 titel=0 ort=0/5
LEDERHOSE	9	5	Lederhose	eigenname	q=0/6 next_cap=0/6 prev_cap=3/6 titel=0 ort=1/6
LEFEBVRE	8	5	Lefebvre	eigenname	q=0/5 next_cap=2/5 prev_cap=4/5 titel=0 ort=0/5
LEI	3	5	Lei	eigenname	q=1/6 next_cap=0/6 prev_cap=5/6 titel=0 ort=0/6
LEIBNITZ	8	5	Leibnitz	eigenname	q=0/5 next_cap=1/5 prev_cap=3/5 titel=0 ort=1/5
LEIHBASIS	9	5	Leihbasis	eigenname	q=0/5 next_cap=0/5 prev_cap=0/5 titel=0 ort=0/5
LEINOEL	7	5	Leinöl	eigenname	q=0/5 next_cap=0/5 prev_cap=1/5 titel=0 ort=0/5
LEITMAYR	8	5	Leitmayr	eigenname	q=0/4 next_cap=0/5 prev_cap=0/4 titel=0 ort=0/4
LENNONS	7	5	Lennons	eigenname	q=0/5 next_cap=1/5 prev_cap=4/5 titel=0 ort=0/5
LENOIR	6	5	Lenoir	eigenname	q=0/5 next_cap=0/6 prev_cap=3/5 titel=0 ort=0/5
LEONS	5	5	Leons	eigenname	q=1/5 next_cap=4/5 prev_cap=1/5 titel=0 ort=1/5
LERNZIEL	8	5	Lernziel	eigenname	q=0/4 next_cap=1/5 prev_cap=1/4 titel=0 ort=0/4
LESBOS	6	5	Lesbos	eigenname	q=0/4 next_cap=0/5 prev_cap=2/4 titel=0 ort=0/4
LESTRANGE	9	5	Lestrange	eigenname	q=0/5 next_cap=0/5 prev_cap=3/5 titel=0 ort=0/5
LETHAL	6	5	Lethal	eigenname	q=1/5 next_cap=3/5 prev_cap=3/5 titel=0 ort=0/5
LEU	3	5	Leu	eigenname	q=0/5 next_cap=2/5 prev_cap=5/5 titel=0 ort=0/5
LEVERKUSENS	11	5	Leverkusens	eigenname	q=0/3 next_cap=2/5 prev_cap=2/3 titel=0 ort=0/3
LEWIN	5	5	Lewin	eigenname	q=0/5 next_cap=2/5 prev_cap=5/5 titel=0 ort=0/5
LEYENDECKER	11	5	Leyendecker	eigenname	q=0/3 next_cap=1/5 prev_cap=3/3 titel=2 ort=0/3
LHOTKA	6	5	Lhotka	eigenname	q=0/5 next_cap=0/5 prev_cap=5/5 titel=0 ort=0/5
LIEBENAU	8	5	Liebenau	eigenname	q=0/7 next_cap=1/7 prev_cap=6/7 titel=0 ort=0/7
LIEBEROSE	9	5	Lieberose	eigenname	q=0/5 next_cap=0/5 prev_cap=4/5 titel=0 ort=1/5
LIEBMANN	8	5	Liebmann	eigenname	q=0/6 next_cap=1/6 prev_cap=4/6 titel=0 ort=0/6
LIEDERTAFEL	11	5	Liedertafel	eigenname	q=1/5 next_cap=1/5 prev_cap=4/5 titel=0 ort=0/5
LIEDTKE	7	5	Liedtke	eigenname	q=0/5 next_cap=1/5 prev_cap=5/5 titel=0 ort=0/5
LIENAU	6	5	Lienau	eigenname	q=0/5 next_cap=1/6 prev_cap=4/5 titel=0 ort=0/5
LILIENTHAL	10	5	Lilienthal	eigenname	q=0/8 next_cap=3/8 prev_cap=5/8 titel=0 ort=0/8
LINCK	5	5	Linck	eigenname	q=0/4 next_cap=0/5 prev_cap=4/4 titel=0 ort=0/4
LINDENTHAL	10	5	Lindenthal	eigenname	q=0/6 next_cap=1/6 prev_cap=4/6 titel=0 ort=0/6
LINDOW	6	5	Lindow	eigenname	q=0/8 next_cap=4/8 prev_cap=3/8 titel=0 ort=0/8
LINOLEUM	8	5	Linoleum	eigenname	q=1/7 next_cap=3/7 prev_cap=2/7 titel=0 ort=0/7
LIPPI	5	5	Lippi	eigenname	q=0/3 next_cap=0/5 prev_cap=3/3 titel=0 ort=0/3
LISICKI	7	5	Lisicki	eigenname	q=0/5 next_cap=0/6 prev_cap=5/5 titel=0 ort=0/5
LISTA	5	5	Lista	eigenname	q=1/5 next_cap=5/5 prev_cap=4/5 titel=0 ort=0/5
LITTELL	7	5	Littell	eigenname	q=0/4 next_cap=0/5 prev_cap=2/4 titel=0 ort=0/4
LITTMANN	8	5	Littmann	eigenname	q=0/5 next_cap=1/6 prev_cap=4/5 titel=0 ort=0/5
LIVINGSTONE	11	5	Livingstone	eigenname	q=0/3 next_cap=1/5 prev_cap=2/3 titel=0 ort=0/3
LOCALIDADES	11	5	Localidades	eigenname	q=0/5 next_cap=0/5 prev_cap=1/5 titel=0 ort=0/5
LOEHRMANN	9	5	Löhrmann	eigenname	q=0/5 next_cap=1/5 prev_cap=4/5 titel=0 ort=0/5
LOEWENZAHN	10	5	Löwenzahn	eigenname	q=0/6 next_cap=1/6 prev_cap=2/6 titel=0 ort=0/6
LOITZ	5	5	Loitz	eigenname	q=0/5 next_cap=0/5 prev_cap=3/5 titel=0 ort=1/5
LOLAS	5	5	Lolas	eigenname	q=1/5 next_cap=2/5 prev_cap=1/5 titel=0 ort=1/5
LOMMATZSCH	10	5	Lommatzsch	eigenname	q=0/5 next_cap=1/5 prev_cap=3/5 titel=0 ort=0/5
LORBER	6	5	Lorber	eigenname	q=0/5 next_cap=1/5 prev_cap=3/5 titel=0 ort=0/5
LORNA	5	5	Lorna	eigenname	q=0/4 next_cap=1/5 prev_cap=1/4 titel=0 ort=0/4
LOUIE	5	5	Louie	eigenname	q=0/3 next_cap=3/5 prev_cap=3/3 titel=0 ort=0/3
LOVIS	5	5	Lovis	eigenname	q=0/4 next_cap=4/6 prev_cap=1/4 titel=0 ort=0/4
LUCKENWALDE	11	5	Luckenwalde	eigenname	q=0/5 next_cap=0/5 prev_cap=3/5 titel=0 ort=1/5
LUDENDORFF	10	5	Ludendorff	eigenname	q=0/4 next_cap=1/6 prev_cap=2/4 titel=0 ort=0/4
LUDER	5	5	Luder	eigenname	q=0/4 next_cap=0/4 prev_cap=1/4 titel=0 ort=0/4
LUEBBECKE	9	5	Lübbecke	eigenname	q=0/10 next_cap=2/10 prev_cap=8/10 titel=0 ort=2/10
LUEBKE	6	5	Lübke	eigenname	q=0/5 next_cap=4/6 prev_cap=5/5 titel=0 ort=0/5
LUESCHER	8	5	Lüscher	eigenname	q=0/7 next_cap=3/7 prev_cap=4/7 titel=0 ort=1/7
LUETHI	6	5	Lüthi	eigenname	q=0/4 next_cap=0/5 prev_cap=2/4 titel=0 ort=0/4
LUKASCHENKO	11	5	Lukaschenko	eigenname	q=0/4 next_cap=1/6 prev_cap=0/4 titel=0 ort=0/4
LUNCHPAKETE	11	5	Lunchpakete	eigenname	q=0/4 next_cap=0/5 prev_cap=1/4 titel=0 ort=0/4
MADOFF	6	5	Madoff	eigenname	q=0/6 next_cap=1/7 prev_cap=2/6 titel=0 ort=1/6
MAGALONA	8	5	Magalona	eigenname	q=0/5 next_cap=0/5 prev_cap=5/5 titel=0 ort=0/5
MAGDEBURGS	10	5	Magdeburgs	eigenname	q=0/5 next_cap=1/5 prev_cap=5/5 titel=0 ort=0/5
MAGELLAN	8	5	Magellan	eigenname	q=0/4 next_cap=2/6 prev_cap=2/4 titel=0 ort=0/4
MAHMOUD	7	5	Mahmoud	eigenname	q=0/4 next_cap=3/5 prev_cap=4/4 titel=0 ort=0/4
MAILINGS	8	5	Mailings	eigenname	q=1/6 next_cap=3/6 prev_cap=4/6 titel=0 ort=0/6
MAKOTO	6	5	Makoto	eigenname	q=1/6 next_cap=4/6 prev_cap=1/6 titel=0 ort=0/6
MALDEN	6	5	Malden	eigenname	q=1/5 next_cap=2/5 prev_cap=4/5 titel=0 ort=0/5
MALIKI	6	5	Maliki	eigenname	q=0/6 next_cap=0/8 prev_cap=2/6 titel=0 ort=0/6
MALSCH	6	5	Malsch	eigenname	q=0/5 next_cap=0/5 prev_cap=5/5 titel=0 ort=0/5
MANFREDS	8	5	Manfreds	eigenname	q=0/5 next_cap=3/5 prev_cap=3/5 titel=0 ort=1/5
MANKELL	7	5	Mankell	eigenname	q=0/5 next_cap=1/5 prev_cap=5/5 titel=0 ort=0/5
MARCIN	6	5	Marcin	eigenname	q=0/3 next_cap=2/5 prev_cap=2/3 titel=0 ort=0/3
MARCONI	7	5	Marconi	eigenname	q=0/4 next_cap=0/5 prev_cap=3/4 titel=0 ort=0/4
MARGHERITA	10	5	Margherita	eigenname	q=0/4 next_cap=3/5 prev_cap=2/4 titel=0 ort=0/4
MARGRIT	7	5	Margrit	eigenname	q=0/3 next_cap=3/5 prev_cap=2/3 titel=0 ort=0/3
MARIANA	7	5	Mariana	eigenname	q=0/3 next_cap=1/5 prev_cap=1/3 titel=0 ort=0/3
MARIAZELL	9	5	Mariazell	eigenname	q=0/4 next_cap=0/5 prev_cap=4/4 titel=0 ort=0/4
MARIENDORF	10	5	Mariendorf	eigenname	q=0/6 next_cap=1/8 prev_cap=5/6 titel=0 ort=1/6
MARIENHEIDE	11	5	Marienheide	eigenname	q=0/5 next_cap=2/5 prev_cap=3/5 titel=0 ort=1/5
MARIS	5	5	Maris	eigenname	q=0/4 next_cap=3/5 prev_cap=4/4 titel=0 ort=0/4
MARKISEN	8	5	Markisen	eigenname	q=0/4 next_cap=1/5 prev_cap=1/4 titel=0 ort=0/4
MASAKI	6	5	Masaki	eigenname	q=0/4 next_cap=3/5 prev_cap=3/4 titel=0 ort=0/4
MATHER	6	5	Mather	eigenname	q=0/5 next_cap=0/5 prev_cap=3/5 titel=0 ort=0/5
MATHIS	6	5	Mathis	eigenname	q=0/4 next_cap=2/5 prev_cap=0/4 titel=0 ort=0/4
MAXIMILIANS	11	5	Maximilians	eigenname	q=0/19 next_cap=15/19 prev_cap=18/19 titel=0 ort=0/19
MAZARIN	7	5	Mazarin	eigenname	q=0/5 next_cap=0/5 prev_cap=0/5 titel=0 ort=0/5
MECHERNICH	10	5	Mechernich	eigenname	q=0/5 next_cap=1/5 prev_cap=3/5 titel=0 ort=1/5
MEDICUS	7	5	Medicus	eigenname	q=0/5 next_cap=2/6 prev_cap=3/5 titel=0 ort=0/5
MEHMED	6	5	Mehmed	eigenname	q=0/5 next_cap=4/5 prev_cap=2/5 titel=0 ort=1/5
MEINECKE	8	5	Meinecke	eigenname	q=0/9 next_cap=5/9 prev_cap=7/9 titel=0 ort=0/9
MEINRAD	7	5	Meinrad	eigenname	q=0/4 next_cap=3/5 prev_cap=1/4 titel=0 ort=0/4
MEIR	4	5	Meir	eigenname	q=0/5 next_cap=1/5 prev_cap=4/5 titel=0 ort=0/5
MEISNER	7	5	Meisner	eigenname	q=0/4 next_cap=0/5 prev_cap=4/4 titel=0 ort=0/4
MELVILLE	8	5	Melville	eigenname	q=0/5 next_cap=3/5 prev_cap=3/5 titel=0 ort=0/5
MENDEZ	6	5	Mendez	eigenname	q=0/5 next_cap=1/5 prev_cap=3/5 titel=1 ort=0/5
MENORCA	7	5	Menorca	eigenname	q=0/4 next_cap=0/5 prev_cap=1/4 titel=0 ort=0/4
MERCI	5	5	Merci	eigenname	q=0/3 next_cap=2/5 prev_cap=2/3 titel=0 ort=0/3
MERCY	5	5	Mercy	eigenname	q=1/5 next_cap=2/6 prev_cap=4/5 titel=0 ort=0/5
MERGEL	6	5	Mergel	eigenname	q=1/7 next_cap=1/7 prev_cap=5/7 titel=0 ort=0/7
MESTLIN	7	5	Mestlin	eigenname	q=0/5 next_cap=0/5 prev_cap=4/5 titel=0 ort=0/5
METABOLITEN	11	5	Metaboliten	eigenname	q=0/6 next_cap=1/6 prev_cap=2/6 titel=0 ort=0/6
MICHI	5	5	Michi	eigenname	q=0/3 next_cap=2/5 prev_cap=3/3 titel=1 ort=0/3
MICKELSON	9	5	Mickelson	eigenname	q=0/4 next_cap=1/5 prev_cap=4/4 titel=0 ort=0/4
MIDNIGHT	8	5	Midnight	eigenname	q=1/6 next_cap=4/6 prev_cap=4/6 titel=0 ort=0/6
MIKKO	5	5	Mikko	eigenname	q=0/4 next_cap=4/5 prev_cap=2/4 titel=0 ort=0/4
MIKROWELLEN	11	5	Mikrowellen	eigenname	q=1/5 next_cap=3/7 prev_cap=1/5 titel=0 ort=0/5
MILBERG	7	5	Milberg	eigenname	q=0/4 next_cap=0/5 prev_cap=4/4 titel=0 ort=0/4
MILIVOJE	8	5	Milivoje	eigenname	q=0/3 next_cap=5/5 prev_cap=1/3 titel=0 ort=0/3
MILLA	5	5	Milla	eigenname	q=0/5 next_cap=2/5 prev_cap=3/5 titel=0 ort=1/5
MILLAR	6	5	Millar	eigenname	q=0/5 next_cap=0/5 prev_cap=5/5 titel=0 ort=0/5
MILTITZ	7	5	Miltitz	eigenname	q=0/5 next_cap=0/5 prev_cap=1/5 titel=0 ort=1/5
MINDY	5	5	Mindy	eigenname	q=0/4 next_cap=3/5 prev_cap=2/4 titel=1 ort=0/4
MING	4	5	Ming	eigenname	q=2/19 next_cap=14/19 prev_cap=4/19 titel=0 ort=0/19
MINOGUE	7	5	Minogue	eigenname	q=0/4 next_cap=0/5 prev_cap=4/4 titel=0 ort=0/4
MIRBACH	7	5	Mirbach	eigenname	q=0/3 next_cap=1/5 prev_cap=1/3 titel=0 ort=0/3
MIROW	5	5	Mirow	eigenname	q=0/3 next_cap=2/5 prev_cap=3/3 titel=1 ort=0/3
MISSFELDER	10	5	Mißfelder	eigenname	q=0/3 next_cap=0/5 prev_cap=3/3 titel=1 ort=0/3
MISSONI	7	5	Missoni	eigenname	q=0/5 next_cap=1/5 prev_cap=3/5 titel=0 ort=0/5
MITREGENT	9	5	Mitregent	eigenname	q=0/4 next_cap=0/5 prev_cap=0/4 titel=0 ort=0/4
MITTERMAIER	11	5	Mittermaier	eigenname	q=0/4 next_cap=0/5 prev_cap=4/4 titel=0 ort=0/4
MIYAZAKI	8	5	Miyazaki	eigenname	q=0/5 next_cap=0/5 prev_cap=1/5 titel=0 ort=1/5
MOBY	4	5	Moby	eigenname	q=0/5 next_cap=4/8 prev_cap=1/5 titel=0 ort=0/5
MOHREN	6	5	Mohren	eigenname	q=1/6 next_cap=0/6 prev_cap=3/6 titel=0 ort=0/6
MOLTKE	6	5	Moltke	eigenname	q=0/4 next_cap=1/5 prev_cap=1/4 titel=0 ort=0/4
MOLYBDAEN	9	5	Molybdän	eigenname	q=0/7 next_cap=2/7 prev_cap=2/7 titel=0 ort=1/7
MONATH	6	5	Monath	eigenname	q=0/5 next_cap=0/5 prev_cap=5/5 titel=0 ort=0/5
MONTENEGROS	11	5	Montenegros	eigenname	q=0/6 next_cap=1/6 prev_cap=5/6 titel=0 ort=0/6
MOORBURG	8	5	Moorburg	eigenname	q=0/6 next_cap=0/6 prev_cap=6/6 titel=0 ort=0/6
MORAN	5	5	Moran	eigenname	q=0/4 next_cap=0/5 prev_cap=3/4 titel=0 ort=0/4
MORIN	5	5	Morin	eigenname	q=0/4 next_cap=0/5 prev_cap=3/4 titel=0 ort=0/4
MOROSOW	7	5	Morosow	eigenname	q=0/5 next_cap=0/5 prev_cap=2/5 titel=0 ort=0/5
MORTENSEN	9	5	Mortensen	eigenname	q=0/5 next_cap=0/5 prev_cap=3/5 titel=0 ort=0/5
MOTETTEN	8	5	Motetten	eigenname	q=0/5 next_cap=1/5 prev_cap=1/5 titel=0 ort=0/5
MOTORENWERK	11	5	Motorenwerk	eigenname	q=1/6 next_cap=2/6 prev_cap=4/6 titel=0 ort=0/6
MOURA	5	5	Moura	eigenname	q=0/5 next_cap=0/5 prev_cap=1/5 titel=0 ort=0/5
MOYA	4	5	Moya	eigenname	q=0/4 next_cap=0/5 prev_cap=1/4 titel=0 ort=0/4
MUBARAK	7	5	Mubarak	eigenname	q=0/6 next_cap=3/7 prev_cap=2/6 titel=0 ort=0/6
MUEANG	6	5	Mueang	eigenname	q=0/5 next_cap=3/5 prev_cap=4/5 titel=0 ort=0/5
MUEHL	5	5	Mühl	eigenname	q=1/5 next_cap=0/7 prev_cap=4/5 titel=0 ort=0/5
MUELHAUSEN	10	5	Mülhausen	eigenname	q=0/5 next_cap=1/5 prev_cap=0/5 titel=0 ort=1/5
MUIR	4	5	Muir	eigenname	q=0/5 next_cap=1/5 prev_cap=2/5 titel=0 ort=0/5
MUNDT	5	5	Mundt	eigenname	q=0/5 next_cap=2/6 prev_cap=4/5 titel=0 ort=0/5
MUNDWERK	8	5	Mundwerk	eigenname	q=0/5 next_cap=0/5 prev_cap=0/5 titel=0 ort=1/5
MURAD	5	5	Murad	eigenname	q=0/5 next_cap=4/5 prev_cap=5/5 titel=0 ort=0/5
MUSIKRAT	8	5	Musikrat	eigenname	q=1/5 next_cap=0/5 prev_cap=4/5 titel=0 ort=0/5
MUSIKTAGE	9	5	Musiktage	eigenname	q=0/6 next_cap=2/6 prev_cap=5/6 titel=0 ort=0/6
MUSKAT	6	5	Muskat	eigenname	q=0/5 next_cap=0/5 prev_cap=0/5 titel=0 ort=0/5
MUTZ	4	5	Mutz	eigenname	q=0/4 next_cap=0/5 prev_cap=2/4 titel=0 ort=0/4
MYRNA	5	5	Myrna	eigenname	q=0/5 next_cap=1/5 prev_cap=0/5 titel=0 ort=0/5
NACHREDE	8	5	Nachrede	eigenname	q=0/5 next_cap=0/5 prev_cap=0/5 titel=0 ort=0/5
NAGOLD	6	5	Nagold	eigenname	q=0/7 next_cap=3/7 prev_cap=6/7 titel=0 ort=1/7
NALBANDIAN	10	5	Nalbandian	eigenname	q=0/3 next_cap=0/5 prev_cap=3/3 titel=0 ort=0/3
NAMIBIAS	8	5	Namibias	eigenname	q=0/5 next_cap=0/5 prev_cap=3/5 titel=0 ort=0/5
NANSEN	6	5	Nansen	eigenname	q=0/5 next_cap=2/6 prev_cap=3/5 titel=0 ort=0/5
NARA	4	5	Nara	eigenname	q=1/6 next_cap=2/6 prev_cap=4/6 titel=0 ort=1/6
NARZISSEN	9	5	Narzissen	eigenname	q=0/4 next_cap=1/5 prev_cap=2/4 titel=0 ort=0/4
NASHOERNERN	11	5	Nashörnern	eigenname	q=0/5 next_cap=0/5 prev_cap=0/5 titel=0 ort=0/5
NASRALLAH	9	5	Nasrallah	eigenname	q=0/4 next_cap=0/5 prev_cap=2/4 titel=0 ort=0/4
NATASHA	7	5	Natasha	eigenname	q=0/4 next_cap=3/5 prev_cap=0/4 titel=0 ort=0/4
NEAL	4	5	Neal	eigenname	q=0/5 next_cap=2/5 prev_cap=1/5 titel=0 ort=0/5
NERIUS	6	5	Nerius	eigenname	q=0/3 next_cap=0/5 prev_cap=2/3 titel=0 ort=0/3
NERNST	6	5	Nernst	eigenname	q=0/5 next_cap=1/6 prev_cap=1/5 titel=0 ort=1/5
NEROS	5	5	Neros	eigenname	q=0/5 next_cap=0/5 prev_cap=5/5 titel=0 ort=0/5
NERUDA	6	5	Neruda	eigenname	q=0/4 next_cap=1/5 prev_cap=2/4 titel=0 ort=0/4
NETTERSHEIM	11	5	Nettersheim	eigenname	q=0/5 next_cap=0/5 prev_cap=4/5 titel=0 ort=0/5
NEUENSTEIN	10	5	Neuenstein	eigenname	q=0/5 next_cap=2/6 prev_cap=4/5 titel=0 ort=1/5
NEUHOFF	7	5	Neuhoff	eigenname	q=0/3 next_cap=2/6 prev_cap=2/3 titel=0 ort=0/3
NEUKIRCHNER	11	5	Neukirchner	eigenname	q=1/5 next_cap=1/5 prev_cap=5/5 titel=0 ort=1/5
NEUMAYER	8	5	Neumayer	eigenname	q=0/7 next_cap=4/7 prev_cap=4/7 titel=0 ort=0/7
NEWELL	6	5	Newell	eigenname	q=0/4 next_cap=1/5 prev_cap=3/4 titel=0 ort=0/4
NIAGARA	7	5	Niagara	eigenname	q=0/5 next_cap=4/5 prev_cap=3/5 titel=0 ort=0/5
NICOL	5	5	Nicol	eigenname	q=1/6 next_cap=3/6 prev_cap=1/6 titel=0 ort=0/6
NIEDERZIER	10	5	Niederzier	eigenname	q=0/5 next_cap=0/5 prev_cap=3/5 titel=0 ort=1/5
NIGERS	6	5	Nigers	eigenname	q=0/5 next_cap=0/5 prev_cap=5/5 titel=0 ort=0/5
NIJMEGEN	8	5	Nijmegen	eigenname	q=0/5 next_cap=1/5 prev_cap=1/5 titel=0 ort=1/5
NIKKI	5	5	Nikki	eigenname	q=0/4 next_cap=4/5 prev_cap=0/4 titel=0 ort=0/4
NIKOLOV	7	5	Nikolov	eigenname	q=0/3 next_cap=0/5 prev_cap=3/3 titel=0 ort=0/3
NILE	4	5	Nile	eigenname	q=0/7 next_cap=2/7 prev_cap=6/7 titel=0 ort=0/7
NIMROD	6	5	Nimrod	eigenname	q=1/6 next_cap=2/6 prev_cap=1/6 titel=0 ort=1/6
NINETTA	7	5	Ninetta	eigenname	q=0/6 next_cap=1/6 prev_cap=3/6 titel=0 ort=0/6
NINO	4	5	Nino	eigenname	q=0/4 next_cap=1/4 prev_cap=0/4 titel=0 ort=0/4
NISTPLATZ	9	5	Nistplatz	eigenname	q=0/5 next_cap=0/5 prev_cap=1/5 titel=0 ort=0/5
NITRAT	6	5	Nitrat	eigenname	q=1/8 next_cap=4/9 prev_cap=2/8 titel=0 ort=0/8
NOELLE	6	5	Noelle	eigenname	q=0/8 next_cap=3/10 prev_cap=7/8 titel=0 ort=1/8
NOL	3	5	Nol	eigenname	q=0/3 next_cap=0/3 prev_cap=3/3 titel=0 ort=0/3
NONSENS	7	5	Nonsens	eigenname	q=0/5 next_cap=0/5 prev_cap=0/5 titel=0 ort=0/5
NORTHROP	8	5	Northrop	eigenname	q=1/6 next_cap=4/6 prev_cap=2/6 titel=0 ort=0/6
NORWAY	6	5	Norway	eigenname	q=0/4 next_cap=2/5 prev_cap=3/4 titel=0 ort=0/4
NUTELLA	7	5	Nutella	eigenname	q=0/8 next_cap=3/8 prev_cap=2/8 titel=0 ort=0/8
OAXACA	6	5	Oaxaca	eigenname	q=0/5 next_cap=1/5 prev_cap=1/5 titel=0 ort=1/5
OBERLAENDER	11	5	Oberländer	eigenname	q=1/5 next_cap=2/6 prev_cap=3/5 titel=0 ort=0/5
OBERMAIER	9	5	Obermaier	eigenname	q=0/5 next_cap=2/6 prev_cap=5/5 titel=0 ort=0/5
OBERNBURG	9	5	Obernburg	eigenname	q=0/5 next_cap=0/5 prev_cap=3/5 titel=0 ort=1/5
OBSTWIESEN	10	5	Obstwiesen	eigenname	q=0/5 next_cap=0/5 prev_cap=0/5 titel=0 ort=1/5
OECALAN	7	5	Öcalan	eigenname	q=0/4 next_cap=2/7 prev_cap=1/4 titel=0 ort=0/4
OESER	5	5	Oeser	eigenname	q=0/4 next_cap=0/5 prev_cap=3/4 titel=0 ort=0/4
OEYNHAUSEN	10	5	Oeynhausen	eigenname	q=0/6 next_cap=2/6 prev_cap=5/6 titel=0 ort=0/6
OLBRICH	7	5	Olbrich	eigenname	q=0/4 next_cap=1/5 prev_cap=2/4 titel=0 ort=0/4
OLI	3	5	Oli	eigenname	q=0/3 next_cap=4/4 prev_cap=0/3 titel=0 ort=0/3
OLOF	4	5	Olof	eigenname	q=1/5 next_cap=4/5 prev_cap=2/5 titel=0 ort=0/5
OPTOMETRIE	10	5	Optometrie	eigenname	q=0/5 next_cap=5/5 prev_cap=0/5 titel=0 ort=0/5
ORSON	5	5	Orson	eigenname	q=0/5 next_cap=3/5 prev_cap=1/5 titel=0 ort=0/5
ORTENBURG	9	5	Ortenburg	eigenname	q=0/6 next_cap=0/6 prev_cap=4/6 titel=0 ort=1/6
ORTLIEB	7	5	Ortlieb	eigenname	q=0/5 next_cap=0/5 prev_cap=4/5 titel=0 ort=0/5
ORWELL	6	5	Orwell	eigenname	q=0/6 next_cap=1/6 prev_cap=5/6 titel=0 ort=1/6
OSAGE	5	5	Osage	eigenname	q=0/5 next_cap=2/5 prev_cap=1/5 titel=0 ort=1/5
OSTASIENS	9	5	Ostasiens	eigenname	q=0/5 next_cap=1/5 prev_cap=5/5 titel=0 ort=0/5
OTELLINI	8	5	Otellini	eigenname	q=0/5 next_cap=0/5 prev_cap=5/5 titel=0 ort=0/5
OVE	3	5	Ove	eigenname	q=0/5 next_cap=4/5 prev_cap=5/5 titel=0 ort=0/5
OVERBECK	8	5	Overbeck	eigenname	q=0/6 next_cap=3/7 prev_cap=4/6 titel=0 ort=0/6
OZEANIEN	8	5	Ozeanien	eigenname	q=0/8 next_cap=3/8 prev_cap=5/8 titel=0 ort=0/8
PACKET	6	5	Packet	eigenname	q=2/9 next_cap=8/9 prev_cap=2/9 titel=0 ort=0/9
PALAVER	7	5	Palaver	eigenname	q=1/5 next_cap=1/5 prev_cap=3/5 titel=0 ort=0/5
PALLADIUS	9	5	Palladius	eigenname	q=0/4 next_cap=2/5 prev_cap=0/4 titel=0 ort=0/4
PAOLA	5	5	Paola	eigenname	q=0/5 next_cap=1/5 prev_cap=1/5 titel=0 ort=0/5
PARISHAD	8	5	Parishad	eigenname	q=0/5 next_cap=0/5 prev_cap=5/5 titel=0 ort=0/5
PAROLI	6	5	Paroli	eigenname	q=0/5 next_cap=1/6 prev_cap=0/5 titel=0 ort=1/5
PASCUAL	7	5	Pascual	eigenname	q=0/5 next_cap=2/5 prev_cap=3/5 titel=0 ort=0/5
PASO	4	5	Paso	eigenname	q=0/4 next_cap=0/4 prev_cap=4/4 titel=0 ort=0/4
PATRICE	7	5	Patrice	eigenname	q=0/5 next_cap=5/5 prev_cap=3/5 titel=0 ort=0/5
PATTERNS	8	5	Patterns	eigenname	q=1/5 next_cap=0/5 prev_cap=3/5 titel=0 ort=1/5
PATTON	6	5	Patton	eigenname	q=0/5 next_cap=2/5 prev_cap=3/5 titel=0 ort=0/5
PAULY	5	5	Pauly	eigenname	q=0/6 next_cap=2/6 prev_cap=3/6 titel=0 ort=0/6
PAWLOW	6	5	Pawlow	eigenname	q=0/5 next_cap=0/5 prev_cap=3/5 titel=0 ort=0/5
PELL	4	5	Pell	eigenname	q=0/4 next_cap=1/6 prev_cap=2/4 titel=0 ort=0/4
PELLETIER	9	5	Pelletier	eigenname	q=0/3 next_cap=0/5 prev_cap=1/3 titel=0 ort=0/3
PELYM	5	5	Pelym	eigenname	q=1/5 next_cap=1/5 prev_cap=3/5 titel=0 ort=0/5
PENTHOUSE	9	5	Penthouse	eigenname	q=1/6 next_cap=3/7 prev_cap=3/6 titel=0 ort=0/6
PENTIUM	7	5	Pentium	eigenname	q=1/17 next_cap=12/17 prev_cap=5/17 titel=0 ort=1/17
PERALTA	7	5	Peralta	eigenname	q=0/6 next_cap=2/6 prev_cap=2/6 titel=0 ort=0/6
PERCE	5	5	Perce	eigenname	q=0/5 next_cap=4/5 prev_cap=5/5 titel=0 ort=0/5
PEREIRA	7	5	Pereira	eigenname	q=0/4 next_cap=1/5 prev_cap=2/4 titel=0 ort=0/4
PERGAMON	8	5	Pergamon	eigenname	q=0/5 next_cap=1/5 prev_cap=1/5 titel=0 ort=1/5
PERKUSSION	10	5	Perkussion	eigenname	q=0/5 next_cap=0/5 prev_cap=0/5 titel=0 ort=0/5
PERRIN	6	5	Perrin	eigenname	q=0/5 next_cap=1/5 prev_cap=3/5 titel=0 ort=0/5
PETERSONS	9	5	Petersons	eigenname	q=0/5 next_cap=2/5 prev_cap=3/5 titel=0 ort=0/5
PETRY	5	5	Petry	eigenname	q=0/5 next_cap=1/5 prev_cap=3/5 titel=0 ort=0/5
PFISTER	7	5	Pfister	eigenname	q=0/6 next_cap=1/6 prev_cap=4/6 titel=0 ort=0/6
PHILEMON	8	5	Philemon	eigenname	q=0/3 next_cap=1/5 prev_cap=1/3 titel=0 ort=0/3
PHILIPPI	8	5	Philippi	eigenname	q=0/5 next_cap=0/5 prev_cap=3/5 titel=0 ort=1/5
PHYSIKERN	9	5	Physikern	eigenname	q=1/5 next_cap=2/5 prev_cap=0/5 titel=0 ort=0/5
PIEP	4	5	Piep	eigenname	q=1/6 next_cap=4/7 prev_cap=2/6 titel=0 ort=0/6
PIERLUIGI	9	5	Pierluigi	eigenname	q=0/4 next_cap=5/5 prev_cap=3/4 titel=0 ort=0/4
PIK	3	5	Pik	eigenname	q=0/5 next_cap=3/5 prev_cap=1/5 titel=0 ort=0/5
PILAWA	6	5	Pilawa	eigenname	q=0/5 next_cap=0/5 prev_cap=3/5 titel=0 ort=0/5
PILSENER	8	5	Pilsener	eigenname	q=1/7 next_cap=2/7 prev_cap=6/7 titel=0 ort=0/7
PINHEIRO	8	5	Pinheiro	eigenname	q=0/5 next_cap=0/5 prev_cap=3/5 titel=0 ort=0/5
PIR	3	5	Pir	eigenname	q=0/6 next_cap=4/7 prev_cap=2/6 titel=0 ort=0/6
PIXELPARK	9	5	Pixelpark	eigenname	q=0/6 next_cap=2/7 prev_cap=3/6 titel=0 ort=0/6
PLATA	5	5	Plata	eigenname	q=0/7 next_cap=2/7 prev_cap=5/7 titel=0 ort=0/7
PLATINUM	8	5	Platinum	eigenname	q=1/5 next_cap=5/5 prev_cap=4/5 titel=0 ort=0/5
PLATTNER	8	5	Plattner	eigenname	q=1/5 next_cap=1/6 prev_cap=4/5 titel=0 ort=0/5
PLAYA	5	5	Playa	eigenname	q=1/5 next_cap=4/5 prev_cap=0/5 titel=0 ort=0/5
PLESS	5	5	Pless	eigenname	q=0/5 next_cap=0/5 prev_cap=1/5 titel=0 ort=0/5
PLESSE	6	5	Plesse	eigenname	q=0/5 next_cap=0/5 prev_cap=1/5 titel=0 ort=0/5
PLETSCHER	9	5	Pletscher	eigenname	q=0/5 next_cap=4/6 prev_cap=4/5 titel=0 ort=0/5
PLOTINS	7	5	Plotins	eigenname	q=0/5 next_cap=4/5 prev_cap=1/5 titel=0 ort=1/5
POHLE	5	5	Pohle	eigenname	q=0/4 next_cap=3/5 prev_cap=4/4 titel=0 ort=0/4
POITIERS	8	5	Poitiers	eigenname	q=0/5 next_cap=0/5 prev_cap=1/5 titel=0 ort=1/5
POOLE	5	5	Poole	eigenname	q=0/4 next_cap=1/5 prev_cap=4/4 titel=0 ort=0/4
POPPE	5	5	Poppe	eigenname	q=1/5 next_cap=1/5 prev_cap=3/5 titel=1 ort=0/5
PORZ	4	5	Porz	eigenname	q=1/7 next_cap=1/8 prev_cap=6/7 titel=0 ort=0/7
POULSEN	7	5	Poulsen	eigenname	q=0/4 next_cap=1/5 prev_cap=3/4 titel=0 ort=0/4
POWERLINE	9	5	Powerline	eigenname	q=0/8 next_cap=6/11 prev_cap=2/8 titel=0 ort=0/8
PRAEGER	7	5	Präger	eigenname	q=0/3 next_cap=0/6 prev_cap=2/3 titel=0 ort=0/3
PRAEMOLAREN	11	5	Prämolaren	eigenname	q=0/5 next_cap=0/5 prev_cap=0/5 titel=0 ort=1/5
PRE	3	5	Pre	eigenname	q=2/27 next_cap=25/28 prev_cap=4/27 titel=0 ort=0/27
PREUSSAG	8	5	Preussag	eigenname	q=0/5 next_cap=3/8 prev_cap=5/5 titel=0 ort=0/5
PROCTER	7	5	Procter	eigenname	q=0/4 next_cap=0/5 prev_cap=2/4 titel=0 ort=0/4
PROMOTOR	8	5	Promotor	eigenname	q=1/5 next_cap=2/6 prev_cap=3/5 titel=0 ort=0/5
PROTEUS	7	5	Proteus	eigenname	q=0/4 next_cap=3/5 prev_cap=1/4 titel=0 ort=0/4
PUBS	4	5	Pubs	eigenname	q=1/6 next_cap=2/6 prev_cap=2/6 titel=0 ort=1/6
PULAU	5	5	Pulau	eigenname	q=0/5 next_cap=5/5 prev_cap=3/5 titel=0 ort=0/5
PUSCHKIN	8	5	Puschkin	eigenname	q=0/9 next_cap=7/11 prev_cap=4/9 titel=0 ort=1/9
PUTLITZ	7	5	Putlitz	eigenname	q=0/5 next_cap=0/5 prev_cap=1/5 titel=0 ort=1/5
QUAN	4	5	Quan	eigenname	q=0/6 next_cap=2/6 prev_cap=5/6 titel=0 ort=0/6
RADEBERG	8	5	Radeberg	eigenname	q=0/5 next_cap=1/5 prev_cap=3/5 titel=0 ort=1/5
RADEMACHER	10	5	Rademacher	eigenname	q=0/3 next_cap=3/5 prev_cap=3/3 titel=0 ort=0/3
RADUNSKI	8	5	Radunski	eigenname	q=0/4 next_cap=0/5 prev_cap=3/4 titel=0 ort=0/4
RADWEGEN	8	5	Radwegen	eigenname	q=0/5 next_cap=0/5 prev_cap=0/5 titel=0 ort=0/5
RAFTING	7	5	Rafting	eigenname	q=2/9 next_cap=4/9 prev_cap=3/9 titel=0 ort=0/9
RAHDEN	6	5	Rahden	eigenname	q=1/5 next_cap=1/5 prev_cap=3/5 titel=0 ort=0/5
RAHUL	5	5	Rahul	eigenname	q=0/3 next_cap=2/5 prev_cap=0/3 titel=0 ort=0/3
RAMIN	5	5	Ramin	eigenname	q=0/3 next_cap=3/5 prev_cap=2/3 titel=0 ort=0/3
RAMMSTEIN	9	5	Rammstein	eigenname	q=0/5 next_cap=3/7 prev_cap=1/5 titel=0 ort=0/5
RANA	4	5	Rana	eigenname	q=0/6 next_cap=0/6 prev_cap=3/6 titel=0 ort=0/6
RANKENWERK	10	5	Rankenwerk	eigenname	q=1/6 next_cap=3/6 prev_cap=0/6 titel=0 ort=0/6
RAROTONGA	9	5	Rarotonga	eigenname	q=0/5 next_cap=0/5 prev_cap=1/5 titel=0 ort=1/5
RATHMANN	8	5	Rathmann	eigenname	q=0/5 next_cap=1/5 prev_cap=4/5 titel=0 ort=0/5
RAUTE	5	5	Raute	eigenname	q=0/5 next_cap=0/5 prev_cap=0/5 titel=0 ort=0/5
RECORDER	8	5	Recorder	eigenname	q=2/15 next_cap=1/15 prev_cap=12/15 titel=0 ort=0/15
REDER	5	5	Reder	eigenname	q=0/5 next_cap=0/5 prev_cap=2/5 titel=0 ort=0/5
REDFORD	7	5	Redford	eigenname	q=0/5 next_cap=2/5 prev_cap=4/5 titel=0 ort=0/5
REDGRAVE	8	5	Redgrave	eigenname	q=0/3 next_cap=0/5 prev_cap=3/3 titel=0 ort=0/3
REIBEKUCHEN	11	5	Reibekuchen	eigenname	q=0/5 next_cap=0/5 prev_cap=0/5 titel=0 ort=0/5
REIMUND	7	5	Reimund	eigenname	q=0/5 next_cap=3/5 prev_cap=2/5 titel=0 ort=0/5
REINEKE	7	5	Reineke	eigenname	q=0/3 next_cap=0/5 prev_cap=2/3 titel=0 ort=0/3
REINISCH	8	5	Reinisch	eigenname	q=0/4 next_cap=0/5 prev_cap=3/4 titel=1 ort=0/4
REINO	5	5	Reino	eigenname	q=0/5 next_cap=0/5 prev_cap=3/5 titel=0 ort=0/5
REINSCH	7	5	Reinsch	eigenname	q=0/5 next_cap=1/6 prev_cap=3/5 titel=0 ort=0/5
REISINGER	9	5	Reisinger	eigenname	q=0/5 next_cap=2/5 prev_cap=5/5 titel=0 ort=0/5
REISS	5	5	Reiss	eigenname	q=0/6 next_cap=1/6 prev_cap=2/6 titel=0 ort=0/6
REITHOFER	9	5	Reithofer	eigenname	q=0/4 next_cap=0/5 prev_cap=2/4 titel=0 ort=0/4
REITPFERDE	10	5	Reitpferde	eigenname	q=0/5 next_cap=1/5 prev_cap=3/5 titel=0 ort=0/5
REMINGTON	9	5	Remington	eigenname	q=0/5 next_cap=1/5 prev_cap=4/5 titel=0 ort=0/5
RENARD	6	5	Renard	eigenname	q=0/5 next_cap=1/5 prev_cap=4/5 titel=0 ort=0/5
RENATA	6	5	Renata	eigenname	q=0/4 next_cap=2/5 prev_cap=1/4 titel=0 ort=0/4
RENNRAEDER	10	5	Rennräder	eigenname	q=0/4 next_cap=0/5 prev_cap=2/4 titel=0 ort=0/4
REPERTORIUM	11	5	Repertorium	eigenname	q=1/6 next_cap=0/6 prev_cap=3/6 titel=0 ort=1/6
REPLIKEN	8	5	Repliken	eigenname	q=0/5 next_cap=0/5 prev_cap=0/5 titel=0 ort=0/5
RHEINAU	7	5	Rheinau	eigenname	q=0/5 next_cap=2/6 prev_cap=4/5 titel=0 ort=0/5
RIBBECK	7	5	Ribbeck	eigenname	q=0/5 next_cap=0/5 prev_cap=4/5 titel=0 ort=0/5
RIBERY	6	5	Ribery	eigenname	q=0/4 next_cap=1/5 prev_cap=2/4 titel=0 ort=0/4
RICCARDO	8	5	Riccardo	eigenname	q=0/5 next_cap=4/5 prev_cap=1/5 titel=0 ort=0/5
RICHELIEU	9	5	Richelieu	eigenname	q=0/4 next_cap=1/5 prev_cap=0/4 titel=0 ort=0/4
RICHEMONT	9	5	Richemont	eigenname	q=0/3 next_cap=3/8 prev_cap=1/3 titel=0 ort=0/3
RICHTHOFEN	10	5	Richthofen	eigenname	q=0/5 next_cap=1/6 prev_cap=0/5 titel=0 ort=0/5
RICKS	5	5	Ricks	eigenname	q=1/5 next_cap=3/5 prev_cap=1/5 titel=0 ort=0/5
RIEHL	5	5	Riehl	eigenname	q=0/5 next_cap=4/6 prev_cap=5/5 titel=0 ort=0/5
RIEM	4	5	Riem	eigenname	q=0/8 next_cap=1/8 prev_cap=6/8 titel=0 ort=1/8
RIJKAARD	8	5	Rijkaard	eigenname	q=0/3 next_cap=1/5 prev_cap=1/3 titel=0 ort=0/3
RINPOCHE	8	5	Rinpoche	eigenname	q=1/5 next_cap=1/5 prev_cap=3/5 titel=0 ort=0/5
ROBESPIERRE	11	5	Robespierre	eigenname	q=0/3 next_cap=0/5 prev_cap=0/3 titel=0 ort=0/3
ROCA	4	5	Roca	eigenname	q=0/5 next_cap=0/5 prev_cap=3/5 titel=0 ort=0/5
RODENBERG	9	5	Rodenberg	eigenname	q=0/4 next_cap=1/5 prev_cap=3/4 titel=0 ort=0/4
RODRIGUES	9	5	Rodrigues	eigenname	q=0/4 next_cap=0/5 prev_cap=2/4 titel=0 ort=0/4
ROEHM	5	5	Röhm	eigenname	q=1/7 next_cap=4/7 prev_cap=1/7 titel=0 ort=1/7
ROEHRS	6	5	Röhrs	eigenname	q=0/5 next_cap=2/5 prev_cap=5/5 titel=0 ort=0/5
ROELS	5	5	Roels	eigenname	q=0/5 next_cap=0/5 prev_cap=2/5 titel=0 ort=0/5
ROERSCH	7	5	Roersch	eigenname	q=0/4 next_cap=0/5 prev_cap=2/4 titel=0 ort=0/4
ROESNER	7	5	Rösner	eigenname	q=0/4 next_cap=0/5 prev_cap=2/4 titel=0 ort=0/4
ROHLFS	6	5	Rohlfs	eigenname	q=0/3 next_cap=0/5 prev_cap=3/3 titel=0 ort=0/3
ROHRER	6	5	Rohrer	eigenname	q=1/5 next_cap=2/5 prev_cap=3/5 titel=0 ort=0/5
ROLLAEDEN	9	5	Rolläden	eigenname	q=1/6 next_cap=1/6 prev_cap=3/6 titel=0 ort=0/6
ROMNEY	6	5	Romney	eigenname	q=0/4 next_cap=1/6 prev_cap=2/4 titel=0 ort=0/4
ROOF	4	5	Roof	eigenname	q=1/5 next_cap=4/5 prev_cap=3/5 titel=0 ort=0/5
ROSDORF	7	5	Rosdorf	eigenname	q=1/5 next_cap=1/5 prev_cap=3/5 titel=0 ort=1/5
ROSER	5	5	Roser	eigenname	q=0/5 next_cap=1/5 prev_cap=5/5 titel=0 ort=0/5
ROSETTI	7	5	Rosetti	eigenname	q=0/5 next_cap=0/5 prev_cap=5/5 titel=0 ort=0/5
ROSTOCKS	8	5	Rostocks	eigenname	q=0/5 next_cap=2/5 prev_cap=3/5 titel=0 ort=0/5
ROSTOW	6	5	Rostow	eigenname	q=0/5 next_cap=0/5 prev_cap=3/5 titel=0 ort=1/5
ROTBUCHEN	9	5	Rotbuchen	eigenname	q=0/6 next_cap=2/6 prev_cap=0/6 titel=0 ort=1/6
ROTTENACKER	11	5	Rottenacker	eigenname	q=0/5 next_cap=0/5 prev_cap=4/5 titel=0 ort=0/5
ROWENA	6	5	Rowena	eigenname	q=0/5 next_cap=1/5 prev_cap=2/5 titel=1 ort=0/5
ROXY	4	5	Roxy	eigenname	q=0/4 next_cap=2/5 prev_cap=2/4 titel=0 ort=0/4
RUEHMKORF	9	5	Rühmkorf	eigenname	q=0/3 next_cap=2/5 prev_cap=1/3 titel=0 ort=0/3
RUHLA	5	5	Ruhla	eigenname	q=0/4 next_cap=0/5 prev_cap=4/4 titel=0 ort=0/4
RUPPRECHT	9	5	Rupprecht	eigenname	q=0/5 next_cap=3/6 prev_cap=4/5 titel=0 ort=0/5
RUSSO	5	5	Russo	eigenname	q=0/5 next_cap=2/6 prev_cap=4/5 titel=0 ort=0/5
RYSZARD	7	5	Ryszard	eigenname	q=0/3 next_cap=3/5 prev_cap=1/3 titel=1 ort=0/3
SABA	4	5	Saba	eigenname	q=1/5 next_cap=2/5 prev_cap=1/5 titel=0 ort=0/5
SAHRA	5	5	Sahra	eigenname	q=0/3 next_cap=3/5 prev_cap=0/3 titel=0 ort=0/3
SALAM	5	5	Salam	eigenname	q=0/4 next_cap=2/5 prev_cap=1/4 titel=0 ort=0/4
SALGADO	7	5	Salgado	eigenname	q=0/5 next_cap=0/5 prev_cap=2/5 titel=0 ort=0/5
SALO	4	5	Salo	eigenname	q=0/5 next_cap=1/5 prev_cap=2/5 titel=0 ort=0/5
SAMOS	5	5	Samos	eigenname	q=0/5 next_cap=2/5 prev_cap=4/5 titel=0 ort=0/5
SAMPLE	6	5	Sample	eigenname	q=2/11 next_cap=6/11 prev_cap=5/11 titel=0 ort=0/11
SANDBAENKE	10	5	Sandbänke	eigenname	q=0/5 next_cap=0/5 prev_cap=0/5 titel=0 ort=0/5
SANDNER	7	5	Sandner	eigenname	q=0/5 next_cap=1/5 prev_cap=5/5 titel=0 ort=0/5
SANDSTUERME	11	5	Sandstürme	eigenname	q=0/3 next_cap=0/5 prev_cap=0/3 titel=0 ort=0/3
SANIERER	8	5	Sanierer	eigenname	q=0/6 next_cap=2/7 prev_cap=1/6 titel=0 ort=0/6
SANNE	5	5	Sanne	eigenname	q=0/3 next_cap=3/5 prev_cap=2/3 titel=0 ort=0/3
SARASIN	7	5	Sarasin	eigenname	q=0/4 next_cap=1/6 prev_cap=4/4 titel=0 ort=0/4
SASSO	5	5	Sasso	eigenname	q=0/5 next_cap=0/5 prev_cap=3/5 titel=0 ort=0/5
SAULGAU	7	5	Saulgau	eigenname	q=0/5 next_cap=0/5 prev_cap=5/5 titel=0 ort=0/5
SAUNEN	6	5	Saunen	eigenname	q=0/5 next_cap=0/5 prev_cap=3/5 titel=0 ort=0/5
SAVAS	5	5	Savas	eigenname	q=0/4 next_cap=0/5 prev_cap=3/4 titel=0 ort=0/4
SCHAD	5	5	Schad	eigenname	q=0/8 next_cap=5/8 prev_cap=6/8 titel=0 ort=0/8
SCHAER	6	5	Schär	eigenname	q=0/4 next_cap=2/5 prev_cap=2/4 titel=0 ort=0/4
SCHAERDING	10	5	Schärding	eigenname	q=0/5 next_cap=0/5 prev_cap=1/5 titel=0 ort=1/5
SCHALOM	7	5	Schalom	eigenname	q=0/4 next_cap=2/5 prev_cap=1/4 titel=0 ort=0/4
SCHANDAU	8	5	Schandau	eigenname	q=0/5 next_cap=0/5 prev_cap=4/5 titel=0 ort=1/5
SCHEERER	8	5	Scheerer	eigenname	q=0/4 next_cap=1/5 prev_cap=3/4 titel=0 ort=0/4
SCHEIBBS	8	5	Scheibbs	eigenname	q=0/5 next_cap=0/5 prev_cap=2/5 titel=0 ort=0/5
SCHELLACK	9	5	Schellack	eigenname	q=0/4 next_cap=1/5 prev_cap=1/4 titel=0 ort=0/4
SCHIEDER	8	5	Schieder	eigenname	q=1/8 next_cap=3/8 prev_cap=5/8 titel=0 ort=0/8
SCHLADMING	10	5	Schladming	eigenname	q=0/5 next_cap=0/5 prev_cap=1/5 titel=0 ort=1/5
SCHLAGERN	9	5	Schlagern	eigenname	q=0/6 next_cap=0/6 prev_cap=1/6 titel=0 ort=0/6
SCHLENKER	9	5	Schlenker	eigenname	q=1/5 next_cap=0/5 prev_cap=4/5 titel=0 ort=0/5
SCHLESIENS	10	5	Schlesiens	eigenname	q=0/4 next_cap=0/5 prev_cap=4/4 titel=0 ort=0/4
SCHLEYER	8	5	Schleyer	eigenname	q=0/12 next_cap=8/13 prev_cap=6/12 titel=0 ort=0/12
SCHMATTKE	9	5	Schmattke	eigenname	q=0/3 next_cap=0/4 prev_cap=3/3 titel=0 ort=0/3
SCHMIDINGER	11	5	Schmidinger	eigenname	q=0/5 next_cap=1/5 prev_cap=5/5 titel=0 ort=0/5
SCHORN	6	5	Schorn	eigenname	q=0/5 next_cap=1/5 prev_cap=4/5 titel=0 ort=0/5
SCHOUTEN	8	5	Schouten	eigenname	q=0/4 next_cap=0/5 prev_cap=3/4 titel=0 ort=0/4
SCHRANZ	7	5	Schranz	eigenname	q=0/5 next_cap=0/6 prev_cap=3/5 titel=0 ort=0/5
SCHUELKE	8	5	Schülke	eigenname	q=0/4 next_cap=0/5 prev_cap=4/4 titel=0 ort=0/4
SCHUHMANN	9	5	Schuhmann	eigenname	q=0/3 next_cap=2/6 prev_cap=3/3 titel=0 ort=0/3
SCHULLER	8	5	Schuller	eigenname	q=0/5 next_cap=0/5 prev_cap=3/5 titel=0 ort=0/5
SCHUPPE	7	5	Schuppe	eigenname	q=1/5 next_cap=0/5 prev_cap=3/5 titel=0 ort=0/5
SCHWALB	7	5	Schwalb	eigenname	q=0/4 next_cap=1/5 prev_cap=2/4 titel=0 ort=0/4
SCHWARZGELD	11	5	Schwarzgeld	eigenname	q=0/5 next_cap=1/6 prev_cap=2/5 titel=0 ort=0/5
SCHWEGLER	9	5	Schwegler	eigenname	q=0/5 next_cap=0/5 prev_cap=1/5 titel=0 ort=0/5
SCHWEIKERT	10	5	Schweikert	eigenname	q=0/5 next_cap=0/5 prev_cap=4/5 titel=0 ort=0/5
SCORSESE	8	5	Scorsese	eigenname	q=0/4 next_cap=1/6 prev_cap=2/4 titel=0 ort=0/4
SDEROT	6	5	Sderot	eigenname	q=0/5 next_cap=1/5 prev_cap=3/5 titel=0 ort=1/5
SEBALD	6	5	Sebald	eigenname	q=0/3 next_cap=3/5 prev_cap=2/3 titel=0 ort=0/3
SEEGER	6	5	Seeger	eigenname	q=0/4 next_cap=1/5 prev_cap=4/4 titel=0 ort=0/4
SEEHAFEN	8	5	Seehafen	eigenname	q=0/5 next_cap=0/5 prev_cap=1/5 titel=0 ort=0/5
SEGESSER	8	5	Segesser	eigenname	q=0/5 next_cap=2/5 prev_cap=3/5 titel=0 ort=0/5
SEGHERS	7	5	Seghers	eigenname	q=1/6 next_cap=1/6 prev_cap=4/6 titel=0 ort=0/6
SEIDENBERG	10	5	Seidenberg	eigenname	q=0/5 next_cap=0/5 prev_cap=4/5 titel=0 ort=1/5
SEIDLER	7	5	Seidler	eigenname	q=0/6 next_cap=3/6 prev_cap=5/6 titel=0 ort=0/6
SENGERA	7	5	Sengera	eigenname	q=0/4 next_cap=0/5 prev_cap=1/4 titel=0 ort=0/4
SENHORA	7	5	Senhora	eigenname	q=0/5 next_cap=1/5 prev_cap=5/5 titel=0 ort=0/5
SENNE	5	5	Senne	eigenname	q=0/6 next_cap=2/6 prev_cap=6/6 titel=0 ort=0/6
SEO	3	5	Seo	eigenname	q=0/4 next_cap=2/4 prev_cap=2/4 titel=0 ort=0/4
SERGIUS	7	5	Sergius	eigenname	q=1/5 next_cap=3/5 prev_cap=2/5 titel=0 ort=0/5
SERIAL	6	5	Serial	eigenname	q=2/9 next_cap=7/9 prev_cap=4/9 titel=0 ort=0/9
SHA	3	5	Sha	eigenname	q=0/5 next_cap=2/5 prev_cap=2/5 titel=0 ort=1/5
SHELBY	6	5	Shelby	eigenname	q=0/4 next_cap=4/6 prev_cap=4/4 titel=0 ort=0/4
SIEBER	6	5	Sieber	eigenname	q=0/4 next_cap=3/7 prev_cap=3/4 titel=0 ort=0/4
SIEBOLD	7	5	Siebold	eigenname	q=0/4 next_cap=2/5 prev_cap=1/4 titel=0 ort=0/4
SIEGELBILD	10	5	Siegelbild	eigenname	q=0/5 next_cap=0/5 prev_cap=1/5 titel=0 ort=0/5
SIEGLER	7	5	Siegler	eigenname	q=1/5 next_cap=1/5 prev_cap=3/5 titel=0 ort=0/5
SIEMS	5	5	Siems	eigenname	q=0/5 next_cap=1/6 prev_cap=5/5 titel=0 ort=0/5
SIGGI	5	5	Siggi	eigenname	q=0/4 next_cap=2/5 prev_cap=3/4 titel=1 ort=0/4
SILVERMAN	9	5	Silverman	eigenname	q=0/4 next_cap=1/5 prev_cap=4/4 titel=0 ort=0/4
SINAN	5	5	Sinan	eigenname	q=0/5 next_cap=2/5 prev_cap=1/5 titel=0 ort=0/5
SINDBAD	7	5	Sindbad	eigenname	q=0/4 next_cap=0/4 prev_cap=1/4 titel=0 ort=0/4
SINGAPURS	9	5	Singapurs	eigenname	q=0/5 next_cap=2/5 prev_cap=5/5 titel=0 ort=0/5
SIPPEL	6	5	Sippel	eigenname	q=0/5 next_cap=0/5 prev_cap=4/5 titel=0 ort=0/5
SIXTUS	6	5	Sixtus	eigenname	q=0/5 next_cap=3/6 prev_cap=2/5 titel=0 ort=0/5
SKYWALKER	9	5	Skywalker	eigenname	q=0/5 next_cap=0/5 prev_cap=5/5 titel=0 ort=0/5
SNELL	5	5	Snell	eigenname	q=0/3 next_cap=1/5 prev_cap=1/3 titel=0 ort=0/3
SOCIEDADE	9	5	Sociedade	eigenname	q=1/5 next_cap=2/5 prev_cap=0/5 titel=0 ort=1/5
SODOM	5	5	Sodom	eigenname	q=0/4 next_cap=0/5 prev_cap=1/4 titel=0 ort=0/4
SOEDRA	6	5	Södra	eigenname	q=1/5 next_cap=3/5 prev_cap=2/5 titel=0 ort=0/5
SOENKE	6	5	Sönke	eigenname	q=0/5 next_cap=6/6 prev_cap=2/5 titel=0 ort=0/5
SOFJA	5	5	Sofja	eigenname	q=0/4 next_cap=3/6 prev_cap=1/4 titel=0 ort=0/4
SOLINGENS	9	5	Solingens	eigenname	q=0/5 next_cap=0/5 prev_cap=5/5 titel=0 ort=0/5
SOMALI	6	5	Somali	eigenname	q=2/9 next_cap=4/9 prev_cap=0/9 titel=0 ort=0/9
SOMALIAS	8	5	Somalias	eigenname	q=0/5 next_cap=0/5 prev_cap=4/5 titel=0 ort=0/5
SONDERBAND	10	5	Sonderband	eigenname	q=0/3 next_cap=3/5 prev_cap=3/3 titel=0 ort=0/3
SOTO	4	5	Soto	eigenname	q=0/6 next_cap=3/6 prev_cap=5/6 titel=0 ort=0/6
SOTTRUM	7	5	Sottrum	eigenname	q=0/5 next_cap=0/5 prev_cap=5/5 titel=0 ort=0/5
SOUTHEAST	9	5	Southeast	eigenname	q=1/5 next_cap=4/5 prev_cap=3/5 titel=0 ort=0/5
SOUZA	5	5	Souza	eigenname	q=0/3 next_cap=3/5 prev_cap=0/3 titel=0 ort=0/3
SOWJET	6	5	Sowjet	eigenname	q=2/12 next_cap=7/12 prev_cap=3/12 titel=0 ort=0/12
SOZIALLEHRE	11	5	Soziallehre	eigenname	q=0/5 next_cap=0/5 prev_cap=0/5 titel=0 ort=0/5
SPIROU	6	5	Spirou	eigenname	q=0/6 next_cap=3/6 prev_cap=2/6 titel=0 ort=1/6
SPOERL	6	5	Spörl	eigenname	q=0/4 next_cap=1/5 prev_cap=3/4 titel=0 ort=0/4
SPOHR	5	5	Spohr	eigenname	q=0/4 next_cap=0/5 prev_cap=3/4 titel=0 ort=0/4
STAHLBERG	9	5	Stahlberg	eigenname	q=1/5 next_cap=2/5 prev_cap=1/5 titel=0 ort=0/5
STAMMHEIM	9	5	Stammheim	eigenname	q=0/10 next_cap=2/10 prev_cap=5/10 titel=0 ort=1/10
STANDZEITEN	11	5	Standzeiten	eigenname	q=0/5 next_cap=0/5 prev_cap=0/5 titel=0 ort=1/5
STARTNR	7	5	Startnr	eigenname	q=0/5 next_cap=0/5 prev_cap=5/5 titel=0 ort=0/5
STAUF	5	5	Stauf	eigenname	q=0/4 next_cap=0/5 prev_cap=1/4 titel=0 ort=0/4
STEARNS	7	5	Stearns	eigenname	q=0/7 next_cap=2/7 prev_cap=7/7 titel=0 ort=0/7
STEGEMANN	9	5	Stegemann	eigenname	q=0/4 next_cap=1/6 prev_cap=3/4 titel=0 ort=0/4
STEHLE	6	5	Stehle	eigenname	q=0/5 next_cap=2/6 prev_cap=5/5 titel=0 ort=0/5
STEIGERWALD	11	5	Steigerwald	eigenname	q=1/5 next_cap=3/6 prev_cap=3/5 titel=0 ort=0/5
STEINHAUSEN	11	5	Steinhausen	eigenname	q=0/5 next_cap=1/5 prev_cap=3/5 titel=0 ort=1/5
STEPHANI	8	5	Stephani	eigenname	q=0/5 next_cap=6/7 prev_cap=3/5 titel=0 ort=0/5
STEPHANOS	9	5	Stephanos	eigenname	q=0/4 next_cap=0/5 prev_cap=2/4 titel=0 ort=0/4
STIMMENFANG	11	5	Stimmenfang	eigenname	q=0/4 next_cap=0/5 prev_cap=0/4 titel=0 ort=0/4
STOEGER	7	5	Stöger	eigenname	q=0/3 next_cap=0/5 prev_cap=2/3 titel=0 ort=0/3
STORZ	5	5	Storz	eigenname	q=0/6 next_cap=3/7 prev_cap=4/6 titel=0 ort=0/6
STRASSHOF	9	5	Strasshof	eigenname	q=0/5 next_cap=2/5 prev_cap=3/5 titel=0 ort=1/5
STREAMING	9	5	Streaming	eigenname	q=3/22 next_cap=15/22 prev_cap=7/22 titel=0 ort=0/22
STRICHELUNG	11	5	Strichelung	eigenname	q=0/5 next_cap=0/5 prev_cap=0/5 titel=0 ort=0/5
STRICKER	8	5	Stricker	eigenname	q=0/5 next_cap=0/5 prev_cap=4/5 titel=0 ort=0/5
STRONACH	8	5	Stronach	eigenname	q=0/5 next_cap=0/5 prev_cap=3/5 titel=0 ort=0/5
STUETZLE	8	5	Stützle	eigenname	q=0/5 next_cap=0/5 prev_cap=5/5 titel=0 ort=0/5
STUHR	5	5	Stuhr	eigenname	q=1/5 next_cap=1/5 prev_cap=3/5 titel=0 ort=1/5
STYLESHEETS	11	5	Stylesheets	eigenname	q=0/4 next_cap=0/5 prev_cap=1/4 titel=0 ort=0/4
SUCKALE	7	5	Suckale	eigenname	q=0/4 next_cap=0/5 prev_cap=4/4 titel=0 ort=0/4
SUETON	6	5	Sueton	eigenname	q=0/3 next_cap=0/5 prev_cap=0/3 titel=0 ort=0/3
SURB	4	5	Surb	eigenname	q=1/5 next_cap=5/5 prev_cap=4/5 titel=0 ort=0/5
SUS	3	5	Sus	eigenname	q=0/5 next_cap=2/5 prev_cap=0/5 titel=0 ort=1/5
SWALLOW	7	5	Swallow	eigenname	q=1/5 next_cap=1/5 prev_cap=3/5 titel=0 ort=0/5
SYKE	4	5	Syke	eigenname	q=0/5 next_cap=0/5 prev_cap=4/5 titel=0 ort=0/5
SYKORA	6	5	Sykora	eigenname	q=0/5 next_cap=0/5 prev_cap=3/5 titel=0 ort=0/5
TABEA	5	5	Tabea	eigenname	q=1/5 next_cap=3/5 prev_cap=2/5 titel=0 ort=0/5
TAEBRIS	7	5	Täbris	eigenname	q=0/5 next_cap=0/5 prev_cap=1/5 titel=0 ort=1/5
TAGEBAUE	8	5	Tagebaue	eigenname	q=0/4 next_cap=1/5 prev_cap=1/4 titel=0 ort=0/4
TAIJI	5	5	Taiji	eigenname	q=0/4 next_cap=2/6 prev_cap=2/4 titel=0 ort=0/4
TAKTGEBER	9	5	Taktgeber	eigenname	q=0/5 next_cap=0/5 prev_cap=0/5 titel=0 ort=0/5
TAKTRATEN	9	5	Taktraten	eigenname	q=0/5 next_cap=0/5 prev_cap=0/5 titel=0 ort=0/5
TANYA	5	5	Tanya	eigenname	q=0/4 next_cap=1/5 prev_cap=2/4 titel=0 ort=0/4
TATA	4	5	Tata	eigenname	q=1/10 next_cap=8/10 prev_cap=2/10 titel=0 ort=0/10
TAUBHEIT	8	5	Taubheit	eigenname	q=0/5 next_cap=0/5 prev_cap=1/5 titel=0 ort=0/5
TECK	4	5	Teck	eigenname	q=0/4 next_cap=1/5 prev_cap=0/4 titel=0 ort=0/4
TELEMATIK	9	5	Telematik	eigenname	q=1/7 next_cap=4/8 prev_cap=1/7 titel=0 ort=0/7
TELEPATHIE	10	5	Telepathie	eigenname	q=0/6 next_cap=1/6 prev_cap=1/6 titel=0 ort=0/6
TEODORO	7	5	Teodoro	eigenname	q=0/5 next_cap=1/5 prev_cap=4/5 titel=0 ort=0/5
TEXTDICHTER	11	5	Textdichter	eigenname	q=1/5 next_cap=0/5 prev_cap=3/5 titel=0 ort=0/5
THALBERG	8	5	Thalberg	eigenname	q=0/6 next_cap=1/6 prev_cap=1/6 titel=0 ort=1/6
THANNER	7	5	Thanner	eigenname	q=0/4 next_cap=0/5 prev_cap=3/4 titel=0 ort=0/4
THEATERTAGE	11	5	Theatertage	eigenname	q=0/4 next_cap=0/5 prev_cap=4/4 titel=0 ort=0/4
THEISSEN	8	5	Theissen	eigenname	q=0/4 next_cap=0/5 prev_cap=4/4 titel=0 ort=0/4
THELMA	6	5	Thelma	eigenname	q=0/5 next_cap=3/5 prev_cap=3/5 titel=0 ort=1/5
THEODORA	8	5	Theodora	eigenname	q=0/3 next_cap=4/5 prev_cap=2/3 titel=0 ort=0/3
THEODORS	8	5	Theodors	eigenname	q=0/5 next_cap=2/5 prev_cap=4/5 titel=0 ort=0/5
THEOREM	7	5	Theorem	eigenname	q=2/12 next_cap=0/12 prev_cap=11/12 titel=0 ort=0/12
THIELEN	7	5	Thielen	eigenname	q=0/3 next_cap=2/5 prev_cap=3/3 titel=0 ort=0/3
TIAGO	5	5	Tiago	eigenname	q=0/3 next_cap=0/5 prev_cap=1/3 titel=0 ort=0/3
TIAN	4	5	Tian	eigenname	q=0/5 next_cap=4/5 prev_cap=4/5 titel=0 ort=0/5
TIBETS	6	5	Tibets	eigenname	q=0/4 next_cap=1/5 prev_cap=3/4 titel=0 ort=0/4
TIEDEMANN	9	5	Tiedemann	eigenname	q=0/5 next_cap=0/5 prev_cap=3/5 titel=0 ort=0/5
TILLMANN	8	5	Tillmann	eigenname	q=0/4 next_cap=0/5 prev_cap=1/4 titel=0 ort=0/4
TOMASZ	6	5	Tomasz	eigenname	q=0/3 next_cap=5/5 prev_cap=2/3 titel=0 ort=0/3
TOWNSHEND	9	5	Townshend	eigenname	q=0/5 next_cap=0/5 prev_cap=2/5 titel=0 ort=1/5
TOXIKOLOGIE	11	5	Toxikologie	eigenname	q=0/4 next_cap=2/5 prev_cap=0/4 titel=0 ort=0/4
TRAFO	5	5	Trafo	eigenname	q=2/11 next_cap=5/11 prev_cap=6/11 titel=0 ort=0/11
TRAVERTIN	9	5	Travertin	eigenname	q=0/5 next_cap=0/5 prev_cap=1/5 titel=0 ort=1/5
TREASURIES	10	5	Treasuries	eigenname	q=1/10 next_cap=1/10 prev_cap=5/10 titel=0 ort=0/10
TRI	3	5	Tri	eigenname	q=0/13 next_cap=11/13 prev_cap=2/13 titel=0 ort=1/13
TRINITATIS	10	5	Trinitatis	eigenname	q=0/7 next_cap=1/7 prev_cap=4/7 titel=0 ort=1/7
TRIPP	5	5	Tripp	eigenname	q=0/4 next_cap=1/5 prev_cap=3/4 titel=1 ort=0/4
TRNAVA	6	5	Trnava	eigenname	q=0/5 next_cap=1/5 prev_cap=2/5 titel=0 ort=0/5
TROCHOWSKI	10	5	Trochowski	eigenname	q=0/4 next_cap=1/6 prev_cap=3/4 titel=0 ort=0/4
TROTTER	7	5	Trotter	eigenname	q=1/5 next_cap=0/5 prev_cap=4/5 titel=0 ort=0/5
TRUDY	5	5	Trudy	eigenname	q=0/5 next_cap=3/5 prev_cap=3/5 titel=0 ort=0/5
TRYON	5	5	Tryon	eigenname	q=0/4 next_cap=2/5 prev_cap=4/4 titel=0 ort=0/4
TULA	4	5	Tula	eigenname	q=0/5 next_cap=0/5 prev_cap=4/5 titel=0 ort=0/5
TURNERBUND	10	5	Turnerbund	eigenname	q=1/5 next_cap=2/5 prev_cap=5/5 titel=0 ort=0/5
TURPIN	6	5	Turpin	eigenname	q=0/4 next_cap=1/5 prev_cap=1/4 titel=0 ort=0/4
TYKWER	6	5	Tykwer	eigenname	q=0/3 next_cap=1/5 prev_cap=3/3 titel=0 ort=0/3
ULLRICHS	8	5	Ullrichs	eigenname	q=0/3 next_cap=3/5 prev_cap=3/3 titel=0 ort=0/3
UNIA	4	5	Unia	eigenname	q=1/5 next_cap=0/5 prev_cap=5/5 titel=0 ort=0/5
UNRUH	5	5	Unruh	eigenname	q=1/6 next_cap=3/6 prev_cap=3/6 titel=0 ort=0/6
URIBE	5	5	Uribe	eigenname	q=0/4 next_cap=0/5 prev_cap=2/4 titel=0 ort=0/4
URUGUAYS	8	5	Uruguays	eigenname	q=1/5 next_cap=0/5 prev_cap=4/5 titel=0 ort=0/5
USLAR	5	5	Uslar	eigenname	q=0/5 next_cap=0/5 prev_cap=4/5 titel=0 ort=0/5
USTINOV	7	5	Ustinov	eigenname	q=0/6 next_cap=1/6 prev_cap=6/6 titel=0 ort=0/6
USURPATION	10	5	Usurpation	eigenname	q=1/5 next_cap=0/5 prev_cap=3/5 titel=0 ort=0/5
VALDEZ	6	5	Valdez	eigenname	q=0/4 next_cap=0/5 prev_cap=3/4 titel=0 ort=0/4
VANDENHOECK	11	5	Vandenhoeck	eigenname	q=0/4 next_cap=1/6 prev_cap=4/4 titel=0 ort=0/4
VARIANT	7	5	Variant	eigenname	q=1/5 next_cap=4/6 prev_cap=3/5 titel=0 ort=0/5
VASCO	5	5	Vasco	eigenname	q=0/5 next_cap=0/5 prev_cap=2/5 titel=0 ort=0/5
VAUGHAN	7	5	Vaughan	eigenname	q=0/5 next_cap=1/6 prev_cap=2/5 titel=0 ort=0/5
VAUTIER	7	5	Vautier	eigenname	q=0/3 next_cap=2/5 prev_cap=3/3 titel=0 ort=0/3
VELEN	5	5	Velen	eigenname	q=0/6 next_cap=1/6 prev_cap=5/6 titel=0 ort=0/6
VELTHEIM	8	5	Veltheim	eigenname	q=0/6 next_cap=1/6 prev_cap=3/6 titel=0 ort=1/6
VEREINSBANK	11	5	Vereinsbank	eigenname	q=2/14 next_cap=2/15 prev_cap=11/14 titel=0 ort=0/14
VERGIL	6	5	Vergil	eigenname	q=0/5 next_cap=0/5 prev_cap=1/5 titel=0 ort=1/5
VERMONTS	8	5	Vermonts	eigenname	q=0/5 next_cap=1/5 prev_cap=4/5 titel=0 ort=0/5
VERNER	6	5	Verner	eigenname	q=0/4 next_cap=2/5 prev_cap=3/4 titel=0 ort=0/4
VERSACE	7	5	Versace	eigenname	q=0/6 next_cap=4/8 prev_cap=2/6 titel=0 ort=0/6
VERSTOERUNG	11	5	Verstörung	eigenname	q=1/5 next_cap=0/5 prev_cap=3/5 titel=0 ort=0/5
VERTREIBER	10	5	Vertreiber	eigenname	q=0/6 next_cap=0/6 prev_cap=1/6 titel=0 ort=0/6
VESOUL	6	5	Vesoul	eigenname	q=0/5 next_cap=0/5 prev_cap=2/5 titel=0 ort=0/5
VICKI	5	5	Vicki	eigenname	q=1/5 next_cap=3/5 prev_cap=0/5 titel=0 ort=0/5
VIDA	4	5	Vida	eigenname	q=1/6 next_cap=1/6 prev_cap=4/6 titel=0 ort=0/6
VIEIRA	6	5	Vieira	eigenname	q=0/4 next_cap=0/5 prev_cap=2/4 titel=1 ort=0/4
VILANOVA	8	5	Vilanova	eigenname	q=0/5 next_cap=0/5 prev_cap=3/5 titel=0 ort=0/5
VINGST	6	5	Vingst	eigenname	q=0/5 next_cap=0/5 prev_cap=2/5 titel=0 ort=1/5
VINZENZ	7	5	Vinzenz	eigenname	q=0/4 next_cap=4/7 prev_cap=1/4 titel=0 ort=0/4
VISBY	5	5	Visby	eigenname	q=0/5 next_cap=1/6 prev_cap=2/5 titel=0 ort=1/5
VITALSTOFFE	11	5	Vitalstoffe	eigenname	q=0/5 next_cap=0/5 prev_cap=1/5 titel=0 ort=0/5
VITO	4	5	Vito	eigenname	q=0/5 next_cap=1/6 prev_cap=5/5 titel=0 ort=0/5
VIVANTES	8	5	Vivantes	eigenname	q=1/8 next_cap=4/8 prev_cap=3/8 titel=0 ort=0/8
VOELKEL	7	5	Völkel	eigenname	q=0/5 next_cap=1/5 prev_cap=4/5 titel=0 ort=0/5
VOESLAU	7	5	Vöslau	eigenname	q=0/5 next_cap=2/5 prev_cap=4/5 titel=0 ort=0/5
VOITH	5	5	Voith	eigenname	q=0/3 next_cap=1/5 prev_cap=2/3 titel=0 ort=0/3
VOLKACH	7	5	Volkach	eigenname	q=0/5 next_cap=0/5 prev_cap=3/5 titel=0 ort=1/5
VOLKSFREUND	11	5	Volksfreund	eigenname	q=1/5 next_cap=1/5 prev_cap=5/5 titel=0 ort=0/5
VOLKSWIRT	9	5	Volkswirt	eigenname	q=1/10 next_cap=4/11 prev_cap=7/10 titel=0 ort=0/10
VOLLDAMPF	9	5	Volldampf	eigenname	q=0/5 next_cap=0/5 prev_cap=1/5 titel=0 ort=0/5
VOLTA	5	5	Volta	eigenname	q=1/9 next_cap=6/10 prev_cap=2/9 titel=0 ort=0/9
VOLUTEN	7	5	Voluten	eigenname	q=0/5 next_cap=0/5 prev_cap=0/5 titel=0 ort=0/5
VOLZ	4	5	Volz	eigenname	q=0/5 next_cap=2/5 prev_cap=4/5 titel=0 ort=0/5
VORARLBERGS	11	5	Vorarlbergs	eigenname	q=0/5 next_cap=1/5 prev_cap=5/5 titel=0 ort=0/5
VORSAETZEN	10	5	Vorsätzen	eigenname	q=0/5 next_cap=0/5 prev_cap=0/5 titel=0 ort=0/5
VOZ	3	5	Voz	eigenname	q=0/5 next_cap=2/5 prev_cap=3/5 titel=0 ort=0/5
WACKERSDORF	11	5	Wackersdorf	eigenname	q=0/5 next_cap=1/6 prev_cap=2/5 titel=0 ort=1/5
WAHLFACH	8	5	Wahlfach	eigenname	q=0/5 next_cap=0/5 prev_cap=0/5 titel=0 ort=0/5
WALDENFELS	10	5	Waldenfels	eigenname	q=0/5 next_cap=0/6 prev_cap=1/5 titel=0 ort=0/5
WALDKIRCHEN	11	5	Waldkirchen	eigenname	q=0/5 next_cap=1/5 prev_cap=1/5 titel=0 ort=1/5
WALDORF	7	5	Waldorf	eigenname	q=1/9 next_cap=6/9 prev_cap=3/9 titel=0 ort=1/9
WALDOW	6	5	Waldow	eigenname	q=0/6 next_cap=4/6 prev_cap=3/6 titel=0 ort=0/6
WALLA	5	5	Walla	eigenname	q=0/7 next_cap=6/7 prev_cap=5/7 titel=0 ort=1/7
WALLDUERN	9	5	Walldürn	eigenname	q=0/5 next_cap=0/5 prev_cap=4/5 titel=0 ort=1/5
WARIO	5	5	Wario	eigenname	q=0/5 next_cap=1/5 prev_cap=2/5 titel=0 ort=0/5
WASSEREIS	9	5	Wassereis	eigenname	q=0/5 next_cap=0/5 prev_cap=1/5 titel=0 ort=1/5
WATZKE	6	5	Watzke	eigenname	q=0/4 next_cap=0/5 prev_cap=2/4 titel=0 ort=0/4
WEDEKIND	8	5	Wedekind	eigenname	q=0/5 next_cap=0/5 prev_cap=5/5 titel=0 ort=0/5
WEIDEMANN	9	5	Weidemann	eigenname	q=0/5 next_cap=2/6 prev_cap=5/5 titel=1 ort=0/5
WEIGL	5	5	Weigl	eigenname	q=0/5 next_cap=1/5 prev_cap=4/5 titel=0 ort=0/5
WEILL	5	5	Weill	eigenname	q=1/6 next_cap=5/7 prev_cap=5/6 titel=0 ort=0/6
WEIMANN	7	5	Weimann	eigenname	q=0/3 next_cap=0/5 prev_cap=3/3 titel=0 ort=0/3
WEISENER	8	5	Weisener	eigenname	q=1/5 next_cap=2/5 prev_cap=3/5 titel=0 ort=0/5
WEISKIRCHEN	11	5	Weiskirchen	eigenname	q=0/5 next_cap=0/5 prev_cap=3/5 titel=0 ort=1/5
WEISSKOHL	9	5	Weißkohl	eigenname	q=0/5 next_cap=0/5 prev_cap=0/5 titel=0 ort=1/5
WEISWEILER	10	5	Weisweiler	eigenname	q=0/5 next_cap=0/5 prev_cap=4/5 titel=0 ort=0/5
WEITRA	6	5	Weitra	eigenname	q=0/6 next_cap=0/6 prev_cap=4/6 titel=0 ort=0/6
WELTERBE	8	5	Welterbe	eigenname	q=3/16 next_cap=8/16 prev_cap=5/16 titel=0 ort=0/16
WELZHEIM	8	5	Welzheim	eigenname	q=0/7 next_cap=1/7 prev_cap=4/7 titel=0 ort=1/7
WENDERS	7	5	Wenders	eigenname	q=0/4 next_cap=1/6 prev_cap=3/4 titel=0 ort=0/4
WENDTLAND	9	5	Wendtland	eigenname	q=1/5 next_cap=3/5 prev_cap=4/5 titel=0 ort=0/5
WENZELS	7	5	Wenzels	eigenname	q=0/5 next_cap=2/5 prev_cap=4/5 titel=0 ort=1/5
WERBETEXTE	10	5	Werbetexte	eigenname	q=0/5 next_cap=0/5 prev_cap=1/5 titel=0 ort=0/5
WERDENBERG	10	5	Werdenberg	eigenname	q=0/9 next_cap=4/9 prev_cap=4/9 titel=0 ort=0/9
WEREFKIN	8	5	Werefkin	eigenname	q=1/6 next_cap=4/6 prev_cap=4/6 titel=0 ort=0/6
WERKSTEINEN	11	5	Werksteinen	eigenname	q=0/5 next_cap=0/5 prev_cap=0/5 titel=0 ort=1/5
WERKZEUGBAU	11	5	Werkzeugbau	eigenname	q=0/4 next_cap=3/6 prev_cap=1/4 titel=0 ort=0/4
WERNSDORF	9	5	Wernsdorf	eigenname	q=0/5 next_cap=0/5 prev_cap=4/5 titel=0 ort=1/5
WESTERSTEDE	11	5	Westerstede	eigenname	q=1/5 next_cap=0/6 prev_cap=3/5 titel=0 ort=1/5
WESTEUROPAS	11	5	Westeuropas	eigenname	q=0/5 next_cap=0/5 prev_cap=5/5 titel=0 ort=0/5
WESTHOFEN	9	5	Westhofen	eigenname	q=0/5 next_cap=1/5 prev_cap=3/5 titel=0 ort=1/5
WESTS	5	5	Wests	eigenname	q=1/5 next_cap=3/5 prev_cap=2/5 titel=0 ort=0/5
WETTSTEIN	9	5	Wettstein	eigenname	q=0/4 next_cap=0/5 prev_cap=3/4 titel=0 ort=0/4
WEYMOUTH	8	5	Weymouth	eigenname	q=0/6 next_cap=1/6 prev_cap=2/6 titel=0 ort=0/6
WICKRATH	8	5	Wickrath	eigenname	q=0/5 next_cap=0/5 prev_cap=4/5 titel=0 ort=0/5
WIECZOREK	9	5	Wieczorek	eigenname	q=0/6 next_cap=7/11 prev_cap=5/6 titel=0 ort=0/6
WIESNER	7	5	Wiesner	eigenname	q=0/3 next_cap=1/5 prev_cap=2/3 titel=0 ort=0/3
WILBUR	6	5	Wilbur	eigenname	q=0/3 next_cap=3/6 prev_cap=2/3 titel=0 ort=0/3
WILDMOSER	9	5	Wildmoser	eigenname	q=0/3 next_cap=0/5 prev_cap=2/3 titel=0 ort=0/3
WILDTIER	8	5	Wildtier	eigenname	q=0/6 next_cap=4/6 prev_cap=3/6 titel=0 ort=0/6
WILLMS	6	5	Willms	eigenname	q=0/3 next_cap=0/5 prev_cap=3/3 titel=0 ort=0/3
WILTON	6	5	Wilton	eigenname	q=0/5 next_cap=2/5 prev_cap=1/5 titel=0 ort=1/5
WINDISCH	8	5	Windisch	eigenname	q=0/3 next_cap=1/4 prev_cap=2/3 titel=0 ort=0/3
WINDSHEIM	9	5	Windsheim	eigenname	q=0/6 next_cap=1/6 prev_cap=6/6 titel=0 ort=0/6
WINFREY	7	5	Winfrey	eigenname	q=0/3 next_cap=4/6 prev_cap=3/3 titel=0 ort=0/3
WINIFRED	8	5	Winifred	eigenname	q=1/5 next_cap=2/5 prev_cap=0/5 titel=0 ort=1/5
WINKELHOCK	10	5	Winkelhock	eigenname	q=0/4 next_cap=1/5 prev_cap=3/4 titel=0 ort=0/4
WISSMANN	8	5	Wissmann	eigenname	q=0/4 next_cap=1/5 prev_cap=4/4 titel=0 ort=0/4
WOESSNER	8	5	Wössner	eigenname	q=0/5 next_cap=0/5 prev_cap=4/5 titel=0 ort=0/5
WOHNKOMFORT	11	5	Wohnkomfort	eigenname	q=0/4 next_cap=0/5 prev_cap=2/4 titel=0 ort=0/4
WOLLIN	6	5	Wollin	eigenname	q=0/5 next_cap=0/5 prev_cap=4/5 titel=0 ort=1/5
WOLTER	6	5	Wolter	eigenname	q=0/6 next_cap=3/7 prev_cap=5/6 titel=0 ort=0/6
WOOLF	5	5	Woolf	eigenname	q=0/5 next_cap=1/6 prev_cap=5/5 titel=0 ort=0/5
WORTSPIELEN	11	5	Wortspielen	eigenname	q=0/5 next_cap=2/5 prev_cap=2/5 titel=0 ort=0/5
WUTTKE	6	5	Wuttke	eigenname	q=0/3 next_cap=1/5 prev_cap=3/3 titel=0 ort=0/3
XIANG	5	5	Xiang	eigenname	q=0/5 next_cap=0/5 prev_cap=4/5 titel=0 ort=0/5
XSTRATA	7	5	Xstrata	eigenname	q=0/4 next_cap=3/8 prev_cap=3/4 titel=0 ort=0/4
YOUSSEF	7	5	Youssef	eigenname	q=0/5 next_cap=3/6 prev_cap=4/5 titel=0 ort=0/5
YUKI	4	5	Yuki	eigenname	q=0/4 next_cap=4/5 prev_cap=2/4 titel=0 ort=0/4
ZANE	4	5	Zane	eigenname	q=0/5 next_cap=1/5 prev_cap=2/5 titel=0 ort=0/5
ZAVALA	6	5	Zavala	eigenname	q=0/5 next_cap=1/5 prev_cap=1/5 titel=0 ort=0/5
ZEHETMAIR	9	5	Zehetmair	eigenname	q=0/4 next_cap=0/5 prev_cap=2/4 titel=0 ort=0/4
ZELLULOSE	9	5	Zellulose	eigenname	q=0/6 next_cap=1/6 prev_cap=0/6 titel=0 ort=1/6
ZENO	4	5	Zeno	eigenname	q=0/4 next_cap=2/5 prev_cap=1/4 titel=0 ort=0/4
ZEULENRODA	10	5	Zeulenroda	eigenname	q=0/6 next_cap=1/6 prev_cap=6/6 titel=0 ort=0/6
ZHAO	4	5	Zhao	eigenname	q=0/5 next_cap=3/5 prev_cap=3/5 titel=0 ort=0/5
ZHI	3	5	Zhi	eigenname	q=0/5 next_cap=1/5 prev_cap=5/5 titel=0 ort=0/5
ZIA	3	5	Zia	eigenname	q=0/4 next_cap=0/5 prev_cap=3/4 titel=1 ort=0/4
ZILLE	5	5	Zille	eigenname	q=1/5 next_cap=3/7 prev_cap=2/5 titel=0 ort=0/5
ZIRKON	6	5	Zirkon	eigenname	q=0/3 next_cap=0/5 prev_cap=0/3 titel=0 ort=0/3
ZLATAN	6	5	Zlatan	eigenname	q=0/5 next_cap=3/6 prev_cap=1/5 titel=0 ort=0/5
ZOLA	4	5	Zola	eigenname	q=0/4 next_cap=0/5 prev_cap=1/4 titel=0 ort=0/4
ZOLLIKON	8	5	Zollikon	eigenname	q=0/5 next_cap=0/5 prev_cap=2/5 titel=0 ort=1/5
ZOLLVEREIN	10	5	Zollverein	eigenname	q=1/5 next_cap=0/5 prev_cap=3/5 titel=0 ort=0/5
ZUEBLIN	7	5	Züblin	eigenname	q=0/5 next_cap=3/7 prev_cap=2/5 titel=0 ort=0/5
ZUGEWINNE	9	5	Zugewinne	eigenname	q=0/4 next_cap=0/5 prev_cap=0/4 titel=0 ort=0/4
ZULAEUFE	8	5	Zuläufe	eigenname	q=0/5 next_cap=0/5 prev_cap=2/5 titel=0 ort=0/5
ZUWAECHSEN	10	5	Zuwächsen	eigenname	q=0/4 next_cap=0/5 prev_cap=0/4 titel=0 ort=0/4
ZWEIGKREIS	10	5	Zweigkreis	eigenname	q=0/5 next_cap=0/5 prev_cap=0/5 titel=0 ort=0/5
ZWICKER	7	5	Zwicker	eigenname	q=0/5 next_cap=2/5 prev_cap=4/5 titel=0 ort=0/5
MUENSTER	8	292	Münster	fremd_englisch	q=11/281 low=0/281
CARL	4	291	Carl	fremd_englisch	q=8/253 low=0/253
HORST	5	276	Horst	fremd_englisch	q=5/199 low=0/199
SCHOOL	6	263	School	fremd_englisch	q=6/274 low=3/274
ISLAND	6	237	Island	fremd_englisch	q=4/231 low=0/231
SIEMENS	7	221	Siemens	fremd_englisch	q=9/224 low=0/224
BECK	4	217	Beck	fremd_englisch	q=4/162 low=0/162
GOOGLE	6	215	Google	fremd_englisch	q=7/191 low=3/191
NULL	4	199	Null	fremd_englisch	q=22/226 low=72/226
TOM	3	199	Tom	fremd_englisch	q=6/143 low=0/143
GROUP	5	191	Group	fremd_englisch	q=3/208 low=4/208
COMPANY	7	188	Company	fremd_englisch	q=11/190 low=0/190
HENRY	5	183	Henry	fremd_englisch	q=9/142 low=0/142
RECORDS	7	182	Records	fremd_englisch	q=4/182 low=0/182
RIVER	5	181	River	fremd_englisch	q=9/191 low=0/191
APPLE	5	179	Apple	fremd_englisch	q=10/170 low=0/170
BRONZE	6	168	Bronze	fremd_englisch	q=15/177 low=4/177
LEAGUE	6	168	League	fremd_englisch	q=7/265 low=1/265
JACK	4	163	Jack	fremd_englisch	q=5/125 low=0/125
HARRY	5	158	Harry	fremd_englisch	q=1/130 low=0/130
MUSIC	5	157	Music	fremd_englisch	q=4/165 low=9/165
LOUIS	5	151	Louis	fremd_englisch	q=2/148 low=0/148
HALL	4	150	Hall	fremd_englisch	q=7/159 low=1/159
CUP	3	149	Cup	fremd_englisch	q=29/377 low=0/377
MIKE	4	147	Mike	fremd_englisch	q=3/114 low=0/114
OPEN	4	144	Open	fremd_englisch	q=13/244 low=7/244
SOCIETY	7	141	Society	fremd_englisch	q=8/147 low=0/147
WINDOWS	7	140	Windows	fremd_englisch	q=13/286 low=0/286
DIRK	4	138	Dirk	fremd_englisch	q=1/92 low=0/92
HILL	4	136	Hill	fremd_englisch	q=2/132 low=1/132
BERLINS	7	132	Berlins	fremd_englisch	q=0/113 low=0/113
LEE	3	132	Lee	fremd_englisch	q=4/113 low=0/113
SMITH	5	130	Smith	fremd_englisch	q=5/120 low=0/120
BUSH	4	129	Bush	fremd_englisch	q=1/107 low=0/107
BILL	4	128	Bill	fremd_englisch	q=4/102 low=1/102
JEAN	4	124	Jean	fremd_englisch	q=6/188 low=0/188
BROWN	5	123	Brown	fremd_englisch	q=4/100 low=0/100
CENTER	6	123	Center	fremd_englisch	q=21/256 low=0/256
KOHL	4	123	Kohl	fremd_englisch	q=1/88 low=0/88
ASSOCIATION	11	113	Association	fremd_englisch	q=10/114 low=1/114
MARC	4	112	Marc	fremd_englisch	q=1/79 low=0/79
CHARLOTTE	9	110	Charlotte	fremd_englisch	q=5/93 low=0/93
TRIER	5	109	Trier	fremd_englisch	q=0/107 low=0/107
BENJAMIN	8	108	Benjamin	fremd_englisch	q=1/87 low=0/87
DON	3	107	Don	fremd_englisch	q=10/102 low=3/102
TONY	4	107	Tony	fremd_englisch	q=2/79 low=0/79
ROGER	5	106	Roger	fremd_englisch	q=5/75 low=1/75
NICK	4	105	Nick	fremd_englisch	q=4/75 low=0/75
ROAD	4	105	Road	fremd_englisch	q=4/116 low=4/116
MEDIA	5	104	Media	fremd_englisch	q=8/150 low=10/150
SIR	3	103	Sir	fremd_englisch	q=8/89 low=2/89
MAIL	4	96	Mail	fremd_englisch	q=30/746 low=100/746
VICTORIA	8	95	Victoria	fremd_englisch	q=8/91 low=0/91
WALES	5	94	Wales	fremd_englisch	q=0/94 low=0/94
BAY	3	91	Bay	fremd_englisch	q=7/97 low=2/97
CHINAS	6	91	Chinas	fremd_englisch	q=1/77 low=0/77
MILLER	6	90	Miller	fremd_englisch	q=0/77 low=0/77
CHARLIE	7	88	Charlie	fremd_englisch	q=3/71 low=0/71
MARCEL	6	87	Marcel	fremd_englisch	q=1/59 low=1/59
COURT	5	86	Court	fremd_englisch	q=8/89 low=1/89
POP	3	85	Pop	fremd_englisch	q=15/177 low=2/177
LEWIS	5	83	Lewis	fremd_englisch	q=2/57 low=0/57
METAL	5	83	Metal	fremd_englisch	q=11/139 low=0/139
PETERS	6	83	Peters	fremd_englisch	q=2/67 low=0/67
FORCE	5	82	Force	fremd_englisch	q=6/93 low=4/93
LINE	4	82	Line	fremd_englisch	q=3/135 low=13/135
PRESS	5	82	Press	fremd_englisch	q=0/88 low=1/88
CREEK	5	80	Creek	fremd_englisch	q=3/82 low=0/82
RAY	3	79	Ray	fremd_englisch	q=1/77 low=0/77
RUTH	4	79	Ruth	fremd_englisch	q=2/61 low=0/61
KELLY	5	78	Kelly	fremd_englisch	q=2/61 low=0/61
ACTION	6	77	Action	fremd_englisch	q=11/122 low=10/122
ROBIN	5	77	Robin	fremd_englisch	q=5/66 low=0/66
CASTLE	6	76	Castle	fremd_englisch	q=3/78 low=0/78
ACT	3	75	Act	fremd_englisch	q=7/84 low=0/84
FUNK	4	74	Funk	fremd_englisch	q=7/106 low=0/106
FOUNDATION	10	73	Foundation	fremd_englisch	q=4/79 low=0/79
JAVA	4	73	Java	fremd_englisch	q=2/148 low=0/148
VALLEY	6	73	Valley	fremd_englisch	q=2/77 low=0/77
VICTOR	6	73	Victor	fremd_englisch	q=1/72 low=0/72
SCIENCE	7	72	Science	fremd_englisch	q=5/112 low=4/112
BASKETBALL	10	71	Basketball	fremd_englisch	q=12/125 low=0/125
JANE	4	71	Jane	fremd_englisch	q=2/65 low=0/65
EXPRESS	7	70	Express	fremd_englisch	q=5/131 low=0/131
JOHNNY	6	69	Johnny	fremd_englisch	q=4/55 low=0/55
POWER	5	69	Power	fremd_englisch	q=9/112 low=0/112
UDO	3	68	Udo	fremd_englisch	q=2/50 low=1/50
CORPORATION	11	66	Corporation	fremd_englisch	q=1/67 low=1/67
INTEL	5	66	Intel	fremd_englisch	q=0/60 low=0/60
JIMMY	5	66	Jimmy	fremd_englisch	q=0/51 low=0/51
SUN	3	66	Sun	fremd_englisch	q=6/72 low=1/72
COMPOSITE	9	65	Composite	fremd_englisch	q=3/148 low=0/148
FOX	3	65	Fox	fremd_englisch	q=4/59 low=0/59
POINT	5	64	Point	fremd_englisch	q=7/95 low=8/95
DOPING	6	62	Doping	fremd_englisch	q=7/132 low=0/132
NAPOLEON	8	62	Napoleon	fremd_englisch	q=2/50 low=0/50
BILLY	5	60	Billy	fremd_englisch	q=1/49 low=0/49
JAPANS	6	60	Japans	fremd_englisch	q=0/49 low=0/49
DYNAMO	6	59	Dynamo	fremd_englisch	q=3/59 low=0/59
HOMBURG	7	59	Homburg	fremd_englisch	q=0/59 low=0/59
FOOTBALL	8	58	Football	fremd_englisch	q=8/84 low=1/84
AMAZON	6	56	Amazon	fremd_englisch	q=1/58 low=2/58
HAMBURGS	8	56	Hamburgs	fremd_englisch	q=0/35 low=0/35
KHAN	4	56	Khan	fremd_englisch	q=4/55 low=0/55
CLEMENT	7	55	Clement	fremd_englisch	q=1/33 low=0/33
WALKER	6	55	Walker	fremd_englisch	q=4/52 low=0/52
COSTA	5	54	Costa	fremd_englisch	q=5/54 low=0/54
END	3	54	End	fremd_englisch	q=5/98 low=11/98
OFFICE	6	54	Office	fremd_englisch	q=5/89 low=1/89
SERIES	6	54	Series	fremd_englisch	q=1/60 low=0/60
STONE	5	54	Stone	fremd_englisch	q=1/55 low=3/55
TERRY	5	54	Terry	fremd_englisch	q=0/42 low=0/42
WILLY	5	54	Willy	fremd_englisch	q=1/49 low=0/49
AIRBUS	6	53	Airbus	fremd_englisch	q=3/79 low=1/79
ANN	3	53	Ann	fremd_englisch	q=0/60 low=0/60
JENNY	5	52	Jenny	fremd_englisch	q=0/34 low=0/34
LARS	4	51	Lars	fremd_englisch	q=0/36 low=0/36
LONG	4	51	Long	fremd_englisch	q=5/71 low=4/71
NANCY	5	51	Nancy	fremd_englisch	q=3/45 low=0/45
PORT	4	51	Port	fremd_englisch	q=7/101 low=1/101
MARINA	6	50	Marina	fremd_englisch	q=4/43 low=0/43
RACING	6	50	Racing	fremd_englisch	q=3/58 low=0/58
STRUCK	6	50	Struck	fremd_englisch	q=0/40 low=0/40
SAINT	5	49	Saint	fremd_englisch	q=11/258 low=0/258
JERRY	5	48	Jerry	fremd_englisch	q=2/41 low=0/41
TRUMP	5	48	Trump	fremd_englisch	q=1/47 low=0/47
BUENOS	6	47	Buenos	fremd_englisch	q=1/45 low=0/45
SCHILLER	8	47	Schiller	fremd_englisch	q=3/62 low=0/62
CEMETERY	8	46	Cemetery	fremd_englisch	q=0/46 low=0/46
COBURG	6	46	Coburg	fremd_englisch	q=2/51 low=0/51
GRAHAM	6	46	Graham	fremd_englisch	q=1/40 low=0/40
NIGHT	5	46	Night	fremd_englisch	q=2/71 low=0/71
RAILWAY	7	46	Railway	fremd_englisch	q=4/45 low=1/45
FLASH	5	45	Flash	fremd_englisch	q=10/107 low=1/107
GUY	3	45	Guy	fremd_englisch	q=1/39 low=3/39
NELSON	6	45	Nelson	fremd_englisch	q=2/38 low=0/38
BOOK	4	44	Book	fremd_englisch	q=1/60 low=2/60
NOVA	4	44	Nova	fremd_englisch	q=4/50 low=10/50
ABBAS	5	43	Abbas	fremd_englisch	q=0/31 low=2/31
CAPITAL	7	43	Capital	fremd_englisch	q=2/48 low=0/48
MORRIS	6	43	Morris	fremd_englisch	q=3/39 low=0/39
MULTIMEDIA	10	43	Multimedia	fremd_englisch	q=0/95 low=3/95
WRIGHT	6	43	Wright	fremd_englisch	q=1/42 low=0/42
BELL	4	42	Bell	fremd_englisch	q=4/42 low=2/42
COUNTRY	7	42	Country	fremd_englisch	q=3/84 low=2/84
KEN	3	42	Ken	fremd_englisch	q=0/36 low=3/36
AIDS	4	41	Aids	fremd_englisch	q=1/85 low=0/85
AREA	4	41	Area	fremd_englisch	q=3/49 low=4/49
BOYS	4	41	Boys	fremd_englisch	q=3/53 low=4/53
BRENT	5	41	Brent	fremd_englisch	q=0/42 low=0/42
LASS	4	41	Lass	fremd_englisch	q=1/13 low=2/13
PIPER	5	41	Piper	fremd_englisch	q=1/27 low=0/27
RAILROAD	8	41	Railroad	fremd_englisch	q=0/42 low=0/42
DEVELOPMENT	11	40	Development	fremd_englisch	q=1/41 low=1/41
HEAD	4	40	Head	fremd_englisch	q=4/43 low=1/43
NICKEL	6	40	Nickel	fremd_englisch	q=1/39 low=0/39
RICK	4	40	Rick	fremd_englisch	q=2/33 low=1/33
SRI	3	40	Sri	fremd_englisch	q=3/39 low=0/39
BOBBY	5	39	Bobby	fremd_englisch	q=3/35 low=0/35
FINK	4	39	Fink	fremd_englisch	q=0/29 low=0/29
MEMORIAL	8	39	Memorial	fremd_englisch	q=2/46 low=1/46
RAPID	5	39	Rapid	fremd_englisch	q=3/41 low=6/41
STATES	6	39	States	fremd_englisch	q=1/41 low=0/41
WOOD	4	39	Wood	fremd_englisch	q=2/37 low=0/37
BOY	3	38	Boy	fremd_englisch	q=4/49 low=1/49
CHAMPION	8	38	Champion	fremd_englisch	q=4/58 low=0/58
ENGINEERING	11	38	Engineering	fremd_englisch	q=2/49 low=1/49
LIGHT	5	38	Light	fremd_englisch	q=4/52 low=5/52
ORCHESTRA	9	38	Orchestra	fremd_englisch	q=3/36 low=0/36
ALBA	4	37	Alba	fremd_englisch	q=1/28 low=1/28
BROTHERS	8	37	Brothers	fremd_englisch	q=2/39 low=0/39
BULL	4	37	Bull	fremd_englisch	q=0/48 low=0/48
CARTER	6	37	Carter	fremd_englisch	q=1/30 low=0/30
JERSEY	6	37	Jersey	fremd_englisch	q=2/38 low=0/38
NETWORK	7	37	Network	fremd_englisch	q=4/48 low=0/48
WORMS	5	37	Worms	fremd_englisch	q=0/39 low=0/39
BACK	4	36	Back	fremd_englisch	q=3/59 low=10/59
ENGLISH	7	36	English	fremd_englisch	q=1/34 low=3/34
GATES	5	36	Gates	fremd_englisch	q=1/36 low=0/36
GILBERT	7	36	Gilbert	fremd_englisch	q=0/28 low=0/28
HOPE	4	36	Hope	fremd_englisch	q=2/31 low=0/31
LYNCH	5	36	Lynch	fremd_englisch	q=1/32 low=0/32
MANS	4	36	Mans	fremd_englisch	q=0/45 low=0/45
OLE	3	36	Ole	fremd_englisch	q=1/35 low=0/35
ORACLE	6	36	Oracle	fremd_englisch	q=0/31 low=0/31
ROMEO	5	36	Romeo	fremd_englisch	q=0/33 low=0/33
TROPHY	6	36	Trophy	fremd_englisch	q=3/42 low=0/42
TWITTER	7	36	Twitter	fremd_englisch	q=0/61 low=0/61
WARREN	6	36	Warren	fremd_englisch	q=2/31 low=0/31
BORN	4	35	Born	fremd_englisch	q=2/33 low=4/33
COLLINS	7	35	Collins	fremd_englisch	q=1/34 low=0/34
MOON	4	35	Moon	fremd_englisch	q=1/39 low=3/39
NILS	4	35	Nils	fremd_englisch	q=2/23 low=0/23
PEOPLE	6	35	People	fremd_englisch	q=1/41 low=5/41
YANG	4	35	Yang	fremd_englisch	q=1/35 low=4/35
GRACE	5	34	Grace	fremd_englisch	q=1/28 low=0/28
HUNTER	6	34	Hunter	fremd_englisch	q=3/36 low=2/36
IRON	4	34	Iron	fremd_englisch	q=3/33 low=1/33
JAY	3	34	Jay	fremd_englisch	q=1/34 low=0/34
SOLAR	5	34	Solar	fremd_englisch	q=2/61 low=1/61
SOUL	4	34	Soul	fremd_englisch	q=3/42 low=2/42
CAR	3	33	Car	fremd_englisch	q=1/65 low=2/65
CONTROL	7	33	Control	fremd_englisch	q=3/48 low=6/48
FIRE	4	33	Fire	fremd_englisch	q=3/39 low=1/39
HEALTH	6	33	Health	fremd_englisch	q=2/35 low=1/35
LILY	4	33	Lily	fremd_englisch	q=0/25 low=0/25
MACH	4	33	Mach	fremd_englisch	q=1/23 low=5/23
SILVA	5	33	Silva	fremd_englisch	q=0/31 low=2/31
BUCK	4	32	Buck	fremd_englisch	q=2/28 low=0/28
GITTERN	7	32	Gittern	fremd_englisch	q=1/32 low=0/32
HUNT	4	32	Hunt	fremd_englisch	q=2/29 low=1/29
LAMBERT	7	32	Lambert	fremd_englisch	q=1/29 low=0/29
MUNICIPAL	9	32	Municipal	fremd_englisch	q=3/32 low=13/32
RICE	4	32	Rice	fremd_englisch	q=1/30 low=0/30
BINDER	6	31	Binder	fremd_englisch	q=2/27 low=0/27
BOND	4	31	Bond	fremd_englisch	q=4/61 low=0/61
BROOKS	6	31	Brooks	fremd_englisch	q=0/25 low=0/25
COMEDY	6	31	Comedy	fremd_englisch	q=1/70 low=0/70
EDUCATION	9	31	Education	fremd_englisch	q=1/35 low=3/35
MOUNTAINS	9	31	Mountains	fremd_englisch	q=0/31 low=0/31
ROGERS	6	31	Rogers	fremd_englisch	q=2/27 low=0/27
BAKER	5	30	Baker	fremd_englisch	q=2/33 low=0/33
BOLOGNA	7	30	Bologna	fremd_englisch	q=0/46 low=0/46
DEAN	4	30	Dean	fremd_englisch	q=1/22 low=0/22
DIRECTOR	8	30	Director	fremd_englisch	q=3/32 low=1/32
ENERGY	6	30	Energy	fremd_englisch	q=3/33 low=1/33
FOSTER	6	30	Foster	fremd_englisch	q=1/22 low=0/22
GRASS	5	30	Grass	fremd_englisch	q=1/26 low=3/26
MURPHY	6	30	Murphy	fremd_englisch	q=1/26 low=0/26
PERRY	5	30	Perry	fremd_englisch	q=1/26 low=0/26
PRODUCTIONS	11	30	Productions	fremd_englisch	q=0/30 low=0/30
ROMS	4	30	Roms	fremd_englisch	q=1/44 low=0/44
SALLY	5	30	Sally	fremd_englisch	q=1/18 low=0/18
SORRY	5	30	Sorry	fremd_englisch	q=1/13 low=3/13
VISTA	5	30	Vista	fremd_englisch	q=0/38 low=1/38
AUDIO	5	29	Audio	fremd_englisch	q=6/105 low=4/105
BURGER	6	29	Burger	fremd_englisch	q=2/31 low=0/31
CARD	4	29	Card	fremd_englisch	q=3/73 low=5/73
CROSS	5	29	Cross	fremd_englisch	q=2/59 low=0/59
DOWN	4	29	Down	fremd_englisch	q=1/64 low=14/64
ELSE	4	29	Else	fremd_englisch	q=2/26 low=4/26
HILLS	5	29	Hills	fremd_englisch	q=2/30 low=1/30
MARIAS	6	29	Marias	fremd_englisch	q=0/22 low=0/22
NAPOLEONS	9	29	Napoleons	fremd_englisch	q=0/28 low=0/28
NON	3	29	non	fremd_englisch	q=1/83 low=37/83
PICTURES	8	29	Pictures	fremd_englisch	q=0/31 low=5/31
PLAY	4	29	Play	fremd_englisch	q=4/169 low=2/169
SON	3	29	Son	fremd_englisch	q=3/31 low=7/31
SQUARE	6	29	Square	fremd_englisch	q=1/31 low=1/31
STEEL	5	29	Steel	fremd_englisch	q=0/25 low=0/25
TED	3	29	Ted	fremd_englisch	q=1/21 low=0/21
TESTAMENTS	10	29	Testaments	fremd_englisch	q=2/29 low=0/29
CANNABIS	8	28	Cannabis	fremd_englisch	q=0/33 low=0/33
MILLS	5	28	Mills	fremd_englisch	q=1/26 low=0/26
MOSS	4	28	Moss	fremd_englisch	q=1/25 low=0/25
VIVA	4	28	Viva	fremd_englisch	q=3/32 low=0/32
WELLS	5	28	Wells	fremd_englisch	q=1/22 low=1/22
AIRWAYS	7	27	Airways	fremd_englisch	q=0/29 low=0/29
DREAM	5	27	Dream	fremd_englisch	q=3/32 low=3/32
EON	3	27	Eon	fremd_englisch	q=3/36 low=0/36
FANNY	5	27	Fanny	fremd_englisch	q=0/22 low=0/22
KENT	4	27	Kent	fremd_englisch	q=0/25 low=1/25
LANE	4	27	Lane	fremd_englisch	q=1/28 low=1/28
MAXIM	5	27	Maxim	fremd_englisch	q=2/22 low=0/22
TELEVISION	10	27	Television	fremd_englisch	q=1/26 low=0/26
WORKS	5	27	Works	fremd_englisch	q=0/27 low=0/27
AMNESTY	7	26	Amnesty	fremd_englisch	q=0/13 low=4/13
BEER	4	26	Beer	fremd_englisch	q=0/23 low=1/23
BLOOD	5	26	Blood	fremd_englisch	q=0/27 low=1/27
DAISY	5	26	Daisy	fremd_englisch	q=0/23 low=0/23
DAWN	4	26	Dawn	fremd_englisch	q=0/21 low=0/21
FISHER	6	26	Fisher	fremd_englisch	q=0/21 low=0/21
JOEY	4	26	Joey	fremd_englisch	q=1/18 low=0/18
JOSH	4	26	Josh	fremd_englisch	q=0/22 low=0/22
LOST	4	26	Lost	fremd_englisch	q=2/27 low=2/27
SANDY	5	26	Sandy	fremd_englisch	q=0/20 low=1/20
WOLFRAM	7	26	Wolfram	fremd_englisch	q=2/23 low=0/23
ASTHMA	6	25	Asthma	fremd_englisch	q=3/33 low=0/33
BAN	3	25	Ban	fremd_englisch	q=1/19 low=0/19
BATMAN	6	25	Batman	fremd_englisch	q=1/18 low=0/18
BOWL	4	25	Bowl	fremd_englisch	q=3/31 low=1/31
CICERO	6	25	Cicero	fremd_englisch	q=0/18 low=0/18
DORA	4	25	Dora	fremd_englisch	q=2/21 low=0/21
GALLERY	7	25	Gallery	fremd_englisch	q=1/26 low=1/26
GORE	4	25	Gore	fremd_englisch	q=0/25 low=0/25
GUNTER	6	25	Gunter	fremd_englisch	q=0/18 low=0/18
HONG	4	25	Hong	fremd_englisch	q=1/28 low=0/28
ISLANDS	7	25	Islands	fremd_englisch	q=0/24 low=0/24
MEDICAL	7	25	Medical	fremd_englisch	q=2/28 low=2/28
RACE	4	25	Race	fremd_englisch	q=2/30 low=2/30
SOCCER	6	25	Soccer	fremd_englisch	q=0/32 low=1/32
SPEARS	6	25	Spears	fremd_englisch	q=0/25 low=0/25
ANA	3	24	Ana	fremd_englisch	q=2/21 low=2/21
BENNY	5	24	Benny	fremd_englisch	q=1/19 low=0/19
BEY	3	24	Bey	fremd_englisch	q=2/24 low=7/24
BOLL	4	24	Boll	fremd_englisch	q=0/20 low=0/20
CAROL	5	24	Carol	fremd_englisch	q=1/21 low=0/21
DRIVE	5	24	Drive	fremd_englisch	q=1/36 low=2/36
ELECTRIC	8	24	Electric	fremd_englisch	q=1/28 low=1/28
FANTASY	7	24	Fantasy	fremd_englisch	q=4/44 low=1/44
GRAY	4	24	Gray	fremd_englisch	q=1/22 low=1/22
HARDY	5	24	Hardy	fremd_englisch	q=1/18 low=1/18
HERDER	6	24	Herder	fremd_englisch	q=2/21 low=0/21
KNOW	4	24	Know	fremd_englisch	q=3/146 low=9/146
LOGAN	5	24	Logan	fremd_englisch	q=0/22 low=0/22
NEVER	5	24	Never	fremd_englisch	q=1/21 low=4/21
PASCAL	6	24	Pascal	fremd_englisch	q=0/20 low=0/20
RAGE	4	24	Rage	fremd_englisch	q=1/26 low=1/26
TILL	4	24	Till	fremd_englisch	q=0/21 low=1/21
VENTURE	7	24	Venture	fremd_englisch	q=0/38 low=1/38
BURNS	5	23	Burns	fremd_englisch	q=1/25 low=0/25
CINEMA	6	23	Cinema	fremd_englisch	q=2/26 low=2/26
CISCO	5	23	Cisco	fremd_englisch	q=0/17 low=0/17
COLE	4	23	Cole	fremd_englisch	q=1/21 low=0/21
CUPS	4	23	Cups	fremd_englisch	q=4/46 low=0/46
FOOD	4	23	Food	fremd_englisch	q=3/43 low=0/43
GATE	4	23	Gate	fremd_englisch	q=1/26 low=0/26
GLASS	5	23	Glass	fremd_englisch	q=1/20 low=0/20
JUSTICE	7	23	Justice	fremd_englisch	q=1/22 low=0/22
MACHINE	7	23	Machine	fremd_englisch	q=1/26 low=1/26
MASON	5	23	Mason	fremd_englisch	q=1/17 low=0/17
MOBBING	7	23	Mobbing	fremd_englisch	q=2/25 low=0/25
PANAMA	6	23	Panama	fremd_englisch	q=2/29 low=0/29
PEAK	4	23	Peak	fremd_englisch	q=1/24 low=1/24
SANDERS	7	23	Sanders	fremd_englisch	q=2/21 low=0/21
SHOPPING	8	23	Shopping	fremd_englisch	q=6/63 low=2/63
WORD	4	23	Word	fremd_englisch	q=2/51 low=1/51
BUILDING	8	22	Building	fremd_englisch	q=0/24 low=3/24
CARE	4	22	Care	fremd_englisch	q=0/31 low=4/31
CAT	3	22	Cat	fremd_englisch	q=2/21 low=0/21
CLASS	5	22	Class	fremd_englisch	q=4/46 low=7/46
COLA	4	22	Cola	fremd_englisch	q=3/59 low=2/59
EVE	3	22	Eve	fremd_englisch	q=0/16 low=0/16
HOLDINGS	8	22	Holdings	fremd_englisch	q=1/22 low=0/22
HOMER	5	22	Homer	fremd_englisch	q=1/17 low=0/17
LOW	3	22	Low	fremd_englisch	q=3/46 low=12/46
MAYA	4	22	Maya	fremd_englisch	q=2/23 low=0/23
MEMORY	6	22	Memory	fremd_englisch	q=2/35 low=2/35
MOLLY	5	22	Molly	fremd_englisch	q=0/18 low=0/18
NATURE	6	22	Nature	fremd_englisch	q=2/21 low=1/21
OFFICER	7	22	Officer	fremd_englisch	q=1/18 low=1/18
PRICE	5	22	Price	fremd_englisch	q=0/23 low=0/23
RATH	4	22	Rath	fremd_englisch	q=1/19 low=0/19
SNACKS	6	22	Snacks	fremd_englisch	q=2/21 low=0/21
ASSEMBLY	8	21	Assembly	fremd_englisch	q=2/21 low=2/21
CASH	4	21	Cash	fremd_englisch	q=4/52 low=5/52
CHASE	5	21	Chase	fremd_englisch	q=1/20 low=0/20
DAT	3	21	Dat	fremd_englisch	q=0/18 low=8/18
DOG	3	21	Dog	fremd_englisch	q=1/26 low=0/26
DOLL	4	21	Doll	fremd_englisch	q=0/20 low=8/20
EXCHANGE	8	21	Exchange	fremd_englisch	q=1/31 low=0/31
KEYBOARDER	10	21	Keyboarder	fremd_englisch	q=1/23 low=0/23
KID	3	21	Kid	fremd_englisch	q=1/21 low=0/21
LANDAU	6	21	Landau	fremd_englisch	q=1/26 low=0/26
LEA	3	21	Lea	fremd_englisch	q=0/16 low=0/16
MARTINI	7	21	Martini	fremd_englisch	q=0/21 low=0/21
MICK	4	21	Mick	fremd_englisch	q=0/14 low=0/14
OPERATIONS	10	21	Operations	fremd_englisch	q=1/23 low=1/23
SPLIT	5	21	Split	fremd_englisch	q=1/24 low=1/24
BALLET	6	20	Ballet	fremd_englisch	q=1/20 low=1/20
BERTHA	6	20	Bertha	fremd_englisch	q=2/22 low=0/22
BIRD	4	20	Bird	fremd_englisch	q=2/22 low=0/22
DOC	3	20	Doc	fremd_englisch	q=2/22 low=1/22
DOOM	4	20	Doom	fremd_englisch	q=1/25 low=0/25
EARTH	5	20	Earth	fremd_englisch	q=1/22 low=3/22
ESTATE	6	20	Estate	fremd_englisch	q=0/21 low=1/21
FAITH	5	20	Faith	fremd_englisch	q=0/11 low=0/11
HORSE	5	20	Horse	fremd_englisch	q=1/20 low=1/20
LIMITED	7	20	Limited	fremd_englisch	q=2/22 low=0/22
PINTO	5	20	Pinto	fremd_englisch	q=0/16 low=0/16
ROOM	4	20	Room	fremd_englisch	q=0/27 low=1/27
ROUGE	5	20	Rouge	fremd_englisch	q=2/21 low=3/21
RUBY	4	20	Ruby	fremd_englisch	q=1/21 low=0/21
SOLON	5	20	Solon	fremd_englisch	q=0/16 low=0/16
WING	4	20	Wing	fremd_englisch	q=2/22 low=0/22
ANDROID	7	19	Android	fremd_englisch	q=4/45 low=1/45
ANGELS	6	19	Angels	fremd_englisch	q=2/23 low=0/23
APPEL	5	19	Appel	fremd_englisch	q=0/18 low=0/18
ATHLETIC	8	19	Athletic	fremd_englisch	q=0/15 low=0/15
BAPTIST	7	19	Baptist	fremd_englisch	q=1/21 low=0/21
BRAD	4	19	Brad	fremd_englisch	q=0/10 low=0/10
BROWNS	6	19	Browns	fremd_englisch	q=1/16 low=0/16
CLIFF	5	19	Cliff	fremd_englisch	q=0/13 low=0/13
DONNA	5	19	Donna	fremd_englisch	q=0/17 low=2/17
DRUM	4	19	Drum	fremd_englisch	q=0/20 low=9/20
LIN	3	19	Lin	fremd_englisch	q=0/19 low=0/19
MARTINS	7	19	Martins	fremd_englisch	q=0/26 low=0/26
NETWORKS	8	19	Networks	fremd_englisch	q=1/20 low=1/20
SECRET	6	19	Secret	fremd_englisch	q=1/20 low=1/20
SONIC	5	19	Sonic	fremd_englisch	q=1/19 low=0/19
SOURCE	6	19	Source	fremd_englisch	q=5/58 low=0/58
STREAM	6	19	Stream	fremd_englisch	q=3/34 low=2/34
STYLE	5	19	Style	fremd_englisch	q=4/42 low=2/42
WOW	3	19	Wow	fremd_englisch	q=1/16 low=0/16
ACCESS	6	18	Access	fremd_englisch	q=0/37 low=3/37
BANG	4	18	Bang	fremd_englisch	q=0/19 low=0/19
BEAR	4	18	Bear	fremd_englisch	q=1/17 low=0/17
BENDER	6	18	Bender	fremd_englisch	q=0/15 low=0/15
BOOKS	5	18	Books	fremd_englisch	q=0/33 low=1/33
BROOK	5	18	Brook	fremd_englisch	q=0/16 low=0/16
CAM	3	18	Cam	fremd_englisch	q=2/35 low=2/35
CAMPING	7	18	Camping	fremd_englisch	q=1/23 low=0/23
CARS	4	18	Cars	fremd_englisch	q=0/22 low=1/22
COX	3	18	Cox	fremd_englisch	q=0/16 low=0/16
CRICKET	7	18	Cricket	fremd_englisch	q=1/25 low=0/25
FOLKLORE	8	18	Folklore	fremd_englisch	q=2/21 low=0/21
FRANKS	6	18	Franks	fremd_englisch	q=0/16 low=0/16
FREEMAN	7	18	Freeman	fremd_englisch	q=1/17 low=0/17
HECTOR	6	18	Hector	fremd_englisch	q=0/11 low=0/11
MANILA	6	18	Manila	fremd_englisch	q=0/18 low=0/18
MONSIEUR	8	18	Monsieur	fremd_englisch	q=1/15 low=0/15
MYSTERY	7	18	Mystery	fremd_englisch	q=2/21 low=1/21
RIVERS	6	18	Rivers	fremd_englisch	q=0/18 low=0/18
SNOW	4	18	Snow	fremd_englisch	q=0/15 low=0/15
SUPERMAN	8	18	Superman	fremd_englisch	q=1/20 low=0/20
VIEW	4	18	View	fremd_englisch	q=2/31 low=1/31
WOMAN	5	18	Woman	fremd_englisch	q=0/19 low=2/19
WOODS	5	18	Woods	fremd_englisch	q=0/15 low=0/15
AGAIN	5	17	Again	fremd_englisch	q=0/17 low=7/17
ANTI	4	17	Anti	fremd_englisch	q=5/328 low=36/328
ARIEL	5	17	Ariel	fremd_englisch	q=1/13 low=0/13
AWAY	4	17	Away	fremd_englisch	q=0/16 low=2/16
BANKING	7	17	Banking	fremd_englisch	q=2/54 low=1/54
BLIZZARD	8	17	Blizzard	fremd_englisch	q=0/10 low=0/10
BROCK	5	17	Brock	fremd_englisch	q=0/12 low=0/12
BURTON	6	17	Burton	fremd_englisch	q=0/15 low=0/15
CARBON	6	17	Carbon	fremd_englisch	q=0/19 low=0/19
CHAD	4	17	Chad	fremd_englisch	q=0/13 low=0/13
CONTRA	6	17	Contra	fremd_englisch	q=1/18 low=6/18
CRUDE	5	17	Crude	fremd_englisch	q=0/21 low=0/21
DRAKE	5	17	Drake	fremd_englisch	q=0/15 low=0/15
FOLK	4	17	Folk	fremd_englisch	q=1/38 low=3/38
FULL	4	17	Full	fremd_englisch	q=2/40 low=2/40
GIB	3	17	Gib	fremd_englisch	q=0/7 low=3/7
HARDCORE	8	17	Hardcore	fremd_englisch	q=0/29 low=3/29
HELP	4	17	Help	fremd_englisch	q=1/18 low=2/18
HERITAGE	8	17	Heritage	fremd_englisch	q=0/19 low=1/19
LANCE	5	17	Lance	fremd_englisch	q=0/13 low=0/13
LEVY	4	17	Levy	fremd_englisch	q=0/14 low=0/14
MERLIN	6	17	Merlin	fremd_englisch	q=1/15 low=0/15
PETIT	5	17	Petit	fremd_englisch	q=1/19 low=0/19
PIERCE	6	17	Pierce	fremd_englisch	q=0/16 low=0/16
POTTER	6	17	Potter	fremd_englisch	q=0/34 low=0/34
RAIN	4	17	Rain	fremd_englisch	q=1/18 low=0/18
RECORD	6	17	Record	fremd_englisch	q=2/21 low=3/21
RIDGE	5	17	Ridge	fremd_englisch	q=0/19 low=0/19
ROB	3	17	Rob	fremd_englisch	q=0/15 low=0/15
ROLL	4	17	Roll	fremd_englisch	q=0/37 low=5/37
SEVEN	5	17	Seven	fremd_englisch	q=1/16 low=2/16
SPA	3	17	Spa	fremd_englisch	q=0/23 low=0/23
STEAM	5	17	Steam	fremd_englisch	q=0/22 low=1/22
TECH	4	17	Tech	fremd_englisch	q=2/92 low=5/92
TOUCH	5	17	Touch	fremd_englisch	q=2/34 low=2/34
AUTOMOTIVE	10	16	Automotive	fremd_englisch	q=0/16 low=0/16
AVIATION	8	16	Aviation	fremd_englisch	q=0/16 low=0/16
BELLE	5	16	Belle	fremd_englisch	q=0/19 low=2/19
BETA	4	16	Beta	fremd_englisch	q=6/88 low=4/88
BIO	3	16	Bio	fremd_englisch	q=9/99 low=0/99
BIRTHDAY	8	16	Birthday	fremd_englisch	q=0/16 low=0/16
BROTHER	7	16	Brother	fremd_englisch	q=1/20 low=0/20
BURN	4	16	Burn	fremd_englisch	q=0/19 low=1/19
COMPUTING	9	16	Computing	fremd_englisch	q=0/22 low=1/22
DALE	4	16	Dale	fremd_englisch	q=0/11 low=1/11
DONKEY	6	16	Donkey	fremd_englisch	q=1/14 low=0/14
HANK	4	16	Hank	fremd_englisch	q=0/12 low=0/12
HARBOR	6	16	Harbor	fremd_englisch	q=1/18 low=0/18
HAVEN	5	16	Haven	fremd_englisch	q=0/16 low=0/16
MADE	4	16	Made	fremd_englisch	q=1/13 low=4/13
MARA	4	16	Mara	fremd_englisch	q=0/12 low=0/12
MEN	3	16	Men	fremd_englisch	q=2/30 low=5/30
MOLL	4	16	Moll	fremd_englisch	q=0/40 low=0/40
MONEY	5	16	Money	fremd_englisch	q=0/17 low=3/17
OTTOS	5	16	Ottos	fremd_englisch	q=1/14 low=0/14
PEACE	5	16	Peace	fremd_englisch	q=1/19 low=3/19
PEPPER	6	16	Pepper	fremd_englisch	q=0/17 low=2/17
PUBLISHING	10	16	Publishing	fremd_englisch	q=0/21 low=0/21
SERENA	6	16	Serena	fremd_englisch	q=0/8 low=0/8
SIDE	4	16	Side	fremd_englisch	q=2/21 low=2/21
SINGER	6	16	Singer	fremd_englisch	q=1/20 low=0/20
SMALL	5	16	Small	fremd_englisch	q=2/21 low=2/21
SONGWRITER	10	16	Songwriter	fremd_englisch	q=0/24 low=0/24
SPAM	4	16	Spam	fremd_englisch	q=0/30 low=0/30
SUE	3	16	Sue	fremd_englisch	q=1/13 low=1/13
SYMPHONY	8	16	Symphony	fremd_englisch	q=1/17 low=0/17
TECHNO	6	16	Techno	fremd_englisch	q=1/49 low=0/49
THINK	5	16	Think	fremd_englisch	q=1/16 low=1/16
TREE	4	16	Tree	fremd_englisch	q=1/22 low=0/22
VINYL	5	16	Vinyl	fremd_englisch	q=2/25 low=0/25
VOLUME	6	16	Volume	fremd_englisch	q=0/11 low=1/11
WATERS	6	16	Waters	fremd_englisch	q=0/13 low=0/13
WONDER	6	16	Wonder	fremd_englisch	q=1/19 low=0/19
ASH	3	15	Ash	fremd_englisch	q=0/9 low=0/9
BAILEY	6	15	Bailey	fremd_englisch	q=0/16 low=0/16
BANKS	5	15	Banks	fremd_englisch	q=1/14 low=0/14
BASIC	5	15	Basic	fremd_englisch	q=2/32 low=0/32
BUNNY	5	15	Bunny	fremd_englisch	q=1/13 low=0/13
CLAY	4	15	Clay	fremd_englisch	q=1/14 low=0/14
COLOR	5	15	Color	fremd_englisch	q=2/25 low=1/25
CULTURAL	8	15	Cultural	fremd_englisch	q=1/16 low=0/16
DAYS	4	15	Days	fremd_englisch	q=0/18 low=1/18
DELL	4	15	Dell	fremd_englisch	q=0/22 low=4/22
DREW	4	15	Drew	fremd_englisch	q=0/12 low=0/12
FELLOW	6	15	Fellow	fremd_englisch	q=1/14 low=2/14
GRIFFIN	7	15	Griffin	fremd_englisch	q=1/13 low=0/13
HEIGHTS	7	15	Heights	fremd_englisch	q=0/15 low=0/15
MEGA	4	15	Mega	fremd_englisch	q=5/72 low=6/72
MEMBER	6	15	Member	fremd_englisch	q=1/22 low=1/22
NESTLE	6	15	Nestle	fremd_englisch	q=0/10 low=0/10
NOTES	5	15	Notes	fremd_englisch	q=0/24 low=1/24
PRIZE	5	15	Prize	fremd_englisch	q=0/15 low=1/15
PRODUCTS	8	15	Products	fremd_englisch	q=0/14 low=1/14
REED	4	15	Reed	fremd_englisch	q=0/17 low=1/17
SHIVA	5	15	Shiva	fremd_englisch	q=1/14 low=0/14
SLAM	4	15	Slam	fremd_englisch	q=1/45 low=0/45
SPRINGS	7	15	Springs	fremd_englisch	q=0/16 low=0/16
TAKE	4	15	Take	fremd_englisch	q=1/17 low=2/17
TALK	4	15	Talk	fremd_englisch	q=3/38 low=2/38
TWILIGHT	8	15	Twilight	fremd_englisch	q=1/13 low=0/13
WAVE	4	15	Wave	fremd_englisch	q=2/30 low=0/30
AGENCY	6	14	Agency	fremd_englisch	q=0/14 low=0/14
ANALYSIS	8	14	Analysis	fremd_englisch	q=1/20 low=1/20
BABA	4	14	Baba	fremd_englisch	q=1/13 low=0/13
BARNEY	6	14	Barney	fremd_englisch	q=0/11 low=0/11
BIKES	5	14	Bikes	fremd_englisch	q=1/19 low=0/19
BRANCH	6	14	Branch	fremd_englisch	q=1/15 low=1/15
BUD	3	14	Bud	fremd_englisch	q=1/11 low=0/11
BURKE	5	14	Burke	fremd_englisch	q=0/13 low=0/13
BUSHIDO	7	14	Bushido	fremd_englisch	q=0/8 low=0/8
CHAM	4	14	Cham	fremd_englisch	q=0/15 low=0/15
COMPETITION	11	14	Competition	fremd_englisch	q=1/15 low=1/15
CONCERT	7	14	Concert	fremd_englisch	q=0/14 low=1/14
CURT	4	14	Curt	fremd_englisch	q=0/20 low=1/20
DOGS	4	14	Dogs	fremd_englisch	q=1/18 low=1/18
EYE	3	14	Eye	fremd_englisch	q=0/19 low=2/19
FACTOR	6	14	Factor	fremd_englisch	q=1/15 low=2/15
FICTION	7	14	Fiction	fremd_englisch	q=0/58 low=5/58
FINANCE	7	14	Finance	fremd_englisch	q=0/13 low=0/13
FORCES	6	14	Forces	fremd_englisch	q=0/14 low=0/14
GENT	4	14	Gent	fremd_englisch	q=0/15 low=0/15
JILL	4	14	Jill	fremd_englisch	q=1/11 low=0/11
JUNCTION	8	14	Junction	fremd_englisch	q=0/14 low=1/14
LEY	3	14	Ley	fremd_englisch	q=0/13 low=0/13
MINING	6	14	Mining	fremd_englisch	q=1/18 low=0/18
MONS	4	14	Mons	fremd_englisch	q=1/15 low=6/15
POND	4	14	Pond	fremd_englisch	q=0/14 low=0/14
RANDY	5	14	Randy	fremd_englisch	q=1/12 low=0/12
RAVEN	5	14	Raven	fremd_englisch	q=1/13 low=0/13
SEARCH	6	14	Search	fremd_englisch	q=0/16 low=4/16
SOL	3	14	Sol	fremd_englisch	q=1/14 low=2/14
STRANGE	7	14	Strange	fremd_englisch	q=0/13 low=0/13
THINGS	6	14	Things	fremd_englisch	q=0/14 low=2/14
TODAY	5	14	Today	fremd_englisch	q=0/14 low=5/14
TOO	3	14	Too	fremd_englisch	q=0/13 low=2/13
TOURS	5	14	Tours	fremd_englisch	q=1/19 low=1/19
TRAIN	5	14	Train	fremd_englisch	q=0/19 low=1/19
WALTZ	5	14	Waltz	fremd_englisch	q=0/13 low=0/13
AFFAIRS	7	13	Affairs	fremd_englisch	q=0/13 low=1/13
ALTO	4	13	Alto	fremd_englisch	q=0/14 low=2/14
ARCHER	6	13	Archer	fremd_englisch	q=1/12 low=0/12
ARTISTS	7	13	Artists	fremd_englisch	q=1/15 low=0/15
BOLT	4	13	Bolt	fremd_englisch	q=0/14 low=0/14
BUTT	4	13	Butt	fremd_englisch	q=0/8 low=1/8
BYE	3	13	Bye	fremd_englisch	q=0/13 low=1/13
CANDY	5	13	Candy	fremd_englisch	q=0/10 low=0/10
CATERPILLAR	11	13	Caterpillar	fremd_englisch	q=0/9 low=0/9
CHRISTIE	8	13	Christie	fremd_englisch	q=0/11 low=0/11
COAL	4	13	Coal	fremd_englisch	q=0/13 low=0/13
COMMERCE	8	13	Commerce	fremd_englisch	q=2/60 low=5/60
COMPLEX	7	13	Complex	fremd_englisch	q=1/13 low=1/13
CRAZY	5	13	Crazy	fremd_englisch	q=0/12 low=0/12
CUT	3	13	Cut	fremd_englisch	q=1/15 low=0/15
EVENING	7	13	Evening	fremd_englisch	q=1/12 low=0/12
FEELING	7	13	Feeling	fremd_englisch	q=2/33 low=4/33
FOREVER	7	13	Forever	fremd_englisch	q=0/12 low=5/12
FULLER	6	13	Fuller	fremd_englisch	q=1/11 low=0/11
FUN	3	13	Fun	fremd_englisch	q=3/32 low=5/32
HARMS	5	13	Harms	fremd_englisch	q=1/12 low=0/12
HERALD	6	13	Herald	fremd_englisch	q=0/13 low=0/13
HULL	4	13	Hull	fremd_englisch	q=0/13 low=0/13
INDUSTRY	8	13	Industry	fremd_englisch	q=1/13 low=0/13
JAM	3	13	Jam	fremd_englisch	q=1/18 low=1/18
JOY	3	13	Joy	fremd_englisch	q=0/11 low=0/11
KNOWLEDGE	9	13	Knowledge	fremd_englisch	q=1/16 low=1/16
MERLE	5	13	Merle	fremd_englisch	q=0/9 low=0/9
NEXT	4	13	next	fremd_englisch	q=0/16 low=5/16
OIL	3	13	Oil	fremd_englisch	q=0/16 low=1/16
PAPRIKA	7	13	Paprika	fremd_englisch	q=1/13 low=0/13
PARSONS	7	13	Parsons	fremd_englisch	q=1/12 low=0/12
PEN	3	13	Pen	fremd_englisch	q=1/20 low=0/20
PORTER	6	13	Porter	fremd_englisch	q=0/12 low=0/12
PREMIUM	7	13	Premium	fremd_englisch	q=1/59 low=0/59
REPUBLIC	8	13	Republic	fremd_englisch	q=1/14 low=0/14
STAY	4	13	Stay	fremd_englisch	q=0/11 low=1/11
SUNNY	5	13	Sunny	fremd_englisch	q=0/10 low=1/10
WALKING	7	13	Walking	fremd_englisch	q=2/21 low=0/21
WEEKLY	6	13	Weekly	fremd_englisch	q=1/12 low=0/12
BISHOP	6	12	Bishop	fremd_englisch	q=1/12 low=0/12
BLADE	5	12	Blade	fremd_englisch	q=1/14 low=0/14
CHI	3	12	Chi	fremd_englisch	q=0/21 low=3/21
CHUCK	5	12	Chuck	fremd_englisch	q=0/11 low=0/11
CLARENCE	8	12	Clarence	fremd_englisch	q=0/9 low=0/9
COM	3	12	Com	fremd_englisch	q=1/30 low=6/30
CUMMINGS	8	12	Cummings	fremd_englisch	q=0/10 low=0/10
EARLY	5	12	Early	fremd_englisch	q=1/11 low=2/11
EGG	3	12	Egg	fremd_englisch	q=1/13 low=0/13
ELECTRONICS	11	12	Electronics	fremd_englisch	q=0/14 low=1/14
ENTERPRISES	11	12	Enterprises	fremd_englisch	q=0/12 low=0/12
ESPRIT	6	12	Esprit	fremd_englisch	q=1/12 low=0/12
ETHOS	5	12	Ethos	fremd_englisch	q=1/11 low=0/11
FLOW	4	12	Flow	fremd_englisch	q=1/32 low=5/32
FRANKFURTS	10	12	Frankfurts	fremd_englisch	q=0/11 low=0/11
FRY	3	12	Fry	fremd_englisch	q=0/10 low=0/10
GAGA	4	12	Gaga	fremd_englisch	q=0/11 low=3/11
GARDENS	7	12	Gardens	fremd_englisch	q=1/12 low=0/12
GOSPEL	6	12	Gospel	fremd_englisch	q=0/16 low=0/16
GUINEA	6	12	Guinea	fremd_englisch	q=0/16 low=0/16
HELIUM	6	12	Helium	fremd_englisch	q=0/16 low=0/16
HOLLY	5	12	Holly	fremd_englisch	q=1/12 low=0/12
JASPERS	7	12	Jaspers	fremd_englisch	q=0/14 low=0/14
KITTY	5	12	Kitty	fremd_englisch	q=0/10 low=0/10
LEGACY	6	12	Legacy	fremd_englisch	q=1/15 low=0/15
LIGHTNING	9	12	Lightning	fremd_englisch	q=1/12 low=0/12
LINES	5	12	Lines	fremd_englisch	q=0/12 low=0/12
MAKER	5	12	Maker	fremd_englisch	q=0/14 low=2/14
MARGUERITE	10	12	Marguerite	fremd_englisch	q=1/14 low=0/14
MARKS	5	12	Marks	fremd_englisch	q=1/12 low=0/12
MORALES	7	12	Morales	fremd_englisch	q=0/6 low=0/6
MORNING	7	12	Morning	fremd_englisch	q=0/14 low=0/14
POLITICAL	9	12	Political	fremd_englisch	q=1/12 low=2/12
PROPERTY	8	12	Property	fremd_englisch	q=1/12 low=1/12
PUMP	4	12	Pump	fremd_englisch	q=0/14 low=0/14
QUARTET	7	12	Quartet	fremd_englisch	q=0/12 low=0/12
RIGHTS	6	12	Rights	fremd_englisch	q=0/14 low=2/14
SANDS	5	12	Sands	fremd_englisch	q=1/12 low=0/12
SECONDARY	9	12	Secondary	fremd_englisch	q=1/12 low=0/12
SERGE	5	12	Serge	fremd_englisch	q=0/8 low=0/8
SHADOW	6	12	Shadow	fremd_englisch	q=1/14 low=0/14
SHIPPING	8	12	Shipping	fremd_englisch	q=1/13 low=0/13
SHIRT	5	12	Shirt	fremd_englisch	q=5/79 low=2/79
TORS	4	12	Tors	fremd_englisch	q=0/13 low=0/13
VERONICA	8	12	Veronica	fremd_englisch	q=0/8 low=0/8
VICE	4	12	vice	fremd_englisch	q=1/14 low=6/14
VIRGIN	6	12	Virgin	fremd_englisch	q=1/12 low=1/12
WIN	3	12	Win	fremd_englisch	q=0/22 low=0/22
BARKER	6	11	Barker	fremd_englisch	q=0/13 low=0/13
BASIN	5	11	Basin	fremd_englisch	q=0/11 low=1/11
BEL	3	11	Bel	fremd_englisch	q=0/17 low=3/17
BOMBARDIER	10	11	Bombardier	fremd_englisch	q=0/13 low=0/13
BUDDY	5	11	Buddy	fremd_englisch	q=0/16 low=1/16
BUY	3	11	Buy	fremd_englisch	q=0/24 low=1/24
CHEVRON	7	11	Chevron	fremd_englisch	q=0/9 low=0/9
CLOUD	5	11	Cloud	fremd_englisch	q=2/22 low=0/22
COCO	4	11	Coco	fremd_englisch	q=0/10 low=0/10
COMING	6	11	Coming	fremd_englisch	q=0/16 low=1/16
COMPANION	9	11	Companion	fremd_englisch	q=1/11 low=0/11
CRUISES	7	11	Cruises	fremd_englisch	q=0/11 low=0/11
DISTRICTS	9	11	Districts	fremd_englisch	q=1/11 low=1/11
DIXIE	5	11	Dixie	fremd_englisch	q=0/13 low=0/13
DOLLY	5	11	Dolly	fremd_englisch	q=0/10 low=0/10
FLICK	5	11	Flick	fremd_englisch	q=0/18 low=0/18
GABY	4	11	Gaby	fremd_englisch	q=0/9 low=0/9
GIN	3	11	Gin	fremd_englisch	q=1/11 low=0/11
HARRYS	6	11	Harrys	fremd_englisch	q=0/10 low=0/10
HERO	4	11	Hero	fremd_englisch	q=1/13 low=0/13
INDIGO	6	11	Indigo	fremd_englisch	q=1/12 low=0/12
JESS	4	11	Jess	fremd_englisch	q=0/7 low=0/7
LABORATORY	10	11	Laboratory	fremd_englisch	q=1/11 low=0/11
LATEX	5	11	Latex	fremd_englisch	q=0/17 low=0/17
LEADERSHIP	10	11	Leadership	fremd_englisch	q=0/12 low=0/12
MAGNESIUM	9	11	Magnesium	fremd_englisch	q=0/14 low=0/14
MAXWELL	7	11	Maxwell	fremd_englisch	q=0/10 low=0/10
NINE	4	11	Nine	fremd_englisch	q=1/11 low=0/11
NOEL	4	11	Noel	fremd_englisch	q=0/12 low=0/12
OLIVE	5	11	Olive	fremd_englisch	q=0/9 low=0/9
PEARL	5	11	Pearl	fremd_englisch	q=0/12 low=0/12
PHOSPHOR	8	11	Phosphor	fremd_englisch	q=1/12 low=0/12
PRIME	5	11	Prime	fremd_englisch	q=2/25 low=1/25
PRINT	5	11	Print	fremd_englisch	q=0/42 low=1/42
QUEENS	6	11	Queens	fremd_englisch	q=1/12 low=0/12
RELATIONS	9	11	Relations	fremd_englisch	q=0/17 low=2/17
RULE	4	11	Rule	fremd_englisch	q=1/12 low=1/12
SAMBA	5	11	Samba	fremd_englisch	q=0/18 low=1/18
SCORER	6	11	Scorer	fremd_englisch	q=0/13 low=0/13
SENNA	5	11	Senna	fremd_englisch	q=0/9 low=0/9
SHIRTS	6	11	Shirts	fremd_englisch	q=6/70 low=0/70
SISTERS	7	11	Sisters	fremd_englisch	q=1/11 low=0/11
STEP	4	11	Step	fremd_englisch	q=0/13 low=2/13
STOKE	5	11	Stoke	fremd_englisch	q=0/9 low=0/9
SUMMIT	6	11	Summit	fremd_englisch	q=1/12 low=0/12
TELL	4	11	Tell	fremd_englisch	q=0/10 low=0/10
TERRIER	7	11	Terrier	fremd_englisch	q=2/21 low=1/21
TIMOTHY	7	11	Timothy	fremd_englisch	q=0/10 low=0/10
TREK	4	11	Trek	fremd_englisch	q=1/19 low=0/19
TRIPOLIS	8	11	Tripolis	fremd_englisch	q=0/10 low=0/10
TRUMPS	6	11	Trumps	fremd_englisch	q=0/11 low=0/11
VOICE	5	11	Voice	fremd_englisch	q=1/24 low=1/24
WARNING	7	11	Warning	fremd_englisch	q=0/11 low=0/11
WATERLOO	8	11	Waterloo	fremd_englisch	q=1/11 low=0/11
WORTH	5	11	Worth	fremd_englisch	q=0/11 low=0/11
ARROWS	6	10	Arrows	fremd_englisch	q=0/9 low=0/9
ATTACK	6	10	Attack	fremd_englisch	q=1/15 low=1/15
BRAKE	5	10	Brake	fremd_englisch	q=0/10 low=0/10
CABLE	5	10	Cable	fremd_englisch	q=0/10 low=0/10
CAGE	4	10	Cage	fremd_englisch	q=0/9 low=0/9
CARGO	5	10	Cargo	fremd_englisch	q=0/18 low=1/18
CARPENTER	9	10	Carpenter	fremd_englisch	q=0/11 low=0/11
CORE	4	10	Core	fremd_englisch	q=3/32 low=3/32
CURRY	5	10	Curry	fremd_englisch	q=1/13 low=0/13
DASH	4	10	Dash	fremd_englisch	q=0/7 low=1/7
ECONOMY	7	10	Economy	fremd_englisch	q=0/14 low=2/14
EQUITY	6	10	Equity	fremd_englisch	q=2/29 low=0/29
GLUCOSE	7	10	Glucose	fremd_englisch	q=1/12 low=0/12
GURNEY	6	10	Gurney	fremd_englisch	q=0/9 low=0/9
HAMLET	6	10	Hamlet	fremd_englisch	q=1/11 low=0/11
HOPPER	6	10	Hopper	fremd_englisch	q=0/12 low=1/12
HOUR	4	10	Hour	fremd_englisch	q=1/13 low=2/13
KAIN	4	10	Kain	fremd_englisch	q=0/8 low=0/8
LAKES	5	10	Lakes	fremd_englisch	q=1/11 low=0/11
LEVIN	5	10	Levin	fremd_englisch	q=0/9 low=0/9
LION	4	10	Lion	fremd_englisch	q=1/11 low=0/11
LIPS	4	10	Lips	fremd_englisch	q=0/11 low=0/11
LONE	4	10	Lone	fremd_englisch	q=0/9 low=0/9
MAKE	4	10	Make	fremd_englisch	q=2/46 low=3/46
MANTUA	6	10	Mantua	fremd_englisch	q=0/10 low=0/10
MAR	3	10	Mar	fremd_englisch	q=0/9 low=1/9
MARL	4	10	Marl	fremd_englisch	q=0/9 low=0/9
MARTENS	7	10	Martens	fremd_englisch	q=0/9 low=0/9
MAXI	4	10	Maxi	fremd_englisch	q=2/21 low=0/21
MICKEY	6	10	Mickey	fremd_englisch	q=0/9 low=0/9
MILE	4	10	Mile	fremd_englisch	q=0/11 low=4/11
MONO	4	10	Mono	fremd_englisch	q=0/22 low=3/22
OASIS	5	10	Oasis	fremd_englisch	q=0/9 low=0/9
PAGES	5	10	Pages	fremd_englisch	q=0/10 low=1/10
PENG	4	10	Peng	fremd_englisch	q=0/6 low=1/6
PERFECT	7	10	Perfect	fremd_englisch	q=1/11 low=1/11
PETTER	6	10	Petter	fremd_englisch	q=0/7 low=0/7
PIT	3	10	Pit	fremd_englisch	q=1/11 low=1/11
PLACES	6	10	Places	fremd_englisch	q=0/10 low=0/10
POLLACK	7	10	Pollack	fremd_englisch	q=0/10 low=0/10
POPE	4	10	Pope	fremd_englisch	q=0/9 low=0/9
RALLY	5	10	Rally	fremd_englisch	q=1/17 low=0/17
REALITY	7	10	Reality	fremd_englisch	q=1/28 low=0/28
REEF	4	10	Reef	fremd_englisch	q=1/11 low=0/11
RESCUE	6	10	Rescue	fremd_englisch	q=0/12 low=0/12
RIDER	5	10	Rider	fremd_englisch	q=1/12 low=1/12
ROSES	5	10	Roses	fremd_englisch	q=0/8 low=1/8
ROW	3	10	Row	fremd_englisch	q=0/9 low=0/9
RULES	5	10	Rules	fremd_englisch	q=1/11 low=4/11
SHOT	4	10	Shot	fremd_englisch	q=1/12 low=5/12
SIMA	4	10	Sima	fremd_englisch	q=0/9 low=0/9
SODA	4	10	Soda	fremd_englisch	q=0/10 low=0/10
SOMETHING	9	10	Something	fremd_englisch	q=0/10 low=2/10
TONGA	5	10	Tonga	fremd_englisch	q=0/9 low=0/9
VISUAL	6	10	Visual	fremd_englisch	q=0/13 low=0/13
WEAVER	6	10	Weaver	fremd_englisch	q=0/8 low=0/8
AEROBIC	7	9	Aerobic	fremd_englisch	q=0/18 low=0/18
AGAINST	7	9	Against	fremd_englisch	q=0/9 low=1/9
AKIN	4	9	Akin	fremd_englisch	q=0/6 low=0/6
ANGELICA	8	9	Angelica	fremd_englisch	q=0/7 low=0/7
APPLES	6	9	Apples	fremd_englisch	q=0/5 low=1/5
BARROW	6	9	Barrow	fremd_englisch	q=0/9 low=0/9
BEAUTY	6	9	Beauty	fremd_englisch	q=0/19 low=0/19
BLOOM	5	9	Bloom	fremd_englisch	q=0/7 low=0/7
BUILDINGS	9	9	Buildings	fremd_englisch	q=0/10 low=1/10
CESAR	5	9	Cesar	fremd_englisch	q=0/8 low=0/8
CHANDLER	8	9	Chandler	fremd_englisch	q=0/7 low=0/7
CHAPEL	6	9	Chapel	fremd_englisch	q=0/9 low=0/9
CONCEPT	7	9	Concept	fremd_englisch	q=0/11 low=1/11
COOPERATION	11	9	Cooperation	fremd_englisch	q=0/9 low=0/9
COPPER	6	9	Copper	fremd_englisch	q=0/7 low=1/7
DAHL	4	9	Dahl	fremd_englisch	q=0/8 low=0/8
DERRICK	7	9	Derrick	fremd_englisch	q=0/7 low=0/7
ECSTASY	7	9	Ecstasy	fremd_englisch	q=1/12 low=0/12
ENTER	5	9	Enter	fremd_englisch	q=0/13 low=0/13
EXCEL	5	9	Excel	fremd_englisch	q=0/27 low=0/27
EXPERIENCE	10	9	Experience	fremd_englisch	q=0/8 low=1/8
FASHION	7	9	Fashion	fremd_englisch	q=0/10 low=0/10
FLOWERS	7	9	Flowers	fremd_englisch	q=0/7 low=0/7
FOLLOW	6	9	Follow	fremd_englisch	q=0/11 low=0/11
FORK	4	9	Fork	fremd_englisch	q=0/9 low=3/9
GAMBLE	6	9	Gamble	fremd_englisch	q=0/9 low=0/9
GOA	3	9	Goa	fremd_englisch	q=0/11 low=0/11
GOOGLES	7	9	Googles	fremd_englisch	q=0/4 low=0/4
HEATHER	7	9	Heather	fremd_englisch	q=0/8 low=0/8
HISTORICAL	10	9	Historical	fremd_englisch	q=0/9 low=1/9
HONEY	5	9	Honey	fremd_englisch	q=0/6 low=0/6
HOOK	4	9	Hook	fremd_englisch	q=0/8 low=0/8
HORA	4	9	Hora	fremd_englisch	q=0/8 low=3/8
KELVIN	6	9	Kelvin	fremd_englisch	q=0/9 low=0/9
KIRSCH	6	9	Kirsch	fremd_englisch	q=0/8 low=0/8
KNOLL	5	9	Knoll	fremd_englisch	q=0/7 low=0/7
KOS	3	9	Kos	fremd_englisch	q=0/9 low=0/9
LIES	4	9	Lies	fremd_englisch	q=0/7 low=0/7
LILO	4	9	Lilo	fremd_englisch	q=0/9 low=0/9
MARKET	6	9	Market	fremd_englisch	q=0/16 low=0/16
MATE	4	9	Mate	fremd_englisch	q=0/8 low=2/8
MOULIN	6	9	Moulin	fremd_englisch	q=0/12 low=0/12
MUM	3	9	Mum	fremd_englisch	q=0/7 low=0/7
NICKELODEON	11	9	Nickelodeon	fremd_englisch	q=1/11 low=0/11
OVATIONS	8	9	Ovations	fremd_englisch	q=0/10 low=0/10
PIET	4	9	Piet	fremd_englisch	q=0/8 low=0/8
PIQUET	6	9	Piquet	fremd_englisch	q=0/5 low=0/5
POPULAR	7	9	Popular	fremd_englisch	q=0/10 low=3/10
POWERS	6	9	Powers	fremd_englisch	q=0/7 low=0/7
PROVIDENCE	10	9	Providence	fremd_englisch	q=0/8 low=0/8
REEVES	6	9	Reeves	fremd_englisch	q=0/8 low=0/8
ROOT	4	9	Root	fremd_englisch	q=0/19 low=5/19
RUDD	4	9	Rudd	fremd_englisch	q=0/7 low=0/7
RUSTY	5	9	Rusty	fremd_englisch	q=0/6 low=0/6
SAID	4	9	Said	fremd_englisch	q=0/7 low=1/7
SALES	5	9	Sales	fremd_englisch	q=0/10 low=0/10
SAWYER	6	9	Sawyer	fremd_englisch	q=0/7 low=0/7
SCHLIEREN	9	9	Schlieren	fremd_englisch	q=0/9 low=0/9
SHAREWARE	9	9	Shareware	fremd_englisch	q=2/23 low=0/23
SLEEP	5	9	Sleep	fremd_englisch	q=0/11 low=3/11
SOAP	4	9	Soap	fremd_englisch	q=1/20 low=0/20
SPECTRUM	8	9	Spectrum	fremd_englisch	q=0/10 low=3/10
TAB	3	9	Tab	fremd_englisch	q=1/14 low=1/14
TREASURE	8	9	Treasure	fremd_englisch	q=0/9 low=1/9
TUCKER	6	9	Tucker	fremd_englisch	q=0/6 low=0/6
ULTRA	5	9	Ultra	fremd_englisch	q=1/24 low=7/24
VALENTINE	9	9	Valentine	fremd_englisch	q=0/5 low=0/5
WRITING	7	9	Writing	fremd_englisch	q=0/12 low=2/12
ABIGAIL	7	8	Abigail	fremd_englisch	q=0/5 low=0/5
ACHIEVEMENT	11	8	Achievement	fremd_englisch	q=0/8 low=0/8
ANYTHING	8	8	Anything	fremd_englisch	q=0/6 low=2/6
ARCHITECTS	10	8	Architects	fremd_englisch	q=0/8 low=0/8
AROUND	6	8	Around	fremd_englisch	q=0/15 low=6/15
ASSET	5	8	Asset	fremd_englisch	q=1/12 low=0/12
BANE	4	8	Bane	fremd_englisch	q=0/6 low=0/6
BARRIOS	7	8	Barrios	fremd_englisch	q=0/6 low=1/6
BATES	5	8	Bates	fremd_englisch	q=0/6 low=0/6
BEAN	4	8	Bean	fremd_englisch	q=0/6 low=0/6
BOAT	4	8	Boat	fremd_englisch	q=0/10 low=0/10
BODY	4	8	Body	fremd_englisch	q=2/21 low=2/21
BUSTER	6	8	Buster	fremd_englisch	q=0/5 low=0/5
CAIN	4	8	Cain	fremd_englisch	q=0/6 low=0/6
CARREFOUR	9	8	Carrefour	fremd_englisch	q=0/3 low=0/3
CATS	4	8	Cats	fremd_englisch	q=0/9 low=0/9
CHRISTIANS	10	8	Christians	fremd_englisch	q=0/4 low=0/4
CLEMENTS	8	8	Clements	fremd_englisch	q=0/8 low=0/8
CLOCK	5	8	clock	fremd_englisch	q=0/12 low=4/12
COOPERS	7	8	Coopers	fremd_englisch	q=0/7 low=0/7
CREATION	8	8	Creation	fremd_englisch	q=0/8 low=0/8
DANCING	7	8	Dancing	fremd_englisch	q=0/10 low=1/10
DAVENPORT	9	8	Davenport	fremd_englisch	q=0/6 low=0/6
DEADLINE	8	8	Deadline	fremd_englisch	q=0/6 low=0/6
DIFFERENT	9	8	Different	fremd_englisch	q=0/7 low=3/7
EDDY	4	8	Eddy	fremd_englisch	q=0/5 low=0/5
ESTER	5	8	Ester	fremd_englisch	q=0/10 low=0/10
FIREWALLS	9	8	Firewalls	fremd_englisch	q=0/5 low=0/5
FOODS	5	8	Foods	fremd_englisch	q=0/8 low=0/8
FRIEND	6	8	Friend	fremd_englisch	q=0/8 low=2/8
GALL	4	8	Gall	fremd_englisch	q=0/8 low=0/8
GEAR	4	8	Gear	fremd_englisch	q=0/9 low=1/9
GRAVES	6	8	Graves	fremd_englisch	q=0/6 low=0/6
HAZARD	6	8	Hazard	fremd_englisch	q=0/9 low=0/9
HAZEL	5	8	Hazel	fremd_englisch	q=0/4 low=0/4
HOST	4	8	Host	fremd_englisch	q=2/23 low=0/23
HYDRO	5	8	Hydro	fremd_englisch	q=0/9 low=0/9
INSPECTOR	9	8	Inspector	fremd_englisch	q=0/8 low=0/8
IVY	3	8	Ivy	fremd_englisch	q=0/9 low=0/9
JACOBUS	7	8	Jacobus	fremd_englisch	q=0/7 low=0/7
JEWEL	5	8	Jewel	fremd_englisch	q=0/9 low=0/9
JUMP	4	8	Jump	fremd_englisch	q=0/9 low=0/9
KANA	4	8	Kana	fremd_englisch	q=0/9 low=1/9
KRIS	4	8	Kris	fremd_englisch	q=0/7 low=0/7
LABS	4	8	Labs	fremd_englisch	q=0/9 low=0/9
LOOK	4	8	Look	fremd_englisch	q=0/18 low=1/18
MARZIPAN	8	8	Marzipan	fremd_englisch	q=1/12 low=0/12
MILO	4	8	Milo	fremd_englisch	q=0/6 low=0/6
MOBILITY	8	8	Mobility	fremd_englisch	q=0/7 low=0/7
NICE	4	8	Nice	fremd_englisch	q=0/7 low=1/7
NUCLEAR	7	8	Nuclear	fremd_englisch	q=0/10 low=0/10
OCHS	4	8	Ochs	fremd_englisch	q=0/8 low=0/8
OFFSHORE	8	8	Offshore	fremd_englisch	q=0/36 low=1/36
PAINT	5	8	Paint	fremd_englisch	q=0/8 low=1/8
PERES	5	8	Peres	fremd_englisch	q=0/5 low=0/5
POEMS	5	8	Poems	fremd_englisch	q=0/8 low=1/8
POLYESTER	9	8	Polyester	fremd_englisch	q=1/13 low=0/13
PREY	4	8	Prey	fremd_englisch	q=0/6 low=0/6
PRUDENTIAL	10	8	Prudential	fremd_englisch	q=0/3 low=0/3
PURPLE	6	8	Purple	fremd_englisch	q=0/9 low=0/9
RAILWAYS	8	8	Railways	fremd_englisch	q=0/8 low=1/8
RESIDENT	8	8	Resident	fremd_englisch	q=1/11 low=1/11
RESPONSE	8	8	Response	fremd_englisch	q=1/12 low=1/12
ROOTS	5	8	Roots	fremd_englisch	q=0/12 low=0/12
RUST	4	8	Rust	fremd_englisch	q=0/10 low=0/10
SANCTUARY	9	8	Sanctuary	fremd_englisch	q=0/8 low=0/8
SARTORIUS	9	8	Sartorius	fremd_englisch	q=0/5 low=0/5
SCHOOLS	7	8	Schools	fremd_englisch	q=0/8 low=3/8
SEDAN	5	8	Sedan	fremd_englisch	q=0/8 low=0/8
SELF	4	8	Self	fremd_englisch	q=1/15 low=3/15
SELL	4	8	Sell	fremd_englisch	q=0/10 low=0/10
SIMBA	5	8	Simba	fremd_englisch	q=0/9 low=0/9
SOFT	4	8	Soft	fremd_englisch	q=1/16 low=0/16
SONNY	5	8	Sonny	fremd_englisch	q=0/7 low=0/7
STYLES	6	8	Styles	fremd_englisch	q=0/9 low=0/9
TINE	4	8	Tine	fremd_englisch	q=0/4 low=0/4
TOPS	4	8	Tops	fremd_englisch	q=1/11 low=0/11
TRAVEL	6	8	Travel	fremd_englisch	q=0/11 low=1/11
TRIGGER	7	8	Trigger	fremd_englisch	q=0/9 low=0/9
VANILLA	7	8	Vanilla	fremd_englisch	q=0/8 low=0/8
WOODRUFF	8	8	Woodruff	fremd_englisch	q=0/6 low=0/6
AEROSPACE	9	7	Aerospace	fremd_englisch	q=0/8 low=0/8
ALABASTER	9	7	Alabaster	fremd_englisch	q=0/7 low=0/7
ANOTHER	7	7	Another	fremd_englisch	q=0/5 low=0/5
APROPOS	7	7	Apropos	fremd_englisch	q=0/4 low=0/4
ARTHRITIS	9	7	Arthritis	fremd_englisch	q=0/8 low=0/8
ARTILLERY	9	7	Artillery	fremd_englisch	q=0/7 low=0/7
AVERAGE	7	7	Average	fremd_englisch	q=0/7 low=1/7
BEARD	5	7	Beard	fremd_englisch	q=0/6 low=1/6
BECKS	5	7	Becks	fremd_englisch	q=0/6 low=0/6
BLESSING	8	7	Blessing	fremd_englisch	q=0/6 low=0/6
BOURNE	6	7	Bourne	fremd_englisch	q=0/7 low=0/7
BOWER	5	7	Bower	fremd_englisch	q=0/5 low=0/5
BRAIN	5	7	Brain	fremd_englisch	q=1/11 low=1/11
BRILL	5	7	Brill	fremd_englisch	q=0/7 low=0/7
BUNK	4	7	Bunk	fremd_englisch	q=0/7 low=0/7
CAMPOS	6	7	Campos	fremd_englisch	q=0/6 low=0/6
CARRIER	7	7	Carrier	fremd_englisch	q=1/12 low=0/12
CATHEDRAL	9	7	Cathedral	fremd_englisch	q=0/6 low=0/6
CHAIN	5	7	Chain	fremd_englisch	q=1/14 low=0/14
CHESS	5	7	Chess	fremd_englisch	q=0/7 low=0/7
CHOICE	6	7	Choice	fremd_englisch	q=0/13 low=4/13
CHROME	6	7	Chrome	fremd_englisch	q=1/12 low=0/12
COMBO	5	7	Combo	fremd_englisch	q=1/14 low=0/14
COMPOSER	8	7	Composer	fremd_englisch	q=1/11 low=0/11
CONNECTION	10	7	Connection	fremd_englisch	q=0/19 low=0/19
CORDOBA	7	7	Cordoba	fremd_englisch	q=0/6 low=0/6
COURTS	6	7	Courts	fremd_englisch	q=0/8 low=0/8
CRY	3	7	Cry	fremd_englisch	q=0/7 low=0/7
DERRY	5	7	Derry	fremd_englisch	q=0/7 low=0/7
DIRKS	5	7	Dirks	fremd_englisch	q=0/8 low=0/8
DISPUTE	7	7	Dispute	fremd_englisch	q=0/8 low=1/8
DIVING	6	7	Diving	fremd_englisch	q=0/8 low=0/8
DOCUMENT	8	7	Document	fremd_englisch	q=0/8 low=0/8
DOOR	4	7	Door	fremd_englisch	q=0/11 low=2/11
DUCK	4	7	Duck	fremd_englisch	q=0/8 low=0/8
ECLIPSE	7	7	Eclipse	fremd_englisch	q=0/8 low=0/8
EMBEDDED	8	7	Embedded	fremd_englisch	q=1/14 low=3/14
FEMME	5	7	Femme	fremd_englisch	q=0/5 low=1/5
FLUOR	5	7	Fluor	fremd_englisch	q=0/6 low=2/6
GARRET	6	7	Garret	fremd_englisch	q=0/7 low=0/7
GASSER	6	7	Gasser	fremd_englisch	q=0/5 low=0/5
GIVE	4	7	Give	fremd_englisch	q=0/8 low=1/8
GOODMAN	7	7	Goodman	fremd_englisch	q=0/5 low=0/5
GOVERNANCE	10	7	Governance	fremd_englisch	q=0/17 low=0/17
GRAYS	5	7	Grays	fremd_englisch	q=0/6 low=0/6
HALE	4	7	Hale	fremd_englisch	q=0/7 low=0/7
HARE	4	7	Hare	fremd_englisch	q=0/5 low=0/5
HEATH	5	7	Heath	fremd_englisch	q=0/7 low=0/7
HEEL	4	7	Heel	fremd_englisch	q=0/7 low=0/7
HOER	4	7	Hör	fremd_englisch	q=0/10 low=3/10
JUMBO	5	7	Jumbo	fremd_englisch	q=1/12 low=0/12
KEYWORDS	8	7	Keywords	fremd_englisch	q=0/6 low=0/6
KITCHEN	7	7	Kitchen	fremd_englisch	q=0/7 low=0/7
KREUTZER	8	7	Kreutzer	fremd_englisch	q=0/4 low=0/4
LANGUAGE	8	7	Language	fremd_englisch	q=0/7 low=1/7
LAY	3	7	Lay	fremd_englisch	q=0/5 low=0/5
LIVES	5	7	Lives	fremd_englisch	q=0/7 low=2/7
LUCK	4	7	Luck	fremd_englisch	q=0/6 low=0/6
MAGENTA	7	7	magenta	fremd_englisch	q=0/9 low=4/9
MAYOR	5	7	Mayor	fremd_englisch	q=0/7 low=2/7
MAYS	4	7	Mays	fremd_englisch	q=0/7 low=0/7
MIKES	5	7	Mikes	fremd_englisch	q=0/7 low=0/7
MORSE	5	7	Morse	fremd_englisch	q=0/8 low=0/8
NIGHTS	6	7	Nights	fremd_englisch	q=0/7 low=0/7
OOMPH	5	7	Oomph	fremd_englisch	q=0/7 low=0/7
PADRE	5	7	Padre	fremd_englisch	q=0/7 low=1/7
PARTS	5	7	Parts	fremd_englisch	q=0/11 low=0/11
PENDANTS	8	7	Pendants	fremd_englisch	q=1/11 low=0/11
PICTURE	7	7	Picture	fremd_englisch	q=0/9 low=2/9
PING	4	7	Ping	fremd_englisch	q=0/10 low=0/10
PLAYBOYS	8	7	Playboys	fremd_englisch	q=0/6 low=0/6
POLAR	5	7	Polar	fremd_englisch	q=0/13 low=3/13
POOR	4	7	Poor	fremd_englisch	q=0/8 low=3/8
POPPY	5	7	Poppy	fremd_englisch	q=0/5 low=0/5
PRIMUS	6	7	Primus	fremd_englisch	q=0/13 low=0/13
PROCTOR	7	7	Proctor	fremd_englisch	q=0/6 low=0/6
PROJECTS	8	7	Projects	fremd_englisch	q=0/7 low=0/7
RECORDINGS	10	7	Recordings	fremd_englisch	q=0/7 low=0/7
SHARED	6	7	Shared	fremd_englisch	q=1/11 low=2/11
SHEEN	5	7	Sheen	fremd_englisch	q=0/7 low=0/7
SHOWTIME	8	7	Showtime	fremd_englisch	q=0/6 low=0/6
SING	4	7	Sing	fremd_englisch	q=1/12 low=2/12
SINGERS	7	7	Singers	fremd_englisch	q=0/8 low=0/8
SULLY	5	7	Sully	fremd_englisch	q=0/7 low=0/7
SUMMERS	7	7	Summers	fremd_englisch	q=0/5 low=0/5
SWAMI	5	7	Swami	fremd_englisch	q=0/5 low=0/5
TABLE	5	7	Table	fremd_englisch	q=0/10 low=1/10
UNITY	5	7	Unity	fremd_englisch	q=0/7 low=0/7
UTENSIL	7	7	Utensil	fremd_englisch	q=0/8 low=0/8
UTOPIA	6	7	Utopia	fremd_englisch	q=0/6 low=0/6
VISITOR	7	7	Visitor	fremd_englisch	q=0/8 low=0/8
WELLNESS	8	7	Wellness	fremd_englisch	q=0/38 low=0/38
WICK	4	7	Wick	fremd_englisch	q=0/6 low=0/6
WON	3	7	Won	fremd_englisch	q=1/21 low=5/21
WONDERFUL	9	7	Wonderful	fremd_englisch	q=0/7 low=1/7
WORKERS	7	7	Workers	fremd_englisch	q=0/9 low=1/9
YORKS	5	7	Yorks	fremd_englisch	q=0/7 low=0/7
ADIEU	5	6	Adieu	fremd_englisch	q=0/6 low=1/6
ALLEY	5	6	Alley	fremd_englisch	q=0/6 low=0/6
ALUMNI	6	6	Alumni	fremd_englisch	q=1/14 low=0/14
ANNAS	5	6	Annas	fremd_englisch	q=0/5 low=0/5
BARBER	6	6	Barber	fremd_englisch	q=0/7 low=0/7
BASICS	6	6	Basics	fremd_englisch	q=0/6 low=0/6
BELT	4	6	Belt	fremd_englisch	q=0/7 low=1/7
BENZOL	6	6	Benzol	fremd_englisch	q=0/5 low=0/5
BETTER	6	6	Better	fremd_englisch	q=0/4 low=1/4
BINDING	7	6	Binding	fremd_englisch	q=0/3 low=1/3
BLISS	5	6	Bliss	fremd_englisch	q=0/5 low=0/5
BONES	5	6	Bones	fremd_englisch	q=0/7 low=0/7
BOO	3	6	Boo	fremd_englisch	q=0/6 low=0/6
BORDERS	7	6	Borders	fremd_englisch	q=0/5 low=1/5
BOURGEOIS	9	6	Bourgeois	fremd_englisch	q=0/6 low=1/6
BOWLER	6	6	Bowler	fremd_englisch	q=0/6 low=0/6
BOWMAN	6	6	Bowman	fremd_englisch	q=0/6 low=0/6
BREE	4	6	Bree	fremd_englisch	q=0/6 low=0/6
BROADCAST	9	6	Broadcast	fremd_englisch	q=0/6 low=0/6
BUFF	4	6	Buff	fremd_englisch	q=0/5 low=0/5
BUHL	4	6	Buhl	fremd_englisch	q=0/6 low=0/6
BULLOCK	7	6	Bullock	fremd_englisch	q=0/6 low=0/6
BURGESS	7	6	Burgess	fremd_englisch	q=0/6 low=0/6
BURGH	5	6	Burgh	fremd_englisch	q=0/6 low=0/6
CAMEL	5	6	Camel	fremd_englisch	q=0/4 low=0/4
CHAMBERLAIN	11	6	Chamberlain	fremd_englisch	q=0/5 low=0/5
CHICK	5	6	Chick	fremd_englisch	q=0/7 low=1/7
COPY	4	6	Copy	fremd_englisch	q=0/5 low=2/5
CRANE	5	6	Crane	fremd_englisch	q=0/6 low=0/6
CROW	4	6	Crow	fremd_englisch	q=0/6 low=0/6
DAM	3	6	Dam	fremd_englisch	q=0/7 low=1/7
DANGEROUS	9	6	Dangerous	fremd_englisch	q=0/5 low=0/5
DEMON	5	6	Demon	fremd_englisch	q=0/6 low=0/6
DIVERSITY	9	6	Diversity	fremd_englisch	q=0/4 low=0/4
DOBBIN	6	6	Dobbin	fremd_englisch	q=0/6 low=0/6
DRAPER	6	6	Draper	fremd_englisch	q=0/5 low=0/5
EMERALD	7	6	Emerald	fremd_englisch	q=0/5 low=0/5
ENEMY	5	6	Enemy	fremd_englisch	q=0/6 low=1/6
ESSAYIST	8	6	Essayist	fremd_englisch	q=0/6 low=0/6
FARINA	6	6	Farina	fremd_englisch	q=0/7 low=0/7
FIELDS	6	6	Fields	fremd_englisch	q=0/6 low=0/6
FLAK	4	6	Flak	fremd_englisch	q=0/18 low=0/18
FOUNDRY	7	6	Foundry	fremd_englisch	q=0/5 low=0/5
GRANGE	6	6	Grange	fremd_englisch	q=0/7 low=0/7
GRANTS	6	6	Grants	fremd_englisch	q=0/5 low=1/5
GRIMES	6	6	Grimes	fremd_englisch	q=0/5 low=0/5
GRIT	4	6	Grit	fremd_englisch	q=0/5 low=0/5
GROUPS	6	6	Groups	fremd_englisch	q=0/7 low=2/7
HALLS	5	6	Halls	fremd_englisch	q=0/5 low=0/5
HAWK	4	6	Hawk	fremd_englisch	q=0/6 low=0/6
HEAVYWEIGHT	11	6	Heavyweight	fremd_englisch	q=0/7 low=0/7
HENRYS	6	6	Henrys	fremd_englisch	q=0/6 low=0/6
HENS	4	6	Hens	fremd_englisch	q=0/5 low=0/5
HOOVER	6	6	Hoover	fremd_englisch	q=1/11 low=0/11
IDIOM	5	6	Idiom	fremd_englisch	q=0/5 low=0/5
INDIE	5	6	Indie	fremd_englisch	q=0/20 low=0/20
INDIES	6	6	Indies	fremd_englisch	q=0/7 low=0/7
INNING	6	6	Inning	fremd_englisch	q=0/6 low=0/6
INSTRUCTOR	10	6	Instructor	fremd_englisch	q=0/6 low=1/6
INVEST	6	6	Invest	fremd_englisch	q=1/11 low=0/11
JANES	5	6	Janes	fremd_englisch	q=0/7 low=0/7
KAKA	4	6	Kaka	fremd_englisch	q=0/3 low=0/3
KECK	4	6	Keck	fremd_englisch	q=0/6 low=1/6
KRONES	6	6	Krones	fremd_englisch	q=0/5 low=0/5
LAM	3	6	Lam	fremd_englisch	q=0/5 low=0/5
LAMPIONS	8	6	Lampions	fremd_englisch	q=0/5 low=0/5
LANDING	7	6	Landing	fremd_englisch	q=0/6 low=0/6
LARGO	5	6	Largo	fremd_englisch	q=0/6 low=0/6
LATE	4	6	Late	fremd_englisch	q=1/13 low=0/13
LEES	4	6	Lees	fremd_englisch	q=0/8 low=0/8
LIMP	4	6	Limp	fremd_englisch	q=0/3 low=0/3
LINN	4	6	Linn	fremd_englisch	q=0/5 low=0/5
LISLE	5	6	Lisle	fremd_englisch	q=0/5 low=0/5
LOCK	4	6	Lock	fremd_englisch	q=0/29 low=1/29
LONELY	6	6	Lonely	fremd_englisch	q=0/5 low=1/5
LOPES	5	6	Lopes	fremd_englisch	q=0/6 low=0/6
LOSS	4	6	Loss	fremd_englisch	q=0/13 low=2/13
MAPS	4	6	Maps	fremd_englisch	q=1/17 low=1/17
MARQUES	7	6	Marques	fremd_englisch	q=0/5 low=0/5
MARTIAL	7	6	Martial	fremd_englisch	q=0/9 low=0/9
MIRZA	5	6	Mirza	fremd_englisch	q=0/6 low=0/6
MORT	4	6	Mort	fremd_englisch	q=0/6 low=2/6
MURDER	6	6	Murder	fremd_englisch	q=0/7 low=0/7
NEAR	4	6	Near	fremd_englisch	q=0/5 low=0/5
NICKS	5	6	Nicks	fremd_englisch	q=0/6 low=0/6
NIRVANA	7	6	Nirvana	fremd_englisch	q=0/8 low=0/8
OPPORTUNITY	11	6	Opportunity	fremd_englisch	q=0/5 low=1/5
PAM	3	6	Pam	fremd_englisch	q=0/5 low=0/5
PARACETAMOL	11	6	Paracetamol	fremd_englisch	q=0/5 low=0/5
PATROL	6	6	Patrol	fremd_englisch	q=0/7 low=0/7
PATTEN	6	6	Patten	fremd_englisch	q=0/6 low=0/6
PEEP	4	6	Peep	fremd_englisch	q=0/7 low=0/7
PRIMO	5	6	Primo	fremd_englisch	q=0/5 low=0/5
PROTOCOL	8	6	Protocol	fremd_englisch	q=0/9 low=0/9
RACCOON	7	6	Raccoon	fremd_englisch	q=0/6 low=0/6
REACH	5	6	Reach	fremd_englisch	q=0/6 low=0/6
RECORDING	9	6	Recording	fremd_englisch	q=0/10 low=0/10
REGGAE	6	6	Reggae	fremd_englisch	q=1/14 low=0/14
RIEL	4	6	Riel	fremd_englisch	q=0/8 low=0/8
ROBBINS	7	6	Robbins	fremd_englisch	q=0/7 low=0/7
RODE	4	6	Rode	fremd_englisch	q=0/5 low=0/5
ROGUE	5	6	Rogue	fremd_englisch	q=0/7 low=0/7
ROSTER	6	6	Roster	fremd_englisch	q=0/6 low=0/6
SALAMIS	7	6	Salamis	fremd_englisch	q=0/6 low=0/6
SEROTONIN	9	6	Serotonin	fremd_englisch	q=0/6 low=0/6
SHIN	4	6	Shin	fremd_englisch	q=1/11 low=0/11
SHORE	5	6	Shore	fremd_englisch	q=0/10 low=0/10
SILENT	6	6	Silent	fremd_englisch	q=0/6 low=0/6
SLAVE	5	6	Slave	fremd_englisch	q=0/8 low=0/8
SLAYER	6	6	Slayer	fremd_englisch	q=0/7 low=0/7
SMALLTALK	9	6	Smalltalk	fremd_englisch	q=0/4 low=1/4
SORA	4	6	Sora	fremd_englisch	q=0/6 low=0/6
SPECIES	7	6	Species	fremd_englisch	q=0/6 low=1/6
SPHERE	6	6	Sphere	fremd_englisch	q=0/6 low=0/6
STEREO	6	6	Stereo	fremd_englisch	q=1/29 low=0/29
STOKES	6	6	Stokes	fremd_englisch	q=0/9 low=0/9
STORAGE	7	6	Storage	fremd_englisch	q=0/18 low=0/18
STORK	5	6	Stork	fremd_englisch	q=0/6 low=0/6
STRAW	5	6	Straw	fremd_englisch	q=0/4 low=0/4
STRONG	6	6	Strong	fremd_englisch	q=0/7 low=0/7
STUFF	5	6	Stuff	fremd_englisch	q=0/6 low=2/6
SUMMERTIME	10	6	Summertime	fremd_englisch	q=0/5 low=0/5
SUPPLY	6	6	Supply	fremd_englisch	q=0/8 low=0/8
TANG	4	6	Tang	fremd_englisch	q=1/17 low=0/17
THEOLOGICAL	11	6	Theological	fremd_englisch	q=0/6 low=0/6
THRASH	6	6	Thrash	fremd_englisch	q=1/11 low=0/11
TRASH	5	6	Trash	fremd_englisch	q=1/14 low=0/14
TRIBES	6	6	Tribes	fremd_englisch	q=0/6 low=2/6
VALVE	5	6	Valve	fremd_englisch	q=0/5 low=2/5
VELA	4	6	Vela	fremd_englisch	q=0/6 low=0/6
VELVET	6	6	Velvet	fremd_englisch	q=0/5 low=0/5
VICTIMS	7	6	Victims	fremd_englisch	q=0/6 low=1/6
VIOLET	6	6	Violet	fremd_englisch	q=0/4 low=0/4
VOICES	6	6	Voices	fremd_englisch	q=0/4 low=0/4
WAGONER	7	6	Wagoner	fremd_englisch	q=0/4 low=0/4
WAIN	4	6	Wain	fremd_englisch	q=0/5 low=0/5
WALKERS	7	6	Walkers	fremd_englisch	q=0/5 low=0/5
WELTER	6	6	Welter	fremd_englisch	q=0/5 low=0/5
WHEEL	5	6	Wheel	fremd_englisch	q=0/6 low=0/6
WINDOW	6	6	Window	fremd_englisch	q=1/13 low=0/13
WIRE	4	6	Wire	fremd_englisch	q=0/8 low=3/8
ZEE	3	6	ZEE	fremd_englisch	q=0/6 low=2/6
ACADEMIC	8	5	Academic	fremd_englisch	q=0/5 low=1/5
ACID	4	5	Acid	fremd_englisch	q=0/6 low=1/6
ADD	3	5	Add	fremd_englisch	q=2/25 low=2/25
AHEAD	5	5	Ahead	fremd_englisch	q=0/6 low=0/6
ALEPH	5	5	Aleph	fremd_englisch	q=0/8 low=0/8
ALONE	5	5	Alone	fremd_englisch	q=0/10 low=4/10
AMIGO	5	5	Amigo	fremd_englisch	q=0/4 low=0/4
AMMONIUM	8	5	Ammonium	fremd_englisch	q=0/7 low=0/7
ANIMA	5	5	Anima	fremd_englisch	q=0/5 low=0/5
ARENAS	6	5	Arenas	fremd_englisch	q=0/5 low=0/5
ARRAS	5	5	Arras	fremd_englisch	q=0/5 low=0/5
ASSISTANCE	10	5	Assistance	fremd_englisch	q=0/7 low=0/7
BARBIE	6	5	Barbie	fremd_englisch	q=0/6 low=0/6
BEFORE	6	5	Before	fremd_englisch	q=0/5 low=1/5
BENT	4	5	Bent	fremd_englisch	q=0/4 low=0/4
BETHEL	6	5	Bethel	fremd_englisch	q=0/5 low=0/5
BILLYS	6	5	Billys	fremd_englisch	q=0/5 low=0/5
BLACKS	6	5	Blacks	fremd_englisch	q=0/5 low=0/5
BOXING	6	5	Boxing	fremd_englisch	q=0/5 low=0/5
BRAWN	5	5	Brawn	fremd_englisch	q=0/4 low=0/4
BRAY	4	5	Bray	fremd_englisch	q=0/4 low=0/4
BRING	5	5	Bring	fremd_englisch	q=0/6 low=2/6
BULLY	5	5	Bully	fremd_englisch	q=0/5 low=0/5
CANONICAL	9	5	Canonical	fremd_englisch	q=0/3 low=0/3
CARINA	6	5	Carina	fremd_englisch	q=0/6 low=0/6
CARTERS	7	5	Carters	fremd_englisch	q=0/4 low=0/4
CHEZ	4	5	Chez	fremd_englisch	q=0/5 low=2/5
CHILIS	6	5	Chilis	fremd_englisch	q=0/4 low=0/4
CHINCHILLA	10	5	Chinchilla	fremd_englisch	q=0/6 low=1/6
COBALT	6	5	Cobalt	fremd_englisch	q=0/5 low=0/5
COLES	5	5	Coles	fremd_englisch	q=0/4 low=0/4
COLLEEN	7	5	Colleen	fremd_englisch	q=0/5 low=0/5
COOKS	5	5	Cooks	fremd_englisch	q=0/5 low=0/5
CRAFT	5	5	Craft	fremd_englisch	q=0/6 low=0/6
CROFT	5	5	Croft	fremd_englisch	q=0/7 low=0/7
CRUSADE	7	5	Crusade	fremd_englisch	q=0/5 low=0/5
CURLING	7	5	Curling	fremd_englisch	q=0/11 low=0/11
DEACON	6	5	Deacon	fremd_englisch	q=0/5 low=0/5
DEBUS	5	5	Debus	fremd_englisch	q=0/5 low=0/5
DELAY	5	5	Delay	fremd_englisch	q=0/8 low=2/8
DELFT	5	5	Delft	fremd_englisch	q=0/4 low=0/4
DELICIOUS	9	5	Delicious	fremd_englisch	q=0/6 low=0/6
DEMAND	6	5	Demand	fremd_englisch	q=0/20 low=0/20
DIRECTORY	9	5	Directory	fremd_englisch	q=0/10 low=0/10
DOLLS	5	5	Dolls	fremd_englisch	q=0/4 low=0/4
DREWS	5	5	Drews	fremd_englisch	q=0/6 low=0/6
DRIFT	5	5	Drift	fremd_englisch	q=0/6 low=0/6
DRIVER	6	5	Driver	fremd_englisch	q=0/4 low=0/4
DROSOPHILA	10	5	Drosophila	fremd_englisch	q=0/4 low=0/4
DYNAMITE	8	5	Dynamite	fremd_englisch	q=0/3 low=0/3
EFFECTS	7	5	Effects	fremd_englisch	q=0/6 low=1/6
EMERITUS	8	5	Emeritus	fremd_englisch	q=0/5 low=1/5
ERG	3	5	Erg	fremd_englisch	q=0/5 low=0/5
EVERS	5	5	Evers	fremd_englisch	q=0/5 low=0/5
EWERS	5	5	Ewers	fremd_englisch	q=0/5 low=0/5
FILLER	6	5	Filler	fremd_englisch	q=0/5 low=0/5
FITCH	5	5	Fitch	fremd_englisch	q=0/6 low=0/6
FLESH	5	5	Flesh	fremd_englisch	q=0/5 low=0/5
FOLIO	5	5	Folio	fremd_englisch	q=0/8 low=0/8
FUNKY	5	5	Funky	fremd_englisch	q=0/4 low=1/4
GAMING	6	5	Gaming	fremd_englisch	q=0/10 low=0/10
GARIBALDI	9	5	Garibaldi	fremd_englisch	q=0/5 low=0/5
GARLAND	7	5	Garland	fremd_englisch	q=0/4 low=0/4
GENET	5	5	Genet	fremd_englisch	q=0/4 low=0/4
GONE	4	5	Gone	fremd_englisch	q=0/4 low=0/4
GOODBYE	7	5	Goodbye	fremd_englisch	q=0/4 low=0/4
GOVERNOR	8	5	Governor	fremd_englisch	q=0/5 low=0/5
GRAPHICS	8	5	Graphics	fremd_englisch	q=0/7 low=0/7
GREENS	6	5	Greens	fremd_englisch	q=0/5 low=0/5
GROSZ	5	5	Grosz	fremd_englisch	q=0/6 low=0/6
GROVES	6	5	Groves	fremd_englisch	q=0/5 low=0/5
HAKIM	5	5	Hakim	fremd_englisch	q=0/4 low=0/4
HEALTHCARE	10	5	Healthcare	fremd_englisch	q=0/8 low=0/8
HECKLER	7	5	Heckler	fremd_englisch	q=0/3 low=0/3
HERDERS	7	5	Herders	fremd_englisch	q=0/5 low=0/5
HIP	3	5	hip	fremd_englisch	q=1/42 low=3/42
HOMES	5	5	Homes	fremd_englisch	q=0/5 low=0/5
HOUSES	6	5	Houses	fremd_englisch	q=0/5 low=0/5
HUFF	4	5	Huff	fremd_englisch	q=0/5 low=0/5
HUMBUG	6	5	Humbug	fremd_englisch	q=0/4 low=0/4
INSTRUCTION	11	5	Instruction	fremd_englisch	q=0/5 low=0/5
ISOMER	6	5	Isomer	fremd_englisch	q=0/6 low=1/6
JIMMYS	6	5	Jimmys	fremd_englisch	q=0/4 low=0/4
JUTE	4	5	Jute	fremd_englisch	q=0/5 low=0/5
KNUCKLES	8	5	Knuckles	fremd_englisch	q=0/5 low=0/5
LAB	3	5	Lab	fremd_englisch	q=0/6 low=0/6
LAWN	4	5	Lawn	fremd_englisch	q=0/5 low=0/5
LIE	3	5	Lie	fremd_englisch	q=0/9 low=1/9
LING	4	5	Ling	fremd_englisch	q=0/8 low=0/8
LISTS	5	5	Lists	fremd_englisch	q=0/5 low=1/5
LOG	3	5	log	fremd_englisch	q=0/13 low=4/13
LOGISTICS	9	5	Logistics	fremd_englisch	q=0/6 low=0/6
LOOS	4	5	Loos	fremd_englisch	q=0/5 low=0/5
LOTS	4	5	Lots	fremd_englisch	q=0/5 low=1/5
LUDO	4	5	Ludo	fremd_englisch	q=0/5 low=0/5
LUG	3	5	Lug	fremd_englisch	q=0/5 low=1/5
LULU	4	5	Lulu	fremd_englisch	q=0/4 low=0/4
LUNG	4	5	Lung	fremd_englisch	q=0/6 low=0/6
MANNING	7	5	Manning	fremd_englisch	q=0/3 low=0/3
MARCS	5	5	Marcs	fremd_englisch	q=0/5 low=0/5
MAT	3	5	Mat	fremd_englisch	q=0/7 low=0/7
MATS	4	5	Mats	fremd_englisch	q=0/4 low=1/4
MEAD	4	5	Mead	fremd_englisch	q=0/4 low=0/4
META	4	5	Meta	fremd_englisch	q=3/36 low=0/36
MICRO	5	5	Micro	fremd_englisch	q=0/30 low=0/30
MITHRIDATES	11	5	Mithridates	fremd_englisch	q=0/5 low=0/5
MITT	4	5	Mitt	fremd_englisch	q=0/4 low=1/4
MOREL	5	5	Morel	fremd_englisch	q=0/3 low=0/3
MORTGAGE	8	5	Mortgage	fremd_englisch	q=0/4 low=0/4
MUTTERS	7	5	Mutters	fremd_englisch	q=0/4 low=0/4
NOR	3	5	Nor	fremd_englisch	q=0/7 low=0/7
NOTEPAD	7	5	Notepad	fremd_englisch	q=0/4 low=0/4
OCTOPUS	7	5	Octopus	fremd_englisch	q=0/4 low=0/4
OFFICIAL	8	5	Official	fremd_englisch	q=0/5 low=0/5
ONCE	4	5	Once	fremd_englisch	q=0/8 low=0/8
OPINION	7	5	Opinion	fremd_englisch	q=0/4 low=0/4
ORGANIC	7	5	Organic	fremd_englisch	q=0/4 low=0/4
OUTPERFORM	10	5	Outperform	fremd_englisch	q=0/5 low=0/5
OVERSEAS	8	5	Overseas	fremd_englisch	q=0/5 low=0/5
PAINTBALL	9	5	Paintball	fremd_englisch	q=0/4 low=0/4
PAPERS	6	5	Papers	fremd_englisch	q=0/4 low=0/4
PATH	4	5	Path	fremd_englisch	q=0/6 low=0/6
PAY	3	5	Pay	fremd_englisch	q=1/33 low=2/33
PEACOCK	7	5	Peacock	fremd_englisch	q=0/6 low=0/6
PIGGY	5	5	Piggy	fremd_englisch	q=0/5 low=0/5
PIRATE	6	5	Pirate	fremd_englisch	q=0/9 low=0/9
PISCATOR	8	5	Piscator	fremd_englisch	q=0/5 low=0/5
PLAYOFF	7	5	Playoff	fremd_englisch	q=4/43 low=0/43
POMP	4	5	Pomp	fremd_englisch	q=0/4 low=0/4
POTASH	6	5	Potash	fremd_englisch	q=0/3 low=0/3
PRESSURE	8	5	Pressure	fremd_englisch	q=0/6 low=0/6
PRIEST	6	5	Priest	fremd_englisch	q=0/6 low=0/6
PRIORY	6	5	Priory	fremd_englisch	q=0/5 low=0/5
PRIVACY	7	5	Privacy	fremd_englisch	q=0/7 low=0/7
PUMAS	5	5	Pumas	fremd_englisch	q=0/4 low=0/4
PURCHASE	8	5	Purchase	fremd_englisch	q=0/4 low=0/4
RAFF	4	5	Raff	fremd_englisch	q=0/5 low=0/5
RAFFLES	7	5	Raffles	fremd_englisch	q=0/5 low=0/5
RAIDER	6	5	Raider	fremd_englisch	q=0/5 low=0/5
REPERTORY	9	5	Repertory	fremd_englisch	q=0/6 low=0/6
RETRO	5	5	Retro	fremd_englisch	q=1/17 low=3/17
RINK	4	5	Rink	fremd_englisch	q=0/4 low=0/4
ROBOT	5	5	Robot	fremd_englisch	q=0/7 low=1/7
RUFF	4	5	Ruff	fremd_englisch	q=0/5 low=0/5
SAD	3	5	Sad	fremd_englisch	q=0/5 low=0/5
SAKE	4	5	Sake	fremd_englisch	q=0/5 low=0/5
SAW	3	5	Saw	fremd_englisch	q=0/6 low=0/6
SEMINARY	8	5	Seminary	fremd_englisch	q=0/5 low=0/5
SENTINEL	8	5	Sentinel	fremd_englisch	q=0/8 low=0/8
SEPIA	5	5	Sepia	fremd_englisch	q=0/3 low=0/3
SHIELDS	7	5	Shields	fremd_englisch	q=0/5 low=0/5
SHIP	4	5	Ship	fremd_englisch	q=0/6 low=1/6
SHIPYARD	8	5	Shipyard	fremd_englisch	q=0/5 low=0/5
SHOOT	5	5	Shoot	fremd_englisch	q=0/4 low=1/4
SICK	4	5	Sick	fremd_englisch	q=0/3 low=1/3
SIGHTSEEING	11	5	Sightseeing	fremd_englisch	q=0/8 low=0/8
SILESIA	7	5	Silesia	fremd_englisch	q=0/5 low=0/5
SILK	4	5	Silk	fremd_englisch	q=0/5 low=0/5
SINGSPIELE	10	5	Singspiele	fremd_englisch	q=0/5 low=0/5
SINNER	6	5	Sinner	fremd_englisch	q=0/5 low=0/5
SISTER	6	5	Sister	fremd_englisch	q=0/4 low=0/4
SKATE	5	5	Skate	fremd_englisch	q=0/10 low=0/10
SLIPKNOT	8	5	Slipknot	fremd_englisch	q=0/5 low=0/5
SMITHS	6	5	Smiths	fremd_englisch	q=0/4 low=0/4
SOLITAIRE	9	5	Solitaire	fremd_englisch	q=0/5 low=0/5
SPARKS	6	5	Sparks	fremd_englisch	q=0/5 low=0/5
SPAT	4	5	Spat	fremd_englisch	q=0/5 low=0/5
STATISTICAL	11	5	Statistical	fremd_englisch	q=0/5 low=0/5
STOKER	6	5	Stoker	fremd_englisch	q=0/4 low=0/4
STONER	6	5	Stoner	fremd_englisch	q=0/3 low=0/3
SWATCH	6	5	Swatch	fremd_englisch	q=0/9 low=0/9
TARN	4	5	Tarn	fremd_englisch	q=0/6 low=0/6
TARO	4	5	Taro	fremd_englisch	q=0/4 low=0/4
TEARS	5	5	Tears	fremd_englisch	q=0/5 low=0/5
THERAPY	7	5	Therapy	fremd_englisch	q=0/5 low=1/5
UMBRA	5	5	Umbra	fremd_englisch	q=0/5 low=0/5
UNDERWOOD	9	5	Underwood	fremd_englisch	q=0/3 low=0/3
UNIVERSE	8	5	Universe	fremd_englisch	q=0/4 low=0/4
USEFUL	6	5	Useful	fremd_englisch	q=0/5 low=2/5
VAIL	4	5	Vail	fremd_englisch	q=0/4 low=0/4
VALENCE	7	5	Valence	fremd_englisch	q=0/5 low=0/5
VEHICLES	8	5	Vehicles	fremd_englisch	q=0/5 low=2/5
VESTA	5	5	Vesta	fremd_englisch	q=0/5 low=1/5
VITAL	5	5	vital	fremd_englisch	q=0/7 low=3/7
WANTED	6	5	WANTED	fremd_englisch	q=0/4 low=1/4
WIDGETS	7	5	Widgets	fremd_englisch	q=0/5 low=0/5
WIKIS	5	5	Wikis	fremd_englisch	q=0/4 low=0/4
WILT	4	5	Wilt	fremd_englisch	q=0/3 low=1/3
WORLDWIDE	9	5	Worldwide	fremd_englisch	q=0/6 low=2/6
ALSO	4	6667	also	fremd_funktionswort	ALSO
THE	3	1585	The	fremd_funktionswort	THE
NEW	3	858	New	fremd_funktionswort	NEW
HER	3	606	her	fremd_funktionswort	HER
AND	3	575	and	fremd_funktionswort	AND
VAN	3	396	van	fremd_funktionswort	VAN
NOT	3	261	Not	fremd_funktionswort	NOT
FOR	3	235	for	fremd_funktionswort	FOR
DEL	3	195	del	fremd_funktionswort	DEL
YOU	3	149	You	fremd_funktionswort	YOU
THESE	5	121	These	fremd_funktionswort	THESE
LOVE	4	109	Love	fremd_funktionswort	LOVE
LES	3	89	Les	fremd_funktionswort	LES
ONE	3	77	One	fremd_funktionswort	ONE
FROM	4	73	from	fremd_funktionswort	FROM
TIME	4	68	Time	fremd_funktionswort	TIME
MAY	3	66	May	fremd_funktionswort	MAY
DELLA	5	64	della	fremd_funktionswort	DELLA
OUT	3	61	Out	fremd_funktionswort	OUT
DAY	3	58	Day	fremd_funktionswort	DAY
WITH	4	57	with	fremd_funktionswort	WITH
YOUR	4	50	Your	fremd_funktionswort	YOUR
THAT	4	44	That	fremd_funktionswort	THAT
QUO	3	42	quo	fremd_funktionswort	QUO
MORE	4	41	More	fremd_funktionswort	MORE
HEY	3	40	Hey	fremd_funktionswort	HEY
JUST	4	40	Just	fremd_funktionswort	JUST
DEI	3	36	dei	fremd_funktionswort	DEI
GOOD	4	34	Good	fremd_funktionswort	GOOD
WHAT	4	34	What	fremd_funktionswort	WHAT
THIS	4	33	This	fremd_funktionswort	THIS
CAN	3	32	Can	fremd_funktionswort	CAN
ARE	3	31	are	fremd_funktionswort	ARE
HOW	3	31	How	fremd_funktionswort	HOW
OVER	4	28	Over	fremd_funktionswort	OVER
WHY	3	28	Why	fremd_funktionswort	WHY
GET	3	25	Get	fremd_funktionswort	GET
HIS	3	25	His	fremd_funktionswort	HIS
OUR	3	23	Our	fremd_funktionswort	OUR
AFTER	5	22	After	fremd_funktionswort	AFTER
NOW	3	22	Now	fremd_funktionswort	NOW
SUR	3	22	sur	fremd_funktionswort	SUR
WAY	3	22	Way	fremd_funktionswort	WAY
TWO	3	20	Two	fremd_funktionswort	TWO
WHEN	4	19	When	fremd_funktionswort	WHEN
LIKE	4	18	Like	fremd_funktionswort	LIKE
ABOUT	5	17	about	fremd_funktionswort	ABOUT
SHE	3	17	She	fremd_funktionswort	SHE
HAVE	4	16	Have	fremd_funktionswort	HAVE
THERE	5	16	there	fremd_funktionswort	THERE
CUM	3	15	cum	fremd_funktionswort	CUM
PAR	3	15	par	fremd_funktionswort	PAR
QUI	3	15	qui	fremd_funktionswort	QUI
ARS	3	14	Ars	fremd_funktionswort	ARS
BUT	3	13	But	fremd_funktionswort	BUT
CON	3	13	Con	fremd_funktionswort	CON
GOT	3	13	Got	fremd_funktionswort	GOT
HERE	4	13	Here	fremd_funktionswort	HERE
THAN	4	13	Than	fremd_funktionswort	THAN
LET	3	11	Let	fremd_funktionswort	LET
PARA	4	11	para	fremd_funktionswort	PARA
HIM	3	10	him	fremd_funktionswort	HIM
INTO	4	10	into	fremd_funktionswort	INTO
ONLY	4	10	Only	fremd_funktionswort	ONLY
THEY	4	10	they	fremd_funktionswort	THEY
VERY	4	10	Very	fremd_funktionswort	VERY
WHERE	5	10	Where	fremd_funktionswort	WHERE
IUS	3	9	ius	fremd_funktionswort	IUS
ANY	3	8	any	fremd_funktionswort	ANY
POUR	4	8	pour	fremd_funktionswort	POUR
YES	3	8	Yes	fremd_funktionswort	YES
DOES	4	7	Does	fremd_funktionswort	DOES
THEM	4	7	them	fremd_funktionswort	THEM
WERE	4	7	Were	fremd_funktionswort	WERE
DANS	4	6	dans	fremd_funktionswort	DANS
HAS	3	6	has	fremd_funktionswort	HAS
POR	3	6	por	fremd_funktionswort	POR
THEN	4	6	Then	fremd_funktionswort	THEN
DEGLI	5	5	degli	fremd_funktionswort	DEGLI
QUE	3	5	que	fremd_funktionswort	QUE
SUCH	4	5	Such	fremd_funktionswort	SUCH
UNIVERSITY	10	188	University	fremd_kontext	en_nb=55/193
LIFE	4	85	Life	fremd_kontext	en_nb=27/103
ACADEMY	7	73	Academy	fremd_kontext	en_nb=19/75
EARL	4	63	Earl	fremd_kontext	en_nb=36/63
BEST	4	55	Best	fremd_kontext	en_nb=50/87
WELCOME	7	51	Welcome	fremd_kontext	en_nb=41/51
LAW	3	50	Law	fremd_kontext	en_nb=18/54
DEPARTMENT	10	44	Department	fremd_kontext	en_nb=20/47
DEATH	5	42	Death	fremd_kontext	en_nb=13/51
AMERICA	7	39	America	fremd_kontext	en_nb=15/47
DUKE	4	39	Duke	fremd_kontext	en_nb=14/42
HISTORY	7	36	History	fremd_kontext	en_nb=15/43
SPIRIT	6	35	Spirit	fremd_kontext	en_nb=13/36
AUSTRALIA	9	31	Australia	fremd_kontext	en_nb=9/31
TECHNOLOGY	10	31	Technology	fremd_kontext	en_nb=12/33
YEAR	4	27	Year	fremd_kontext	en_nb=24/31
AFRICA	6	26	Africa	fremd_kontext	en_nb=7/28
CALL	4	26	Call	fremd_kontext	en_nb=24/93
LORDS	5	25	Lords	fremd_kontext	en_nb=12/26
COME	4	24	Come	fremd_kontext	en_nb=7/24
FAME	4	24	Fame	fremd_kontext	en_nb=24/25
FEDERATION	10	23	Federation	fremd_kontext	en_nb=8/25
INDIA	5	23	India	fremd_kontext	en_nb=7/27
NAVAL	5	23	Naval	fremd_kontext	en_nb=6/23
WOMEN	5	23	Women	fremd_kontext	en_nb=9/23
BUREAU	6	22	Bureau	fremd_kontext	en_nb=8/22
COMMONS	7	22	Commons	fremd_kontext	en_nb=13/25
HEART	5	22	Heart	fremd_kontext	en_nb=9/22
FIVE	4	21	Five	fremd_kontext	en_nb=11/31
FRIENDS	7	21	Friends	fremd_kontext	en_nb=10/23
THREE	5	21	Three	fremd_kontext	en_nb=8/27
WANNA	5	21	Wanna	fremd_kontext	en_nb=8/22
AGE	3	20	Age	fremd_kontext	en_nb=9/26
KISS	4	20	Kiss	fremd_kontext	en_nb=6/22
SECRETARY	9	20	Secretary	fremd_kontext	en_nb=11/21
BATTLE	6	19	Battle	fremd_kontext	en_nb=9/26
FINE	4	19	Fine	fremd_kontext	en_nb=6/20
WANT	4	19	Want	fremd_kontext	en_nb=11/19
CONGRESS	8	18	Congress	fremd_kontext	en_nb=5/19
FACE	4	18	Face	fremd_kontext	en_nb=17/32
HISTORIC	8	18	Historic	fremd_kontext	en_nb=5/18
SONS	4	18	Sons	fremd_kontext	en_nb=7/18
CULTURE	7	17	Culture	fremd_kontext	en_nb=9/17
BEYOND	6	16	Beyond	fremd_kontext	en_nb=11/17
ECONOMIC	8	16	Economic	fremd_kontext	en_nb=7/17
ECONOMICS	9	16	Economics	fremd_kontext	en_nb=7/18
GOD	3	16	God	fremd_kontext	en_nb=6/16
LANCASTER	9	16	Lancaster	fremd_kontext	en_nb=4/16
MEDICINE	8	16	Medicine	fremd_kontext	en_nb=6/18
TRANSLATION	11	16	Translation	fremd_kontext	en_nb=4/16
WORK	4	16	Work	fremd_kontext	en_nb=7/24
BEAUTIFUL	9	15	Beautiful	fremd_kontext	en_nb=5/15
CHRISTMAS	9	15	Christmas	fremd_kontext	en_nb=4/15
DICTIONARY	10	15	Dictionary	fremd_kontext	en_nb=6/16
GUARDIAN	8	15	Guardian	fremd_kontext	en_nb=7/15
KINGDOM	7	15	Kingdom	fremd_kontext	en_nb=4/15
BRITAIN	7	14	Britain	fremd_kontext	en_nb=5/14
LEGEND	6	14	Legend	fremd_kontext	en_nb=6/14
MOVE	4	14	Move	fremd_kontext	en_nb=5/18
SCOTLAND	8	14	Scotland	fremd_kontext	en_nb=8/17
STUDY	5	14	Study	fremd_kontext	en_nb=4/14
TRUTH	5	14	Truth	fremd_kontext	en_nb=7/15
CHILDREN	8	13	Children	fremd_kontext	en_nb=5/13
IRELAND	7	13	Ireland	fremd_kontext	en_nb=7/13
MARQUESS	8	13	Marquess	fremd_kontext	en_nb=5/13
READY	5	13	Ready	fremd_kontext	en_nb=8/20
SAY	3	13	Say	fremd_kontext	en_nb=4/13
THEORY	6	13	Theory	fremd_kontext	en_nb=4/14
ULTIMATE	8	13	Ultimate	fremd_kontext	en_nb=6/14
ADVENTURES	10	12	Adventures	fremd_kontext	en_nb=4/14
ENVIRONMENT	11	12	Environment	fremd_kontext	en_nb=4/14
GOVERNMENT	10	12	Government	fremd_kontext	en_nb=7/17
INSIDE	6	12	Inside	fremd_kontext	en_nb=5/19
KNIGHTS	7	12	Knights	fremd_kontext	en_nb=4/13
MIDDLE	6	12	Middle	fremd_kontext	en_nb=5/16
MOTHER	6	12	Mother	fremd_kontext	en_nb=5/13
OTHER	5	12	Other	fremd_kontext	en_nb=9/12
RIGHT	5	12	Right	fremd_kontext	en_nb=6/14
ROOKIE	6	12	Rookie	fremd_kontext	en_nb=6/23
ROUND	5	12	Round	fremd_kontext	en_nb=5/15
WILDLIFE	8	12	Wildlife	fremd_kontext	en_nb=3/12
ATHENS	6	11	Athens	fremd_kontext	en_nb=3/11
SILENCE	7	11	Silence	fremd_kontext	en_nb=4/12
BONE	4	10	Bone	fremd_kontext	en_nb=6/10
BUILT	5	10	Built	fremd_kontext	en_nb=4/11
EYES	4	10	Eyes	fremd_kontext	en_nb=3/12
FAT	3	10	Fat	fremd_kontext	en_nb=3/12
HEAVEN	6	10	Heaven	fremd_kontext	en_nb=4/10
HEROES	6	10	Heroes	fremd_kontext	en_nb=3/11
LEAVE	5	10	Leave	fremd_kontext	en_nb=5/10
PEERAGE	7	10	Peerage	fremd_kontext	en_nb=7/10
PROTECTION	10	10	Protection	fremd_kontext	en_nb=3/12
REMEMBER	8	10	Remember	fremd_kontext	en_nb=4/11
SKIN	4	10	Skin	fremd_kontext	en_nb=3/11
SURVEY	6	10	Survey	fremd_kontext	en_nb=3/10
TOGETHER	8	10	Together	fremd_kontext	en_nb=3/11
WALK	4	10	Walk	fremd_kontext	en_nb=3/10
APPLIED	7	9	Applied	fremd_kontext	en_nb=6/9
CHEMISTRY	9	9	Chemistry	fremd_kontext	en_nb=3/9
CRIME	5	9	Crime	fremd_kontext	en_nb=3/9
EVIDENCE	8	9	Evidence	fremd_kontext	en_nb=6/9
FUNCTION	8	9	function	fremd_kontext	en_nb=5/9
MEDAL	5	9	Medal	fremd_kontext	en_nb=4/10
METHOD	6	9	Method	fremd_kontext	en_nb=3/9
NEED	4	9	Need	fremd_kontext	en_nb=4/9
PHYSICS	7	9	Physics	fremd_kontext	en_nb=4/9
PRIDE	5	9	Pride	fremd_kontext	en_nb=6/9
RISE	4	9	Rise	fremd_kontext	en_nb=3/9
TRIBUTE	7	9	Tribute	fremd_kontext	en_nb=4/13
USE	3	9	Use	fremd_kontext	en_nb=4/15
WITHOUT	7	9	without	fremd_kontext	en_nb=3/9
ALF	3	8	Alf	fremd_kontext	en_nb=2/8
ARCHAEOLOGY	11	8	Archaeology	fremd_kontext	en_nb=4/8
CLASSICS	8	8	Classics	fremd_kontext	en_nb=2/8
CLIMATE	7	8	Climate	fremd_kontext	en_nb=2/8
COLONY	6	8	Colony	fremd_kontext	en_nb=4/8
COMPLETE	8	8	Complete	fremd_kontext	en_nb=3/9
CRISIS	6	8	Crisis	fremd_kontext	en_nb=4/10
CURE	4	8	Cure	fremd_kontext	en_nb=5/8
DESTINY	7	8	Destiny	fremd_kontext	en_nb=2/8
DOING	5	8	Doing	fremd_kontext	en_nb=2/8
DREAMS	6	8	Dreams	fremd_kontext	en_nb=3/9
ENJOY	5	8	Enjoy	fremd_kontext	en_nb=4/8
EVERYTHING	10	8	Everything	fremd_kontext	en_nb=4/9
FLOWER	6	8	Flower	fremd_kontext	en_nb=3/10
GUARDIANS	9	8	Guardians	fremd_kontext	en_nb=4/8
HANDBOOK	8	8	Handbook	fremd_kontext	en_nb=6/8
HEAR	4	8	Hear	fremd_kontext	en_nb=6/8
HEARTS	6	8	Hearts	fremd_kontext	en_nb=3/8
ISLE	4	8	Isle	fremd_kontext	en_nb=3/8
KILL	4	8	Kill	fremd_kontext	en_nb=2/8
LETTERS	7	8	Letters	fremd_kontext	en_nb=3/9
LITERATURE	10	8	Literature	fremd_kontext	en_nb=4/8
LUCIFER	7	8	Lucifer	fremd_kontext	en_nb=2/8
RIDE	4	8	Ride	fremd_kontext	en_nb=7/15
SENATE	6	8	Senate	fremd_kontext	en_nb=3/8
THAMES	6	8	Thames	fremd_kontext	en_nb=2/8
TOMORROW	8	8	Tomorrow	fremd_kontext	en_nb=4/9
TUCSON	6	8	Tucson	fremd_kontext	en_nb=2/8
VORSILBE	8	8	Vorsilbe	fremd_kontext	en_nb=2/8
WEEK	4	8	Week	fremd_kontext	en_nb=3/8
YOURSELF	8	8	yourself	fremd_kontext	en_nb=8/13
ACTING	6	7	Acting	fremd_kontext	en_nb=2/8
ANATOMY	7	7	Anatomy	fremd_kontext	en_nb=3/7
APPEAL	6	7	Appeal	fremd_kontext	en_nb=4/12
BIRTH	5	7	Birth	fremd_kontext	en_nb=3/7
BOROUGH	7	7	Borough	fremd_kontext	en_nb=2/7
BUCKET	6	7	Bucket	fremd_kontext	en_nb=2/7
CERTIFICATE	11	7	Certificate	fremd_kontext	en_nb=4/7
CLASSICAL	9	7	Classical	fremd_kontext	en_nb=3/7
DIRECTORS	9	7	Directors	fremd_kontext	en_nb=3/7
EARLDOM	7	7	Earldom	fremd_kontext	en_nb=2/7
EVER	4	7	Ever	fremd_kontext	en_nb=2/7
FALLING	7	7	Falling	fremd_kontext	en_nb=2/7
FATHER	6	7	Father	fremd_kontext	en_nb=3/7
GENUS	5	7	Genus	fremd_kontext	en_nb=2/7
GLORY	5	7	Glory	fremd_kontext	en_nb=2/7
GOING	5	7	Going	fremd_kontext	en_nb=2/8
HATE	4	7	Hate	fremd_kontext	en_nb=2/7
IDENTITY	8	7	Identity	fremd_kontext	en_nb=2/7
LANGUAGES	9	7	Languages	fremd_kontext	en_nb=2/7
LEGENDS	7	7	Legends	fremd_kontext	en_nb=5/7
MIGHTY	6	7	Mighty	fremd_kontext	en_nb=3/7
MINISERIE	9	7	Miniserie	fremd_kontext	en_nb=2/8
MINISTRY	8	7	Ministry	fremd_kontext	en_nb=4/7
MOORS	5	7	Moors	fremd_kontext	en_nb=2/7
MORAY	5	7	Moray	fremd_kontext	en_nb=2/7
MUST	4	7	Must	fremd_kontext	en_nb=7/12
NOTHING	7	7	Nothing	fremd_kontext	en_nb=5/7
OFFICERS	8	7	Officers	fremd_kontext	en_nb=2/7
ORIGIN	6	7	Origin	fremd_kontext	en_nb=4/10
PLASTIC	7	7	Plastic	fremd_kontext	en_nb=2/7
PUNKBAND	8	7	Punkband	fremd_kontext	en_nb=2/7
RHYTHM	6	7	Rhythm	fremd_kontext	en_nb=4/8
THANKS	6	7	Thanks	fremd_kontext	en_nb=3/7
VOID	4	7	Void	fremd_kontext	en_nb=4/7
WINE	4	7	Wine	fremd_kontext	en_nb=2/8
ANCIENT	7	6	Ancient	fremd_kontext	en_nb=3/6
BURNING	7	6	Burning	fremd_kontext	en_nb=3/8
CATALOGUE	9	6	catalogue	fremd_kontext	en_nb=2/6
CRIMSON	7	6	Crimson	fremd_kontext	en_nb=2/6
DEFENDER	8	6	Defender	fremd_kontext	en_nb=2/6
DESIRE	6	6	Desire	fremd_kontext	en_nb=2/6
EAT	3	6	Eat	fremd_kontext	en_nb=5/6
ELEPHANT	8	6	Elephant	fremd_kontext	en_nb=2/6
FATE	4	6	Fate	fremd_kontext	en_nb=2/6
FEAR	4	6	Fear	fremd_kontext	en_nb=2/8
FIRTH	5	6	Firth	fremd_kontext	en_nb=2/6
FUCK	4	6	Fuck	fremd_kontext	en_nb=2/6
GREETINGS	9	6	Greetings	fremd_kontext	en_nb=5/6
GUILD	5	6	Guild	fremd_kontext	en_nb=2/6
HAPPINESS	9	6	Happiness	fremd_kontext	en_nb=2/6
HUNGRY	6	6	Hungry	fremd_kontext	en_nb=2/6
INVADERS	8	6	Invaders	fremd_kontext	en_nb=2/7
JEWELS	6	6	Jewels	fremd_kontext	en_nb=2/6
MANPOWER	8	6	Manpower	fremd_kontext	en_nb=2/6
MEDIEVAL	8	6	Medieval	fremd_kontext	en_nb=3/6
MEET	4	6	Meet	fremd_kontext	en_nb=4/6
MONDAY	6	6	Monday	fremd_kontext	en_nb=2/6
MONK	4	6	Monk	fremd_kontext	en_nb=2/6
OWN	3	6	Own	fremd_kontext	en_nb=3/6
PHILOSOPHY	10	6	Philosophy	fremd_kontext	en_nb=5/6
REMIXES	7	6	Remixes	fremd_kontext	en_nb=2/6
SCARS	5	6	Scars	fremd_kontext	en_nb=2/6
SHADOWS	7	6	Shadows	fremd_kontext	en_nb=2/6
THANK	5	6	Thank	fremd_kontext	en_nb=6/6
TREES	5	6	Trees	fremd_kontext	en_nb=2/7
TRIBE	5	6	Tribe	fremd_kontext	en_nb=2/8
UNCLE	5	6	Uncle	fremd_kontext	en_nb=2/6
VISIONS	7	6	Visions	fremd_kontext	en_nb=2/8
VISIT	5	6	Visit	fremd_kontext	en_nb=2/6
WAITING	7	6	Waiting	fremd_kontext	en_nb=4/6
WARDEN	6	6	Warden	fremd_kontext	en_nb=2/8
WRONG	5	6	Wrong	fremd_kontext	en_nb=2/6
YEAH	4	6	Yeah	fremd_kontext	en_nb=2/6
ABSENCE	7	5	Absence	fremd_kontext	en_nb=4/5
ADMIRALTY	9	5	Admiralty	fremd_kontext	en_nb=4/6
ANTHOLOGY	9	5	Anthology	fremd_kontext	en_nb=2/6
BEAST	5	5	Beast	fremd_kontext	en_nb=2/5
BELIEVE	7	5	Believe	fremd_kontext	en_nb=2/5
BELOW	5	5	Below	fremd_kontext	en_nb=2/6
BIRDS	5	5	Birds	fremd_kontext	en_nb=3/5
BLETCHLEY	9	5	Bletchley	fremd_kontext	en_nb=2/5
BRIDGEWATER	11	5	Bridgewater	fremd_kontext	en_nb=2/5
BRUSSELS	8	5	Brussels	fremd_kontext	en_nb=2/6
CHEERS	6	5	Cheers	fremd_kontext	en_nb=2/5
CLINIC	6	5	Clinic	fremd_kontext	en_nb=2/5
CONFLICT	8	5	Conflict	fremd_kontext	en_nb=2/5
COULD	5	5	Could	fremd_kontext	en_nb=2/5
CULT	4	5	Cult	fremd_kontext	en_nb=3/6
DESPAIR	7	5	Despair	fremd_kontext	en_nb=3/5
DIALOGUE	8	5	Dialogue	fremd_kontext	en_nb=2/5
DOCUMENTARY	11	5	Documentary	fremd_kontext	en_nb=2/5
DOMESTIC	8	5	Domestic	fremd_kontext	en_nb=2/5
FEEL	4	5	Feel	fremd_kontext	en_nb=2/7
FISH	4	5	Fish	fremd_kontext	en_nb=2/7
FORTH	5	5	Forth	fremd_kontext	en_nb=3/7
GRAPHIC	7	5	Graphic	fremd_kontext	en_nb=3/7
HEADS	5	5	Heads	fremd_kontext	en_nb=2/6
HONOR	5	5	Honor	fremd_kontext	en_nb=2/6
HORRORFILM	10	5	Horrorfilm	fremd_kontext	en_nb=2/6
KENYA	5	5	Kenya	fremd_kontext	en_nb=2/7
LEMON	5	5	Lemon	fremd_kontext	en_nb=2/5
LETTER	6	5	Letter	fremd_kontext	en_nb=2/7
MASTERING	9	5	Mastering	fremd_kontext	en_nb=2/6
MEMORIES	8	5	Memories	fremd_kontext	en_nb=3/5
MIRACLE	7	5	Miracle	fremd_kontext	en_nb=4/5
MOLECULAR	9	5	Molecular	fremd_kontext	en_nb=2/5
MOVING	6	5	Moving	fremd_kontext	en_nb=2/7
NAILS	5	5	Nails	fremd_kontext	en_nb=2/5
NEWTOWN	7	5	Newtown	fremd_kontext	en_nb=3/5
NOWHERE	7	5	Nowhere	fremd_kontext	en_nb=2/5
PIECE	5	5	Piece	fremd_kontext	en_nb=3/7
POETS	5	5	Poets	fremd_kontext	en_nb=2/7
PROCEEDINGS	11	5	Proceedings	fremd_kontext	en_nb=2/5
PROOF	5	5	Proof	fremd_kontext	en_nb=3/8
RISK	4	5	Risk	fremd_kontext	en_nb=2/6
SMILE	5	5	smile	fremd_kontext	en_nb=2/5
STRANGER	8	5	Stranger	fremd_kontext	en_nb=2/5
TROPICAL	8	5	Tropical	fremd_kontext	en_nb=2/5
TUNE	4	5	Tune	fremd_kontext	en_nb=2/5
WOLVES	6	5	Wolves	fremd_kontext	en_nb=2/5
MDAX	4	442	MDax	manuell_ausgeschlossen	
MAX	3	395	Max	manuell_ausgeschlossen	
DAX	3	352	Dax	manuell_ausgeschlossen	
SITE	4	149	Site	manuell_ausgeschlossen	
BEN	3	141	Ben	manuell_ausgeschlossen	
DPA	3	128	dpa	manuell_ausgeschlossen	
LAKE	4	117	Lake	manuell_ausgeschlossen	
AUDI	4	101	Audi	manuell_ausgeschlossen	
PAGE	4	101	Page	manuell_ausgeschlossen	
EAST	4	89	East	manuell_ausgeschlossen	
TOWN	4	88	Town	manuell_ausgeschlossen	
DATO	4	87	dato	manuell_ausgeschlossen	
RAU	3	84	Rau	manuell_ausgeschlossen	
NAVY	4	76	Navy	manuell_ausgeschlossen	
OLD	3	75	Old	manuell_ausgeschlossen	
RUE	3	70	Rue	manuell_ausgeschlossen	
FREE	4	60	Free	manuell_ausgeschlossen	
WARD	4	60	Ward	manuell_ausgeschlossen	
LUKE	4	59	Luke	manuell_ausgeschlossen	
BOIS	4	57	Bois	manuell_ausgeschlossen	
KIDS	4	56	Kids	manuell_ausgeschlossen	
GAME	4	54	Game	manuell_ausgeschlossen	
IBN	3	50	ibn	manuell_ausgeschlossen	
EBAY	4	48	Ebay	manuell_ausgeschlossen	
GROS	4	48	Gros	manuell_ausgeschlossen	
RUNS	4	48	Runs	manuell_ausgeschlossen	
WARS	4	45	Wars	manuell_ausgeschlossen	
REX	3	44	Rex	manuell_ausgeschlossen	
NET	3	43	Net	manuell_ausgeschlossen	
TEN	3	41	Ten	manuell_ausgeschlossen	
HAAG	4	40	Haag	manuell_ausgeschlossen	
SDAX	4	39	SDAX	manuell_ausgeschlossen	
ARMY	4	36	Army	manuell_ausgeschlossen	
RUN	3	35	Run	manuell_ausgeschlossen	
SEAT	4	35	Seat	manuell_ausgeschlossen	
VAL	3	34	Val	manuell_ausgeschlossen	
XENA	4	34	Xena	manuell_ausgeschlossen	
MAO	3	33	Mao	manuell_ausgeschlossen	
NEN	3	33	nen	manuell_ausgeschlossen	
MIA	3	32	Mia	manuell_ausgeschlossen	
NAD	3	32	nad	manuell_ausgeschlossen	
DOS	3	31	dos	manuell_ausgeschlossen	
TYPE	4	29	Type	manuell_ausgeschlossen	
ALMA	4	28	Alma	manuell_ausgeschlossen	
MONT	4	27	Mont	manuell_ausgeschlossen	
ANNO	4	26	Anno	manuell_ausgeschlossen	
SUCO	4	26	Suco	manuell_ausgeschlossen	
OFF	3	25	Off	manuell_ausgeschlossen	
ALA	3	24	Ala	manuell_ausgeschlossen	
ARTE	4	24	Arte	manuell_ausgeschlossen	
CASA	4	24	Casa	manuell_ausgeschlossen	
EDGE	4	24	Edge	manuell_ausgeschlossen	
EGER	4	24	Eger	manuell_ausgeschlossen	
LAC	3	24	Lac	manuell_ausgeschlossen	
PIA	3	24	Pia	manuell_ausgeschlossen	
TASK	4	24	Task	manuell_ausgeschlossen	
BOG	3	23	bog	manuell_ausgeschlossen	
EST	3	23	est	manuell_ausgeschlossen	
KEEP	4	23	Keep	manuell_ausgeschlossen	
MOB	3	23	Mob	manuell_ausgeschlossen	
MOSE	4	23	Mose	manuell_ausgeschlossen	
BEK	3	22	bek	manuell_ausgeschlossen	
MARE	4	22	Mare	manuell_ausgeschlossen	
OOE	3	22	oö	manuell_ausgeschlossen	
ROME	4	22	Rome	manuell_ausgeschlossen	
XBOX	4	22	Xbox	manuell_ausgeschlossen	
ZEUS	4	22	Zeus	manuell_ausgeschlossen	
OTS	3	21	ots	manuell_ausgeschlossen	
ACE	3	20	ACE	manuell_ausgeschlossen	
ANNI	4	20	Anni	manuell_ausgeschlossen	
CHE	3	20	Che	manuell_ausgeschlossen	
IFA	3	20	Ifa	manuell_ausgeschlossen	
MAP	3	19	Map	manuell_ausgeschlossen	
SURE	4	19	Sure	manuell_ausgeschlossen	
COPA	4	18	Copa	manuell_ausgeschlossen	
NICH	4	18	nich	manuell_ausgeschlossen	
TAXA	4	18	Taxa	manuell_ausgeschlossen	
ASTA	4	17	Asta	manuell_ausgeschlossen	
ICON	4	17	Icon	manuell_ausgeschlossen	
BORG	4	16	Borg	manuell_ausgeschlossen	
EMMY	4	16	Emmy	manuell_ausgeschlossen	
EROS	4	16	Eros	manuell_ausgeschlossen	
ASUS	4	15	Asus	manuell_ausgeschlossen	
DEPP	4	15	Depp	manuell_ausgeschlossen	
HEAT	4	15	Heat	manuell_ausgeschlossen	
LIG	3	15	Lig	manuell_ausgeschlossen	
TAO	3	15	Tao	manuell_ausgeschlossen	
HOFS	4	14	Hofs	manuell_ausgeschlossen	
SEGA	4	14	Sega	manuell_ausgeschlossen	
YALE	4	14	Yale	manuell_ausgeschlossen	
BOCA	4	13	Boca	manuell_ausgeschlossen	
TWIN	4	13	Twin	manuell_ausgeschlossen	
BALZ	4	12	Balz	manuell_ausgeschlossen	
CIMA	4	12	Cima	manuell_ausgeschlossen	
CUBE	4	12	Cube	manuell_ausgeschlossen	
KEYS	4	12	Keys	manuell_ausgeschlossen	
KIA	3	12	Kia	manuell_ausgeschlossen	
MOTO	4	12	Moto	manuell_ausgeschlossen	
TEES	4	12	Tees	manuell_ausgeschlossen	
AUX	3	11	aux	manuell_ausgeschlossen	
DISC	4	11	Disc	manuell_ausgeschlossen	
DOME	4	11	Dome	manuell_ausgeschlossen	
GUTS	4	11	Guts	manuell_ausgeschlossen	
KFOR	4	11	Kfor	manuell_ausgeschlossen	
NEZ	3	11	Nez	manuell_ausgeschlossen	
PENN	4	11	Penn	manuell_ausgeschlossen	
RAJA	4	11	Raja	manuell_ausgeschlossen	
RENZ	4	11	Renz	manuell_ausgeschlossen	
SOLD	4	11	Sold	manuell_ausgeschlossen	
UFA	3	11	Ufa	manuell_ausgeschlossen	
BAE	3	10	BAe	manuell_ausgeschlossen	
BATH	4	10	Bath	manuell_ausgeschlossen	
GRTE	4	10	grte	manuell_ausgeschlossen	
HATS	4	10	hats	manuell_ausgeschlossen	
HYDE	4	10	Hyde	manuell_ausgeschlossen	
JETZ	4	10	jetz	manuell_ausgeschlossen	
JUNO	4	10	Juno	manuell_ausgeschlossen	
LAGO	4	10	Lago	manuell_ausgeschlossen	
REDS	4	10	Reds	manuell_ausgeschlossen	
REGA	4	10	Rega	manuell_ausgeschlossen	
RUTA	4	10	Ruta	manuell_ausgeschlossen	
SANA	4	10	Sana	manuell_ausgeschlossen	
SPE	3	10	spe	manuell_ausgeschlossen	
SWAN	4	10	Swan	manuell_ausgeschlossen	
TURN	4	10	Turn	manuell_ausgeschlossen	
VIAG	4	10	Viag	manuell_ausgeschlossen	
APPS	4	19	Apps	zu_selten	freq=19<20
GAP	3	19	Gap	zu_selten	freq=19<20
KEY	3	19	Key	zu_selten	freq=19<20
CHUR	4	18	Chur	zu_selten	ortsname
ERGO	4	18	Ergo	zu_selten	freq=18<20
FIS	3	18	FIS	zu_selten	freq=18<20
LAU	3	18	Lau	zu_selten	freq=18<20
SIN	3	18	Sin	zu_selten	freq=18<20
WAT	3	18	Wat	zu_selten	freq=18<20
ACRE	4	17	Acre	zu_selten	freq=17<20
FINN	4	17	Finn	zu_selten	freq=17<20
OZON	4	17	Ozon	zu_selten	freq=17<20
SEN	3	17	Sen	zu_selten	freq=17<20
WEI	3	17	Wei	zu_selten	freq=17<20
CALW	4	16	Calw	zu_selten	ortsname
EKEL	4	16	Ekel	zu_selten	freq=16<20
GONG	4	16	Gong	zu_selten	freq=16<20
KANG	4	16	Kang	zu_selten	freq=16<20
POL	3	16	Pol	zu_selten	freq=16<20
RAI	3	16	Rai	zu_selten	freq=16<20
RAUH	4	16	rauh	zu_selten	freq=16<20
RUM	3	16	Rum	zu_selten	freq=16<20
TRUE	4	16	True	zu_selten	freq=16<20
DOHA	4	15	Doha	zu_selten	ortsname
FAR	3	15	Far	zu_selten	freq=15<20
GOES	4	15	goes	zu_selten	freq=15<20
MAHL	4	15	Mahl	zu_selten	freq=15<20
RAIL	4	15	Rail	zu_selten	freq=15<20
SEH	3	15	seh	zu_selten	freq=15<20
SIAM	4	15	Siam	zu_selten	ortsname
SLIP	4	15	Slip	zu_selten	freq=15<20
TROG	4	15	Trog	zu_selten	freq=15<20
UNNA	4	15	Unna	zu_selten	ortsname
VOS	3	15	Vos	zu_selten	freq=15<20
ALLA	4	14	Alla	zu_selten	freq=14<20
BAHR	4	14	Bahr	zu_selten	freq=14<20
BAKU	4	14	Baku	zu_selten	ortsname
CIAO	4	14	Ciao	zu_selten	freq=14<20
GENS	4	14	Gens	zu_selten	freq=14<20
GRUB	4	14	grub	zu_selten	freq=14<20
HEGE	4	14	Hege	zu_selten	freq=14<20
HEUT	4	14	Heut	zu_selten	freq=14<20
KATZ	4	14	Katz	zu_selten	freq=14<20
LEX	3	14	Lex	zu_selten	freq=14<20
MANU	4	14	Manu	zu_selten	freq=14<20
ORAL	4	14	oral	zu_selten	freq=14<20
PRIV	4	14	Priv	zu_selten	freq=14<20
SUHL	4	14	Suhl	zu_selten	ortsname
URS	3	14	Urs	zu_selten	ortsname
BETE	4	13	bete	zu_selten	freq=13<20
COOP	4	13	Coop	zu_selten	freq=13<20
EGO	3	13	Ego	zu_selten	freq=13<20
GEH	3	13	Geh	zu_selten	freq=13<20
GLOS	4	13	Glos	zu_selten	freq=13<20
HAM	3	13	ham	zu_selten	freq=13<20
ICHS	4	13	Ichs	zu_selten	freq=13<20
ISNY	4	13	Isny	zu_selten	ortsname
MEL	3	13	Mel	zu_selten	freq=13<20
NED	3	13	Ned	zu_selten	freq=13<20
NUT	3	13	Nut	zu_selten	freq=13<20
PICK	4	13	Pick	zu_selten	freq=13<20
PICS	4	13	Pics	zu_selten	freq=13<20
QUID	4	13	Quid	zu_selten	freq=13<20
RENO	4	13	Reno	zu_selten	ortsname
ROI	3	13	Roi	zu_selten	freq=13<20
TAZ	3	13	taz	zu_selten	freq=13<20
TOGO	4	13	Togo	zu_selten	ortsname
VALE	4	13	Vale	zu_selten	freq=13<20
WEHE	4	13	Wehe	zu_selten	freq=13<20
ZEHE	4	13	Zehe	zu_selten	freq=13<20
ALE	3	12	Ale	zu_selten	freq=12<20
DET	3	12	Det	zu_selten	freq=12<20
EASY	4	12	Easy	zu_selten	freq=12<20
HOLD	4	12	hold	zu_selten	freq=12<20
IOWA	4	12	Iowa	zu_selten	ortsname
LOHR	4	12	Lohr	zu_selten	ortsname
LUNA	4	12	Luna	zu_selten	freq=12<20
MAK	3	12	Mak	zu_selten	freq=12<20
OLPE	4	12	Olpe	zu_selten	ortsname
PACE	4	12	Pace	zu_selten	freq=12<20
REES	4	12	Rees	zu_selten	ortsname
REI	3	12	Rei	zu_selten	freq=12<20
SIC	3	12	sic	zu_selten	freq=12<20
COL	3	11	Col	zu_selten	freq=11<20
DEAR	4	11	Dear	zu_selten	freq=11<20
ESCH	4	11	Esch	zu_selten	freq=11<20
FER	3	11	fer	zu_selten	freq=11<20
FIDE	4	11	FIDE	zu_selten	freq=11<20
FLY	3	11	Fly	zu_selten	freq=11<20
GEHN	4	11	gehn	zu_selten	freq=11<20
HET	3	11	het	zu_selten	freq=11<20
ISCH	4	11	isch	zu_selten	freq=11<20
KAN	3	11	Kan	zu_selten	freq=11<20
KEHL	4	11	Kehl	zu_selten	ortsname
LAOS	4	11	Laos	zu_selten	ortsname
LOOP	4	11	Loop	zu_selten	freq=11<20
MAU	3	11	mau	zu_selten	freq=11<20
MOIN	4	11	Moin	zu_selten	freq=11<20
NIMM	4	11	Nimm	zu_selten	freq=11<20
PEPE	4	11	Pepe	zu_selten	freq=11<20
POD	3	11	Pod	zu_selten	freq=11<20
WEIS	4	11	Weis	zu_selten	freq=11<20
WERL	4	11	Werl	zu_selten	ortsname
WISE	4	11	Wise	zu_selten	freq=11<20
AHL	3	10	AHL	zu_selten	freq=10<20
ARAB	4	10	Arab	zu_selten	freq=10<20
BAKR	4	10	Bakr	zu_selten	freq=10<20
CAEN	4	10	Caen	zu_selten	ortsname
CASS	4	10	Cass	zu_selten	freq=10<20
DENK	4	10	Denk	zu_selten	freq=10<20
DIS	3	10	Dis	zu_selten	freq=10<20
DROP	4	10	Drop	zu_selten	freq=10<20
HUI	3	10	Hui	zu_selten	freq=10<20
ITS	3	10	ITS	zu_selten	freq=10<20
MOM	3	10	Mom	zu_selten	freq=10<20
NIT	3	10	nit	zu_selten	freq=10<20
OTW	3	10	Otw	zu_selten	ortsname
READ	4	10	Read	zu_selten	freq=10<20
SEAL	4	10	Seal	zu_selten	freq=10<20
SER	3	10	Ser	zu_selten	freq=10<20
SID	3	10	Sid	zu_selten	freq=10<20
TAUT	4	10	taut	zu_selten	freq=10<20
TER	3	10	Ter	zu_selten	freq=10<20
UNA	3	10	Una	zu_selten	freq=10<20
ABFLAUEN	8	9	Abflauen	zu_selten	freq=9<10
ABGLEITEN	9	9	Abgleiten	zu_selten	freq=9<10
ABRATEN	7	9	abraten	zu_selten	freq=9<10
ABREISEN	8	9	abreisen	zu_selten	freq=9<10
ABWASCHEN	9	9	Abwaschen	zu_selten	freq=9<10
ACHTZIGERN	10	9	Achtzigern	zu_selten	freq=9<10
ADEN	4	9	Aden	zu_selten	freq=9<20
ADRIANA	7	9	Adriana	zu_selten	freq=9<10
AKA	3	9	aka	zu_selten	freq=9<20
ALBION	6	9	Albion	zu_selten	freq=9<10
ALLGEM	6	9	Allgem	zu_selten	freq=9<10
ALWAYS	6	9	Always	zu_selten	freq=9<10
AMBER	5	9	Amber	zu_selten	freq=9<10
AMOR	4	9	Amor	zu_selten	freq=9<20
AMSTETTEN	9	9	Amstetten	zu_selten	freq=9<10
ANDEUTUNGEN	11	9	Andeutungen	zu_selten	freq=9<10
ANGELPUNKT	10	9	Angelpunkt	zu_selten	freq=9<10
ANHEIZEN	8	9	anheizen	zu_selten	freq=9<10
ANKLAENGE	9	9	Anklänge	zu_selten	freq=9<10
ANSTAENDIGE	11	9	anständige	zu_selten	freq=9<10
ANTHOLOGIEN	11	9	Anthologien	zu_selten	freq=9<10
ANYA	4	9	Anya	zu_selten	freq=9<20
APPARATUREN	11	9	Apparaturen	zu_selten	freq=9<10
ARGEN	5	9	Argen	zu_selten	freq=9<10
ASSYRISCHE	10	9	assyrische	zu_selten	freq=9<10
AUFBLUEHEN	10	9	Aufblühen	zu_selten	freq=9<10
AUFFRISCHEN	11	9	auffrischen	zu_selten	freq=9<10
AUFRUESTEN	10	9	aufrüsten	zu_selten	freq=9<10
AUSHAENGEN	10	9	Aushängen	zu_selten	freq=9<10
AUSHARREN	9	9	ausharren	zu_selten	freq=9<10
AUSROLLEN	9	9	ausrollen	zu_selten	freq=9<10
AUSSETZER	9	9	Aussetzer	zu_selten	freq=9<10
AUSTRICKSEN	11	9	austricksen	zu_selten	freq=9<10
BAAL	4	9	Baal	zu_selten	freq=9<10 (starker Beleg)
BACHBLUETEN	11	9	Bachblüten	zu_selten	freq=9<10
BADE	4	9	Bade	zu_selten	freq=9<10 (starker Beleg)
BADISCHES	9	9	Badisches	zu_selten	freq=9<10
BAERTIGE	8	9	bärtige	zu_selten	freq=9<10
BAFF	4	9	baff	zu_selten	freq=9<10 (starker Beleg)
BALLAST	7	9	Ballast	zu_selten	freq=9<10
BARTSTREIF	10	9	Bartstreif	zu_selten	freq=9<10
BAUMKRONEN	10	9	Baumkronen	zu_selten	freq=9<10
BAUTECHNIK	10	9	Bautechnik	zu_selten	freq=9<10
BEDRAENGTEN	11	9	bedrängten	zu_selten	freq=9<10
BEGABTEN	8	9	begabten	zu_selten	freq=9<10
BELLINZONA	10	9	Bellinzona	zu_selten	ortsname
BENSBERG	8	9	Bensberg	zu_selten	ortsname
BER	3	9	ber	zu_selten	freq=9<10 (starker Beleg)
BERATENDEN	10	9	beratenden	zu_selten	freq=9<10
BERITTENE	9	9	berittene	zu_selten	freq=9<10
BERTIE	6	9	Bertie	zu_selten	freq=9<10
BESCHLAGEN	10	9	Beschlagen	zu_selten	freq=9<10
BETREUTES	9	9	betreutes	zu_selten	freq=9<10
BIBLISCHER	10	9	biblischer	zu_selten	freq=9<10
BIEBER	6	9	Bieber	zu_selten	ortsname
BIEBERNHEIM	11	9	Biebernheim	zu_selten	ortsname
BILDSTRECKE	11	9	Bildstrecke	zu_selten	freq=9<10
BINGEN	6	9	Bingen	zu_selten	ortsname
BLANKEN	7	9	blanken	zu_selten	freq=9<10
BLEIB	5	9	Bleib	zu_selten	freq=9<10
BODENNAEHE	10	9	Bodennähe	zu_selten	ortsname
BOESCHUNGEN	11	9	Böschungen	zu_selten	freq=9<10
BRANDSAETZE	11	9	Brandsätze	zu_selten	freq=9<10
BREMSANLAGE	11	9	Bremsanlage	zu_selten	freq=9<10
BRIGHTON	8	9	Brighton	zu_selten	ortsname
BRUCHSTEIN	10	9	Bruchstein	zu_selten	ortsname
BRUENETTE	9	9	brünette	zu_selten	freq=9<10
BRUSTSEITE	10	9	Brustseite	zu_selten	freq=9<10
BUEREN	6	9	Büren	zu_selten	freq=9<10
BUGATTI	7	9	Bugatti	zu_selten	freq=9<10
CHARKIW	7	9	Charkiw	zu_selten	ortsname
CHEMINS	7	9	Chemins	zu_selten	freq=9<10
CITIZEN	7	9	Citizen	zu_selten	freq=9<10
CLAIR	5	9	Clair	zu_selten	freq=9<10
CLARAS	6	9	Claras	zu_selten	ortsname
CLERK	5	9	Clerk	zu_selten	freq=9<10
CODA	4	9	Coda	zu_selten	freq=9<20
COMDIRECT	9	9	Comdirect	zu_selten	freq=9<10
CONNORS	7	9	Connors	zu_selten	freq=9<10
CORK	4	9	Cork	zu_selten	freq=9<10 (starker Beleg)
CORTES	6	9	Cortes	zu_selten	freq=9<10
CREMONA	7	9	Cremona	zu_selten	ortsname
DABEISEIN	9	9	dabeisein	zu_selten	freq=9<10
DANNACH	7	9	Dannach	zu_selten	freq=9<10
DARFUR	6	9	Darfur	zu_selten	ortsname
DAZ	3	9	DAZ	zu_selten	freq=9<20
DEBITEL	7	9	debitel	zu_selten	freq=9<10
DEE	3	9	Dee	zu_selten	freq=9<20
DELMENHORST	11	9	Delmenhorst	zu_selten	ortsname
DERBEN	6	9	derben	zu_selten	freq=9<10
DETEKTOREN	10	9	Detektoren	zu_selten	freq=9<10
DIAGRAMME	9	9	Diagramme	zu_selten	freq=9<10
DIAGRAMMEN	10	9	Diagrammen	zu_selten	ortsname
DICHTIGKEIT	11	9	Dichtigkeit	zu_selten	freq=9<10
DINAMO	6	9	Dinamo	zu_selten	ortsname
DISKRETE	8	9	diskrete	zu_selten	freq=9<10
DORMAGEN	8	9	Dormagen	zu_selten	ortsname
DOSIERUNGEN	11	9	Dosierungen	zu_selten	freq=9<10
DREIECKEN	9	9	Dreiecken	zu_selten	freq=9<10
DRIFTEN	7	9	driften	zu_selten	freq=9<10
DRILLISCH	9	9	Drillisch	zu_selten	freq=9<10
DUDERSTADT	10	9	Duderstadt	zu_selten	ortsname
EBBT	4	9	ebbt	zu_selten	freq=9<10 (starker Beleg)
ECCLESIA	8	9	Ecclesia	zu_selten	freq=9<10
EICH	4	9	Eich	zu_selten	freq=9<10 (starker Beleg)
EIGENMITTEL	11	9	Eigenmittel	zu_selten	freq=9<10
EINARBEITEN	11	9	einarbeiten	zu_selten	freq=9<10
EINERLEI	8	9	einerlei	zu_selten	freq=9<10
EINLOGGEN	9	9	einloggen	zu_selten	freq=9<10
EINREISEN	9	9	einreisen	zu_selten	freq=9<10
EINSIEDELN	10	9	Einsiedeln	zu_selten	ortsname
EINUEBEN	8	9	einüben	zu_selten	freq=9<10
EISERNER	8	9	eiserner	zu_selten	freq=9<10
ELEMENTAR	9	9	elementar	zu_selten	freq=9<10
ELSTERWERDA	11	9	Elsterwerda	zu_selten	ortsname
EMIR	4	9	Emir	zu_selten	freq=9<10 (starker Beleg)
EMPFAENGE	9	9	Empfänge	zu_selten	freq=9<10
ENGELBERG	9	9	Engelberg	zu_selten	ortsname
ENSCHEDE	8	9	Enschede	zu_selten	ortsname
ENTPACKEN	9	9	Entpacken	zu_selten	freq=9<10
ERA	3	9	ERA	zu_selten	freq=9<20
ERACHTENS	9	9	Erachtens	zu_selten	freq=9<10
ERKLAERTER	10	9	erklärter	zu_selten	freq=9<10
ERSATZBUSSE	11	9	Ersatzbusse	zu_selten	freq=9<10
ERSCHWEREND	11	9	Erschwerend	zu_selten	freq=9<10
ERSTARKEN	9	9	Erstarken	zu_selten	freq=9<10
ESCHWEGE	8	9	Eschwege	zu_selten	ortsname
EUROSPORT	9	9	Eurosport	zu_selten	ortsname
EVI	3	9	Evi	zu_selten	freq=9<20
EXTENDED	8	9	Extended	zu_selten	freq=9<10
FACHRAEUME	10	9	Fachräume	zu_selten	freq=9<10
FADE	4	9	fade	zu_selten	freq=9<20
FAHR	4	9	Fahr	zu_selten	freq=9<10 (starker Beleg)
FAHRBEREIT	10	9	fahrbereit	zu_selten	freq=9<10
FAKTISCHEN	10	9	faktischen	zu_selten	freq=9<10
FEHLZEITEN	10	9	Fehlzeiten	zu_selten	freq=9<10
FEINSTE	7	9	feinste	zu_selten	freq=9<10
FESTLICHES	10	9	festliches	zu_selten	freq=9<10
FESTSTOFFE	10	9	Feststoffe	zu_selten	freq=9<10
FEURIGE	7	9	feurige	zu_selten	freq=9<10
FIDSCHI	7	9	Fidschi	zu_selten	ortsname
FLAMEN	6	9	Flamen	zu_selten	freq=9<10
FLEHEN	6	9	Flehen	zu_selten	freq=9<10
FLIESSE	7	9	fließe	zu_selten	freq=9<10
FLUCHTEN	8	9	Fluchten	zu_selten	freq=9<10
FONTAENEN	9	9	Fontänen	zu_selten	freq=9<10
FOOT	4	9	Foot	zu_selten	freq=9<20
FORCHHEIM	9	9	Forchheim	zu_selten	ortsname
FREIBIER	8	9	Freibier	zu_selten	freq=9<10
FRISCHLUFT	10	9	Frischluft	zu_selten	freq=9<10
FROR	4	9	fror	zu_selten	freq=9<10 (starker Beleg)
FUSSPFLEGE	10	9	Fußpflege	zu_selten	freq=9<10
GALLERIE	8	9	Gallerie	zu_selten	freq=9<10
GARNITUR	8	9	Garnitur	zu_selten	freq=9<10
GASMASKEN	9	9	Gasmasken	zu_selten	freq=9<10
GASTROLLEN	10	9	Gastrollen	zu_selten	freq=9<10
GENIALES	8	9	geniales	zu_selten	freq=9<10
GENIUS	6	9	Genius	zu_selten	freq=9<10
GESANDTER	9	9	Gesandter	zu_selten	freq=9<10
GESEGNETE	9	9	gesegnete	zu_selten	freq=9<10
GESTUERZTEN	11	9	gestürzten	zu_selten	freq=9<10
GESTUS	6	9	Gestus	zu_selten	freq=9<10
GEWALTFREI	10	9	gewaltfrei	zu_selten	freq=9<10
GEWEBEN	7	9	Geweben	zu_selten	freq=9<10
GOSS	4	9	goss	zu_selten	freq=9<20
GRABANLAGEN	11	9	Grabanlagen	zu_selten	freq=9<10
GRADUIERTE	10	9	graduierte	zu_selten	freq=9<10
GRAFISCHES	10	9	grafisches	zu_selten	freq=9<10
GRANDIOSES	10	9	grandioses	zu_selten	freq=9<10
GRAPHIKEN	9	9	Graphiken	zu_selten	freq=9<10
GREISE	6	9	greise	zu_selten	freq=9<10
GRENOBLE	8	9	Grenoble	zu_selten	ortsname
GROSNY	6	9	Grosny	zu_selten	ortsname
GUSSEISERNE	11	9	gusseiserne	zu_selten	freq=9<10
GYMNASIALEN	11	9	gymnasialen	zu_selten	freq=9<10
HABS	4	9	habs	zu_selten	freq=9<20
HAEPPCHEN	9	9	Häppchen	zu_selten	freq=9<10
HAERTEN	7	9	Härten	zu_selten	freq=9<10
HAERTERES	9	9	härteres	zu_selten	freq=9<10
HALO	4	9	Halo	zu_selten	freq=9<10 (starker Beleg)
HALTUNGEN	9	9	Haltungen	zu_selten	freq=9<10
HANDFESTES	10	9	handfestes	zu_selten	freq=9<10
HANDSCHUHEN	11	9	Handschuhen	zu_selten	freq=9<10
HANOI	5	9	Hanoi	zu_selten	ortsname
HARTFORD	8	9	Hartford	zu_selten	freq=9<10
HARXHEIM	8	9	Harxheim	zu_selten	ortsname
HATTINGEN	9	9	Hattingen	zu_selten	ortsname
HAUSBESUCHE	11	9	Hausbesuche	zu_selten	freq=9<10
HAYEK	5	9	Hayek	zu_selten	freq=9<10
HEISER	6	9	heiser	zu_selten	freq=9<10
HEMISPHAERE	11	9	Hemisphäre	zu_selten	freq=9<10
HERZENSLUST	11	9	Herzenslust	zu_selten	freq=9<10
HETZEN	6	9	hetzen	zu_selten	freq=9<10
HEURIGEN	8	9	Heurigen	zu_selten	freq=9<10
HINFAHREN	9	9	hinfahren	zu_selten	freq=9<10
HINKEN	6	9	hinken	zu_selten	freq=9<10
HISTOIRE	8	9	Histoire	zu_selten	freq=9<10
HOEXTER	7	9	Höxter	zu_selten	ortsname
HOHLRAEUMEN	11	9	Hohlräumen	zu_selten	freq=9<10
HOL	3	9	Hol	zu_selten	freq=9<20
HOLCIM	6	9	Holcim	zu_selten	ortsname
HONOLULU	8	9	Honolulu	zu_selten	freq=9<10
HORRORFILME	11	9	Horrorfilme	zu_selten	freq=9<10
HUNDERTSTEL	11	9	Hundertstel	zu_selten	freq=9<10
HUTU	4	9	Hutu	zu_selten	freq=9<10 (starker Beleg)
HYBRIDE	7	9	Hybride	zu_selten	freq=9<10
HYPERTONIE	10	9	Hypertonie	zu_selten	freq=9<10
IDYLL	5	9	Idyll	zu_selten	freq=9<10
ILMENAU	7	9	Ilmenau	zu_selten	ortsname
IMPERATIV	9	9	Imperativ	zu_selten	freq=9<10
INCH	4	9	Inch	zu_selten	freq=9<20
INDIOS	6	9	Indios	zu_selten	freq=9<10
INSTINKTIV	10	9	Instinktiv	zu_selten	freq=9<10
INTEGRALE	9	9	Integrale	zu_selten	freq=9<10
IRRER	5	9	Irrer	zu_selten	freq=9<10
JAWOHL	6	9	jawohl	zu_selten	freq=9<10
JIA	3	9	Jia	zu_selten	freq=9<20
JUDA	4	9	Juda	zu_selten	freq=9<20
JUETTNER	8	9	Jüttner	zu_selten	ortsname
JUNGENS	7	9	Jungens	zu_selten	freq=9<10
KAHLER	6	9	kahler	zu_selten	freq=9<10
KAMPFSZENEN	11	9	Kampfszenen	zu_selten	freq=9<10
KANO	4	9	Kano	zu_selten	ortsname
KARGER	6	9	Karger	zu_selten	freq=9<10
KARLSTADT	9	9	Karlstadt	zu_selten	freq=9<10
KEIMEN	6	9	Keimen	zu_selten	freq=9<10
KELLERN	7	9	Kellern	zu_selten	freq=9<10
KERPEN	6	9	Kerpen	zu_selten	ortsname
KICHERN	7	9	Kichern	zu_selten	freq=9<10
KICKEN	6	9	kicken	zu_selten	freq=9<10
KLEINTIERE	10	9	Kleintiere	zu_selten	freq=9<10
KLINGENDER	10	9	klingender	zu_selten	freq=9<10
KLON	4	9	Klon	zu_selten	freq=9<10 (starker Beleg)
KONTEXTEN	9	9	Kontexten	zu_selten	freq=9<10
KRACHEN	7	9	Krachen	zu_selten	freq=9<10
KRUX	4	9	Krux	zu_selten	freq=9<10 (starker Beleg)
KULM	4	9	Kulm	zu_selten	freq=9<10 (starker Beleg)
KULTISCHE	9	9	kultische	zu_selten	freq=9<10
KULTURSZENE	11	9	Kulturszene	zu_selten	freq=9<10
LACKIERTE	9	9	lackierte	zu_selten	freq=9<10
LAHR	4	9	Lahr	zu_selten	ortsname
LAIE	4	9	Laie	zu_selten	freq=9<10 (starker Beleg)
LANDERS	7	9	Landers	zu_selten	freq=9<10
LANGWEILE	9	9	Langweile	zu_selten	freq=9<10
LEBACH	6	9	Lebach	zu_selten	ortsname
LEFT	4	9	Left	zu_selten	freq=9<20
LEIHE	5	9	Leihe	zu_selten	freq=9<10
LESEPROBEN	10	9	Leseproben	zu_selten	freq=9<10
LETZTENS	8	9	Letztens	zu_selten	freq=9<10
LIEDGUT	7	9	Liedgut	zu_selten	freq=9<10
LIENZ	5	9	Lienz	zu_selten	ortsname
LIESE	5	9	Liese	zu_selten	freq=9<10
LOCARNO	7	9	Locarno	zu_selten	ortsname
LOFT	4	9	Loft	zu_selten	freq=9<20
LOHNDUMPING	11	9	Lohndumping	zu_selten	freq=9<10
LUFTABWEHR	10	9	Luftabwehr	zu_selten	freq=9<10
LUPO	4	9	Lupo	zu_selten	freq=9<10 (starker Beleg)
MACHART	7	9	Machart	zu_selten	freq=9<10
MACKE	5	9	Macke	zu_selten	freq=9<10
MAGNATEN	8	9	Magnaten	zu_selten	freq=9<10
MAKEDONIEN	10	9	Makedonien	zu_selten	ortsname
MARDER	6	9	Marder	zu_selten	freq=9<10
MARKDORF	8	9	Markdorf	zu_selten	ortsname
MATTES	6	9	Mattes	zu_selten	freq=9<10
MAUTHAUSEN	10	9	Mauthausen	zu_selten	ortsname
MAYEN	5	9	Mayen	zu_selten	ortsname
MELLE	5	9	Melle	zu_selten	ortsname
MEMBERS	7	9	Members	zu_selten	freq=9<10
MIESE	5	9	miese	zu_selten	freq=9<10
MILK	4	9	Milk	zu_selten	freq=9<10 (starker Beleg)
MITREISENDE	11	9	Mitreisende	zu_selten	freq=9<10
MLADEN	6	9	Mladen	zu_selten	freq=9<10
MONOPOLE	8	9	Monopole	zu_selten	freq=9<10
MONSCHAU	8	9	Monschau	zu_selten	ortsname
MONSTROESEN	11	9	monströsen	zu_selten	freq=9<10
MORA	4	9	Mora	zu_selten	freq=9<20
MUNDI	5	9	Mundi	zu_selten	freq=9<10
MUR	3	9	Mur	zu_selten	freq=9<20
NACHRUESTEN	11	9	nachrüsten	zu_selten	freq=9<10
NACHSCHAUEN	11	9	nachschauen	zu_selten	freq=9<10
NACHSITZEN	10	9	Nachsitzen	zu_selten	freq=9<10
NACHTCLUBS	10	9	Nachtclubs	zu_selten	freq=9<10
NACKTER	7	9	nackter	zu_selten	freq=9<10
NADSCHAF	8	9	Nadschaf	zu_selten	ortsname
NAPF	4	9	Napf	zu_selten	freq=9<10 (starker Beleg)
NAUEN	5	9	Nauen	zu_selten	freq=9<10
NERVOESE	8	9	nervöse	zu_selten	freq=9<10
NETS	4	9	Nets	zu_selten	freq=9<20
NEUSTRELITZ	11	9	Neustrelitz	zu_selten	ortsname
NISTEN	6	9	nisten	zu_selten	freq=9<10
NOMEN	5	9	Nomen	zu_selten	freq=9<10
NORDRHEIN	9	9	Nordrhein	zu_selten	ortsname
NUTZWERT	8	9	Nutzwert	zu_selten	freq=9<10
NYON	4	9	Nyon	zu_selten	ortsname
OBENDRAUF	9	9	Obendrauf	zu_selten	freq=9<10
ODESSA	6	9	Odessa	zu_selten	ortsname
ODIN	4	9	Odin	zu_selten	freq=9<20
OEDIPUS	7	9	Ödipus	zu_selten	freq=9<10
OEKUMENISCH	11	9	ökumenisch	zu_selten	freq=9<10
OELTANKER	9	9	Öltanker	zu_selten	freq=9<10
OERTLICHES	10	9	örtliches	zu_selten	freq=9<10
OHRRINGE	8	9	Ohrringe	zu_selten	freq=9<10
OMAS	4	9	Omas	zu_selten	freq=9<10 (starker Beleg)
ORANIENBURG	11	9	Oranienburg	zu_selten	ortsname
ORNAMENTIK	10	9	Ornamentik	zu_selten	freq=9<10
PACHTEN	7	9	Pachten	zu_selten	freq=9<10
PAPIERFORM	10	9	Papierform	zu_selten	ortsname
PAS	3	9	PAS	zu_selten	freq=9<20
PAX	3	9	Pax	zu_selten	freq=9<20
PFULLENDORF	11	9	Pfullendorf	zu_selten	ortsname
PHOTONEN	8	9	Photonen	zu_selten	freq=9<10
PICKEL	6	9	Pickel	zu_selten	freq=9<10
PIZ	3	9	Piz	zu_selten	freq=9<10 (starker Beleg)
PLATZE	6	9	Platze	zu_selten	freq=9<10
POKERN	6	9	Pokern	zu_selten	freq=9<10
POMMERSCHEN	11	9	pommerschen	zu_selten	freq=9<10
PONYREITEN	10	9	Ponyreiten	zu_selten	freq=9<10
PORTSMOUTH	10	9	Portsmouth	zu_selten	freq=9<10
POTT	4	9	Pott	zu_selten	freq=9<10 (starker Beleg)
PRESSEFOTOS	11	9	Pressefotos	zu_selten	freq=9<10
PUBLICITY	9	9	Publicity	zu_selten	freq=9<10
PULSE	5	9	Pulse	zu_selten	freq=9<10
PUSSY	5	9	pussy	zu_selten	freq=9<10
QUEREN	6	9	queren	zu_selten	freq=9<10
RAMALLAH	8	9	Ramallah	zu_selten	ortsname
RAMS	4	9	Rams	zu_selten	freq=9<10 (starker Beleg)
RAPPORT	7	9	Rapport	zu_selten	freq=9<10
RAPSOEL	7	9	Rapsöl	zu_selten	freq=9<10
RASSELN	7	9	Rasseln	zu_selten	freq=9<10
RAUCHERN	8	9	Rauchern	zu_selten	freq=9<10
REBE	4	9	Rebe	zu_selten	freq=9<10 (starker Beleg)
REGRESSION	10	9	Regression	zu_selten	freq=9<10
REINFELD	8	9	Reinfeld	zu_selten	ortsname
REKORDKURS	10	9	Rekordkurs	zu_selten	freq=9<10
RIAD	4	9	Riad	zu_selten	ortsname
RICCIARDO	9	9	Ricciardo	zu_selten	freq=9<10
RIEB	4	9	rieb	zu_selten	freq=9<10 (starker Beleg)
ROTTENBURG	10	9	Rottenburg	zu_selten	ortsname
RUDERT	6	9	rudert	zu_selten	freq=9<10
RUHPOLDING	10	9	Ruhpolding	zu_selten	ortsname
SACHKUNDIGE	11	9	sachkundige	zu_selten	freq=9<10
SACHSTAND	9	9	Sachstand	zu_selten	freq=9<10
SAG	3	9	Sag	zu_selten	freq=9<20
SAMBIA	6	9	Sambia	zu_selten	ortsname
SCHABLONEN	10	9	Schablonen	zu_selten	freq=9<10
SCHALTE	7	9	schalte	zu_selten	freq=9<10
SCHAUN	6	9	Schaun	zu_selten	freq=9<10
SCHENKER	8	9	Schenker	zu_selten	freq=9<10
SCHERZEN	8	9	Scherzen	zu_selten	freq=9<10
SCHIELEN	8	9	Schielen	zu_selten	freq=9<10
SCHIITISCHE	11	9	schiitische	zu_selten	freq=9<10
SCHLACKE	8	9	Schlacke	zu_selten	freq=9<10
SCHMAELER	9	9	schmäler	zu_selten	freq=9<10
SCHOCKEN	8	9	Schocken	zu_selten	freq=9<10
SCHRAMBERG	10	9	Schramberg	zu_selten	ortsname
SCHUERZEN	9	9	Schürzen	zu_selten	freq=9<10
SCHULJAHREN	11	9	Schuljahren	zu_selten	freq=9<10
SCHULLEHRER	11	9	Schullehrer	zu_selten	freq=9<10
SCHULT	6	9	schult	zu_selten	freq=9<10
SCHWAENZE	9	9	Schwänze	zu_selten	freq=9<10
SEIENDEN	8	9	Seienden	zu_selten	freq=9<10
SEMANTISCHE	11	9	semantische	zu_selten	freq=9<10
SENTIMENTAL	11	9	sentimental	zu_selten	freq=9<10
SERBISCHER	10	9	serbischer	zu_selten	freq=9<10
SICHTUNGEN	10	9	Sichtungen	zu_selten	freq=9<10
SIMPLES	7	9	simples	zu_selten	freq=9<10
SMARTRAC	8	9	Smartrac	zu_selten	freq=9<10
SNAP	4	9	SNAP	zu_selten	freq=9<20
SOGN	4	9	sogn	zu_selten	freq=9<20
SOLE	4	9	Sole	zu_selten	freq=9<20
SPARTAK	7	9	Spartak	zu_selten	ortsname
SPIELEND	8	9	spielend	zu_selten	freq=9<10
SPUELEN	7	9	spülen	zu_selten	freq=9<10
STAATSWESEN	11	9	Staatswesen	zu_selten	freq=9<10
STAUFEN	7	9	Staufen	zu_selten	ortsname
STEINACH	8	9	Steinach	zu_selten	freq=9<10
STEINAU	7	9	Steinau	zu_selten	ortsname
STEINHEIM	9	9	Steinheim	zu_selten	ortsname
STELLVERTR	10	9	stellvertr	zu_selten	freq=9<10
STEMPELN	8	9	Stempeln	zu_selten	freq=9<10
STERBEDATUM	11	9	Sterbedatum	zu_selten	freq=9<10
STIEFELN	8	9	Stiefeln	zu_selten	freq=9<10
STING	5	9	Sting	zu_selten	freq=9<10
STOLZES	7	9	stolzes	zu_selten	freq=9<10
STOPFEN	7	9	stopfen	zu_selten	freq=9<10
STRAFSACHEN	11	9	Strafsachen	zu_selten	ortsname
STREIFZUEGE	11	9	Streifzüge	zu_selten	freq=9<10
STUDIENRAT	10	9	Studienrat	zu_selten	freq=9<10
STUPA	5	9	Stupa	zu_selten	freq=9<10
SUEDASIEN	9	9	Südasien	zu_selten	ortsname
SULZBACH	8	9	Sulzbach	zu_selten	freq=9<10
SUSSEX	6	9	Sussex	zu_selten	freq=9<10
SZENISCHE	9	9	szenische	zu_selten	freq=9<10
TANZBAR	7	9	tanzbar	zu_selten	freq=9<10
TAUSENDSTEL	11	9	Tausendstel	zu_selten	freq=9<10
TEMPUS	6	9	Tempus	zu_selten	freq=9<10
TEUFLISCHEN	11	9	teuflischen	zu_selten	freq=9<10
TEXTDATEIEN	11	9	Textdateien	zu_selten	freq=9<10
TIEFGARAGEN	11	9	Tiefgaragen	zu_selten	freq=9<10
TODT	4	9	Todt	zu_selten	freq=9<20
TONE	4	9	Tone	zu_selten	freq=9<20
TOWNSEND	8	9	Townsend	zu_selten	freq=9<10
TRANS	5	9	Trans	zu_selten	freq=9<10
TROEPFCHEN	10	9	Tröpfchen	zu_selten	freq=9<10
TROTZKI	7	9	Trotzki	zu_selten	freq=9<10
TWIST	5	9	Twist	zu_selten	freq=9<10
TYPHUS	6	9	Typhus	zu_selten	freq=9<10
ULMEN	5	9	Ulmen	zu_selten	freq=9<10
ULTIMA	6	9	Ultima	zu_selten	freq=9<10
UMBENENNEN	10	9	umbenennen	zu_selten	freq=9<10
UMKLEIDEN	9	9	Umkleiden	zu_selten	freq=9<10
UMLEGEN	7	9	umlegen	zu_selten	freq=9<10
UMRUEHREN	9	9	umrühren	zu_selten	freq=9<10
UMSCHAUEN	9	9	umschauen	zu_selten	freq=9<10
UNBEDINGTEN	11	9	unbedingten	zu_selten	freq=9<10
UNFREIE	7	9	Unfreie	zu_selten	freq=9<10
UNFRIEDEN	9	9	Unfrieden	zu_selten	freq=9<10
UNIVERSITAS	11	9	Universitas	zu_selten	freq=9<10
UNTERTON	8	9	Unterton	zu_selten	freq=9<10
URALTER	7	9	uralter	zu_selten	freq=9<10
VADUZ	5	9	Vaduz	zu_selten	ortsname
VAGEN	5	9	vagen	zu_selten	freq=9<10
VAREL	5	9	Varel	zu_selten	ortsname
VEGETATIVE	10	9	vegetative	zu_selten	freq=9<10
VEN	3	9	VEN	zu_selten	freq=9<20
VENE	4	9	Vene	zu_selten	freq=9<10 (starker Beleg)
VERPFLANZT	10	9	verpflanzt	zu_selten	freq=9<10
VERPRUEGELN	11	9	verprügeln	zu_selten	freq=9<10
VERSIEGEN	9	9	versiegen	zu_selten	freq=9<10
VERUNFALLTE	11	9	verunfallte	zu_selten	freq=9<10
VERWAISTE	9	9	verwaiste	zu_selten	freq=9<10
VIERHUNDERT	11	9	vierhundert	zu_selten	freq=9<10
VIERNHEIM	9	9	Viernheim	zu_selten	ortsname
VIERTENS	8	9	Viertens	zu_selten	freq=9<10
VIERZIGER	9	9	vierziger	zu_selten	freq=9<10
VIS	3	9	VIS	zu_selten	freq=9<20
VOIT	4	9	Voit	zu_selten	freq=9<20
VORBEIGEHEN	11	9	vorbeigehen	zu_selten	freq=9<10
VORBRINGEN	10	9	vorbringen	zu_selten	freq=9<10
VORDRUCKE	9	9	Vordrucke	zu_selten	freq=9<10
VORRAETEN	9	9	Vorräten	zu_selten	freq=9<10
VORSPRECHEN	11	9	vorsprechen	zu_selten	freq=9<10
WAAGERECHTE	11	9	waagerechte	zu_selten	freq=9<10
WACHTEL	7	9	Wachtel	zu_selten	freq=9<10
WAESSERN	8	9	wässern	zu_selten	freq=9<10
WAGE	4	9	wage	zu_selten	freq=9<10 (starker Beleg)
WALDHEIM	8	9	Waldheim	zu_selten	ortsname
WARNENDE	8	9	warnende	zu_selten	freq=9<10
WASCHMITTEL	11	9	Waschmittel	zu_selten	freq=9<10
WEGFAHREN	9	9	wegfahren	zu_selten	freq=9<10
WEGGEHEN	8	9	weggehen	zu_selten	freq=9<10
WEGZIEHEN	9	9	Wegziehen	zu_selten	freq=9<10
WELTMUSIK	9	9	Weltmusik	zu_selten	freq=9<10
WESPE	5	9	Wespe	zu_selten	freq=9<10
WESTBERLIN	10	9	Westberlin	zu_selten	ortsname
WETT	4	9	wett	zu_selten	freq=9<10 (starker Beleg)
WETTEIFERN	10	9	wetteifern	zu_selten	freq=9<10
WILDTIEREN	10	9	Wildtieren	zu_selten	freq=9<10
WILMINGTON	10	9	Wilmington	zu_selten	freq=9<10
WOERTH	6	9	Wörth	zu_selten	freq=9<10
WUEHLEN	7	9	wühlen	zu_selten	freq=9<10
ZAHNREIHE	9	9	Zahnreihe	zu_selten	freq=9<10
ZEILENWEISE	11	9	zeilenweise	zu_selten	freq=9<10
ZERBST	6	9	Zerbst	zu_selten	ortsname
ZERSETZEN	9	9	zersetzen	zu_selten	freq=9<10
ZERSTREUTEN	11	9	zerstreuten	zu_selten	freq=9<10
ZIG	3	9	zig	zu_selten	freq=9<20
ZIMT	4	9	Zimt	zu_selten	freq=9<20
ZUGEZOGENE	10	9	Zugezogene	zu_selten	freq=9<10
ZUSCHICKEN	10	9	zuschicken	zu_selten	freq=9<10
ZWETTL	6	9	Zwettl	zu_selten	ortsname
ZYNISCHE	8	9	zynische	zu_selten	freq=9<10
ABDREHEN	8	8	abdrehen	zu_selten	freq=8<10
ABRUECKEN	9	8	abrücken	zu_selten	freq=8<10
ABSPUELEN	9	8	abspülen	zu_selten	freq=8<10
ABTRUENNIGE	11	8	abtrünnige	zu_selten	freq=8<10
ABWESENDEN	10	8	abwesenden	zu_selten	freq=8<10
AEHRCHEN	8	8	Ährchen	zu_selten	freq=8<10
AHA	3	8	Aha	zu_selten	freq=8<20
AID	3	8	Aid	zu_selten	freq=8<20
AIN	3	8	Ain	zu_selten	freq=8<10 (starker Beleg)
ALGIER	6	8	Algier	zu_selten	ortsname
ALLZEIT	7	8	allzeit	zu_selten	freq=8<10
ALVES	5	8	Alves	zu_selten	freq=8<10
AMEN	4	8	Amen	zu_selten	freq=8<20
AMIENS	6	8	Amiens	zu_selten	ortsname
ANAEROBEN	9	8	anaeroben	zu_selten	freq=8<10
ANDERNACH	9	8	Andernach	zu_selten	ortsname
ANGRENZEND	10	8	Angrenzend	zu_selten	freq=8<10
ANKERN	6	8	Ankern	zu_selten	freq=8<10
ANNABERG	8	8	Annaberg	zu_selten	ortsname
ANNEROD	7	8	Annerod	zu_selten	ortsname
ANSPANNEN	9	8	Anspannen	zu_selten	freq=8<10
ANSPIELEN	9	8	anspielen	zu_selten	freq=8<10
ANTREIBEN	9	8	antreiben	zu_selten	freq=8<10
ANWURF	6	8	Anwurf	zu_selten	freq=8<10
ARCHIVIEREN	11	8	archivieren	zu_selten	freq=8<10
ARES	4	8	Ares	zu_selten	freq=8<10 (starker Beleg)
ARKTISCHE	9	8	arktische	zu_selten	freq=8<10
ASBACH	6	8	Asbach	zu_selten	freq=8<10
ASKESE	6	8	Askese	zu_selten	freq=8<10
ASSESSOR	8	8	Assessor	zu_selten	freq=8<10
ASSYRISCHEN	11	8	assyrischen	zu_selten	freq=8<10
ASUKA	5	8	Asuka	zu_selten	freq=8<10
ATTENDORN	9	8	Attendorn	zu_selten	ortsname
ATTISCHEN	9	8	attischen	zu_selten	freq=8<10
AUDIT	5	8	Audit	zu_selten	freq=8<10
AUDITS	6	8	Audits	zu_selten	freq=8<10
AUFARBEITEN	11	8	aufarbeiten	zu_selten	freq=8<10
AUFBEGEHREN	11	8	Aufbegehren	zu_selten	freq=8<10
AUFGEHENDE	10	8	aufgehende	zu_selten	freq=8<10
AUFGIESSEN	10	8	aufgießen	zu_selten	freq=8<10
AUFWACHSEN	10	8	Aufwachsen	zu_selten	freq=8<10
AUSBLUTEN	9	8	ausbluten	zu_selten	freq=8<10
AUSHAERTEN	10	8	Aushärten	zu_selten	freq=8<10
AUSMALEN	8	8	ausmalen	zu_selten	freq=8<10
AUSRECHNEN	10	8	ausrechnen	zu_selten	freq=8<10
AUSSIEDLERN	11	8	Aussiedlern	zu_selten	freq=8<10
AUSSPANNEN	10	8	Ausspannen	zu_selten	freq=8<10
AUSUFERNDEN	11	8	ausufernden	zu_selten	freq=8<10
AUSWUECHSE	10	8	Auswüchse	zu_selten	freq=8<10
BAAR	4	8	Baar	zu_selten	freq=8<20
BABENHAUSEN	11	8	Babenhausen	zu_selten	ortsname
BAHT	4	8	Baht	zu_selten	freq=8<10 (starker Beleg)
BARI	4	8	Bari	zu_selten	ortsname
BATAVIA	7	8	Batavia	zu_selten	ortsname
BAUPROJEKTE	11	8	Bauprojekte	zu_selten	freq=8<10
BEERE	5	8	Beere	zu_selten	freq=8<10
BEET	4	8	Beet	zu_selten	freq=8<10 (starker Beleg)
BEGIESSEN	9	8	begießen	zu_selten	freq=8<10
BEKENNENDEN	11	8	Bekennenden	zu_selten	freq=8<10
BENCHMARKS	10	8	Benchmarks	zu_selten	freq=8<10
BESCHENKTE	10	8	beschenkte	zu_selten	freq=8<10
BESS	4	8	Bess	zu_selten	freq=8<20
BESSEREM	8	8	besserem	zu_selten	freq=8<10
BETANKEN	8	8	Betanken	zu_selten	freq=8<10
BEULEN	6	8	Beulen	zu_selten	freq=8<10
BEWUNDERTEN	11	8	bewunderten	zu_selten	freq=8<10
BIETIGHEIM	10	8	Bietigheim	zu_selten	ortsname
BILDHAUERIN	11	8	Bildhauerin	zu_selten	freq=8<10
BILSTEIN	8	8	Bilstein	zu_selten	freq=8<10
BLAUTOENEN	10	8	Blautönen	zu_selten	ortsname
BLINZELN	8	8	blinzeln	zu_selten	freq=8<10
BOCKHORN	8	8	Bockhorn	zu_selten	ortsname
BOP	3	8	Bop	zu_selten	freq=8<20
BORDELUM	8	8	Bordelum	zu_selten	ortsname
BORNA	5	8	Borna	zu_selten	ortsname
BRAUSEN	7	8	Brausen	zu_selten	freq=8<10
BREDSTEDT	9	8	Bredstedt	zu_selten	ortsname
BREITEM	7	8	breitem	zu_selten	freq=8<10
BRENNENDES	10	8	brennendes	zu_selten	freq=8<10
BROAD	5	8	Broad	zu_selten	freq=8<10
BUDA	4	8	Buda	zu_selten	ortsname
BUERGEL	7	8	Bürgel	zu_selten	ortsname
BUMMELN	7	8	Bummeln	zu_selten	freq=8<10
BUSSGELDERN	11	8	Bußgeldern	zu_selten	freq=8<10
CAPPELLA	8	8	Cappella	zu_selten	freq=8<10
CARNIVAL	8	8	Carnival	zu_selten	freq=8<10
CASTRUM	7	8	Castrum	zu_selten	freq=8<10
CHAO	4	8	Chao	zu_selten	freq=8<20
CHARKOW	7	8	Charkow	zu_selten	ortsname
CHARLESTON	10	8	Charleston	zu_selten	ortsname
CLOSE	5	8	Close	zu_selten	freq=8<10
COMES	5	8	Comes	zu_selten	freq=8<10
COMO	4	8	Como	zu_selten	freq=8<20
COSA	4	8	Cosa	zu_selten	freq=8<20
CUNNINGHAM	10	8	Cunningham	zu_selten	freq=8<10
DAEMONISCHE	11	8	dämonische	zu_selten	freq=8<10
DANSKE	6	8	Danske	zu_selten	freq=8<10
DAPHNE	6	8	Daphne	zu_selten	freq=8<10
DAUERFROST	10	8	Dauerfrost	zu_selten	freq=8<10
DBA	3	8	dba	zu_selten	freq=8<10 (starker Beleg)
DEKORATIVEN	11	8	dekorativen	zu_selten	freq=8<10
DEO	3	8	Deo	zu_selten	freq=8<20
DEPRESSIVEN	11	8	depressiven	zu_selten	freq=8<10
DESTROYER	9	8	Destroyer	zu_selten	freq=8<10
DIO	3	8	Dio	zu_selten	freq=8<20
DIONYSOS	8	8	Dionysos	zu_selten	freq=8<10
DISKUTIERE	10	8	diskutiere	zu_selten	freq=8<10
DOKU	4	8	Doku	zu_selten	freq=8<10 (starker Beleg)
DOMINA	6	8	Domina	zu_selten	freq=8<10
DOMUS	5	8	domus	zu_selten	freq=8<10
DONAUWOERTH	11	8	Donauwörth	zu_selten	ortsname
DOSIEREN	8	8	dosieren	zu_selten	freq=8<10
DREHENDE	8	8	drehende	zu_selten	freq=8<10
DRUCKSACHEN	11	8	Drucksachen	zu_selten	ortsname
DUE	3	8	due	zu_selten	freq=8<20
DUERFTIGE	9	8	dürftige	zu_selten	freq=8<10
DURCHFUHR	9	8	durchfuhr	zu_selten	freq=8<10
DURLACH	7	8	Durlach	zu_selten	ortsname
DUX	3	8	Dux	zu_selten	freq=8<20
EBNET	5	8	ebnet	zu_selten	freq=8<10
EICHBORN	8	8	Eichborn	zu_selten	freq=8<10
EINBECK	7	8	Einbeck	zu_selten	ortsname
EINFUELLEN	10	8	einfüllen	zu_selten	freq=8<10
EINLAUFEN	9	8	Einlaufen	zu_selten	freq=8<10
EINSAMES	8	8	einsames	zu_selten	freq=8<10
EINZELHAFT	10	8	Einzelhaft	zu_selten	ortsname
EISBRECHER	10	8	Eisbrecher	zu_selten	freq=8<10
EKELHAFT	8	8	ekelhaft	zu_selten	freq=8<10
ELLE	4	8	Elle	zu_selten	freq=8<10 (starker Beleg)
ENTBLOESSTE	11	8	entblößte	zu_selten	freq=8<10
ENTLASTETE	10	8	entlastete	zu_selten	freq=8<10
EPPENDORF	9	8	Eppendorf	zu_selten	ortsname
ERB	3	8	Erb	zu_selten	freq=8<20
ERDULDEN	8	8	erdulden	zu_selten	freq=8<10
ERHABENEN	9	8	erhabenen	zu_selten	freq=8<10
ERIN	4	8	Erin	zu_selten	freq=8<20
ERNTEHELFER	11	8	Erntehelfer	zu_selten	freq=8<10
ERSPARTES	9	8	Erspartes	zu_selten	freq=8<10
ETHAN	5	8	Ethan	zu_selten	freq=8<10
ETHANOL	7	8	Ethanol	zu_selten	freq=8<10
EURASIEN	8	8	Eurasien	zu_selten	ortsname
EURES	5	8	eures	zu_selten	freq=8<10
EVERY	5	8	every	zu_selten	freq=8<10
FAD	3	8	fad	zu_selten	freq=8<10 (starker Beleg)
FALKO	5	8	Falko	zu_selten	freq=8<10
FEIERTAGS	9	8	Feiertags	zu_selten	freq=8<10
FERNBLEIBEN	11	8	Fernbleiben	zu_selten	freq=8<10
FERTIGER	8	8	fertiger	zu_selten	freq=8<10
FEUERSTEIN	10	8	Feuerstein	zu_selten	ortsname
FLACKERN	8	8	Flackern	zu_selten	freq=8<10
FLUECHTENDE	11	8	Flüchtende	zu_selten	freq=8<10
FLUGGERAETE	11	8	Fluggeräte	zu_selten	freq=8<10
FOCK	4	8	Fock	zu_selten	freq=8<10 (starker Beleg)
FORSTLICHE	10	8	forstliche	zu_selten	freq=8<10
FORTIS	6	8	Fortis	zu_selten	freq=8<10
FORWARD	7	8	Forward	zu_selten	freq=8<10
FOTOPAPIER	10	8	Fotopapier	zu_selten	freq=8<10
FRAGILE	7	8	fragile	zu_selten	freq=8<10
FRESSE	6	8	Fresse	zu_selten	freq=8<10
FUEGUNG	7	8	Fügung	zu_selten	freq=8<10
GABELN	6	8	Gabeln	zu_selten	freq=8<10
GABUN	5	8	Gabun	zu_selten	ortsname
GALANTE	7	8	Galante	zu_selten	freq=8<10
GARMISCH	8	8	Garmisch	zu_selten	ortsname
GEANGELT	8	8	geangelt	zu_selten	freq=8<10
GEBUESCHEN	10	8	Gebüschen	zu_selten	ortsname
GEEST	5	8	Geest	zu_selten	freq=8<10
GEFALLENER	10	8	gefallener	zu_selten	freq=8<10
GEFLECKTE	9	8	Gefleckte	zu_selten	freq=8<10
GEFRIEREN	9	8	gefrieren	zu_selten	freq=8<10
GEGRUESST	9	8	gegrüßt	zu_selten	freq=8<10
GEHRT	5	8	gehrt	zu_selten	freq=8<10
GEIGEN	6	8	Geigen	zu_selten	freq=8<10
GEKREUZIGTE	11	8	Gekreuzigte	zu_selten	freq=8<10
GELDQUELLE	10	8	Geldquelle	zu_selten	freq=8<10
GELERNTEN	9	8	gelernten	zu_selten	freq=8<10
GEPRAEGE	8	8	Gepräge	zu_selten	freq=8<10
GEPRUEFTER	10	8	geprüfter	zu_selten	freq=8<10
GERSTHOFEN	10	8	Gersthofen	zu_selten	ortsname
GESELLIGES	10	8	geselliges	zu_selten	freq=8<10
GESETZL	7	8	gesetzl	zu_selten	freq=8<10
GESTREIFTE	10	8	Gestreifte	zu_selten	freq=8<10
GEWIESEN	8	8	gewiesen	zu_selten	freq=8<10
GLASHUETTEN	11	8	Glashütten	zu_selten	freq=8<10
GLORREICHE	10	8	glorreiche	zu_selten	freq=8<10
GNADEN	6	8	Gnaden	zu_selten	freq=8<10
GRAL	4	8	Gral	zu_selten	freq=8<10 (starker Beleg)
GRAMMATIKEN	11	8	Grammatiken	zu_selten	freq=8<10
GRASEN	6	8	grasen	zu_selten	freq=8<10
GROTESKEN	9	8	grotesken	zu_selten	freq=8<10
GSTAAD	6	8	Gstaad	zu_selten	ortsname
GUANTANAMO	10	8	Guantanamo	zu_selten	ortsname
GUN	3	8	Gun	zu_selten	freq=8<20
HABER	5	8	Haber	zu_selten	freq=8<10
HAESSLICHEN	11	8	hässlichen	zu_selten	freq=8<10
HAEUTEN	7	8	Häuten	zu_selten	freq=8<10
HALBRUND	8	8	Halbrund	zu_selten	freq=8<10
HALLESCHEN	10	8	halleschen	zu_selten	freq=8<10
HAMA	4	8	Hama	zu_selten	ortsname
HAMPTON	7	8	Hampton	zu_selten	freq=8<10
HARSCH	6	8	harsch	zu_selten	freq=8<10
HATHAWAY	8	8	Hathaway	zu_selten	freq=8<10
HAUSKATZEN	10	8	Hauskatzen	zu_selten	freq=8<10
HEARTLAND	9	8	Heartland	zu_selten	freq=8<10
HEBE	4	8	hebe	zu_selten	freq=8<20
HEELS	5	8	Heels	zu_selten	freq=8<10
HEILIGSTEN	10	8	heiligsten	zu_selten	freq=8<10
HERANZIEHEN	11	8	heranziehen	zu_selten	freq=8<10
HERBORN	7	8	Herborn	zu_selten	ortsname
HERRICHTEN	10	8	herrichten	zu_selten	freq=8<10
HICKS	5	8	Hicks	zu_selten	freq=8<10
HILFLOSE	8	8	hilflose	zu_selten	freq=8<10
HILFSKRAFT	10	8	Hilfskraft	zu_selten	freq=8<10
HINTERER	8	8	hinterer	zu_selten	freq=8<10
HIPPE	5	8	Hippe	zu_selten	freq=8<10
HITZACKER	9	8	Hitzacker	zu_selten	ortsname
HOCHBEGABTE	11	8	Hochbegabte	zu_selten	freq=8<10
HOCHFAHREN	10	8	Hochfahren	zu_selten	freq=8<10
HOFGEISMAR	10	8	Hofgeismar	zu_selten	ortsname
HUPE	4	8	Hupe	zu_selten	freq=8<10 (starker Beleg)
IBBENBUEREN	11	8	Ibbenbüren	zu_selten	ortsname
IMMENSTADT	10	8	Immenstadt	zu_selten	ortsname
INDIGENER	9	8	indigener	zu_selten	freq=8<10
INITIAL	7	8	initial	zu_selten	freq=8<10
INKLUSION	9	8	Inklusion	zu_selten	freq=8<10
INNERSTE	8	8	innerste	zu_selten	freq=8<10
INTEGRALEN	10	8	integralen	zu_selten	freq=8<10
INTIMES	7	8	intimes	zu_selten	freq=8<10
IRRATIONALE	11	8	irrationale	zu_selten	freq=8<10
ISFAHAN	7	8	Isfahan	zu_selten	ortsname
ITALIANA	8	8	Italiana	zu_selten	freq=8<10
IZMIR	5	8	Izmir	zu_selten	ortsname
JACKETT	7	8	Jackett	zu_selten	freq=8<10
JEDERMANNS	10	8	jedermanns	zu_selten	freq=8<10
JENSEITIGE	10	8	jenseitige	zu_selten	freq=8<10
JENSON	6	8	Jenson	zu_selten	freq=8<10
JURIS	5	8	Juris	zu_selten	freq=8<10
JUZ	3	8	JUZ	zu_selten	freq=8<20
KALININGRAD	11	8	Kaliningrad	zu_selten	ortsname
KAMPFHUNDE	10	8	Kampfhunde	zu_selten	freq=8<10
KANAAN	6	8	Kanaan	zu_selten	ortsname
KAPERN	6	8	kapern	zu_selten	freq=8<10
KAPITELL	8	8	Kapitell	zu_selten	freq=8<10
KASPISCHEN	10	8	Kaspischen	zu_selten	freq=8<10
KATHMANDU	9	8	Kathmandu	zu_selten	ortsname
KBYTE	5	8	KByte	zu_selten	freq=8<10
KEMPEN	6	8	Kempen	zu_selten	ortsname
KEUCHHUSTEN	11	8	Keuchhusten	zu_selten	freq=8<10
KIRGISTAN	9	8	Kirgistan	zu_selten	ortsname
KISSLEGG	8	8	Kißlegg	zu_selten	ortsname
KLEINSERIEN	11	8	Kleinserien	zu_selten	ortsname
KLINKEN	7	8	Klinken	zu_selten	freq=8<10
KOENNENS	8	8	Könnens	zu_selten	freq=8<10
KOENNTET	8	8	Könntet	zu_selten	freq=8<10
KOH	3	8	Koh	zu_selten	freq=8<20
KOKETTIEREN	11	8	Kokettieren	zu_selten	freq=8<10
KOLLEGIALE	10	8	kollegiale	zu_selten	freq=8<10
KONZIPIEREN	11	8	konzipieren	zu_selten	freq=8<10
KORBACH	7	8	Korbach	zu_selten	ortsname
KREBSE	6	8	Krebse	zu_selten	freq=8<10
KREUZLINGEN	11	8	Kreuzlingen	zu_selten	ortsname
KUHMILCH	8	8	Kuhmilch	zu_selten	freq=8<10
KULMBACH	8	8	Kulmbach	zu_selten	ortsname
KURBELN	7	8	kurbeln	zu_selten	freq=8<10
KURIOSES	8	8	Kurioses	zu_selten	freq=8<10
LAGOS	5	8	Lagos	zu_selten	freq=8<10
LEAST	5	8	least	zu_selten	freq=8<10
LECKEN	6	8	lecken	zu_selten	freq=8<10
LEDIGE	6	8	ledige	zu_selten	freq=8<10
LEIGH	5	8	Leigh	zu_selten	ortsname
LEIMEN	6	8	Leimen	zu_selten	freq=8<10
LENZBURG	8	8	Lenzburg	zu_selten	freq=8<10
LEOS	4	8	Leos	zu_selten	ortsname
LEUCHTENDER	11	8	leuchtender	zu_selten	freq=8<10
LIBERA	6	8	Libera	zu_selten	freq=8<10
LIBRI	5	8	Libri	zu_selten	freq=8<10
LIPPSTADT	9	8	Lippstadt	zu_selten	ortsname
LOBENDE	7	8	lobende	zu_selten	freq=8<10
LOESCHE	7	8	lösche	zu_selten	freq=8<10
LOH	3	8	Loh	zu_selten	freq=8<20
LOIS	4	8	Lois	zu_selten	freq=8<20
LORBEER	7	8	Lorbeer	zu_selten	freq=8<10
LORCH	5	8	Lorch	zu_selten	ortsname
LOSFAHREN	9	8	losfahren	zu_selten	freq=8<10
LUZIFER	7	8	Luzifer	zu_selten	freq=8<10
MACCABI	7	8	Maccabi	zu_selten	freq=8<10
MALTEN	6	8	malten	zu_selten	freq=8<10
MANI	4	8	Mani	zu_selten	freq=8<20
MAPPING	7	8	Mapping	zu_selten	freq=8<10
MARITIMES	9	8	Maritimes	zu_selten	freq=8<10
MATERIALEN	10	8	Materialen	zu_selten	freq=8<10
MAURETANIEN	11	8	Mauretanien	zu_selten	ortsname
MEDIKATION	10	8	Medikation	zu_selten	freq=8<10
MEDION	6	8	Medion	zu_selten	freq=8<10
MEHRFACHES	10	8	Mehrfaches	zu_selten	freq=8<10
MEI	3	8	Mei	zu_selten	freq=8<20
MELKEN	6	8	melken	zu_selten	freq=8<10
MENTAL	6	8	mental	zu_selten	freq=8<10
MENTALEN	8	8	mentalen	zu_selten	freq=8<10
METHADON	8	8	Methadon	zu_selten	freq=8<10
METS	4	8	Mets	zu_selten	freq=8<10 (starker Beleg)
MICRON	6	8	Micron	zu_selten	freq=8<10
MIMT	4	8	mimt	zu_selten	freq=8<10 (starker Beleg)
MISTELBACH	10	8	Mistelbach	zu_selten	ortsname
MITFUEHREN	10	8	Mitführen	zu_selten	freq=8<10
MOEWE	5	8	Möwe	zu_selten	freq=8<10
MONHEIM	7	8	Monheim	zu_selten	ortsname
MORTE	5	8	morte	zu_selten	freq=8<10
MOSSADEGH	9	8	Mossadegh	zu_selten	freq=8<10
MUENCHBERG	10	8	Münchberg	zu_selten	ortsname
MULTIPLEN	9	8	multiplen	zu_selten	freq=8<10
MUNCH	5	8	Munch	zu_selten	freq=8<10
MURI	4	8	Muri	zu_selten	ortsname
MURMELN	7	8	Murmeln	zu_selten	freq=8<10
NAIVE	5	8	naive	zu_selten	freq=8<10
NAIVER	6	8	Naiver	zu_selten	freq=8<10
NAMENLOS	8	8	namenlos	zu_selten	freq=8<10
NARRATIVE	9	8	narrative	zu_selten	freq=8<10
NATURELL	8	8	Naturell	zu_selten	freq=8<10
NAVI	4	8	Navi	zu_selten	freq=8<10 (starker Beleg)
NER	3	8	ner	zu_selten	freq=8<10 (starker Beleg)
NEUESTEM	8	8	neuestem	zu_selten	freq=8<10
NIAMEY	6	8	Niamey	zu_selten	ortsname
NIESEN	6	8	Niesen	zu_selten	freq=8<10
NOMURA	6	8	Nomura	zu_selten	freq=8<10
NORDHEIM	8	8	Nordheim	zu_selten	ortsname
NORDSPANIEN	11	8	Nordspanien	zu_selten	ortsname
NORDVIETNAM	11	8	Nordvietnam	zu_selten	ortsname
NORMATIVEN	10	8	normativen	zu_selten	freq=8<10
NUERTINGEN	10	8	Nürtingen	zu_selten	ortsname
NUESSEN	7	8	Nüssen	zu_selten	freq=8<10
OSTTIROL	8	8	Osttirol	zu_selten	ortsname
OXID	4	8	oxid	zu_selten	freq=8<20
OZEANISCHEN	11	8	ozeanischen	zu_selten	freq=8<10
PADDY	5	8	Paddy	zu_selten	freq=8<10
PANTOFFELN	10	8	Pantoffeln	zu_selten	freq=8<10
PAPE	4	8	Pape	zu_selten	freq=8<20
PARADOXE	8	8	paradoxe	zu_selten	freq=8<10
PARC	4	8	Parc	zu_selten	freq=8<10 (starker Beleg)
PARISIEN	8	8	Parisien	zu_selten	freq=8<10
PATRAS	6	8	Patras	zu_selten	ortsname
PATRIA	6	8	Patria	zu_selten	freq=8<10
PAUKEN	6	8	Pauken	zu_selten	freq=8<10
PECK	4	8	Peck	zu_selten	freq=8<20
PERFIDE	7	8	perfide	zu_selten	freq=8<10
PET	3	8	PET	zu_selten	freq=8<20
PFANDBRIEFE	11	8	Pfandbriefe	zu_selten	freq=8<10
PFIFFIGE	8	8	Pfiffige	zu_selten	freq=8<10
PFRONTEN	8	8	Pfronten	zu_selten	ortsname
PIANISSIMO	10	8	Pianissimo	zu_selten	freq=8<10
PINE	4	8	Pine	zu_selten	freq=8<10 (starker Beleg)
PLANLOS	7	8	planlos	zu_selten	freq=8<10
PLEXIGLAS	9	8	Plexiglas	zu_selten	ortsname
PLOT	4	8	Plot	zu_selten	freq=8<10 (starker Beleg)
POLIERTE	8	8	polierte	zu_selten	freq=8<10
POLJE	5	8	polje	zu_selten	freq=8<10
POMMERSCHE	10	8	Pommersche	zu_selten	freq=8<10
PRAESENTE	9	8	Präsente	zu_selten	freq=8<10
PRESSETEXT	10	8	Pressetext	zu_selten	freq=8<10
PREUSSISCH	10	8	preußisch	zu_selten	freq=8<10
PRIMER	6	8	Primer	zu_selten	freq=8<10
PRIVATIER	9	8	Privatier	zu_selten	freq=8<10
PROBIERE	8	8	Probiere	zu_selten	freq=8<10
PROGRESS	8	8	Progress	zu_selten	freq=8<10
PUDDING	7	8	Pudding	zu_selten	freq=8<10
PUH	3	8	Puh	zu_selten	freq=8<20
PULLACH	7	8	Pullach	zu_selten	ortsname
PUSTEN	6	8	pusten	zu_selten	freq=8<10
PUSTET	6	8	pustet	zu_selten	freq=8<10
PYRMONT	7	8	Pyrmont	zu_selten	ortsname
QING	4	8	Qing	zu_selten	freq=8<10 (starker Beleg)
QUIETSCHEN	10	8	Quietschen	zu_selten	freq=8<10
RADA	4	8	Rada	zu_selten	freq=8<10 (starker Beleg)
RANGLISTEN	10	8	Ranglisten	zu_selten	freq=8<10
RARE	4	8	Rare	zu_selten	freq=8<20
RECHEN	6	8	rechen	zu_selten	freq=8<10
RECKEN	6	8	Recken	zu_selten	freq=8<10
REGENWOLKEN	11	8	Regenwolken	zu_selten	freq=8<10
REIMS	5	8	Reims	zu_selten	ortsname
REISANBAU	9	8	Reisanbau	zu_selten	freq=8<10
RENTENFONDS	11	8	Rentenfonds	zu_selten	freq=8<10
RIEHEN	6	8	Riehen	zu_selten	ortsname
RINNEN	6	8	rinnen	zu_selten	freq=8<10
RITTEN	6	8	ritten	zu_selten	freq=8<10
ROBE	4	8	Robe	zu_selten	freq=8<10 (starker Beleg)
RODEN	5	8	Roden	zu_selten	freq=8<10
ROEMISCH	8	8	römisch	zu_selten	freq=8<10
ROESTEN	7	8	rösten	zu_selten	freq=8<10
ROMANISTIK	10	8	Romanistik	zu_selten	freq=8<10
ROTBRAUNEN	10	8	rotbraunen	zu_selten	freq=8<10
RUANDA	6	8	Ruanda	zu_selten	ortsname
RUCH	4	8	Ruch	zu_selten	freq=8<10 (starker Beleg)
RUECKENLAGE	11	8	Rückenlage	zu_selten	ortsname
RUMAENISCH	10	8	Rumänisch	zu_selten	freq=8<10
RUNE	4	8	Rune	zu_selten	freq=8<10 (starker Beleg)
SAECHSISCH	10	8	Sächsisch	zu_selten	freq=8<10
SAPPORO	7	8	Sapporo	zu_selten	ortsname
SAVANNEN	8	8	Savannen	zu_selten	freq=8<10
SCHAEUBLES	10	8	Schäubles	zu_selten	ortsname
SCHENEFELD	10	8	Schenefeld	zu_selten	ortsname
SCHEUTEN	8	8	scheuten	zu_selten	freq=8<10
SCHLAMPEREI	11	8	Schlamperei	zu_selten	freq=8<10
SCHMANKERL	10	8	Schmankerl	zu_selten	freq=8<10
SCHNAPPEN	9	8	schnappen	zu_selten	freq=8<10
SCHNURREN	9	8	Schnurren	zu_selten	freq=8<10
SEDIMENTEN	10	8	Sedimenten	zu_selten	freq=8<10
SEEDORF	7	8	Seedorf	zu_selten	ortsname
SEELISCHES	10	8	seelisches	zu_selten	freq=8<10
SEEVOEGEL	9	8	Seevögel	zu_selten	freq=8<10
SEJM	4	8	Sejm	zu_selten	freq=8<10 (starker Beleg)
SEMPER	6	8	Semper	zu_selten	freq=8<10
SERIENREIFE	11	8	Serienreife	zu_selten	freq=8<10
SHANG	5	8	Shang	zu_selten	freq=8<10
SIBIRISCHEN	11	8	sibirischen	zu_selten	freq=8<10
SIEBENTER	9	8	Siebenter	zu_selten	freq=8<10
SIEDELN	7	8	siedeln	zu_selten	freq=8<10
SIEH	4	8	Sieh	zu_selten	freq=8<20
SIMS	4	8	Sims	zu_selten	freq=8<10 (starker Beleg)
SKIZZIEREN	10	8	skizzieren	zu_selten	freq=8<10
SMOLENSK	8	8	Smolensk	zu_selten	ortsname
SOELDEN	7	8	Sölden	zu_selten	ortsname
SOLOS	5	8	Solos	zu_selten	freq=8<10
SONDERBARE	10	8	sonderbare	zu_selten	freq=8<10
SONTHOFEN	9	8	Sonthofen	zu_selten	ortsname
SPERRHOLZ	9	8	Sperrholz	zu_selten	ortsname
SPORTSCHUHE	11	8	Sportschuhe	zu_selten	freq=8<10
SPUELE	6	8	Spüle	zu_selten	freq=8<10
STEINCHEN	9	8	Steinchen	zu_selten	freq=8<10
STERBENDER	10	8	sterbender	zu_selten	freq=8<10
STEREOTYP	9	8	Stereotyp	zu_selten	freq=8<10
STIEGE	6	8	Stiege	zu_selten	freq=8<10
STILELEMENT	11	8	Stilelement	zu_selten	freq=8<10
STINKENDE	9	8	stinkende	zu_selten	freq=8<10
STOLLBERG	9	8	Stollberg	zu_selten	ortsname
STORMARN	8	8	Stormarn	zu_selten	ortsname
STORYS	6	8	Storys	zu_selten	freq=8<10
STREIKENDE	10	8	Streikende	zu_selten	freq=8<10
STRETCHING	10	8	Stretching	zu_selten	freq=8<10
STUECKWERK	10	8	Stückwerk	zu_selten	freq=8<10
SULZ	4	8	Sulz	zu_selten	freq=8<20
SURINAME	8	8	Suriname	zu_selten	ortsname
SUSHI	5	8	Sushi	zu_selten	freq=8<10
SUTER	5	8	Suter	zu_selten	freq=8<10
SVETLANA	8	8	Svetlana	zu_selten	freq=8<10
SWINGER	7	8	swinger	zu_selten	freq=8<10
TAIWANISCHE	11	8	taiwanische	zu_selten	freq=8<10
TELEGATE	8	8	Telegate	zu_selten	freq=8<10
TERMITEN	8	8	Termiten	zu_selten	freq=8<10
TEXTILE	7	8	textile	zu_selten	freq=8<10
THEODERICH	10	8	Theoderich	zu_selten	freq=8<10
TRANSPORTEN	11	8	Transporten	zu_selten	freq=8<10
TRAVEMUENDE	11	8	Travemünde	zu_selten	ortsname
TRITTEN	7	8	Tritten	zu_selten	freq=8<10
TRUDELN	7	8	trudeln	zu_selten	freq=8<10
TRUJILLO	8	8	Trujillo	zu_selten	ortsname
TUEFTELN	8	8	tüfteln	zu_selten	freq=8<10
UEBERKOMMT	10	8	überkommt	zu_selten	freq=8<10
UIT	3	8	UIT	zu_selten	freq=8<20
ULICA	5	8	Ulica	zu_selten	freq=8<10
UMKLAPPEN	9	8	Umklappen	zu_selten	freq=8<10
UMSTEUERN	9	8	Umsteuern	zu_selten	freq=8<10
UMWANDELN	9	8	umwandeln	zu_selten	freq=8<10
UNBEFUGTEN	10	8	unbefugten	zu_selten	freq=8<10
UNGEHORSAM	10	8	Ungehorsam	zu_selten	freq=8<10
UNSERIOESE	10	8	unseriöse	zu_selten	freq=8<10
UNTERES	7	8	unteres	zu_selten	freq=8<10
UNTERRICHTE	11	8	unterrichte	zu_selten	freq=8<10
UNTOTEN	7	8	Untoten	zu_selten	freq=8<10
UNWISSEN	8	8	Unwissen	zu_selten	freq=8<10
URAL	4	8	Ural	zu_selten	freq=8<10 (starker Beleg)
VAIHINGEN	9	8	Vaihingen	zu_selten	ortsname
VALERIA	7	8	Valeria	zu_selten	freq=8<10
VENETIEN	8	8	Venetien	zu_selten	ortsname
VEREITELN	9	8	vereiteln	zu_selten	freq=8<10
VERENIGING	10	8	Vereniging	zu_selten	freq=8<10
VERGISS	7	8	Vergiss	zu_selten	freq=8<10
VERGLUEHEN	10	8	verglühen	zu_selten	freq=8<10
VERKLEIDEN	10	8	verkleiden	zu_selten	freq=8<10
VERLEIHE	8	8	Verleihe	zu_selten	freq=8<10
VERLINKEN	9	8	verlinken	zu_selten	freq=8<10
VERTAUSCHEN	11	8	Vertauschen	zu_selten	freq=8<10
VERTROESTEN	11	8	vertrösten	zu_selten	freq=8<10
VERWISCHEN	10	8	verwischen	zu_selten	freq=8<10
VIE	3	8	Vie	zu_selten	freq=8<20
VIEREN	6	8	Vieren	zu_selten	freq=8<10
VIERSEN	7	8	Viersen	zu_selten	ortsname
VIGO	4	8	Vigo	zu_selten	ortsname
VILA	4	8	Vila	zu_selten	ortsname
VIRTUOSEN	9	8	virtuosen	zu_selten	freq=8<10
VISIONAERE	10	8	Visionäre	zu_selten	freq=8<10
VOLTAIRE	8	8	Voltaire	zu_selten	freq=8<10
VORDENKER	9	8	Vordenker	zu_selten	freq=8<10
WAELZEN	7	8	wälzen	zu_selten	freq=8<10
WAESSER	7	8	Wässer	zu_selten	freq=8<10
WAIBLINGEN	10	8	Waiblingen	zu_selten	ortsname
WARTELISTEN	11	8	Wartelisten	zu_selten	freq=8<10
WEGS	4	8	Wegs	zu_selten	freq=8<10 (starker Beleg)
WEICHEM	7	8	weichem	zu_selten	freq=8<10
WESSEN	6	8	wessen	zu_selten	freq=8<10
WETTERN	7	8	wettern	zu_selten	freq=8<10
WIEDERHOLE	10	8	Wiederhole	zu_selten	freq=8<10
WILKINS	7	8	Wilkins	zu_selten	ortsname
WIMMERN	7	8	Wimmern	zu_selten	freq=8<10
WOERNER	7	8	Wörner	zu_selten	freq=8<10
WOHNLAGE	8	8	Wohnlage	zu_selten	freq=8<10
WRACKTEILE	10	8	Wrackteile	zu_selten	freq=8<10
WUENSCH	7	8	Wünsch	zu_selten	freq=8<10
WUERGEN	7	8	Würgen	zu_selten	freq=8<10
WURZEN	6	8	Wurzen	zu_selten	ortsname
ZAEHLBARES	10	8	Zählbares	zu_selten	freq=8<10
ZEITLOSES	9	8	zeitloses	zu_selten	freq=8<10
ZERKLEINERN	11	8	Zerkleinern	zu_selten	freq=8<10
ZULU	4	8	Zulu	zu_selten	freq=8<10 (starker Beleg)
ZUMACHEN	8	8	zumachen	zu_selten	freq=8<10
ZUMUTBAREN	10	8	Zumutbaren	zu_selten	freq=8<10
ZUTRAUEN	8	8	Zutrauen	zu_selten	freq=8<10
ZUWEISEN	8	8	zuweisen	zu_selten	freq=8<10
AALE	4	7	Aale	zu_selten	freq=7<20
ABFLACHEN	9	7	Abflachen	zu_selten	freq=7<10
ABHAKEN	7	7	abhaken	zu_selten	freq=7<10
ABHAUEN	7	7	Abhauen	zu_selten	freq=7<10
ABLADEN	7	7	Abladen	zu_selten	freq=7<10
ABNAHMEN	8	7	Abnahmen	zu_selten	freq=7<10
ABSAUGEN	8	7	Absaugen	zu_selten	freq=7<10
ABSCHLEPPEN	11	7	Abschleppen	zu_selten	freq=7<10
ABSOLVENT	9	7	Absolvent	zu_selten	freq=7<10
ABSTRAKTER	10	7	abstrakter	zu_selten	freq=7<10
ABTASTEN	8	7	Abtasten	zu_selten	freq=7<10
ABTEIEN	7	7	Abteien	zu_selten	freq=7<10
ABTROCKNEN	10	7	abtrocknen	zu_selten	freq=7<10
ABWERFEN	8	7	abwerfen	zu_selten	freq=7<10
ABZAEHLEN	9	7	abzählen	zu_selten	freq=7<10
ACRYL	5	7	Acryl	zu_selten	ortsname
ADAPTATION	10	7	Adaptation	zu_selten	freq=7<10
ADDITIV	7	7	additiv	zu_selten	freq=7<10
ADRIEN	6	7	Adrien	zu_selten	freq=7<10
AHMT	4	7	ahmt	zu_selten	freq=7<20
AHR	3	7	Ahr	zu_selten	freq=7<10 (starker Beleg)
ALPINA	6	7	Alpina	zu_selten	freq=7<10
ALSLEBEN	8	7	Alsleben	zu_selten	ortsname
AMBIVALENTE	11	7	ambivalente	zu_selten	freq=7<10
AMRUM	5	7	Amrum	zu_selten	ortsname
ANAEMIE	7	7	Anämie	zu_selten	freq=7<10
ANALOGIEN	9	7	Analogien	zu_selten	freq=7<10
ANBINDEN	8	7	anbinden	zu_selten	freq=7<10
ANDACHTEN	9	7	Andachten	zu_selten	freq=7<10
ANDERENORTS	11	7	anderenorts	zu_selten	freq=7<10
ANIONEN	7	7	Anionen	zu_selten	freq=7<10
ANLEHNEN	8	7	anlehnen	zu_selten	freq=7<10
ANREIZEN	8	7	Anreizen	zu_selten	freq=7<10
ANSCHWELLEN	11	7	anschwellen	zu_selten	freq=7<10
ANSTIEGEN	9	7	Anstiegen	zu_selten	freq=7<10
ANTE	4	7	ante	zu_selten	freq=7<20
ANZAHLUNGEN	11	7	Anzahlungen	zu_selten	freq=7<10
ANZEIGTE	8	7	anzeigte	zu_selten	freq=7<10
ARAD	4	7	Arad	zu_selten	ortsname
ARBEITENDER	11	7	arbeitender	zu_selten	freq=7<10
ARGOS	5	7	Argos	zu_selten	freq=7<10
ARMAGEDDON	10	7	Armageddon	zu_selten	freq=7<10
ARNHEIM	7	7	Arnheim	zu_selten	ortsname
AROMASTOFFE	11	7	Aromastoffe	zu_selten	freq=7<10
ASO	3	7	Aso	zu_selten	freq=7<10 (starker Beleg)
ASYNCHRON	9	7	asynchron	zu_selten	freq=7<10
ATTORNEY	8	7	Attorney	zu_selten	freq=7<10
AUFKLAPPEN	10	7	Aufklappen	zu_selten	freq=7<10
AUFRISS	7	7	Aufriss	zu_selten	freq=7<10
AUFSTIEGEN	10	7	aufstiegen	zu_selten	freq=7<10
AUFTAUEN	8	7	auftauen	zu_selten	freq=7<10
AUFWERFEN	9	7	aufwerfen	zu_selten	freq=7<10
AUSBLENDEN	10	7	ausblenden	zu_selten	freq=7<10
AUSBRINGEN	10	7	ausbringen	zu_selten	freq=7<10
AUSHEBEN	8	7	ausheben	zu_selten	freq=7<10
AUSLASSEN	9	7	auslassen	zu_selten	freq=7<10
AUSLOESCHEN	11	7	auslöschen	zu_selten	freq=7<10
AUSPUMPEN	9	7	auspumpen	zu_selten	freq=7<10
AUSTREIBEN	10	7	austreiben	zu_selten	freq=7<10
AUSWASCHEN	10	7	Auswaschen	zu_selten	freq=7<10
AUTOGENES	9	7	Autogenes	zu_selten	freq=7<10
BAIRISCHEN	10	7	bairischen	zu_selten	freq=7<10
BAMMEL	6	7	Bammel	zu_selten	freq=7<10
BARD	4	7	Bard	zu_selten	freq=7<10 (starker Beleg)
BARMEN	6	7	Barmen	zu_selten	ortsname
BASSIN	6	7	Bassin	zu_selten	freq=7<10
BAUORDNUNG	10	7	Bauordnung	zu_selten	freq=7<10
BAUSENATOR	10	7	Bausenator	zu_selten	freq=7<10
BEDAECHTIG	10	7	Bedächtig	zu_selten	freq=7<10
BEDBURG	7	7	Bedburg	zu_selten	ortsname
BEGNADETE	9	7	begnadete	zu_selten	freq=7<10
BELARUS	7	7	Belarus	zu_selten	ortsname
BEMUEHUNG	9	7	Bemühung	zu_selten	freq=7<10
BENE	4	7	Bene	zu_selten	freq=7<20
BENOMMEN	8	7	benommen	zu_selten	freq=7<10
BERGEDORF	9	7	Bergedorf	zu_selten	ortsname
BERGWAELDER	11	7	Bergwälder	zu_selten	freq=7<10
BERUEHRE	8	7	berühre	zu_selten	freq=7<10
BESIKTAS	8	7	Besiktas	zu_selten	ortsname
BESORGE	7	7	Besorge	zu_selten	freq=7<10
BESPRUEHEN	10	7	besprühen	zu_selten	freq=7<10
BESTFORM	8	7	Bestform	zu_selten	ortsname
BESTRAFTEN	10	7	bestraften	zu_selten	freq=7<10
BET	3	7	Bet	zu_selten	freq=7<20
BETRUEGERN	10	7	Betrügern	zu_selten	freq=7<10
BEWAFFNETER	11	7	bewaffneter	zu_selten	freq=7<10
BEWEGTER	8	7	bewegter	zu_selten	freq=7<10
BEZICHTIGTE	11	7	bezichtigte	zu_selten	freq=7<10
BIOPRODUKTE	11	7	Bioprodukte	zu_selten	freq=7<10
BIOSPRIT	8	7	Biosprit	zu_selten	freq=7<10
BIOTOPEN	8	7	Biotopen	zu_selten	freq=7<10
BITTERES	8	7	bitteres	zu_selten	freq=7<10
BLECHEN	7	7	Blechen	zu_selten	freq=7<10
BLINKEN	7	7	blinken	zu_selten	freq=7<10
BLUSEN	6	7	Blusen	zu_selten	freq=7<10
BLUTZELLEN	10	7	Blutzellen	zu_selten	freq=7<10
BOJE	4	7	Boje	zu_selten	freq=7<10 (starker Beleg)
BOR	3	7	Bor	zu_selten	freq=7<20
BOS	3	7	Bos	zu_selten	freq=7<20
BRACHT	6	7	bracht	zu_selten	freq=7<10
BRAMSCHE	8	7	Bramsche	zu_selten	ortsname
BREST	5	7	Brest	zu_selten	ortsname
BRILLANTER	10	7	brillanter	zu_selten	freq=7<10
BRUCHKOEBEL	11	7	Bruchköbel	zu_selten	ortsname
BRUMMEN	7	7	Brummen	zu_selten	freq=7<10
BUECHEL	7	7	Büchel	zu_selten	ortsname
BUEDERICH	9	7	Büderich	zu_selten	ortsname
BUELACH	7	7	Bülach	zu_selten	ortsname
BUERGERNAHE	11	7	bürgernahe	zu_selten	freq=7<10
BUERMOOS	8	7	Bürmoos	zu_selten	ortsname
BUGA	4	7	Buga	zu_selten	freq=7<20
BURUNDI	7	7	Burundi	zu_selten	ortsname
BUTTE	5	7	Butte	zu_selten	ortsname
CALA	4	7	Cala	zu_selten	freq=7<20
CALLS	5	7	Calls	zu_selten	freq=7<10
CAPS	4	7	Caps	zu_selten	freq=7<10 (starker Beleg)
CARAVAGGIO	10	7	Caravaggio	zu_selten	freq=7<10
CARLISLE	8	7	Carlisle	zu_selten	ortsname
CHATAMI	7	7	Chatami	zu_selten	freq=7<10
CHECKEN	7	7	checken	zu_selten	freq=7<10
CHEMIN	6	7	Chemin	zu_selten	freq=7<10
CHIESA	6	7	Chiesa	zu_selten	freq=7<10
CHOMEINI	8	7	Chomeini	zu_selten	freq=7<10
CLICKEN	7	7	Clicken	zu_selten	freq=7<10
CLUBE	5	7	Clube	zu_selten	freq=7<10
COLMAR	6	7	Colmar	zu_selten	freq=7<10
COMBINED	8	7	Combined	zu_selten	freq=7<10
CONCERN	7	7	concern	zu_selten	freq=7<10
CONCOURS	8	7	Concours	zu_selten	freq=7<10
CONVERSION	10	7	Conversion	zu_selten	freq=7<10
COR	3	7	COR	zu_selten	freq=7<20
COULEUR	7	7	Couleur	zu_selten	freq=7<10
CROMWELL	8	7	Cromwell	zu_selten	freq=7<10
CYCLE	5	7	Cycle	zu_selten	freq=7<10
DAMPFERS	8	7	Dampfers	zu_selten	freq=7<10
DELLEN	6	7	Dellen	zu_selten	freq=7<10
DEPORTIERTE	11	7	deportierte	zu_selten	freq=7<10
DERIVATEN	9	7	Derivaten	zu_selten	freq=7<10
DETRITUS	8	7	Detritus	zu_selten	freq=7<10
DETTINGEN	9	7	Dettingen	zu_selten	ortsname
DEUTSCHMANN	11	7	Deutschmann	zu_selten	freq=7<10
DEVICE	6	7	Device	zu_selten	freq=7<10
DEXTER	6	7	Dexter	zu_selten	freq=7<10
DIAMONDS	8	7	Diamonds	zu_selten	freq=7<10
DIKTIERTE	9	7	diktierte	zu_selten	freq=7<10
DINSLAKEN	9	7	Dinslaken	zu_selten	ortsname
DIODOR	6	7	Diodor	zu_selten	freq=7<10
DISNEYLAND	10	7	Disneyland	zu_selten	ortsname
DOLCE	5	7	Dolce	zu_selten	freq=7<10
DONEZK	6	7	Donezk	zu_selten	ortsname
DOVE	4	7	Dove	zu_selten	freq=7<20
DRAMMEN	7	7	Drammen	zu_selten	ortsname
DUB	3	7	Dub	zu_selten	freq=7<20
DUELMEN	7	7	Dülmen	zu_selten	ortsname
DUENGEN	7	7	düngen	zu_selten	freq=7<10
DUMMER	6	7	dummer	zu_selten	freq=7<10
DURCHBOHREN	11	7	durchbohren	zu_selten	freq=7<10
EASYJET	7	7	Easyjet	zu_selten	freq=7<10
EDDINGTON	9	7	Eddington	zu_selten	ortsname
EFEU	4	7	Efeu	zu_selten	freq=7<20
EINBRECHEN	10	7	einbrechen	zu_selten	freq=7<10
EINFALT	7	7	Einfalt	zu_selten	freq=7<10
EINKLEBEN	9	7	Einkleben	zu_selten	freq=7<10
EINSTUERZEN	11	7	einstürzen	zu_selten	freq=7<10
EINTREIBEN	10	7	eintreiben	zu_selten	freq=7<10
EMSIG	5	7	emsig	zu_selten	freq=7<10
ENEL	4	7	Enel	zu_selten	freq=7<10 (starker Beleg)
ENIGMA	6	7	Enigma	zu_selten	freq=7<10
ENTZUECKEN	10	7	entzücken	zu_selten	freq=7<10
ERDENKLICHE	11	7	erdenkliche	zu_selten	freq=7<10
ERLE	4	7	Erle	zu_selten	freq=7<10 (starker Beleg)
ERLESENEN	9	7	erlesenen	zu_selten	freq=7<10
ERLITTENE	9	7	erlittene	zu_selten	freq=7<10
ERSPIELEN	9	7	erspielen	zu_selten	freq=7<10
ERSTARREN	9	7	erstarren	zu_selten	freq=7<10
ERWAEHLTE	9	7	erwählte	zu_selten	freq=7<10
ESCAPE	6	7	Escape	zu_selten	freq=7<10
ESSIGSAEURE	11	7	Essigsäure	zu_selten	freq=7<10
EURASISCHEN	11	7	eurasischen	zu_selten	freq=7<10
EVO	3	7	Evo	zu_selten	freq=7<20
EXCLUSIVE	9	7	exclusive	zu_selten	freq=7<10
FACHLICHES	10	7	fachliches	zu_selten	freq=7<10
FAHL	4	7	fahl	zu_selten	freq=7<20
FAHRENS	7	7	Fahrens	zu_selten	freq=7<10
FARBWAHL	8	7	Farbwahl	zu_selten	freq=7<10
FERNLICHT	9	7	Fernlicht	zu_selten	freq=7<10
FESTMACHEN	10	7	festmachen	zu_selten	freq=7<10
FETTER	6	7	fetter	zu_selten	freq=7<10
FILMSTART	9	7	Filmstart	zu_selten	freq=7<10
FISCHTEICHE	11	7	Fischteiche	zu_selten	freq=7<10
FITTIPALDI	10	7	Fittipaldi	zu_selten	freq=7<10
FLANIEREN	9	7	flanieren	zu_selten	freq=7<10
FLANKIEREND	11	7	flankierend	zu_selten	freq=7<10
FLECKCHEN	9	7	Fleckchen	zu_selten	freq=7<10
FLIPPER	7	7	Flipper	zu_selten	freq=7<10
FONDO	5	7	Fondo	zu_selten	freq=7<10
FORMUNG	7	7	Formung	zu_selten	freq=7<10
FORSA	5	7	Forsa	zu_selten	freq=7<10
FRA	3	7	fra	zu_selten	freq=7<20
FREILASSEN	10	7	freilassen	zu_selten	freq=7<10
FREU	4	7	Freu	zu_selten	freq=7<20
FREYA	5	7	Freya	zu_selten	freq=7<10
GANDERKESEE	11	7	Ganderkesee	zu_selten	ortsname
GARBSEN	7	7	Garbsen	zu_selten	ortsname
GARMIN	6	7	Garmin	zu_selten	freq=7<10
GASTURBINEN	11	7	Gasturbinen	zu_selten	freq=7<10
GEBENDE	7	7	gebende	zu_selten	freq=7<10
GEBRANNTEN	10	7	gebrannten	zu_selten	freq=7<10
GEBRAUCHTES	11	7	gebrauchtes	zu_selten	freq=7<10
GEHENDE	7	7	gehende	zu_selten	freq=7<10
GEISSELN	8	7	Geißeln	zu_selten	freq=7<10
GEIZT	5	7	geizt	zu_selten	freq=7<10
GEJAGTEN	8	7	Gejagten	zu_selten	freq=7<10
GELAEHMTEN	10	7	gelähmten	zu_selten	freq=7<10
GENERALI	8	7	Generali	zu_selten	freq=7<10
GENTILE	7	7	Gentile	zu_selten	freq=7<10
GERAEUMIGES	11	7	geräumiges	zu_selten	freq=7<10
GESAMTHAFT	10	7	gesamthaft	zu_selten	freq=7<10
GESTAENDIGE	11	7	geständige	zu_selten	freq=7<10
GEWAECHSE	9	7	Gewächse	zu_selten	freq=7<10
GEWESENEN	9	7	gewesenen	zu_selten	freq=7<10
GLASFASERN	10	7	Glasfasern	zu_selten	freq=7<10
GLATTEIS	8	7	Glatteis	zu_selten	freq=7<10
GLI	3	7	Gli	zu_selten	freq=7<20
GOLEM	5	7	Golem	zu_selten	freq=7<10
GOSSEN	6	7	Gossen	zu_selten	freq=7<10
GOTTSEIDANK	11	7	Gottseidank	zu_selten	freq=7<10
GRELL	5	7	Grell	zu_selten	freq=7<10
GRENZSTEINE	11	7	Grenzsteine	zu_selten	freq=7<10
GROBES	6	7	grobes	zu_selten	freq=7<10
GSTE	4	7	Gste	zu_selten	freq=7<10 (starker Beleg)
GUENZBURG	9	7	Günzburg	zu_selten	ortsname
GUEST	5	7	Guest	zu_selten	freq=7<10
GUSSEISEN	9	7	Gusseisen	zu_selten	ortsname
GUTSHOEFE	9	7	Gutshöfe	zu_selten	freq=7<10
HAARIGE	7	7	haarige	zu_selten	freq=7<10
HAARLEM	7	7	Haarlem	zu_selten	ortsname
HACKL	5	7	Hackl	zu_selten	freq=7<10
HADERN	6	7	Hadern	zu_selten	freq=7<10
HAFNER	6	7	Hafner	zu_selten	freq=7<10
HAKI	4	7	Haki	zu_selten	freq=7<20
HALLSTATT	9	7	Hallstatt	zu_selten	freq=7<10
HALM	4	7	Halm	zu_selten	freq=7<10 (starker Beleg)
HARREN	6	7	harren	zu_selten	freq=7<10
HASSEL	6	7	Hassel	zu_selten	freq=7<10
HAU	3	7	Hau	zu_selten	freq=7<20
HAUENSTEIN	10	7	Hauenstein	zu_selten	freq=7<10
HAUTKONTAKT	11	7	Hautkontakt	zu_selten	freq=7<10
HEADSETS	8	7	Headsets	zu_selten	freq=7<10
HEILIGES	8	7	heiliges	zu_selten	freq=7<10
HEIMBILANZ	10	7	Heimbilanz	zu_selten	freq=7<10
HELDENHAFT	10	7	heldenhaft	zu_selten	freq=7<10
HELLROT	7	7	hellrot	zu_selten	freq=7<10
HERB	4	7	herb	zu_selten	freq=7<20
HEROISCHEN	10	7	heroischen	zu_selten	freq=7<10
HERTEN	6	7	Herten	zu_selten	ortsname
HERZRASEN	9	7	Herzrasen	zu_selten	freq=7<10
HESSENSCHAU	11	7	hessenschau	zu_selten	freq=7<10
HHE	3	7	Hhe	zu_selten	freq=7<10 (starker Beleg)
HILFLOSEN	9	7	hilflosen	zu_selten	freq=7<10
HILFST	6	7	hilfst	zu_selten	freq=7<10
HIRNTOD	7	7	Hirntod	zu_selten	freq=7<10
HISTORIEN	9	7	Historien	zu_selten	freq=7<10
HOFEN	5	7	Hofen	zu_selten	freq=7<10
HOHENHEIM	9	7	Hohenheim	zu_selten	freq=7<10
HOSTS	5	7	Hosts	zu_selten	freq=7<10
HUEY	4	7	Huey	zu_selten	freq=7<10 (starker Beleg)
HUMANIST	8	7	Humanist	zu_selten	freq=7<10
HUNDEFUTTER	11	7	Hundefutter	zu_selten	freq=7<10
HUNGEN	6	7	Hungen	zu_selten	ortsname
IMAGO	5	7	Imago	zu_selten	freq=7<10
IMPERIALEN	10	7	imperialen	zu_selten	freq=7<10
INFOGRAFIK	10	7	Infografik	zu_selten	freq=7<10
INNEHABEN	9	7	innehaben	zu_selten	freq=7<10
INNEHALTEN	10	7	Innehalten	zu_selten	freq=7<10
INNER	5	7	Inner	zu_selten	freq=7<10
INSELCHEN	9	7	Inselchen	zu_selten	freq=7<10
INTERVIEWEN	11	7	interviewen	zu_selten	freq=7<10
INVERNESS	9	7	Inverness	zu_selten	ortsname
ISPRINGEN	9	7	Ispringen	zu_selten	ortsname
JAGST	5	7	Jagst	zu_selten	freq=7<10
JAJA	4	7	Jaja	zu_selten	freq=7<20
JAPANESE	8	7	Japanese	zu_selten	freq=7<10
JESENICE	8	7	Jesenice	zu_selten	ortsname
KAISERLICH	10	7	Kaiserlich	zu_selten	freq=7<10
KAMENZ	6	7	Kamenz	zu_selten	ortsname
KAS	3	7	Kas	zu_selten	freq=7<20
KASACHISCHE	11	7	kasachische	zu_selten	freq=7<10
KASAN	5	7	Kasan	zu_selten	ortsname
KAUZ	4	7	Kauz	zu_selten	freq=7<10 (starker Beleg)
KEATON	6	7	Keaton	zu_selten	freq=7<10
KELTISCHER	10	7	keltischer	zu_selten	freq=7<10
KENNWERTE	9	7	Kennwerte	zu_selten	freq=7<10
KIRN	4	7	Kirn	zu_selten	ortsname
KNAUR	5	7	Knaur	zu_selten	freq=7<10
KNEIFEN	7	7	kneifen	zu_selten	freq=7<10
KNOCKOUT	8	7	Knockout	zu_selten	freq=7<10
KNOSSOS	7	7	Knossos	zu_selten	ortsname
KOLBERG	7	7	Kolberg	zu_selten	ortsname
KOLLABIEREN	11	7	kollabieren	zu_selten	freq=7<10
KOLLEKTIVER	11	7	kollektiver	zu_selten	freq=7<10
KOLLEKTIVES	11	7	kollektives	zu_selten	freq=7<10
KONTINENTAL	11	7	kontinental	zu_selten	freq=7<10
KONTRASTEN	10	7	Kontrasten	zu_selten	freq=7<10
KONZERNWEIT	11	7	konzernweit	zu_selten	freq=7<10
KORREKTIV	9	7	Korrektiv	zu_selten	freq=7<10
KOTZEN	6	7	Kotzen	zu_selten	freq=7<10
KRAM	4	7	Kram	zu_selten	freq=7<20
KRISTALLEN	10	7	Kristallen	zu_selten	freq=7<10
KRONBERG	8	7	Kronberg	zu_selten	ortsname
KRUMM	5	7	krumm	zu_selten	freq=7<10
KUENG	5	7	Küng	zu_selten	freq=7<10
KULINARISCH	11	7	Kulinarisch	zu_selten	freq=7<10
KULTSTAETTE	11	7	Kultstätte	zu_selten	freq=7<10
KUNSTLEHRER	11	7	Kunstlehrer	zu_selten	freq=7<10
KUPFERNE	8	7	kupferne	zu_selten	freq=7<10
KURSVERLUST	11	7	Kursverlust	zu_selten	freq=7<10
LAHMEN	6	7	lahmen	zu_selten	freq=7<10
LAHORE	6	7	Lahore	zu_selten	ortsname
LANDGANG	8	7	Landgang	zu_selten	freq=7<10
LANGENARGEN	11	7	Langenargen	zu_selten	ortsname
LANGENHORN	10	7	Langenhorn	zu_selten	ortsname
LANGLEY	7	7	Langley	zu_selten	ortsname
LAUBBAEUME	10	7	Laubbäume	zu_selten	freq=7<10
LAUFWERKEN	10	7	Laufwerken	zu_selten	freq=7<10
LEGA	4	7	Lega	zu_selten	freq=7<10 (starker Beleg)
LEHR	4	7	Lehr	zu_selten	freq=7<10 (starker Beleg)
LEISTENDEN	10	7	leistenden	zu_selten	freq=7<10
LEKTORAT	8	7	Lektorat	zu_selten	freq=7<10
LESENDEN	8	7	Lesenden	zu_selten	freq=7<10
LEV	3	7	Lev	zu_selten	freq=7<20
LIBERALES	9	7	liberales	zu_selten	freq=7<10
LIBERTAS	8	7	Libertas	zu_selten	freq=7<10
LIEBLOS	7	7	lieblos	zu_selten	freq=7<10
LIEBSTER	8	7	liebster	zu_selten	freq=7<10
LIESTAL	7	7	Liestal	zu_selten	ortsname
LINDENAU	8	7	Lindenau	zu_selten	ortsname
LINEAL	6	7	Lineal	zu_selten	freq=7<10
LIPPISCHEN	10	7	lippischen	zu_selten	freq=7<10
LIQUID	6	7	Liquid	zu_selten	freq=7<10
LITAUISCHE	10	7	litauische	zu_selten	freq=7<10
LIV	3	7	Liv	zu_selten	freq=7<20
LIVINGSTON	10	7	Livingston	zu_selten	ortsname
LOBE	4	7	Lobe	zu_selten	freq=7<20
LOGGEN	6	7	Loggen	zu_selten	freq=7<10
LOOSE	5	7	Loose	zu_selten	freq=7<10
LORI	4	7	Lori	zu_selten	freq=7<20
LOWELL	6	7	Lowell	zu_selten	ortsname
LUETZOW	7	7	Lützow	zu_selten	freq=7<10
LUFTMASSEN	10	7	Luftmassen	zu_selten	freq=7<10
LYNX	4	7	Lynx	zu_selten	freq=7<10 (starker Beleg)
MAGST	5	7	Magst	zu_selten	freq=7<10
MALA	4	7	Mala	zu_selten	freq=7<20
MANA	4	7	Mana	zu_selten	freq=7<20
MANNI	5	7	Manni	zu_selten	freq=7<10
MANSARDDACH	11	7	Mansarddach	zu_selten	freq=7<10
MARDIN	6	7	Mardin	zu_selten	ortsname
MARRAKESCH	10	7	Marrakesch	zu_selten	ortsname
MASSIVHOLZ	10	7	Massivholz	zu_selten	freq=7<10
MATA	4	7	Mata	zu_selten	freq=7<20
MAULTASCHEN	11	7	Maultaschen	zu_selten	freq=7<10
MECKENHEIM	10	7	Meckenheim	zu_selten	ortsname
MEDITIEREN	10	7	meditieren	zu_selten	freq=7<10
MEETS	5	7	meets	zu_selten	freq=7<10
MENHIR	6	7	Menhir	zu_selten	freq=7<10
MER	3	7	Mer	zu_selten	freq=7<20
MIEDER	6	7	Mieder	zu_selten	freq=7<10
MILA	4	7	Mila	zu_selten	freq=7<20
MINDELHEIM	10	7	Mindelheim	zu_selten	ortsname
MINIMA	6	7	Minima	zu_selten	freq=7<10
MISATO	6	7	Misato	zu_selten	freq=7<10
MISSA	5	7	Missa	zu_selten	freq=7<10
MISSING	7	7	Missing	zu_selten	freq=7<10
MITAUTOR	8	7	Mitautor	zu_selten	freq=7<10
MITBESITZER	11	7	Mitbesitzer	zu_selten	freq=7<10
MITLAUFEN	9	7	mitlaufen	zu_selten	freq=7<10
MITTANZEN	9	7	mittanzen	zu_selten	freq=7<10
MODELN	6	7	Modeln	zu_selten	freq=7<10
MODENA	6	7	Modena	zu_selten	ortsname
MODS	4	7	Mods	zu_selten	freq=7<10 (starker Beleg)
MOLAREN	7	7	Molaren	zu_selten	freq=7<10
MONTES	6	7	Montes	zu_selten	freq=7<10
MORPHIUM	8	7	Morphium	zu_selten	freq=7<10
MORS	4	7	Mors	zu_selten	freq=7<20
MOSBACH	7	7	Mosbach	zu_selten	ortsname
MOSENERGO	9	7	Mosenergo	zu_selten	freq=7<10
MOTOWN	6	7	Motown	zu_selten	ortsname
MUEHLBERG	9	7	Mühlberg	zu_selten	ortsname
MUENDIG	7	7	mündig	zu_selten	freq=7<10
MUSCHI	6	7	muschi	zu_selten	freq=7<10
NACHAHMEN	9	7	nachahmen	zu_selten	freq=7<10
NACHEIFERN	10	7	nacheifern	zu_selten	freq=7<10
NACKTFOTOS	10	7	Nacktfotos	zu_selten	freq=7<10
NADELHOLZ	9	7	Nadelholz	zu_selten	ortsname
NAGANO	6	7	Nagano	zu_selten	ortsname
NAM	3	7	NAM	zu_selten	freq=7<20
NAN	3	7	Nan	zu_selten	freq=7<20
NANG	4	7	nang	zu_selten	freq=7<20
NANO	4	7	Nano	zu_selten	freq=7<20
NARNIA	6	7	Narnia	zu_selten	ortsname
NARRATIVEN	10	7	narrativen	zu_selten	freq=7<10
NATURALIEN	10	7	Naturalien	zu_selten	ortsname
NEC	3	7	NEC	zu_selten	freq=7<20
NELLA	5	7	nella	zu_selten	freq=7<10
NEURONALE	9	7	neuronale	zu_selten	freq=7<10
NEUSES	6	7	Neuses	zu_selten	ortsname
NOERDLINGEN	11	7	Nördlingen	zu_selten	ortsname
NOETIGSTEN	10	7	nötigsten	zu_selten	freq=7<10
NOMINIERTE	10	7	nominierte	zu_selten	freq=7<10
NONSTOP	7	7	nonstop	zu_selten	freq=7<10
NORDBAYERN	10	7	Nordbayern	zu_selten	ortsname
NORDBOEHMEN	11	7	Nordböhmen	zu_selten	ortsname
NORDENHAM	9	7	Nordenham	zu_selten	ortsname
NORTHAMPTON	11	7	Northampton	zu_selten	ortsname
NOVI	4	7	Novi	zu_selten	ortsname
NYLON	5	7	Nylon	zu_selten	freq=7<10
OED	3	7	öd	zu_selten	freq=7<20
OELS	4	7	Öls	zu_selten	freq=7<10 (starker Beleg)
OHRDRUF	7	7	Ohrdruf	zu_selten	ortsname
ORDINARIUS	10	7	Ordinarius	zu_selten	freq=7<10
ORDNERN	7	7	Ordnern	zu_selten	freq=7<10
OSTEREIER	9	7	Ostereier	zu_selten	freq=7<10
PAEDOPHILE	10	7	Pädophile	zu_selten	freq=7<10
PAEDOPHILEN	11	7	Pädophilen	zu_selten	freq=7<10
PALAESTEN	9	7	Palästen	zu_selten	freq=7<10
PALMEIRAS	9	7	Palmeiras	zu_selten	ortsname
PAMPLONA	8	7	Pamplona	zu_selten	ortsname
PAPAS	5	7	Papas	zu_selten	freq=7<10
PARODONTOSE	11	7	Parodontose	zu_selten	freq=7<10
PARS	4	7	Pars	zu_selten	freq=7<20
PARTEILOSE	10	7	parteilose	zu_selten	freq=7<10
PARTNERLAND	11	7	Partnerland	zu_selten	freq=7<10
PARTOUT	7	7	partout	zu_selten	freq=7<10
PAZIFISCHE	10	7	pazifische	zu_selten	freq=7<10
PEIN	4	7	Pein	zu_selten	freq=7<10 (starker Beleg)
PEINLICHES	10	7	peinliches	zu_selten	freq=7<10
PENDLERN	8	7	Pendlern	zu_selten	ortsname
PERSISCH	8	7	persisch	zu_selten	freq=7<10
PERUANISCHE	11	7	peruanische	zu_selten	freq=7<10
PETITE	6	7	Petite	zu_selten	freq=7<10
PFLAUMEN	8	7	Pflaumen	zu_selten	freq=7<10
PFLUECKEN	9	7	pflücken	zu_selten	freq=7<10
PFUETZEN	8	7	Pfützen	zu_selten	freq=7<10
PFUI	4	7	Pfui	zu_selten	freq=7<20
PHOSPHAT	8	7	Phosphat	zu_selten	freq=7<10
PIC	3	7	Pic	zu_selten	freq=7<20
PINKELN	7	7	pinkeln	zu_selten	freq=7<10
PINS	4	7	Pins	zu_selten	freq=7<10 (starker Beleg)
PISSEN	6	7	pissen	zu_selten	freq=7<10
PLAZIEREN	9	7	plazieren	zu_selten	freq=7<10
POLARE	6	7	polare	zu_selten	freq=7<10
POLYETHYLEN	11	7	Polyethylen	zu_selten	ortsname
POSITIVEM	9	7	positivem	zu_selten	freq=7<10
PREISRUNDE	10	7	Preisrunde	zu_selten	freq=7<10
PRICKELN	8	7	Prickeln	zu_selten	freq=7<10
PRODEKAN	8	7	Prodekan	zu_selten	freq=7<10
PROJEKTTAGE	11	7	Projekttage	zu_selten	freq=7<10
PROJIZIEREN	11	7	projizieren	zu_selten	freq=7<10
PRUEFENDE	9	7	Prüfende	zu_selten	freq=7<10
PUCH	4	7	Puch	zu_selten	freq=7<10 (starker Beleg)
PUFF	4	7	Puff	zu_selten	freq=7<10 (starker Beleg)
PUNSCH	6	7	Punsch	zu_selten	freq=7<10
QUERE	5	7	Quere	zu_selten	freq=7<10
QUINCY	6	7	Quincy	zu_selten	ortsname
QUITTUNGEN	10	7	Quittungen	zu_selten	freq=7<10
RACINE	6	7	Racine	zu_selten	freq=7<10
RAMMEN	6	7	rammen	zu_selten	freq=7<10
RAMON	5	7	Ramon	zu_selten	freq=7<10
RASCHELN	8	7	Rascheln	zu_selten	freq=7<10
RASSISTEN	9	7	Rassisten	zu_selten	freq=7<10
RASUR	5	7	Rasur	zu_selten	freq=7<10
RATINGEN	8	7	Ratingen	zu_selten	ortsname
RAUSKOMMEN	10	7	rauskommen	zu_selten	freq=7<10
REALISTEN	9	7	Realisten	zu_selten	freq=7<10
REALPOLITIK	11	7	Realpolitik	zu_selten	freq=7<10
RECIFE	6	7	Recife	zu_selten	ortsname
RECKE	5	7	Recke	zu_selten	freq=7<10
REDLICHKEIT	11	7	Redlichkeit	zu_selten	freq=7<10
REGELWERKE	10	7	Regelwerke	zu_selten	freq=7<10
REGENREIFEN	11	7	Regenreifen	zu_selten	freq=7<10
REGIMENTERN	11	7	Regimentern	zu_selten	freq=7<10
REGIS	5	7	regis	zu_selten	freq=7<10
REGIUS	6	7	Regius	zu_selten	freq=7<10
REGNUM	6	7	Regnum	zu_selten	freq=7<10
REINFALL	8	7	Reinfall	zu_selten	freq=7<10
REINKULTUR	10	7	Reinkultur	zu_selten	ortsname
RELAXEN	7	7	Relaxen	zu_selten	freq=7<10
REMAGEN	7	7	Remagen	zu_selten	ortsname
REVUEN	6	7	Revuen	zu_selten	freq=7<10
RHEINHAUSEN	11	7	Rheinhausen	zu_selten	ortsname
ROCKBANDS	9	7	Rockbands	zu_selten	freq=7<10
ROEHRIG	7	7	Röhrig	zu_selten	freq=7<10
ROERMOND	8	7	Roermond	zu_selten	ortsname
ROHRDORF	8	7	Rohrdorf	zu_selten	ortsname
ROWLAND	7	7	Rowland	zu_selten	freq=7<10
ROWLING	7	7	Rowling	zu_selten	freq=7<10
RUA	3	7	Rua	zu_selten	freq=7<20
RUHENDE	7	7	ruhende	zu_selten	freq=7<10
RUSTIKALEN	10	7	rustikalen	zu_selten	freq=7<10
SALA	4	7	Sala	zu_selten	freq=7<10 (starker Beleg)
SAO	3	7	Sao	zu_selten	ortsname
SAUSEN	6	7	sausen	zu_selten	freq=7<10
SAWOD	5	7	Sawod	zu_selten	freq=7<10
SCHABEN	7	7	Schaben	zu_selten	freq=7<10
SCHAUDERN	9	7	Schaudern	zu_selten	freq=7<10
SCHAUMSTOFF	11	7	Schaumstoff	zu_selten	ortsname
SCHEUER	7	7	Scheuer	zu_selten	freq=7<10
SCHMINKEN	9	7	Schminken	zu_selten	freq=7<10
SCHMOEKERN	10	7	Schmökern	zu_selten	freq=7<10
SCHMUCKES	9	7	schmuckes	zu_selten	freq=7<10
SCHNEEBERG	10	7	Schneeberg	zu_selten	ortsname
SCHNITZEN	9	7	schnitzen	zu_selten	freq=7<10
SCHNITZWERK	11	7	Schnitzwerk	zu_selten	freq=7<10
SCHNUERE	8	7	Schnüre	zu_selten	freq=7<10
SCHONENDER	10	7	schonender	zu_selten	freq=7<10
SCHUTZHAFT	10	7	Schutzhaft	zu_selten	ortsname
SCHWAEMME	9	7	Schwämme	zu_selten	freq=7<10
SCHWAETZER	10	7	Schwätzer	zu_selten	freq=7<10
SCHWALL	7	7	Schwall	zu_selten	freq=7<10
SCHWANKE	8	7	schwanke	zu_selten	freq=7<10
SEEFELD	7	7	Seefeld	zu_selten	ortsname
SEENOT	6	7	Seenot	zu_selten	ortsname
SEGELBOOTE	10	7	Segelboote	zu_selten	freq=7<10
SEHENDE	7	7	sehende	zu_selten	freq=7<10
SEHENS	6	7	Sehens	zu_selten	freq=7<10
SEIENDE	7	7	Seiende	zu_selten	freq=7<10
SEIFEN	6	7	Seifen	zu_selten	freq=7<10
SEIGNEUR	8	7	Seigneur	zu_selten	freq=7<10
SEISMISCHEN	11	7	seismischen	zu_selten	freq=7<10
SELB	4	7	Selb	zu_selten	ortsname
SELIGE	6	7	selige	zu_selten	freq=7<10
SETAE	5	7	Setae	zu_selten	freq=7<10
SEUFZEN	7	7	Seufzen	zu_selten	freq=7<10
SICHEL	6	7	Sichel	zu_selten	freq=7<10
SIEBZIGSTEN	11	7	siebzigsten	zu_selten	freq=7<10
SIEK	4	7	Siek	zu_selten	ortsname
SIGG	4	7	Sigg	zu_selten	freq=7<10 (starker Beleg)
SILVERSTEIN	11	7	Silverstein	zu_selten	freq=7<10
SINNLOSE	8	7	sinnlose	zu_selten	freq=7<10
SINNLOSEN	9	7	sinnlosen	zu_selten	freq=7<10
SIT	3	7	Sit	zu_selten	freq=7<20
SITZBAENKEN	11	7	Sitzbänken	zu_selten	freq=7<10
SKAT	4	7	Skat	zu_selten	freq=7<10 (starker Beleg)
SKILAEUFER	10	7	Skiläufer	zu_selten	freq=7<10
SNAKE	5	7	Snake	zu_selten	freq=7<10
SOCKELN	7	7	Sockeln	zu_selten	freq=7<10
SOLITAER	8	7	solitär	zu_selten	freq=7<10
SOMERSET	8	7	Somerset	zu_selten	ortsname
SONDERMUELL	11	7	Sondermüll	zu_selten	freq=7<10
SONTHEIM	8	7	Sontheim	zu_selten	ortsname
SPAESSE	7	7	Späße	zu_selten	freq=7<10
SPECKSTEIN	10	7	Speckstein	zu_selten	freq=7<10
SPOTTEN	7	7	spotten	zu_selten	freq=7<10
SPUNDWAENDE	11	7	Spundwände	zu_selten	freq=7<10
STAHLROHREN	11	7	Stahlrohren	zu_selten	ortsname
STALINS	7	7	Stalins	zu_selten	ortsname
STARGAST	8	7	Stargast	zu_selten	freq=7<10
STASSFURT	9	7	Staßfurt	zu_selten	ortsname
STAUEN	6	7	stauen	zu_selten	freq=7<10
STEN	4	7	Sten	zu_selten	freq=7<20
STILLHALTEN	11	7	Stillhalten	zu_selten	freq=7<10
STONEHENGE	10	7	Stonehenge	zu_selten	freq=7<10
STRACHE	7	7	Strache	zu_selten	freq=7<10
STRAHLER	8	7	Strahler	zu_selten	freq=7<10
STUBBE	6	7	Stubbe	zu_selten	freq=7<10
STYROPOR	8	7	Styropor	zu_selten	ortsname
SUBJECT	7	7	Subject	zu_selten	freq=7<10
SUESSWAREN	10	7	Süßwaren	zu_selten	freq=7<10
SUI	3	7	sui	zu_selten	freq=7<20
SUNNITISCHE	11	7	sunnitische	zu_selten	freq=7<10
SUSANS	6	7	Susans	zu_selten	ortsname
SWANSEA	7	7	Swansea	zu_selten	ortsname
SYMRISE	7	7	Symrise	zu_selten	freq=7<10
SYNONYMEN	9	7	Synonymen	zu_selten	freq=7<10
TAGESSIEGER	11	7	Tagessieger	zu_selten	freq=7<10
TAKTIEREN	9	7	Taktieren	zu_selten	freq=7<10
TARTU	5	7	Tartu	zu_selten	ortsname
TASCHKENT	9	7	Taschkent	zu_selten	ortsname
TATORTNAEHE	11	7	Tatortnähe	zu_selten	ortsname
TAUCHE	6	7	tauche	zu_selten	freq=7<10
TAVERNEN	8	7	Tavernen	zu_selten	freq=7<10
TEEN	4	7	Teen	zu_selten	freq=7<20
TELENOVELA	10	7	Telenovela	zu_selten	freq=7<10
TELNET	6	7	Telnet	zu_selten	freq=7<10
TEXANISCHE	10	7	texanische	zu_selten	freq=7<10
THAL	4	7	Thal	zu_selten	freq=7<20
THIN	4	7	Thin	zu_selten	freq=7<20
TJA	3	7	Tja	zu_selten	freq=7<20
TONS	4	7	Tons	zu_selten	freq=7<10 (starker Beleg)
TONSCHERBEN	11	7	Tonscherben	zu_selten	freq=7<10
TONTECHNIK	10	7	Tontechnik	zu_selten	freq=7<10
TOPSCORER	9	7	Topscorer	zu_selten	freq=7<10
TORI	4	7	Tori	zu_selten	freq=7<20
TOSENDER	8	7	Tosender	zu_selten	freq=7<10
TRAUMATA	8	7	Traumata	zu_selten	freq=7<10
TRITTAU	7	7	Trittau	zu_selten	ortsname
TRIX	4	7	Trix	zu_selten	freq=7<10 (starker Beleg)
TRUDE	5	7	Trude	zu_selten	freq=7<10
TRUMPFEN	8	7	trumpfen	zu_selten	freq=7<10
TRUTZ	5	7	Trutz	zu_selten	freq=7<10
TTER	4	7	Tter	zu_selten	freq=7<10 (starker Beleg)
TURNSCHUHEN	11	7	Turnschuhen	zu_selten	freq=7<10
UEBERTRETEN	11	7	übertreten	zu_selten	freq=7<10
UMLEITEN	8	7	umleiten	zu_selten	freq=7<10
UMZAEUNTE	9	7	umzäunte	zu_selten	freq=7<10
UNENDLICHES	11	7	unendliches	zu_selten	freq=7<10
UNGEUEBTE	9	7	Ungeübte	zu_selten	freq=7<10
UNIQUE	6	7	Unique	zu_selten	freq=7<10
UNPOPULAERE	11	7	unpopuläre	zu_selten	freq=7<10
UNTERTEIL	9	7	Unterteil	zu_selten	freq=7<10
UNTOTE	6	7	Untote	zu_selten	freq=7<10
UNWICHTIGE	10	7	unwichtige	zu_selten	freq=7<10
UNWOHLSEIN	10	7	Unwohlsein	zu_selten	freq=7<10
UROLOGIE	8	7	Urologie	zu_selten	freq=7<10
USAIN	5	7	Usain	zu_selten	freq=7<10
UVM	3	7	uvm	zu_selten	freq=7<10 (starker Beleg)
VALUE	5	7	Value	zu_selten	freq=7<10
VEGANER	7	7	Veganer	zu_selten	freq=7<10
VERBEUGEN	9	7	verbeugen	zu_selten	freq=7<10
VERDAMPFEN	10	7	verdampfen	zu_selten	freq=7<10
VERDUNKELN	10	7	verdunkeln	zu_selten	freq=7<10
VEREINSJAHR	11	7	Vereinsjahr	zu_selten	freq=7<10
VERHOERTE	9	7	verhörte	zu_selten	freq=7<10
VERKOESTIGT	11	7	verköstigt	zu_selten	freq=7<10
VERLIEBTEN	10	7	verliebten	zu_selten	freq=7<10
VERMAEHLEN	10	7	vermählen	zu_selten	freq=7<10
VERMUMMTEN	10	7	Vermummten	zu_selten	freq=7<10
VERRUTSCHEN	11	7	Verrutschen	zu_selten	freq=7<10
VERSEUCHUNG	11	7	Verseuchung	zu_selten	freq=7<10
VERSPRUEHEN	11	7	versprühen	zu_selten	freq=7<10
VERZERREN	9	7	verzerren	zu_selten	freq=7<10
VET	3	7	vet	zu_selten	freq=7<10 (starker Beleg)
VIBRIEREN	9	7	Vibrieren	zu_selten	freq=7<10
VIERFACHEN	10	7	vierfachen	zu_selten	freq=7<10
VIERT	5	7	viert	zu_selten	freq=7<10
VIRTUOSE	8	7	Virtuose	zu_selten	freq=7<10
VIXEN	5	7	Vixen	zu_selten	freq=7<10
VOKALEN	7	7	Vokalen	zu_selten	freq=7<10
VORBILDUNG	10	7	Vorbildung	zu_selten	freq=7<10
VORLEISTUNG	11	7	Vorleistung	zu_selten	ortsname
WACKELN	7	7	wackeln	zu_selten	freq=7<10
WAERST	6	7	Wärst	zu_selten	freq=7<10
WALDSHUT	8	7	Waldshut	zu_selten	ortsname
WALTERSDORF	11	7	Waltersdorf	zu_selten	ortsname
WATCH	5	7	Watch	zu_selten	freq=7<10
WATEN	5	7	waten	zu_selten	freq=7<10
WAWRINKA	8	7	Wawrinka	zu_selten	freq=7<10
WEBSPACE	8	7	Webspace	zu_selten	freq=7<10
WEGSCHEID	9	7	Wegscheid	zu_selten	ortsname
WEHKLAGEN	9	7	Wehklagen	zu_selten	freq=7<10
WEIDA	5	7	Weida	zu_selten	freq=7<10
WEILHEIM	8	7	Weilheim	zu_selten	ortsname
WELTREICH	9	7	Weltreich	zu_selten	freq=7<10
WES	3	7	Wes	zu_selten	freq=7<20
WICKLUNG	8	7	Wicklung	zu_selten	freq=7<10
WINSEN	6	7	Winsen	zu_selten	ortsname
WINZIGES	8	7	winziges	zu_selten	freq=7<10
WIRBELLOSE	10	7	Wirbellose	zu_selten	freq=7<10
WIRKSTOFFEN	11	7	Wirkstoffen	zu_selten	freq=7<10
WIRRUNGEN	9	7	Wirrungen	zu_selten	freq=7<10
WUNSTORF	8	7	Wunstorf	zu_selten	ortsname
ZAPATERO	8	7	Zapatero	zu_selten	freq=7<10
ZENT	4	7	Zent	zu_selten	freq=7<10 (starker Beleg)
ZERMATT	7	7	Zermatt	zu_selten	ortsname
ZEVEN	5	7	Zeven	zu_selten	ortsname
ZIER	4	7	Zier	zu_selten	freq=7<10 (starker Beleg)
ZIRKULIEREN	11	7	zirkulieren	zu_selten	freq=7<10
ZITTERND	8	7	Zitternd	zu_selten	freq=7<10
ZUGS	4	7	Zugs	zu_selten	freq=7<10 (starker Beleg)
ZUPACKEN	8	7	zupacken	zu_selten	freq=7<10
ZWICKEN	7	7	zwicken	zu_selten	freq=7<10
AAREAL	6	6	Aareal	zu_selten	freq=6<10
ABARBEITEN	10	6	Abarbeiten	zu_selten	freq=6<10
ABBINDEN	8	6	Abbinden	zu_selten	freq=6<10
ABDRUECKEN	10	6	abdrücken	zu_selten	freq=6<10
ABENSBERG	9	6	Abensberg	zu_selten	ortsname
ABFASSEN	8	6	Abfassen	zu_selten	freq=6<10
ABFLUEGE	8	6	Abflüge	zu_selten	freq=6<10
ABGEDREHTE	10	6	abgedrehte	zu_selten	freq=6<10
ABGELEHNTE	10	6	abgelehnte	zu_selten	freq=6<10
ABKASSIEREN	11	6	abkassieren	zu_selten	freq=6<10
ABMELDUNGEN	11	6	Abmeldungen	zu_selten	freq=6<10
ABRAEUMEN	9	6	Abräumen	zu_selten	freq=6<10
ABSCHLAGEN	10	6	Abschlagen	zu_selten	freq=6<10
ABSEITIGE	9	6	abseitige	zu_selten	freq=6<10
ABSTAUBEN	9	6	Abstauben	zu_selten	freq=6<10
ABSTECKEN	9	6	abstecken	zu_selten	freq=6<10
ABSTOSSEN	9	6	abstoßen	zu_selten	freq=6<10
ABSTREIFEN	10	6	abstreifen	zu_selten	freq=6<10
ABTL	4	6	Abtl	zu_selten	freq=6<10 (starker Beleg)
ABTRENNEN	9	6	abtrennen	zu_selten	freq=6<10
ACHSLAST	8	6	Achslast	zu_selten	freq=6<10
ACRYLGLAS	9	6	Acrylglas	zu_selten	ortsname
ADDIS	5	6	Addis	zu_selten	ortsname
AETNA	5	6	Aetna	zu_selten	freq=6<10
AGAMEMNON	9	6	Agamemnon	zu_selten	freq=6<10
AGREEMENT	9	6	Agreement	zu_selten	freq=6<10
AHAUS	5	6	Ahaus	zu_selten	ortsname
AIDSKRANKE	10	6	Aidskranke	zu_selten	freq=6<10
AILTON	6	6	Ailton	zu_selten	freq=6<10
AKEN	4	6	Aken	zu_selten	ortsname
AKTUELLERE	10	6	Aktuellere	zu_selten	freq=6<10
ALBTRAEUME	10	6	Albträume	zu_selten	freq=6<10
ALBTRAEUMEN	11	6	Albträumen	zu_selten	freq=6<10
ALBUQUERQUE	11	6	Albuquerque	zu_selten	freq=6<10
ALFDORF	7	6	Alfdorf	zu_selten	ortsname
ALKEN	5	6	Alken	zu_selten	freq=6<10
ALLET	5	6	Allet	zu_selten	freq=6<10
ALPIN	5	6	Alpin	zu_selten	freq=6<10
ALSDORF	7	6	Alsdorf	zu_selten	ortsname
ALTDEUTSCHE	11	6	altdeutsche	zu_selten	freq=6<10
ALTENHEIMEN	11	6	Altenheimen	zu_selten	ortsname
ALTENHOLZ	9	6	Altenholz	zu_selten	ortsname
AMMAN	5	6	Amman	zu_selten	freq=6<10
AMORE	5	6	Amore	zu_selten	freq=6<10
ANAND	5	6	Anand	zu_selten	freq=6<10
ANBEISSEN	9	6	anbeißen	zu_selten	freq=6<10
ANDA	4	6	Anda	zu_selten	freq=6<20
ANDANTE	7	6	Andante	zu_selten	freq=6<10
ANGELUS	7	6	Angelus	zu_selten	freq=6<10
ANGERUFENE	10	6	Angerufene	zu_selten	freq=6<10
ANISTON	7	6	Aniston	zu_selten	freq=6<10
ANKNUEPFEND	11	6	Anknüpfend	zu_selten	freq=6<10
ANMACHEN	8	6	Anmachen	zu_selten	freq=6<10
ANNIES	6	6	Annies	zu_selten	ortsname
ANSPRINGEN	10	6	anspringen	zu_selten	freq=6<10
ANTIQUA	7	6	Antiqua	zu_selten	freq=6<10
ANUS	4	6	Anus	zu_selten	freq=6<10 (starker Beleg)
ANWAEHLEN	9	6	anwählen	zu_selten	freq=6<10
ANWERBEN	8	6	anwerben	zu_selten	freq=6<10
APIS	4	6	Apis	zu_selten	freq=6<20
APLERBECK	9	6	Aplerbeck	zu_selten	ortsname
APPETITLICH	11	6	appetitlich	zu_selten	freq=6<10
ARA	3	6	Ara	zu_selten	freq=6<20
ARAFATS	7	6	Arafats	zu_selten	ortsname
ARBEITENS	9	6	Arbeitens	zu_selten	freq=6<10
ARBON	5	6	Arbon	zu_selten	ortsname
ARC	3	6	ARC	zu_selten	freq=6<20
AREALEN	7	6	Arealen	zu_selten	freq=6<10
ARGUS	5	6	Argus	zu_selten	freq=6<10
ARGUSAUGEN	10	6	Argusaugen	zu_selten	freq=6<10
ARNIS	5	6	Arnis	zu_selten	freq=6<10
ARTES	5	6	Artes	zu_selten	freq=6<10
ARTIUM	6	6	artium	zu_selten	freq=6<10
ARZNEIEN	8	6	Arzneien	zu_selten	freq=6<10
ASCHACH	7	6	Aschach	zu_selten	ortsname
ATME	4	6	atme	zu_selten	freq=6<20
AUFFLIEGEN	10	6	auffliegen	zu_selten	freq=6<10
AUFTRUMPFEN	11	6	auftrumpfen	zu_selten	freq=6<10
AUFWEICHEN	10	6	aufweichen	zu_selten	freq=6<10
AUSGANGS	8	6	Ausgangs	zu_selten	freq=6<10
AUSGERUHT	9	6	ausgeruht	zu_selten	freq=6<10
AUSGRABEN	9	6	ausgraben	zu_selten	freq=6<10
AUSKLAMMERN	11	6	ausklammern	zu_selten	freq=6<10
AUSLESEN	8	6	Auslesen	zu_selten	freq=6<10
AUSSCHLAEGE	11	6	Ausschläge	zu_selten	freq=6<10
AUSSENBAHN	10	6	Außenbahn	zu_selten	freq=6<10
AUTORADIOS	10	6	Autoradios	zu_selten	freq=6<10
BACKE	5	6	Backe	zu_selten	freq=6<10
BACKES	6	6	Backes	zu_selten	freq=6<10
BACKSTEINEN	11	6	Backsteinen	zu_selten	ortsname
BAERTIGEN	9	6	bärtigen	zu_selten	freq=6<10
BAHNFAHREN	10	6	Bahnfahren	zu_selten	freq=6<10
BAJA	4	6	Baja	zu_selten	freq=6<20
BALDA	5	6	Balda	zu_selten	ortsname
BALG	4	6	Balg	zu_selten	freq=6<10 (starker Beleg)
BALLENSTEDT	11	6	Ballenstedt	zu_selten	ortsname
BALSAM	6	6	Balsam	zu_selten	freq=6<10
BALZERS	7	6	Balzers	zu_selten	ortsname
BANKKONTEN	10	6	Bankkonten	zu_selten	freq=6<10
BARE	4	6	bare	zu_selten	freq=6<20
BARMBEK	7	6	Barmbek	zu_selten	ortsname
BARRAGE	7	6	Barrage	zu_selten	freq=6<10
BARSCH	6	6	Barsch	zu_selten	freq=6<10
BAS	3	6	Bas	zu_selten	freq=6<20
BASED	5	6	Based	zu_selten	freq=6<10
BASISWISSEN	11	6	Basiswissen	zu_selten	freq=6<10
BASSE	5	6	Basse	zu_selten	freq=6<10
BAUHOLZ	7	6	Bauholz	zu_selten	freq=6<10
BAUMBACH	8	6	Baumbach	zu_selten	freq=6<10
BAYERISCHEM	11	6	bayerischem	zu_selten	freq=6<10
BAYR	4	6	Bayr	zu_selten	freq=6<20
BEDE	4	6	Bede	zu_selten	freq=6<20
BEDEUTSAMES	11	6	bedeutsames	zu_selten	freq=6<10
BEDIENUNGEN	11	6	Bedienungen	zu_selten	freq=6<10
BEDINGTHEIT	11	6	Bedingtheit	zu_selten	freq=6<10
BEDRUCKEN	9	6	bedrucken	zu_selten	freq=6<10
BEELITZ	7	6	Beelitz	zu_selten	ortsname
BEETLE	6	6	Beetle	zu_selten	freq=6<10
BEFANGEN	8	6	befangen	zu_selten	freq=6<10
BEHAVIORAL	10	6	Behavioral	zu_selten	freq=6<10
BEISSENDER	10	6	beißender	zu_selten	freq=6<10
BELASTBAREN	11	6	belastbaren	zu_selten	freq=6<10
BELASTENDES	11	6	belastendes	zu_selten	freq=6<10
BELASTETER	10	6	belasteter	zu_selten	freq=6<10
BELEIDIGTEN	11	6	beleidigten	zu_selten	freq=6<10
BELIZE	6	6	Belize	zu_selten	ortsname
BEMALUNGEN	10	6	Bemalungen	zu_selten	freq=6<10
BENGALISCHE	11	6	bengalische	zu_selten	freq=6<10
BENGASI	7	6	Bengasi	zu_selten	ortsname
BENIN	5	6	Benin	zu_selten	ortsname
BERNSDORF	9	6	Bernsdorf	zu_selten	ortsname
BESCHRIFTEN	11	6	beschriften	zu_selten	freq=6<10
BESTATTEN	9	6	bestatten	zu_selten	freq=6<10
BESTIEN	7	6	Bestien	zu_selten	freq=6<10
BESTNOTEN	9	6	Bestnoten	zu_selten	freq=6<10
BETTLERN	8	6	Bettlern	zu_selten	freq=6<10
BEWAEHRTEM	10	6	Bewährtem	zu_selten	freq=6<10
BEWEGENDES	10	6	bewegendes	zu_selten	freq=6<10
BEWUSSTES	9	6	bewusstes	zu_selten	freq=6<10
BEZAHLBARE	10	6	bezahlbare	zu_selten	freq=6<10
BEZAHLTER	9	6	bezahlter	zu_selten	freq=6<10
BEZAUBERN	9	6	bezaubern	zu_selten	freq=6<10
BIM	3	6	BIM	zu_selten	freq=6<20
BIOMETRIE	9	6	Biometrie	zu_selten	freq=6<10
BISSINGEN	9	6	Bissingen	zu_selten	ortsname
BITTERLICH	10	6	bitterlich	zu_selten	freq=6<10
BLANKENESE	10	6	Blankenese	zu_selten	freq=6<10
BLANKES	7	6	blankes	zu_selten	freq=6<10
BLINKLICHT	10	6	Blinklicht	zu_selten	freq=6<10
BLUDENZ	7	6	Bludenz	zu_selten	ortsname
BOBS	4	6	Bobs	zu_selten	freq=6<10 (starker Beleg)
BODENPROBEN	11	6	Bodenproben	zu_selten	freq=6<10
BOEHLEN	7	6	Böhlen	zu_selten	ortsname
BOERNE	6	6	Boerne	zu_selten	ortsname
BOL	3	6	Bol	zu_selten	freq=6<20
BOLD	4	6	Bold	zu_selten	freq=6<20
BOMBENLEGER	11	6	Bombenleger	zu_selten	freq=6<10
BOMMER	6	6	Bommer	zu_selten	freq=6<10
BOPFINGEN	9	6	Bopfingen	zu_selten	ortsname
BORGO	5	6	Borgo	zu_selten	freq=6<10
BRANDHERDE	10	6	Brandherde	zu_selten	freq=6<10
BRAUWEILER	10	6	Brauweiler	zu_selten	ortsname
BREKLUM	7	6	Breklum	zu_selten	ortsname
BREMISCHE	9	6	Bremische	zu_selten	freq=6<10
BREZELN	7	6	Brezeln	zu_selten	freq=6<10
BRIEFLICH	9	6	brieflich	zu_selten	freq=6<10
BRITISCH	8	6	britisch	zu_selten	freq=6<10
BROADCOM	8	6	Broadcom	zu_selten	freq=6<10
BROICH	6	6	Broich	zu_selten	ortsname
BRONZENEN	9	6	bronzenen	zu_selten	freq=6<10
BRUCHTEILE	10	6	Bruchteile	zu_selten	freq=6<10
BUCHBINDER	10	6	Buchbinder	zu_selten	freq=6<10
BUEFFELN	8	6	Büffeln	zu_selten	freq=6<10
BURGDORF	8	6	Burgdorf	zu_selten	ortsname
BURLINGTON	10	6	Burlington	zu_selten	ortsname
BURST	5	6	Burst	zu_selten	freq=6<10
BUSCHWERK	9	6	Buschwerk	zu_selten	freq=6<10
BUTZBACH	8	6	Butzbach	zu_selten	ortsname
CAFES	5	6	Cafes	zu_selten	freq=6<10
CAGLIARI	8	6	Cagliari	zu_selten	ortsname
CALAIS	6	6	Calais	zu_selten	ortsname
CAREW	5	6	Carew	zu_selten	freq=6<10
CARNUNTUM	9	6	Carnuntum	zu_selten	ortsname
CATALINA	8	6	Catalina	zu_selten	freq=6<10
CELLULOSE	9	6	Cellulose	zu_selten	freq=6<10
CEMBALO	7	6	Cembalo	zu_selten	freq=6<10
CERES	5	6	Ceres	zu_selten	freq=6<10
CEROPEGIA	9	6	Ceropegia	zu_selten	ortsname
CES	3	6	CES	zu_selten	freq=6<20
CEYLON	6	6	Ceylon	zu_selten	ortsname
CHAOTISCHES	11	6	chaotisches	zu_selten	freq=6<10
CHAPLIN	7	6	Chaplin	zu_selten	freq=6<10
CHARON	6	6	Charon	zu_selten	freq=6<10
CHIBA	5	6	Chiba	zu_selten	freq=6<10
CLEVEREN	8	6	cleveren	zu_selten	freq=6<10
CLOU	4	6	Clou	zu_selten	freq=6<10 (starker Beleg)
CLUJ	4	6	Cluj	zu_selten	ortsname
COLLE	5	6	Colle	zu_selten	freq=6<10
COLLOREDO	9	6	Colloredo	zu_selten	freq=6<10
CONTESTS	8	6	Contests	zu_selten	freq=6<10
COP	3	6	Cop	zu_selten	freq=6<10 (starker Beleg)
COVA	4	6	Cova	zu_selten	freq=6<20
CRUX	4	6	Crux	zu_selten	freq=6<20
DAD	3	6	Dad	zu_selten	freq=6<10 (starker Beleg)
DAL	3	6	Dal	zu_selten	freq=6<20
DANGER	6	6	Danger	zu_selten	freq=6<10
DANILO	6	6	Danilo	zu_selten	freq=6<10
DANNENBERG	10	6	Dannenberg	zu_selten	ortsname
DANNYS	6	6	Dannys	zu_selten	ortsname
DAO	3	6	Dao	zu_selten	freq=6<10 (starker Beleg)
DAUERSTRESS	11	6	Dauerstress	zu_selten	freq=6<10
DEKORATIVES	11	6	dekoratives	zu_selten	freq=6<10
DENT	4	6	Dent	zu_selten	freq=6<10 (starker Beleg)
DERB	4	6	derb	zu_selten	freq=6<10 (starker Beleg)
DESSOUS	7	6	Dessous	zu_selten	freq=6<10
DETTELBACH	10	6	Dettelbach	zu_selten	ortsname
DIAVORTRAG	10	6	Diavortrag	zu_selten	freq=6<10
DIEBACH	7	6	Diebach	zu_selten	ortsname
DIESESMAL	9	6	Diesesmal	zu_selten	freq=6<10
DIJON	5	6	Dijon	zu_selten	ortsname
DIKTATE	7	6	Diktate	zu_selten	freq=6<10
DILLENBURG	10	6	Dillenburg	zu_selten	ortsname
DINGOLFING	10	6	Dingolfing	zu_selten	ortsname
DISEASE	7	6	Disease	zu_selten	freq=6<10
DOESEN	6	6	Dösen	zu_selten	freq=6<10
DOGMATISMUS	11	6	Dogmatismus	zu_selten	freq=6<10
DOJO	4	6	Dojo	zu_selten	freq=6<10 (starker Beleg)
DOLDEN	6	6	Dolden	zu_selten	freq=6<10
DOLLE	5	6	dolle	zu_selten	freq=6<10
DONAUKURIER	11	6	DONAUKURIER	zu_selten	freq=6<10
DORFE	5	6	Dorfe	zu_selten	freq=6<10
DORPAT	6	6	Dorpat	zu_selten	ortsname
DORSALE	7	6	dorsale	zu_selten	freq=6<10
DORSALEN	8	6	dorsalen	zu_selten	freq=6<10
DRAKONISCHE	11	6	Drakonische	zu_selten	freq=6<10
DRAU	4	6	Drau	zu_selten	freq=6<10 (starker Beleg)
DREBKAU	7	6	Drebkau	zu_selten	ortsname
DREIEICH	8	6	Dreieich	zu_selten	ortsname
DRESSEL	7	6	Dressel	zu_selten	freq=6<10
DRILLINGE	9	6	Drillinge	zu_selten	freq=6<10
DROGA	5	6	Droga	zu_selten	freq=6<10
DRUCKWERKEN	11	6	Druckwerken	zu_selten	freq=6<10
DUC	3	6	Duc	zu_selten	freq=6<20
DUNG	4	6	Dung	zu_selten	freq=6<10 (starker Beleg)
DUNKELROTE	10	6	dunkelrote	zu_selten	freq=6<10
DUNKELSTE	9	6	dunkelste	zu_selten	freq=6<10
DURHAM	6	6	Durham	zu_selten	freq=6<10
DUZEN	5	6	duzen	zu_selten	freq=6<10
DYNAMIC	7	6	Dynamic	zu_selten	freq=6<10
EBERBACH	8	6	Eberbach	zu_selten	ortsname
EBNEN	5	6	ebnen	zu_selten	freq=6<10
ECON	4	6	Econ	zu_selten	freq=6<20
EIBE	4	6	Eibe	zu_selten	freq=6<20
EINGEGEBENE	11	6	eingegebene	zu_selten	freq=6<10
EINGESPARTE	11	6	eingesparte	zu_selten	freq=6<10
EINREIBEN	9	6	einreiben	zu_selten	freq=6<10
EINREISSEN	10	6	einreißen	zu_selten	freq=6<10
EINSPANNEN	10	6	einspannen	zu_selten	freq=6<10
EINSPERREN	10	6	einsperren	zu_selten	freq=6<10
EINSTEHEN	9	6	einstehen	zu_selten	freq=6<10
EINWERFEN	9	6	einwerfen	zu_selten	freq=6<10
EISENBERG	9	6	Eisenberg	zu_selten	ortsname
EISERNES	8	6	eisernes	zu_selten	freq=6<10
EISWEIN	7	6	Eiswein	zu_selten	freq=6<10
ELIA	4	6	Elia	zu_selten	freq=6<20
ELITAERE	8	6	Elitäre	zu_selten	freq=6<10
ELLIPSOID	9	6	ellipsoid	zu_selten	freq=6<10
ELLRICH	7	6	Ellrich	zu_selten	ortsname
ELYSIUM	7	6	Elysium	zu_selten	freq=6<10
EMBRYONALE	10	6	embryonale	zu_selten	freq=6<10
EMERSON	7	6	Emerson	zu_selten	freq=6<10
EMPFANGENDE	11	6	empfangende	zu_selten	freq=6<10
EMSDETTEN	9	6	Emsdetten	zu_selten	ortsname
ENDANGERED	10	6	Endangered	zu_selten	freq=6<10
ENGINEER	8	6	Engineer	zu_selten	freq=6<10
ENGT	4	6	engt	zu_selten	freq=6<10 (starker Beleg)
ENTARTETE	9	6	Entartete	zu_selten	freq=6<10
ENTKERNEN	9	6	Entkernen	zu_selten	freq=6<10
EPHESOS	7	6	Ephesos	zu_selten	ortsname
EPIC	4	6	Epic	zu_selten	ortsname
EPISCOPAL	9	6	Episcopal	zu_selten	freq=6<10
ERDRUTSCHEN	11	6	Erdrutschen	zu_selten	ortsname
ERIE	4	6	Erie	zu_selten	freq=6<10 (starker Beleg)
ERLEBTES	8	6	Erlebtes	zu_selten	freq=6<10
ERMAHNUNGEN	11	6	Ermahnungen	zu_selten	freq=6<10
ERREGENDE	9	6	erregende	zu_selten	freq=6<10
ERSOL	5	6	Ersol	zu_selten	freq=6<10
ERWACHTEN	9	6	erwachten	zu_selten	freq=6<10
ERZURUM	7	6	Erzurum	zu_selten	ortsname
ESTRADA	7	6	Estrada	zu_selten	freq=6<10
ETTLINGEN	9	6	Ettlingen	zu_selten	freq=6<10
EUPHORBIA	9	6	Euphorbia	zu_selten	freq=6<10
EUROWINGS	9	6	Eurowings	zu_selten	freq=6<10
EUTHANASIE	10	6	Euthanasie	zu_selten	freq=6<10
EVAKUIERTEN	11	6	evakuierten	zu_selten	freq=6<10
EXPONENTEN	10	6	Exponenten	zu_selten	freq=6<10
EXPORTWERTE	11	6	Exportwerte	zu_selten	freq=6<10
EXTENSIONS	10	6	Extensions	zu_selten	freq=6<10
FACHFRAGEN	10	6	Fachfragen	zu_selten	ortsname
FAHRVERBOTE	11	6	Fahrverbote	zu_selten	freq=6<10
FAHRZEUGTYP	11	6	Fahrzeugtyp	zu_selten	freq=6<10
FAKTORS	7	6	Faktors	zu_selten	freq=6<10
FAMOSE	6	6	famose	zu_selten	freq=6<10
FAMOUS	6	6	Famous	zu_selten	freq=6<10
FARBSTOFFEN	11	6	Farbstoffen	zu_selten	freq=6<10
FASSE	5	6	fasse	zu_selten	freq=6<10
FAUCHEN	7	6	fauchen	zu_selten	freq=6<10
FEIL	4	6	feil	zu_selten	freq=6<20
FEINDBILDER	11	6	Feindbilder	zu_selten	freq=6<10
FELDKIRCHEN	11	6	Feldkirchen	zu_selten	ortsname
FELLBACH	8	6	Fellbach	zu_selten	ortsname
FELLPFLEGE	10	6	Fellpflege	zu_selten	freq=6<10
FERNREISEN	10	6	Fernreisen	zu_selten	freq=6<10
FEUERHOLZ	9	6	Feuerholz	zu_selten	freq=6<10
FILDERSTADT	11	6	Filderstadt	zu_selten	ortsname
FILS	4	6	Fils	zu_selten	freq=6<20
FINSTERES	9	6	finsteres	zu_selten	freq=6<10
FLACHT	6	6	flacht	zu_selten	freq=6<10
FLIEHENDE	9	6	Fliehende	zu_selten	freq=6<10
FLIMM	5	6	Flimm	zu_selten	freq=6<10
FLOEHA	6	6	Flöha	zu_selten	ortsname
FLOESSE	7	6	Flöße	zu_selten	freq=6<10
FLORIDSDORF	11	6	Floridsdorf	zu_selten	ortsname
FOEDERALE	9	6	föderale	zu_selten	freq=6<10
FOEN	4	6	Fön	zu_selten	freq=6<10 (starker Beleg)
FOERSTERS	9	6	Foersters	zu_selten	freq=6<10
FOL	3	6	fol	zu_selten	freq=6<10 (starker Beleg)
FOODWATCH	9	6	Foodwatch	zu_selten	freq=6<10
FORMALDEHYD	11	6	Formaldehyd	zu_selten	freq=6<10
FORMFEHLER	10	6	Formfehler	zu_selten	freq=6<10
FORSCHENDEN	11	6	Forschenden	zu_selten	freq=6<10
FORTFAHREN	10	6	fortfahren	zu_selten	freq=6<10
FOXCONN	7	6	Foxconn	zu_selten	ortsname
FRAGENDEN	9	6	fragenden	zu_selten	freq=6<10
FRANCORUM	9	6	Francorum	zu_selten	freq=6<10
FREEWAY	7	6	Freeway	zu_selten	freq=6<10
FREUDS	6	6	Freuds	zu_selten	ortsname
FRIBOURG	8	6	Fribourg	zu_selten	ortsname
FROHLOCKEN	10	6	frohlocken	zu_selten	freq=6<10
FRUEHBAROCK	11	6	Frühbarock	zu_selten	freq=6<10
FUJIMORI	8	6	Fujimori	zu_selten	freq=6<10
FUKUOKA	7	6	Fukuoka	zu_selten	ortsname
FULHAM	6	6	Fulham	zu_selten	ortsname
FUNDIERUNG	10	6	Fundierung	zu_selten	freq=6<10
FUNDSACHEN	10	6	Fundsachen	zu_selten	freq=6<10
FUR	3	6	Fur	zu_selten	freq=6<20
FURCHTBARES	11	6	furchtbares	zu_selten	freq=6<10
FUSSSPUREN	10	6	Fußspuren	zu_selten	freq=6<10
GAGFAH	6	6	Gagfah	zu_selten	freq=6<10
GAMESCOM	8	6	Gamescom	zu_selten	freq=6<10
GANZTAGS	8	6	ganztags	zu_selten	freq=6<10
GARE	4	6	Gare	zu_selten	freq=6<20
GASTHOERER	10	6	Gasthörer	zu_selten	freq=6<10
GAUL	4	6	Gaul	zu_selten	freq=6<10 (starker Beleg)
GEBRAEUCHEN	11	6	Gebräuchen	zu_selten	freq=6<10
GEEINT	6	6	geeint	zu_selten	freq=6<10
GEERT	5	6	Geert	zu_selten	freq=6<10
GEFAELLIGST	11	6	gefälligst	zu_selten	freq=6<10
GEGRILLTEM	10	6	Gegrilltem	zu_selten	freq=6<10
GEOGRAPH	8	6	Geograph	zu_selten	freq=6<10
GEOGRAPHEN	10	6	Geographen	zu_selten	freq=6<10
GEPLAGTEN	9	6	geplagten	zu_selten	freq=6<10
GESEHENEN	9	6	gesehenen	zu_selten	freq=6<10
GEWACHSENES	11	6	gewachsenes	zu_selten	freq=6<10
GEWAENDE	8	6	Gewände	zu_selten	freq=6<10
GEWEIHTEN	9	6	geweihten	zu_selten	freq=6<10
GEWESENE	8	6	Gewesene	zu_selten	freq=6<10
GEWOLLTEN	9	6	gewollten	zu_selten	freq=6<10
GICHT	5	6	Gicht	zu_selten	freq=6<10
GIERIGE	7	6	gierige	zu_selten	freq=6<10
GIFTGAS	7	6	Giftgas	zu_selten	freq=6<10
GINKGO	6	6	Ginkgo	zu_selten	freq=6<10
GLADENBACH	10	6	Gladenbach	zu_selten	ortsname
GLANZVOLLE	10	6	glanzvolle	zu_selten	freq=6<10
GLOBE	5	6	Globe	zu_selten	freq=6<10
GLUCK	5	6	Gluck	zu_selten	freq=6<10
GLYCERIN	8	6	Glycerin	zu_selten	freq=6<10
GOMA	4	6	Goma	zu_selten	ortsname
GORODSKOJE	10	6	gorodskoje	zu_selten	freq=6<10
GOTTVATER	9	6	Gottvater	zu_selten	freq=6<10
GRAEFRATH	9	6	Gräfrath	zu_selten	freq=6<10
GRAUSAMES	9	6	grausames	zu_selten	freq=6<10
GRNEN	5	6	Grnen	zu_selten	freq=6<10
GROSSRAZZIA	11	6	Großrazzia	zu_selten	freq=6<10
GROSSSEGEL	10	6	Großsegel	zu_selten	freq=6<10
GROTTA	6	6	Grotta	zu_selten	freq=6<10
GRUNDUEBEL	10	6	Grundübel	zu_selten	freq=6<10
GRUSELN	7	6	Gruseln	zu_selten	freq=6<10
GUADELOUPE	10	6	Guadeloupe	zu_selten	ortsname
GUILDFORD	9	6	Guildford	zu_selten	ortsname
GUMMIREIFEN	11	6	Gummireifen	zu_selten	freq=6<10
GYOERGY	7	6	György	zu_selten	freq=6<10
HAARSCHOPF	10	6	Haarschopf	zu_selten	freq=6<10
HACHING	7	6	Haching	zu_selten	freq=6<10
HAES	4	6	Häs	zu_selten	freq=6<10 (starker Beleg)
HAFF	4	6	Haff	zu_selten	freq=6<10 (starker Beleg)
HAHA	4	6	Haha	zu_selten	freq=6<20
HALLEIN	7	6	Hallein	zu_selten	ortsname
HAMBACH	7	6	Hambach	zu_selten	ortsname
HAMMELBURG	10	6	Hammelburg	zu_selten	ortsname
HANTIEREN	9	6	Hantieren	zu_selten	freq=6<10
HARMON	6	6	Harmon	zu_selten	freq=6<10
HARTHOLZ	8	6	Hartholz	zu_selten	ortsname
HARZBURG	8	6	Harzburg	zu_selten	ortsname
HASSLOCH	8	6	Haßloch	zu_selten	ortsname
HASTE	5	6	haste	zu_selten	freq=6<10
HATZ	4	6	Hatz	zu_selten	freq=6<10 (starker Beleg)
HAUPTERWERB	11	6	Haupterwerb	zu_selten	freq=6<10
HAVIXBECK	9	6	Havixbeck	zu_selten	ortsname
HEADLINER	9	6	Headliner	zu_selten	freq=6<10
HEBELN	6	6	hebeln	zu_selten	freq=6<10
HEBRON	6	6	Hebron	zu_selten	ortsname
HECHTE	6	6	Hechte	zu_selten	freq=6<10
HEIDRUN	7	6	Heidrun	zu_selten	freq=6<10
HEIMSTATT	9	6	Heimstatt	zu_selten	freq=6<10
HEITERES	8	6	heiteres	zu_selten	freq=6<10
HELLGRUENE	10	6	hellgrüne	zu_selten	freq=6<10
HELLMUT	7	6	Hellmut	zu_selten	freq=6<10
HELSINGBORG	11	6	Helsingborg	zu_selten	ortsname
HERABSETZEN	11	6	herabsetzen	zu_selten	freq=6<10
HERAT	5	6	Herat	zu_selten	ortsname
HERBERGEN	9	6	Herbergen	zu_selten	freq=6<10
HERMESKEIL	10	6	Hermeskeil	zu_selten	ortsname
HERMSDORF	9	6	Hermsdorf	zu_selten	ortsname
HERZIG	6	6	Herzig	zu_selten	freq=6<10
HERZOGLICHE	11	6	herzogliche	zu_selten	freq=6<10
HESSISCHER	10	6	Hessischer	zu_selten	freq=6<10
HIMMELBLAU	10	6	himmelblau	zu_selten	freq=6<10
HIMMLISCH	9	6	himmlisch	zu_selten	freq=6<10
HOCHHEIM	8	6	Hochheim	zu_selten	ortsname
HOERENDEN	9	6	hörenden	zu_selten	freq=6<10
HOGWARTS	8	6	Hogwarts	zu_selten	ortsname
HOHENFELS	9	6	Hohenfels	zu_selten	freq=6<10
HOLTHAUSEN	10	6	Holthausen	zu_selten	ortsname
HOLZWICKEDE	11	6	Holzwickede	zu_selten	ortsname
HOPPEGARTEN	11	6	Hoppegarten	zu_selten	ortsname
HORCHHEIM	9	6	Horchheim	zu_selten	ortsname
HUERTH	6	6	Hürth	zu_selten	ortsname
HUF	3	6	Huf	zu_selten	freq=6<10 (starker Beleg)
HUNDERTSTEN	11	6	hundertsten	zu_selten	freq=6<10
HUNGERNDE	9	6	Hungernde	zu_selten	freq=6<10
HUNGERNDEN	10	6	hungernden	zu_selten	freq=6<10
HYDERABAD	9	6	Hyderabad	zu_selten	ortsname
IDEA	4	6	Idea	zu_selten	freq=6<20
IDS	3	6	IDS	zu_selten	freq=6<10 (starker Beleg)
IGLU	4	6	Iglu	zu_selten	freq=6<10 (starker Beleg)
ILE	3	6	Ile	zu_selten	freq=6<20
ILLERTISSEN	11	6	Illertissen	zu_selten	ortsname
IMKE	4	6	Imke	zu_selten	freq=6<20
IMPULSGEBER	11	6	Impulsgeber	zu_selten	freq=6<10
INAKTIVE	8	6	inaktive	zu_selten	freq=6<10
INDUS	5	6	Indus	zu_selten	freq=6<10
INDY	4	6	Indy	zu_selten	freq=6<10 (starker Beleg)
INFLUENZA	9	6	Influenza	zu_selten	freq=6<10
INI	3	6	INI	zu_selten	freq=6<20
INLINER	7	6	Inliner	zu_selten	freq=6<10
INNENTUEREN	11	6	Innentüren	zu_selten	freq=6<10
INNEREM	7	6	innerem	zu_selten	freq=6<10
INSIGHT	7	6	Insight	zu_selten	freq=6<10
INSPEKTEUR	10	6	Inspekteur	zu_selten	freq=6<10
INTERNA	7	6	Interna	zu_selten	freq=6<10
INVARIANTEN	11	6	invarianten	zu_selten	freq=6<10
INVERSEN	8	6	Inversen	zu_selten	freq=6<10
IRRSINNIG	9	6	irrsinnig	zu_selten	freq=6<10
ISE	3	6	Ise	zu_selten	freq=6<20
ITEM	4	6	Item	zu_selten	freq=6<20
JAEMMERLICH	11	6	jämmerlich	zu_selten	freq=6<10
JAG	3	6	JAG	zu_selten	freq=6<20
JAROSLAV	8	6	Jaroslav	zu_selten	freq=6<10
JEIN	4	6	Jein	zu_selten	freq=6<20
JUGENDRAT	9	6	Jugendrat	zu_selten	freq=6<10
JUS	3	6	Jus	zu_selten	freq=6<10 (starker Beleg)
KAKERLAKEN	10	6	Kakerlaken	zu_selten	freq=6<10
KALKULIERTE	11	6	kalkulierte	zu_selten	freq=6<10
KAMAN	5	6	Kaman	zu_selten	freq=6<10
KAMELLEN	8	6	Kamellen	zu_selten	freq=6<10
KAPITALE	8	6	kapitale	zu_selten	freq=6<10
KAPPELN	7	6	Kappeln	zu_selten	ortsname
KAR	3	6	Kar	zu_selten	freq=6<20
KARACHI	7	6	Karachi	zu_selten	ortsname
KASTANIE	8	6	Kastanie	zu_selten	freq=6<10
KASTNER	7	6	Kastner	zu_selten	freq=6<10
KATHRYN	7	6	Kathryn	zu_selten	freq=6<10
KATYN	5	6	Katyn	zu_selten	ortsname
KAUFDRUCK	9	6	Kaufdruck	zu_selten	freq=6<10
KAUT	4	6	kaut	zu_selten	freq=6<20
KAUTE	5	6	kaute	zu_selten	freq=6<10
KELT	4	6	kelt	zu_selten	freq=6<20
KENNEDYS	8	6	Kennedys	zu_selten	ortsname
KERB	4	6	Kerb	zu_selten	freq=6<10 (starker Beleg)
KERNPHYSIK	10	6	Kernphysik	zu_selten	freq=6<10
KHARTUM	7	6	Khartum	zu_selten	ortsname
KIESELALGEN	11	6	Kieselalgen	zu_selten	freq=6<10
KIFFEN	6	6	Kiffen	zu_selten	freq=6<10
KILIKIEN	8	6	Kilikien	zu_selten	ortsname
KLETTERERN	10	6	Kletterern	zu_selten	ortsname
KLINGENDES	10	6	klingendes	zu_selten	freq=6<10
KLINSI	6	6	Klinsi	zu_selten	freq=6<10
KLIPP	5	6	klipp	zu_selten	freq=6<10
KLIRREN	7	6	Klirren	zu_selten	freq=6<10
KLUGES	6	6	kluges	zu_selten	freq=6<10
KNACKS	6	6	Knacks	zu_selten	freq=6<10
KNIFFLIGE	9	6	knifflige	zu_selten	freq=6<10
KNISTERN	8	6	Knistern	zu_selten	freq=6<10
KOESTLICHE	10	6	köstliche	zu_selten	freq=6<10
KOESTNER	8	6	Köstner	zu_selten	ortsname
KOHAESION	9	6	Kohäsion	zu_selten	freq=6<10
KOMBINAT	8	6	Kombinat	zu_selten	freq=6<10
KOMOEDIANT	10	6	Komödiant	zu_selten	freq=6<10
KONFUS	6	6	konfus	zu_selten	freq=6<10
KONNTEST	8	6	konntest	zu_selten	freq=6<10
KONTEXTES	9	6	Kontextes	zu_selten	freq=6<10
KOORDINATE	10	6	Koordinate	zu_selten	freq=6<10
KOPFSCHMERZ	11	6	Kopfschmerz	zu_selten	freq=6<10
KOPFSCHMUCK	11	6	Kopfschmuck	zu_selten	freq=6<10
KOSTAS	6	6	Kostas	zu_selten	ortsname
KRABBELN	8	6	Krabbeln	zu_selten	freq=6<10
KREBSKRANKE	11	6	krebskranke	zu_selten	freq=6<10
KROLL	5	6	Kroll	zu_selten	freq=6<10
KRONSTADT	9	6	Kronstadt	zu_selten	ortsname
KRUEMMEN	8	6	krümmen	zu_selten	freq=6<10
KRUMMEN	7	6	krummen	zu_selten	freq=6<10
KRUPPE	6	6	Kruppe	zu_selten	freq=6<10
KUFE	4	6	Kufe	zu_selten	freq=6<10 (starker Beleg)
KUND	4	6	kund	zu_selten	freq=6<20
KURIEREN	8	6	kurieren	zu_selten	freq=6<10
KURZINFO	8	6	Kurzinfo	zu_selten	freq=6<10
KUSCH	5	6	Kusch	zu_selten	freq=6<10
KUSCHELIGE	10	6	kuschelige	zu_selten	freq=6<10
KUSEL	5	6	Kusel	zu_selten	ortsname
KVEN	4	6	KVen	zu_selten	freq=6<10 (starker Beleg)
LACROSSE	8	6	Lacrosse	zu_selten	freq=6<10
LAESIONEN	9	6	Läsionen	zu_selten	freq=6<10
LAEUFERIN	9	6	Läuferin	zu_selten	freq=6<10
LAHNSTEIN	9	6	Lahnstein	zu_selten	ortsname
LAIB	4	6	Laib	zu_selten	freq=6<10 (starker Beleg)
LAMAS	5	6	Lamas	zu_selten	freq=6<10
LAMPERTHEIM	11	6	Lampertheim	zu_selten	ortsname
LANDRICHTER	11	6	Landrichter	zu_selten	freq=6<10
LAOKOON	7	6	Laokoon	zu_selten	freq=6<10
LARGE	5	6	Large	zu_selten	freq=6<10
LAUBBAUM	8	6	Laubbaum	zu_selten	freq=6<10
LAVENDEL	8	6	Lavendel	zu_selten	ortsname
LEBEDEW	7	6	Lebedew	zu_selten	freq=6<10
LEBENSLUST	10	6	Lebenslust	zu_selten	freq=6<10
LEDERHOSEN	10	6	Lederhosen	zu_selten	freq=6<10
LEDERSITZE	10	6	Ledersitze	zu_selten	freq=6<10
LEDIGEN	7	6	ledigen	zu_selten	freq=6<10
LEG	3	6	LEG	zu_selten	freq=6<20
LEHMZIEGELN	11	6	Lehmziegeln	zu_selten	ortsname
LEHN	4	6	Lehn	zu_selten	freq=6<10 (starker Beleg)
LEHNWOERTER	11	6	Lehnwörter	zu_selten	freq=6<10
LEICESTER	9	6	Leicester	zu_selten	ortsname
LEVELN	6	6	Leveln	zu_selten	freq=6<10
LEWE	4	6	Lewe	zu_selten	freq=6<20
LIBBY	5	6	Libby	zu_selten	freq=6<10
LIBERTAD	8	6	Libertad	zu_selten	freq=6<10
LICEO	5	6	Liceo	zu_selten	freq=6<10
LIGI	4	6	Ligi	zu_selten	freq=6<10 (starker Beleg)
LIQUIDE	7	6	liquide	zu_selten	freq=6<10
LIS	3	6	Lis	zu_selten	freq=6<20
LISTING	7	6	Listing	zu_selten	freq=6<10
LIVRE	5	6	Livre	zu_selten	freq=6<10
LOAD	4	6	load	zu_selten	freq=6<20
LOCKDOWN	8	6	Lockdown	zu_selten	freq=6<10
LODZ	4	6	Lodz	zu_selten	ortsname
LOEWENBERG	10	6	Löwenberg	zu_selten	ortsname
LOGIS	5	6	Logis	zu_selten	freq=6<10
LOGITECH	8	6	Logitech	zu_selten	freq=6<10
LOLITA	6	6	Lolita	zu_selten	freq=6<10
LONDO	5	6	Londo	zu_selten	freq=6<10
LONDORF	7	6	Londorf	zu_selten	ortsname
LUCHS	5	6	Luchs	zu_selten	freq=6<10
LUETJENBURG	11	6	Lütjenburg	zu_selten	ortsname
LUFTSCHIFFE	11	6	Luftschiffe	zu_selten	freq=6<10
MAHLE	5	6	Mahle	zu_selten	freq=6<10
MAIKAEFER	9	6	Maikäfer	zu_selten	freq=6<10
MALCHOW	7	6	Malchow	zu_selten	ortsname
MALGRUND	8	6	Malgrund	zu_selten	freq=6<10
MANGO	5	6	Mango	zu_selten	freq=6<10
MANIFESTE	9	6	manifeste	zu_selten	freq=6<10
MANOEVERN	9	6	Manövern	zu_selten	freq=6<10
MARACAIBO	9	6	Maracaibo	zu_selten	ortsname
MARCELLUS	9	6	Marcellus	zu_selten	freq=6<10
MARCHE	6	6	Marche	zu_selten	freq=6<10
MARICA	6	6	Marica	zu_selten	freq=6<10
MARIENBAD	9	6	Marienbad	zu_selten	ortsname
MARIETTA	8	6	Marietta	zu_selten	ortsname
MARINIEREN	10	6	marinieren	zu_selten	freq=6<10
MARKTDATEN	10	6	Marktdaten	zu_selten	freq=6<10
MARNE	5	6	Marne	zu_selten	freq=6<10
MARRIED	7	6	married	zu_selten	freq=6<10
MAUERSTEINE	11	6	Mauersteine	zu_selten	freq=6<10
MEERBUSCH	9	6	Meerbusch	zu_selten	ortsname
MEIERS	6	6	Meiers	zu_selten	freq=6<10
MENA	4	6	Mena	zu_selten	freq=6<20
MENG	4	6	Meng	zu_selten	freq=6<10 (starker Beleg)
MEPHISTO	8	6	Mephisto	zu_selten	freq=6<10
MERCHWEILER	11	6	Merchweiler	zu_selten	ortsname
MERING	6	6	Mering	zu_selten	ortsname
MESS	4	6	Mess	zu_selten	freq=6<20
METALLICA	9	6	Metallica	zu_selten	ortsname
MEY	3	6	Mey	zu_selten	freq=6<20
MICHALSKI	9	6	Michalski	zu_selten	ortsname
MIG	3	6	MiG	zu_selten	freq=6<20
MILITANT	8	6	militant	zu_selten	freq=6<10
MIMEN	5	6	mimen	zu_selten	freq=6<10
MIS	3	6	MIS	zu_selten	freq=6<20
MISSERNTEN	10	6	Missernten	zu_selten	freq=6<10
MISSKREDIT	10	6	Misskredit	zu_selten	ortsname
MISSLINGEN	10	6	misslingen	zu_selten	freq=6<10
MITTELHAND	10	6	Mittelhand	zu_selten	freq=6<10
MITTENWALDE	11	6	Mittenwalde	zu_selten	ortsname
MOE	3	6	Moe	zu_selten	freq=6<20
MOEBLIERTE	10	6	möblierte	zu_selten	freq=6<10
MONARCHIEN	10	6	Monarchien	zu_selten	freq=6<10
MONOCHROM	9	6	monochrom	zu_selten	freq=6<10
MONOTONIE	9	6	Monotonie	zu_selten	freq=6<10
MORGENROT	9	6	Morgenrot	zu_selten	freq=6<10
MOSTAR	6	6	Mostar	zu_selten	ortsname
MOTIVIERTES	11	6	motiviertes	zu_selten	freq=6<10
MOTZEN	6	6	Motzen	zu_selten	freq=6<10
MPI	3	6	MPI	zu_selten	freq=6<20
MUENDER	7	6	Münder	zu_selten	freq=6<10
MUGELLO	7	6	Mugello	zu_selten	ortsname
MUMM	4	6	Mumm	zu_selten	freq=6<20
MURMELTIERE	11	6	Murmeltiere	zu_selten	freq=6<10
MUS	3	6	Mus	zu_selten	freq=6<20
NACHBAUEN	9	6	nachbauen	zu_selten	freq=6<10
NAGELLACK	9	6	Nagellack	zu_selten	freq=6<10
NAMES	5	6	Names	zu_selten	freq=6<10
NAMUR	5	6	Namur	zu_selten	ortsname
NASSES	6	6	nasses	zu_selten	freq=6<10
NEA	3	6	Nea	zu_selten	freq=6<10 (starker Beleg)
NEBENJOBS	9	6	Nebenjobs	zu_selten	freq=6<10
NEF	3	6	Nef	zu_selten	freq=6<20
NEGATIVEM	9	6	negativem	zu_selten	freq=6<10
NEHM	4	6	nehm	zu_selten	freq=6<20
NELL	4	6	Nell	zu_selten	freq=6<20
NEM	3	6	nem	zu_selten	freq=6<10 (starker Beleg)
NERVENSACHE	11	6	Nervensache	zu_selten	freq=6<10
NETIQUETTE	10	6	Netiquette	zu_selten	freq=6<10
NEUDRUCK	8	6	Neudruck	zu_selten	freq=6<10
NEUERBAUTE	10	6	neuerbaute	zu_selten	freq=6<10
NEUERBURG	9	6	Neuerburg	zu_selten	ortsname
NEUSTIFT	8	6	Neustift	zu_selten	ortsname
NEUTRINOS	9	6	Neutrinos	zu_selten	freq=6<10
NEWARK	6	6	Newark	zu_selten	ortsname
NIEBUELL	8	6	Niebüll	zu_selten	ortsname
NIGHTINGALE	11	6	Nightingale	zu_selten	freq=6<10
NIGHTWISH	9	6	Nightwish	zu_selten	freq=6<10
NISCHNI	7	6	Nischni	zu_selten	ortsname
NOBLESSE	8	6	Noblesse	zu_selten	freq=6<10
NOERVENICH	10	6	Nörvenich	zu_selten	ortsname
NORDDEICH	9	6	Norddeich	zu_selten	ortsname
NORDINDIEN	10	6	Nordindien	zu_selten	ortsname
NORTHWEST	9	6	Northwest	zu_selten	freq=6<10
NOTDIENSTE	10	6	Notdienste	zu_selten	freq=6<10
NOTLEIDENDE	11	6	notleidende	zu_selten	freq=6<10
NOTZEITEN	9	6	Notzeiten	zu_selten	ortsname
NOUS	4	6	Nous	zu_selten	freq=6<20
OBDACH	6	6	Obdach	zu_selten	freq=6<10
OBELERIUS	9	6	Obelerius	zu_selten	freq=6<10
OBJEKTIVES	10	6	objektives	zu_selten	freq=6<10
OEFFENTL	8	6	öffentl	zu_selten	freq=6<10
OELIGE	6	6	Ölige	zu_selten	freq=6<10
OELSNITZ	8	6	Oelsnitz	zu_selten	ortsname
OGDEN	5	6	Ogden	zu_selten	ortsname
OHM	3	6	Ohm	zu_selten	freq=6<10 (starker Beleg)
OLIMPIA	7	6	Olimpia	zu_selten	freq=6<10
OLIVGRUENEN	11	6	olivgrünen	zu_selten	freq=6<10
OLMUETZ	7	6	Olmütz	zu_selten	ortsname
OLSBERG	7	6	Olsberg	zu_selten	ortsname
OPEC	4	6	Opec	zu_selten	freq=6<10 (starker Beleg)
OPERATIONAL	11	6	Operational	zu_selten	freq=6<10
ORANGEROT	9	6	orangerot	zu_selten	freq=6<10
ORGINAL	7	6	Orginal	zu_selten	freq=6<10
ORIENTAL	8	6	Oriental	zu_selten	freq=6<10
OSSIS	5	6	Ossis	zu_selten	freq=6<10
OSTBERLIN	9	6	Ostberlin	zu_selten	ortsname
OSTRACH	7	6	Ostrach	zu_selten	ortsname
OTHELLO	7	6	Othello	zu_selten	freq=6<10
OTTOBEUREN	10	6	Ottobeuren	zu_selten	ortsname
PAGODEN	7	6	Pagoden	zu_selten	freq=6<10
PASING	6	6	Pasing	zu_selten	ortsname
PAST	4	6	Past	zu_selten	freq=6<20
PAULE	5	6	Paule	zu_selten	freq=6<10
PEITSCHEN	9	6	Peitschen	zu_selten	freq=6<10
PEPTIDE	7	6	Peptide	zu_selten	freq=6<10
PERA	4	6	Pera	zu_selten	freq=6<20
PETTENDORF	10	6	Pettendorf	zu_selten	ortsname
PFUNDS	6	6	Pfunds	zu_selten	freq=6<10
PHUKET	6	6	Phuket	zu_selten	ortsname
PICO	4	6	Pico	zu_selten	freq=6<20
PIKE	4	6	Pike	zu_selten	freq=6<10 (starker Beleg)
PLOETZ	6	6	Plötz	zu_selten	freq=6<10
PLUMMER	7	6	Plummer	zu_selten	freq=6<10
POLIEREN	8	6	Polieren	zu_selten	freq=6<10
POLYBIOS	8	6	Polybios	zu_selten	freq=6<10
POLYMEREN	9	6	Polymeren	zu_selten	freq=6<10
PORTOFREI	9	6	portofrei	zu_selten	freq=6<10
POSIEREN	8	6	posieren	zu_selten	freq=6<10
PRAEPARATEN	11	6	Präparaten	zu_selten	freq=6<10
PRASSELN	8	6	prasseln	zu_selten	freq=6<10
PRATO	5	6	Prato	zu_selten	ortsname
PREDATOR	8	6	Predator	zu_selten	freq=6<10
PRESBYTER	9	6	Presbyter	zu_selten	freq=6<10
PRESCOTT	8	6	Prescott	zu_selten	freq=6<10
PRESSBURG	9	6	Preßburg	zu_selten	ortsname
PRESTEL	7	6	Prestel	zu_selten	freq=6<10
PRIESTERTUM	11	6	Priestertum	zu_selten	freq=6<10
PRINCIPE	8	6	Principe	zu_selten	freq=6<10
PRIVATHEIT	10	6	Privatheit	zu_selten	freq=6<10
PRODUKTIVES	11	6	produktives	zu_selten	freq=6<10
PROFIBOXER	10	6	Profiboxer	zu_selten	freq=6<10
PROVISORIEN	11	6	Provisorien	zu_selten	freq=6<10
PRUEFENDEN	10	6	prüfenden	zu_selten	freq=6<10
PUEBLO	6	6	Pueblo	zu_selten	freq=6<10
PUNKTBESTE	10	6	punktbeste	zu_selten	freq=6<10
PURPURROT	9	6	purpurrot	zu_selten	freq=6<10
PUTZE	5	6	Putze	zu_selten	freq=6<10
QATAR	5	6	Qatar	zu_selten	ortsname
QUALMEN	7	6	Qualmen	zu_selten	freq=6<10
QUATSCHEN	9	6	quatschen	zu_selten	freq=6<10
QUERBEET	8	6	Querbeet	zu_selten	freq=6<10
QUERFLOETE	10	6	Querflöte	zu_selten	freq=6<10
QUIKSILVER	10	6	Quiksilver	zu_selten	freq=6<10
RABAT	5	6	Rabat	zu_selten	freq=6<10
RANDERS	7	6	Randers	zu_selten	ortsname
RANN	4	6	rann	zu_selten	freq=6<10 (starker Beleg)
RARES	5	6	rares	zu_selten	freq=6<10
RASIERTE	8	6	rasierte	zu_selten	freq=6<10
RASTENBURG	10	6	Rastenburg	zu_selten	ortsname
RATIBOR	7	6	Ratibor	zu_selten	ortsname
RAUCHENDE	9	6	Rauchende	zu_selten	freq=6<10
RAUFEN	6	6	raufen	zu_selten	freq=6<10
RAUSGEHEN	9	6	rausgehen	zu_selten	freq=6<10
REAKTIONAER	11	6	reaktionär	zu_selten	freq=6<10
REDENSARTEN	11	6	Redensarten	zu_selten	freq=6<10
REEL	4	6	Reel	zu_selten	freq=6<20
REGENMENGEN	11	6	Regenmengen	zu_selten	freq=6<10
REGENWETTER	11	6	Regenwetter	zu_selten	ortsname
REGIERENDER	11	6	Regierender	zu_selten	freq=6<10
REGULA	6	6	Regula	zu_selten	freq=6<10
REHN	4	6	Rehn	zu_selten	freq=6<20
REICHENBERG	11	6	Reichenberg	zu_selten	ortsname
REICHEREN	9	6	reicheren	zu_selten	freq=6<10
REISETIPPS	10	6	Reisetipps	zu_selten	freq=6<10
RENNINGEN	9	6	Renningen	zu_selten	ortsname
REPETITIVE	10	6	repetitive	zu_selten	freq=6<10
RETO	4	6	Reto	zu_selten	ortsname
REYKJAVIK	9	6	Reykjavik	zu_selten	ortsname
RIEDERICH	9	6	Riederich	zu_selten	ortsname
RIJEKA	6	6	Rijeka	zu_selten	freq=6<10
RIMBACH	7	6	Rimbach	zu_selten	ortsname
RIN	3	6	Rin	zu_selten	freq=6<20
RIP	3	6	Rip	zu_selten	freq=6<20
ROADRUNNER	10	6	Roadrunner	zu_selten	freq=6<10
ROBBE	5	6	Robbe	zu_selten	freq=6<10
ROBEN	5	6	Roben	zu_selten	freq=6<10
ROBINHO	7	6	Robinho	zu_selten	freq=6<10
ROCHEFORT	9	6	Rochefort	zu_selten	freq=6<10
RODGAU	6	6	Rodgau	zu_selten	ortsname
ROHES	5	6	rohes	zu_selten	freq=6<10
RONJA	5	6	Ronja	zu_selten	freq=6<10
RONSDORF	8	6	Ronsdorf	zu_selten	ortsname
ROSMARIN	8	6	Rosmarin	zu_selten	ortsname
ROSTAM	6	6	Rostam	zu_selten	freq=6<10
ROSTELEKOM	10	6	Rostelekom	zu_selten	freq=6<10
ROUBAIX	7	6	Roubaix	zu_selten	ortsname
ROULADEN	8	6	Rouladen	zu_selten	freq=6<10
ROUTLEDGE	9	6	Routledge	zu_selten	freq=6<10
ROYALE	6	6	Royale	zu_selten	freq=6<10
RUCKZUCK	8	6	Ruckzuck	zu_selten	freq=6<10
RUEDESHEIM	10	6	Rüdesheim	zu_selten	ortsname
RUEMPFEN	8	6	Rümpfen	zu_selten	freq=6<10
RURAL	5	6	Rural	zu_selten	freq=6<10
RUSTIKAL	8	6	rustikal	zu_selten	freq=6<10
RYNN	4	6	Rynn	zu_selten	freq=6<20
SAECKINGEN	10	6	Säckingen	zu_selten	ortsname
SAEGEMEHL	9	6	Sägemehl	zu_selten	freq=6<10
SAEUMIGE	8	6	Säumige	zu_selten	freq=6<10
SALLE	5	6	Salle	zu_selten	freq=6<10
SALOMO	6	6	Salomo	zu_selten	freq=6<10
SALUT	5	6	Salut	zu_selten	freq=6<10
SALZER	6	6	Salzer	zu_selten	ortsname
SANAA	5	6	Sanaa	zu_selten	ortsname
SANSIBAR	8	6	Sansibar	zu_selten	ortsname
SAUERLACH	9	6	Sauerlach	zu_selten	ortsname
SAUSE	5	6	Sause	zu_selten	freq=6<10
SCHABER	7	6	Schaber	zu_selten	freq=6<10
SCHAETZWERT	11	6	Schätzwert	zu_selten	freq=6<10
SCHARONS	8	6	Scharons	zu_selten	ortsname
SCHAUTS	7	6	schauts	zu_selten	freq=6<10
SCHEUE	6	6	scheue	zu_selten	freq=6<10
SCHICKER	8	6	schicker	zu_selten	freq=6<10
SCHIEFBAHN	10	6	Schiefbahn	zu_selten	ortsname
SCHIEFE	7	6	schiefe	zu_selten	freq=6<10
SCHIELE	7	6	Schiele	zu_selten	freq=6<10
SCHLAGSEITE	11	6	Schlagseite	zu_selten	freq=6<10
SCHLEPPENDE	11	6	schleppende	zu_selten	freq=6<10
SCHMOEKEL	9	6	Schmökel	zu_selten	freq=6<10
SCHMUTZIGER	11	6	schmutziger	zu_selten	freq=6<10
SCHNEIDERN	10	6	schneidern	zu_selten	freq=6<10
SCHNOERKEL	10	6	Schnörkel	zu_selten	freq=6<10
SCHOEMBERG	10	6	Schömberg	zu_selten	ortsname
SCHREIBEND	10	6	schreibend	zu_selten	freq=6<10
SCHRIFTGUT	10	6	Schriftgut	zu_selten	freq=6<10
SCHUESSELN	10	6	Schüsseln	zu_selten	freq=6<10
SCHULSCHIFF	11	6	Schulschiff	zu_selten	freq=6<10
SCHULTAGEN	10	6	Schultagen	zu_selten	freq=6<10
SCHUMANNS	9	6	Schumanns	zu_selten	ortsname
SCHWAENZEN	10	6	schwänzen	zu_selten	freq=6<10
SCHWAERMER	10	6	Schwärmer	zu_selten	freq=6<10
SCHWERTE	8	6	Schwerte	zu_selten	ortsname
SCOUTING	8	6	Scouting	zu_selten	freq=6<10
SEBRING	7	6	Sebring	zu_selten	ortsname
SEEBLICK	8	6	Seeblick	zu_selten	freq=6<10
SEEHAUSEN	9	6	Seehausen	zu_selten	ortsname
SEGELNDEN	9	6	segelnden	zu_selten	freq=6<10
SELTERS	7	6	Selters	zu_selten	freq=6<10
SENS	4	6	Sens	zu_selten	ortsname
SERVUS	6	6	Servus	zu_selten	freq=6<10
SETTLEMENT	10	6	Settlement	zu_selten	freq=6<10
SEUFZER	7	6	Seufzer	zu_selten	freq=6<10
SEXISMUS	8	6	Sexismus	zu_selten	freq=6<10
SEXSZENEN	9	6	Sexszenen	zu_selten	freq=6<10
SHIT	4	6	shit	zu_selten	freq=6<20
SHOCK	5	6	Shock	zu_selten	freq=6<10
SHUFFLE	7	6	Shuffle	zu_selten	freq=6<10
SIA	3	6	SIA	zu_selten	freq=6<20
SIEL	4	6	Siel	zu_selten	freq=6<10 (starker Beleg)
SIGNIEREN	9	6	signieren	zu_selten	freq=6<10
SIMMERN	7	6	Simmern	zu_selten	ortsname
SINGE	5	6	singe	zu_selten	freq=6<10
SINGSANG	8	6	Singsang	zu_selten	freq=6<10
SITZHALTUNG	11	6	Sitzhaltung	zu_selten	freq=6<10
SKIP	4	6	Skip	zu_selten	freq=6<20
SOCIALE	7	6	Sociale	zu_selten	freq=6<10
SOKOL	5	6	Sokol	zu_selten	freq=6<10
SOLICITOR	9	6	Solicitor	zu_selten	freq=6<10
SOLID	5	6	Solid	zu_selten	freq=6<10
SONDERBARES	11	6	sonderbares	zu_selten	freq=6<10
SONDERDRUCK	11	6	Sonderdruck	zu_selten	freq=6<10
SONNENSTICH	11	6	Sonnenstich	zu_selten	freq=6<10
SOOO	4	6	sooo	zu_selten	freq=6<10 (starker Beleg)
SPANN	5	6	Spann	zu_selten	freq=6<10
SPAR	4	6	Spar	zu_selten	freq=6<10 (starker Beleg)
SPARTACUS	9	6	Spartacus	zu_selten	freq=6<10
SPEDITIONEN	11	6	Speditionen	zu_selten	freq=6<10
SPERENBERG	10	6	Sperenberg	zu_selten	ortsname
SPIELANLAGE	11	6	Spielanlage	zu_selten	freq=6<10
SPIELREGEL	10	6	Spielregel	zu_selten	freq=6<10
SPITALS	7	6	Spitals	zu_selten	freq=6<10
SPITZHELM	9	6	Spitzhelm	zu_selten	freq=6<10
SPORTLEITER	11	6	Sportleiter	zu_selten	freq=6<10
SPREIZEN	8	6	spreizen	zu_selten	freq=6<10
SPRENKELN	9	6	Sprenkeln	zu_selten	freq=6<10
SPRINGENDEN	11	6	springenden	zu_selten	freq=6<10
SPRUNGKRAFT	11	6	Sprungkraft	zu_selten	freq=6<10
STADTNAEHE	10	6	Stadtnähe	zu_selten	ortsname
STAEBEN	7	6	Stäben	zu_selten	freq=6<10
STAEHLEN	8	6	Stählen	zu_selten	freq=6<10
STALLONE	8	6	Stallone	zu_selten	freq=6<10
STARRES	7	6	starres	zu_selten	freq=6<10
STATOR	6	6	Stator	zu_selten	freq=6<10
STATUETTE	9	6	Statuette	zu_selten	freq=6<10
STELLWERKEN	11	6	Stellwerken	zu_selten	freq=6<10
STEPS	5	6	Steps	zu_selten	freq=6<10
STERILE	7	6	sterile	zu_selten	freq=6<10
STOB	4	6	stob	zu_selten	freq=6<20
STOCKDUNKEL	11	6	stockdunkel	zu_selten	freq=6<10
STOCKS	6	6	Stocks	zu_selten	freq=6<10
STOIBERS	8	6	Stoibers	zu_selten	ortsname
STORIA	6	6	storia	zu_selten	freq=6<10
STORKOW	7	6	Storkow	zu_selten	ortsname
STRAEHNEN	9	6	Strähnen	zu_selten	freq=6<10
STRATFORD	9	6	Stratford	zu_selten	ortsname
STRENGT	7	6	strengt	zu_selten	freq=6<10
STROEMENDE	10	6	strömende	zu_selten	freq=6<10
STURHEIT	8	6	Sturheit	zu_selten	freq=6<10
SUBSTRATEN	10	6	Substraten	zu_selten	freq=6<10
SUECHTIGEN	10	6	Süchtigen	zu_selten	freq=6<10
SUEDENGLAND	11	6	Südengland	zu_selten	ortsname
SUEDINDIEN	10	6	Südindien	zu_selten	ortsname
SUEDVIETNAM	11	6	Südvietnam	zu_selten	ortsname
SULLA	5	6	Sulla	zu_selten	freq=6<10
SUND	4	6	Sund	zu_selten	freq=6<10 (starker Beleg)
SUNDERN	7	6	Sundern	zu_selten	ortsname
SUPERKLASSE	11	6	superklasse	zu_selten	freq=6<10
SUPERNOVAE	10	6	Supernovae	zu_selten	freq=6<10
SWETLANA	8	6	Swetlana	zu_selten	freq=6<10
SYNDROME	8	6	Syndrome	zu_selten	freq=6<10
TAETEN	6	6	täten	zu_selten	freq=6<10
TAFT	4	6	Taft	zu_selten	freq=6<20
TAGELOEHNER	11	6	Tagelöhner	zu_selten	freq=6<10
TAKAHASHI	9	6	Takahashi	zu_selten	ortsname
TAMIL	5	6	Tamil	zu_selten	ortsname
TANNA	5	6	Tanna	zu_selten	ortsname
TANNENBAUM	10	6	Tannenbaum	zu_selten	freq=6<10
TARIFSYSTEM	11	6	Tarifsystem	zu_selten	freq=6<10
TATNEFT	7	6	Tatneft	zu_selten	freq=6<10
TAX	3	6	Tax	zu_selten	freq=6<10 (starker Beleg)
TAXE	4	6	Taxe	zu_selten	freq=6<10 (starker Beleg)
TEK	3	6	Tek	zu_selten	freq=6<20
TELEPOLIS	9	6	Telepolis	zu_selten	ortsname
TELGTE	6	6	Telgte	zu_selten	ortsname
TENSOR	6	6	Tensor	zu_selten	freq=6<10
TERMS	5	6	Terms	zu_selten	freq=6<10
TEXTILEN	8	6	textilen	zu_selten	freq=6<10
THEOLOGIA	9	6	Theologia	zu_selten	freq=6<10
THESAURUS	9	6	Thesaurus	zu_selten	freq=6<10
THORNE	6	6	Thorne	zu_selten	freq=6<10
THRAKIEN	8	6	Thrakien	zu_selten	ortsname
TIDE	4	6	Tide	zu_selten	freq=6<20
TIEFENBACH	10	6	Tiefenbach	zu_selten	freq=6<10
TIN	3	6	Tin	zu_selten	freq=6<10 (starker Beleg)
TONG	4	6	Tong	zu_selten	freq=6<10 (starker Beleg)
TOSKANISCHE	11	6	toskanische	zu_selten	freq=6<10
TOTENSTILL	10	6	totenstill	zu_selten	freq=6<10
TOTHOLZ	7	6	Totholz	zu_selten	freq=6<10
TOWNS	5	6	Towns	zu_selten	freq=6<10
TRACEY	6	6	Tracey	zu_selten	freq=6<10
TRADIERTE	9	6	tradierte	zu_selten	freq=6<10
TRAX	4	6	Trax	zu_selten	freq=6<20
TREIBSTOFFE	11	6	Treibstoffe	zu_selten	freq=6<10
TRENNWAENDE	11	6	Trennwände	zu_selten	freq=6<10
TRIALS	6	6	Trials	zu_selten	freq=6<10
TRIVIALE	8	6	triviale	zu_selten	freq=6<10
TUERKISCHEM	11	6	türkischem	zu_selten	freq=6<10
TULLN	5	6	Tulln	zu_selten	ortsname
TUNS	4	6	Tuns	zu_selten	freq=6<10 (starker Beleg)
TURBULENZ	9	6	Turbulenz	zu_selten	freq=6<10
TUSEM	5	6	Tusem	zu_selten	freq=6<10
TUTANCHAMUN	11	6	Tutanchamun	zu_selten	freq=6<10
UEBERBAUTEN	11	6	Überbauten	zu_selten	freq=6<10
UFF	3	6	uff	zu_selten	freq=6<10 (starker Beleg)
UFO	3	6	Ufo	zu_selten	freq=6<10 (starker Beleg)
UKE	3	6	Uke	zu_selten	freq=6<20
UMBUCHUNGEN	11	6	Umbuchungen	zu_selten	freq=6<10
UMFORMEN	8	6	Umformen	zu_selten	freq=6<10
UMRECHNEN	9	6	Umrechnen	zu_selten	freq=6<10
UMSTECKEN	9	6	Umstecken	zu_selten	freq=6<10
UMWORBENEN	10	6	umworbenen	zu_selten	freq=6<10
UNDANK	6	6	Undank	zu_selten	freq=6<10
UNECHTEN	8	6	unechten	zu_selten	freq=6<10
UNERLAUBTER	11	6	unerlaubter	zu_selten	freq=6<10
UNFERTIGE	9	6	unfertige	zu_selten	freq=6<10
UNGERECHTEN	11	6	ungerechten	zu_selten	freq=6<10
UNGEZIEFER	10	6	Ungeziefer	zu_selten	freq=6<10
UNGLAEUBIGE	11	6	Ungläubige	zu_selten	freq=6<10
UNGUNSTEN	9	6	Ungunsten	zu_selten	freq=6<10
UNKRITISCHE	11	6	unkritische	zu_selten	freq=6<10
UNREINE	7	6	unreine	zu_selten	freq=6<10
UNSCHARFE	9	6	unscharfe	zu_selten	freq=6<10
UNTERKOCHEN	11	6	Unterkochen	zu_selten	ortsname
UNTREU	6	6	untreu	zu_selten	freq=6<10
UNVERMOEGEN	11	6	Unvermögen	zu_selten	freq=6<10
UNVERMUTET	10	6	unvermutet	zu_selten	freq=6<10
UNVERNUNFT	10	6	Unvernunft	zu_selten	freq=6<10
UNWIRKLICHE	11	6	unwirkliche	zu_selten	freq=6<10
UNZE	4	6	Unze	zu_selten	freq=6<10 (starker Beleg)
UPDATEN	7	6	Updaten	zu_selten	freq=6<10
URLAUBSTAG	10	6	Urlaubstag	zu_selten	freq=6<10
VALLADOLID	10	6	Valladolid	zu_selten	freq=6<10
VAMP	4	6	Vamp	zu_selten	freq=6<20
VANS	4	6	Vans	zu_selten	freq=6<10 (starker Beleg)
VASA	4	6	Vasa	zu_selten	freq=6<10 (starker Beleg)
VEGESACK	8	6	Vegesack	zu_selten	ortsname
VENLO	5	6	Venlo	zu_selten	ortsname
VENTILATION	11	6	Ventilation	zu_selten	freq=6<10
VERACHTETEN	11	6	verachteten	zu_selten	freq=6<10
VERBANNTEN	10	6	Verbannten	zu_selten	freq=6<10
VERBISS	7	6	verbiss	zu_selten	freq=6<10
VERBUENDEN	10	6	verbünden	zu_selten	freq=6<10
VERDUN	6	6	Verdun	zu_selten	ortsname
VEREDELN	8	6	Veredeln	zu_selten	freq=6<10
VERERBEN	8	6	vererben	zu_selten	freq=6<10
VERFLOSSENE	11	6	verflossene	zu_selten	freq=6<10
VERGIESSEN	10	6	Vergießen	zu_selten	freq=6<10
VERHAERTEN	10	6	verhärten	zu_selten	freq=6<10
VERKLINGEN	10	6	verklingen	zu_selten	freq=6<10
VERKUERZTER	11	6	verkürzter	zu_selten	freq=6<10
VERMISCHTE	10	6	Vermischte	zu_selten	freq=6<10
VERMUMMTE	9	6	vermummte	zu_selten	freq=6<10
VERRUECKTES	11	6	verrücktes	zu_selten	freq=6<10
VERSTAUEN	9	6	Verstauen	zu_selten	freq=6<10
VERSTEHENS	10	6	Verstehens	zu_selten	freq=6<10
VERSTRICH	9	6	verstrich	zu_selten	freq=6<10
VERTRAUTES	10	6	Vertrautes	zu_selten	freq=6<10
VERWAHREN	9	6	verwahren	zu_selten	freq=6<10
VERZAGEN	8	6	verzagen	zu_selten	freq=6<10
VICKERS	7	6	Vickers	zu_selten	freq=6<10
VICTORIAS	9	6	Victorias	zu_selten	freq=6<10
VIELEM	6	6	vielem	zu_selten	freq=6<10
VILLAGES	8	6	villages	zu_selten	freq=6<10
VILLINGEN	9	6	Villingen	zu_selten	ortsname
VIRTUAL	7	6	Virtual	zu_selten	freq=6<10
VITAE	5	6	Vitae	zu_selten	freq=6<10
VIVACON	7	6	Vivacon	zu_selten	freq=6<10
VOIE	4	6	Voie	zu_selten	freq=6<20
VORDERER	8	6	vorderer	zu_selten	freq=6<10
VORDERHAND	10	6	vorderhand	zu_selten	freq=6<10
VORHALTEN	9	6	vorhalten	zu_selten	freq=6<10
VORLEBEN	8	6	Vorleben	zu_selten	freq=6<10
VULNERABLE	10	6	Vulnerable	zu_selten	freq=6<10
WADEN	5	6	Waden	zu_selten	freq=6<10
WADER	5	6	Wader	zu_selten	freq=6<10
WADERN	6	6	Wadern	zu_selten	ortsname
WAFER	5	6	Wafer	zu_selten	freq=6<10
WAHLWERBUNG	11	6	Wahlwerbung	zu_selten	freq=6<10
WAHRHAFTIGE	11	6	wahrhaftige	zu_selten	freq=6<10
WALDBROEL	9	6	Waldbröl	zu_selten	ortsname
WALNUESSE	9	6	Walnüsse	zu_selten	freq=6<10
WANDERE	7	6	wandere	zu_selten	freq=6<10
WANDERPFAD	10	6	Wanderpfad	zu_selten	freq=6<10
WANDERZIEL	10	6	Wanderziel	zu_selten	freq=6<10
WARTBERG	8	6	Wartberg	zu_selten	freq=6<10
WARTHAUSEN	10	6	Warthausen	zu_selten	ortsname
WASSERFEST	10	6	wasserfest	zu_selten	freq=6<10
WASSERRECHT	11	6	Wasserrecht	zu_selten	freq=6<10
WATTE	5	6	Watte	zu_selten	freq=6<10
WEBEN	5	6	Weben	zu_selten	freq=6<10
WEBLOG	6	6	Weblog	zu_selten	freq=6<10
WEGLAUFEN	9	6	Weglaufen	zu_selten	freq=6<10
WEHRBAUTEN	10	6	Wehrbauten	zu_selten	freq=6<10
WEHRHAFTE	9	6	wehrhafte	zu_selten	freq=6<10
WEIHERN	7	6	Weihern	zu_selten	freq=6<10
WELLPAPPE	9	6	Wellpappe	zu_selten	ortsname
WENDISCHEN	10	6	wendischen	zu_selten	freq=6<10
WERD	4	6	Werd	zu_selten	freq=6<20
WERDERS	7	6	Werders	zu_selten	freq=6<10
WESTBAU	7	6	Westbau	zu_selten	freq=6<10
WESTERLAND	10	6	Westerland	zu_selten	ortsname
WESTFIELD	9	6	Westfield	zu_selten	freq=6<10
WEWER	5	6	Wewer	zu_selten	ortsname
WIEDERSTAND	11	6	Wiederstand	zu_selten	freq=6<10
WIELANDS	8	6	Wielands	zu_selten	ortsname
WIESLAND	8	6	Wiesland	zu_selten	freq=6<10
WIESLOCH	8	6	Wiesloch	zu_selten	ortsname
WILLINGEN	9	6	Willingen	zu_selten	ortsname
WILLYS	6	6	Willys	zu_selten	ortsname
WILTSHIRE	9	6	Wiltshire	zu_selten	ortsname
WIM	3	6	Wim	zu_selten	ortsname
WINDSCHUTZ	10	6	Windschutz	zu_selten	freq=6<10
WINTERFEST	10	6	winterfest	zu_selten	freq=6<10
WISCHEN	7	6	wischen	zu_selten	freq=6<10
WITTENBERGE	11	6	Wittenberge	zu_selten	ortsname
WOHNKULTUR	10	6	Wohnkultur	zu_selten	freq=6<10
WOLFFS	6	6	Wolffs	zu_selten	freq=6<10
WONNE	5	6	Wonne	zu_selten	freq=6<10
WRE	3	6	wre	zu_selten	freq=6<10 (starker Beleg)
WRIEZEN	7	6	Wriezen	zu_selten	ortsname
WUCHER	6	6	Wucher	zu_selten	freq=6<10
WURSTWAREN	10	6	Wurstwaren	zu_selten	freq=6<10
XIAN	4	6	Xian	zu_selten	ortsname
YAMAMOTO	8	6	Yamamoto	zu_selten	ortsname
YORKSHIRE	9	6	Yorkshire	zu_selten	ortsname
YPSILANTIS	10	6	Ypsilantis	zu_selten	freq=6<10
ZAESUREN	8	6	Zäsuren	zu_selten	freq=6<10
ZAHNPFLEGE	10	6	Zahnpflege	zu_selten	freq=6<10
ZAHNSEIDE	9	6	Zahnseide	zu_selten	freq=6<10
ZANDVOORT	9	6	Zandvoort	zu_selten	ortsname
ZANK	4	6	Zank	zu_selten	freq=6<20
ZAUBERHAFTE	11	6	zauberhafte	zu_selten	freq=6<10
ZEHNER	6	6	Zehner	zu_selten	freq=6<10
ZEITPLANUNG	11	6	Zeitplanung	zu_selten	freq=6<10
ZEITZEICHEN	11	6	Zeitzeichen	zu_selten	freq=6<10
ZERREN	6	6	zerren	zu_selten	freq=6<10
ZERSTOERE	9	6	zerstöre	zu_selten	freq=6<10
ZERTRETEN	9	6	zertreten	zu_selten	freq=6<10
ZEUGUNG	7	6	Zeugung	zu_selten	freq=6<10
ZIEH	4	6	zieh	zu_selten	freq=6<20
ZIGTAUSENDE	11	6	Zigtausende	zu_selten	freq=6<10
ZIRKELN	7	6	Zirkeln	zu_selten	freq=6<10
ZOLTAN	6	6	Zoltan	zu_selten	freq=6<10
ZOTTIG	6	6	zottig	zu_selten	freq=6<10
ZUNAHMEN	8	6	zunahmen	zu_selten	freq=6<10
ZUSCHUESSEN	11	6	Zuschüssen	zu_selten	freq=6<10
ZUSPITZEN	9	6	zuspitzen	zu_selten	freq=6<10
ZWEIFELNDEN	11	6	zweifelnden	zu_selten	freq=6<10
AARHUS	6	5	Aarhus	zu_selten	ortsname
ABBIE	5	5	Abbie	zu_selten	freq=5<10
ABBITTE	7	5	Abbitte	zu_selten	freq=5<10
ABD	3	5	Abd	zu_selten	freq=5<20
ABFUELLEN	9	5	abfüllen	zu_selten	freq=5<10
ABGENUTZTE	10	5	abgenutzte	zu_selten	freq=5<10
ABGESANDTEN	11	5	Abgesandten	zu_selten	freq=5<10
ABGEWOEHNEN	11	5	abgewöhnen	zu_selten	freq=5<10
ABHAENGE	8	5	Abhänge	zu_selten	freq=5<10
ABHOLZEN	8	5	Abholzen	zu_selten	freq=5<10
ABKLOPFEN	9	5	abklopfen	zu_selten	freq=5<10
ABKOCHEN	8	5	Abkochen	zu_selten	freq=5<10
ABLEHNUNGEN	11	5	Ablehnungen	zu_selten	freq=5<10
ABMARSCH	8	5	Abmarsch	zu_selten	freq=5<10
ABREDE	6	5	Abrede	zu_selten	ortsname
ABROLLEN	8	5	Abrollen	zu_selten	freq=5<10
ABSCHWELLEN	11	5	Abschwellen	zu_selten	freq=5<10
ABSEIHEN	8	5	abseihen	zu_selten	freq=5<10
ABSPRINGEN	10	5	abspringen	zu_selten	freq=5<10
ABTEILEN	8	5	Abteilen	zu_selten	freq=5<10
ABZEICHNEN	10	5	abzeichnen	zu_selten	freq=5<10
ACCRA	5	5	Accra	zu_selten	ortsname
ACTA	4	5	ACTA	zu_selten	freq=5<20
ADAMSON	7	5	Adamson	zu_selten	freq=5<10
ADAPTIVE	8	5	adaptive	zu_selten	freq=5<10
ADDITIVEN	9	5	additiven	zu_selten	freq=5<10
ADELBERTO	9	5	Adelberto	zu_selten	freq=5<10
ADELSTAND	9	5	Adelstand	zu_selten	freq=5<10
ADELT	5	5	adelt	zu_selten	freq=5<10
ADENDORF	8	5	Adendorf	zu_selten	ortsname
ADRESSRAUM	10	5	Adressraum	zu_selten	freq=5<10
AESTCHEN	8	5	Ästchen	zu_selten	freq=5<10
AGENTS	6	5	Agents	zu_selten	freq=5<10
AGIO	4	5	Agio	zu_selten	freq=5<10 (starker Beleg)
AGONIE	6	5	Agonie	zu_selten	freq=5<10
AGRIPPA	7	5	Agrippa	zu_selten	freq=5<10
AGRO	4	5	Agro	zu_selten	freq=5<20
AHN	3	5	Ahn	zu_selten	freq=5<20
ALAMO	5	5	Alamo	zu_selten	freq=5<10
ALBAS	5	5	Albas	zu_selten	freq=5<10
ALCANTARA	9	5	Alcantara	zu_selten	ortsname
ALEPPO	6	5	Aleppo	zu_selten	ortsname
ALERT	5	5	Alert	zu_selten	freq=5<10
ALINGHI	7	5	Alinghi	zu_selten	freq=5<10
ALLS	4	5	Alls	zu_selten	freq=5<20
ALLT	4	5	Allt	zu_selten	freq=5<20
ALPE	4	5	Alpe	zu_selten	freq=5<10 (starker Beleg)
ALTENDORF	9	5	Altendorf	zu_selten	ortsname
ALTENHILFE	10	5	Altenhilfe	zu_selten	freq=5<10
ALVIN	5	5	Alvin	zu_selten	freq=5<10
AMATEURFUNK	11	5	Amateurfunk	zu_selten	freq=5<10
AMTE	4	5	Amte	zu_selten	freq=5<10 (starker Beleg)
AMTSMUEDE	9	5	amtsmüde	zu_selten	freq=5<10
ANDERNTAGS	10	5	Anderntags	zu_selten	freq=5<10
ANDREE	6	5	Andree	zu_selten	freq=5<10
ANDRERSEITS	11	5	andrerseits	zu_selten	freq=5<10
ANG	3	5	ANG	zu_selten	freq=5<20
ANGELT	6	5	angelt	zu_selten	freq=5<10
ANGERMUENDE	11	5	Angermünde	zu_selten	ortsname
ANGERUFENEN	11	5	Angerufenen	zu_selten	freq=5<10
ANGEWANDTER	11	5	angewandter	zu_selten	freq=5<10
ANGKOR	6	5	Angkor	zu_selten	ortsname
ANNEX	5	5	ANNEX	zu_selten	freq=5<10
ANORAK	6	5	Anorak	zu_selten	freq=5<10
ANRUEHREN	9	5	anrühren	zu_selten	freq=5<10
ANSCHIEBEN	10	5	Anschieben	zu_selten	freq=5<10
ANSTOSSZEIT	11	5	Anstoßzeit	zu_selten	freq=5<10
ANSUCHEN	8	5	Ansuchen	zu_selten	freq=5<10
ANTAL	5	5	Antal	zu_selten	freq=5<10
ANTISEMIT	9	5	Antisemit	zu_selten	freq=5<10
ANUBIS	6	5	Anubis	zu_selten	freq=5<10
APOTHEKERN	10	5	Apothekern	zu_selten	freq=5<10
AQUARISTIK	10	5	Aquaristik	zu_selten	freq=5<10
ARCHELAOS	9	5	Archelaos	zu_selten	freq=5<10
ARCHIMEDES	10	5	Archimedes	zu_selten	freq=5<10
ARMINIUS	8	5	Arminius	zu_selten	freq=5<10
ARQUES	6	5	Arques	zu_selten	freq=5<10
ARRIVA	6	5	Arriva	zu_selten	freq=5<10
ARZNEISTOFF	11	5	Arzneistoff	zu_selten	freq=5<10
ASOZIAL	7	5	asozial	zu_selten	freq=5<10
ASSAULT	7	5	Assault	zu_selten	freq=5<10
ASSOZIATIVE	11	5	assoziative	zu_selten	freq=5<10
ASTHMATIKER	11	5	Asthmatiker	zu_selten	freq=5<10
ASTORIA	7	5	Astoria	zu_selten	freq=5<10
ATHANASIUS	10	5	Athanasius	zu_selten	freq=5<10
ATHENE	6	5	Athene	zu_selten	freq=5<10
ATLANTISCHE	11	5	Atlantische	zu_selten	freq=5<10
ATOUBA	6	5	Atouba	zu_selten	freq=5<10
AUBACH	6	5	Aubach	zu_selten	freq=5<10
AUDITIVE	8	5	auditive	zu_selten	freq=5<10
AUFBLASEN	9	5	Aufblasen	zu_selten	freq=5<10
AUFFAHREN	9	5	auffahren	zu_selten	freq=5<10
AUFFLAMMEN	10	5	Aufflammen	zu_selten	freq=5<10
AUFGEHT	7	5	aufgeht	zu_selten	freq=5<10
AUFHEBELN	9	5	Aufhebeln	zu_selten	freq=5<10
AUFHEIZEN	9	5	Aufheizen	zu_selten	freq=5<10
AUFPUMPEN	9	5	aufpumpen	zu_selten	freq=5<10
AUFRECHNUNG	11	5	Aufrechnung	zu_selten	freq=5<10
AUFRUECKEN	10	5	aufrücken	zu_selten	freq=5<10
AUFSTIEGE	9	5	Aufstiege	zu_selten	freq=5<10
AUGENRING	9	5	Augenring	zu_selten	freq=5<10
AUSBACKEN	9	5	ausbacken	zu_selten	freq=5<10
AUSBEUTEN	9	5	ausbeuten	zu_selten	freq=5<10
AUSERDEM	8	5	Auserdem	zu_selten	freq=5<10
AUSKUEHLEN	10	5	auskühlen	zu_selten	freq=5<10
AUSRUESTEN	10	5	ausrüsten	zu_selten	freq=5<10
AUSSPIELUNG	11	5	Ausspielung	zu_selten	freq=5<10
AUSSTECHEN	10	5	ausstechen	zu_selten	freq=5<10
AUSTESTEN	9	5	austesten	zu_selten	freq=5<10
BABE	4	5	Babe	zu_selten	freq=5<20
BABYNAHRUNG	11	5	Babynahrung	zu_selten	ortsname
BACILLUS	8	5	Bacillus	zu_selten	freq=5<10
BADGER	6	5	Badger	zu_selten	freq=5<10
BAIERN	6	5	Baiern	zu_selten	ortsname
BAKE	4	5	Bake	zu_selten	freq=5<10 (starker Beleg)
BALBOA	6	5	Balboa	zu_selten	freq=5<10
BALKENDECKE	11	5	Balkendecke	zu_selten	freq=5<10
BALLSPIELE	10	5	Ballspiele	zu_selten	freq=5<10
BANDA	5	5	Banda	zu_selten	freq=5<10
BANKLEHRE	9	5	Banklehre	zu_selten	freq=5<10
BARCA	5	5	Barca	zu_selten	ortsname
BARNUM	6	5	Barnum	zu_selten	freq=5<10
BARRIER	7	5	Barrier	zu_selten	freq=5<10
BARWERT	7	5	Barwert	zu_selten	freq=5<10
BAUD	4	5	Baud	zu_selten	freq=5<20
BAULOSES	8	5	Bauloses	zu_selten	freq=5<10
BAUMSCHULEN	11	5	Baumschulen	zu_selten	freq=5<10
BAUSAETZE	9	5	Bausätze	zu_selten	freq=5<10
BEAMTETE	8	5	beamtete	zu_selten	freq=5<10
BEAU	4	5	Beau	zu_selten	freq=5<20
BECH	4	5	Bech	zu_selten	freq=5<20
BECKHAMS	8	5	Beckhams	zu_selten	freq=5<10
BEDA	4	5	Beda	zu_selten	freq=5<20
BEE	3	5	Bee	zu_selten	freq=5<20
BEENDE	6	5	beende	zu_selten	freq=5<10
BEGEGNE	7	5	begegne	zu_selten	freq=5<10
BEGINEN	7	5	Beginen	zu_selten	freq=5<10
BEICHTEN	8	5	beichten	zu_selten	freq=5<10
BEIKOST	7	5	Beikost	zu_selten	freq=5<10
BEISCHLAF	9	5	Beischlaf	zu_selten	freq=5<10
BEKANNTERE	10	5	bekanntere	zu_selten	freq=5<10
BELASTBARE	10	5	Belastbare	zu_selten	freq=5<10
BELEHREN	8	5	belehren	zu_selten	freq=5<10
BELUEGT	7	5	belügt	zu_selten	freq=5<10
BENGALEN	8	5	Bengalen	zu_selten	ortsname
BENI	4	5	Beni	zu_selten	freq=5<20
BENIDORM	8	5	Benidorm	zu_selten	ortsname
BERGAMO	7	5	Bergamo	zu_selten	ortsname
BERGHAUSEN	10	5	Berghausen	zu_selten	ortsname
BERGKAMEN	9	5	Bergkamen	zu_selten	ortsname
BERGLUFT	8	5	Bergluft	zu_selten	freq=5<10
BERGMEISTER	11	5	Bergmeister	zu_selten	freq=5<10
BERGSTURZ	9	5	Bergsturz	zu_selten	freq=5<10
BERSTEN	7	5	Bersten	zu_selten	freq=5<10
BERUFLICHES	11	5	berufliches	zu_selten	freq=5<10
BERUFSBOXER	11	5	Berufsboxer	zu_selten	freq=5<10
BESCHICKUNG	11	5	Beschickung	zu_selten	freq=5<10
BESESSENEN	10	5	besessenen	zu_selten	freq=5<10
BESTUECKEN	10	5	bestücken	zu_selten	freq=5<10
BETEUERUNG	10	5	Beteuerung	zu_selten	freq=5<10
BETTE	5	5	Bette	zu_selten	freq=5<10
BETTENHAUS	10	5	Bettenhaus	zu_selten	freq=5<10
BEWALDETER	10	5	bewaldeter	zu_selten	freq=5<10
BEWERBERIN	10	5	Bewerberin	zu_selten	freq=5<10
BIBELWERK	9	5	Bibelwerk	zu_selten	freq=5<10
BIBLIOTHECA	11	5	Bibliotheca	zu_selten	freq=5<10
BIGFOOT	7	5	Bigfoot	zu_selten	freq=5<10
BILDFORMATE	11	5	Bildformate	zu_selten	freq=5<10
BILLEN	6	5	Billen	zu_selten	freq=5<10
BINS	4	5	bins	zu_selten	freq=5<10 (starker Beleg)
BINSWANGER	10	5	Binswanger	zu_selten	freq=5<10
BISON	5	5	Bison	zu_selten	freq=5<10
BISSWUNDEN	10	5	Bisswunden	zu_selten	freq=5<10
BITTSTELLER	11	5	Bittsteller	zu_selten	freq=5<10
BIZ	3	5	BIZ	zu_selten	freq=5<20
BLA	3	5	Bla	zu_selten	freq=5<20
BLACKBURN	9	5	Blackburn	zu_selten	ortsname
BLANCHIEREN	11	5	blanchieren	zu_selten	freq=5<10
BLASER	6	5	Blaser	zu_selten	freq=5<10
BLASPHEMIE	10	5	Blasphemie	zu_selten	freq=5<10
BLATTSPINAT	11	5	Blattspinat	zu_selten	freq=5<10
BLAUSTEIN	9	5	Blaustein	zu_selten	ortsname
BLEIBST	7	5	bleibst	zu_selten	freq=5<10
BLIESEN	7	5	bliesen	zu_selten	freq=5<10
BLIESKASTEL	11	5	Blieskastel	zu_selten	ortsname
BLINDEM	7	5	blindem	zu_selten	freq=5<10
BLONDES	7	5	blondes	zu_selten	freq=5<10
BLOW	4	5	Blow	zu_selten	freq=5<10 (starker Beleg)
BLUTIGES	8	5	blutiges	zu_selten	freq=5<10
BLUTZOLL	8	5	Blutzoll	zu_selten	freq=5<10
BMWI	4	5	BMWi	zu_selten	freq=5<10 (starker Beleg)
BOCKENHEIM	10	5	Bockenheim	zu_selten	ortsname
BODYGUARD	9	5	Bodyguard	zu_selten	freq=5<10
BOESARTIGER	11	5	bösartiger	zu_selten	freq=5<10
BOESWILLIGE	11	5	böswillige	zu_selten	freq=5<10
BOHLE	5	5	Bohle	zu_selten	freq=5<10
BOHR	4	5	Bohr	zu_selten	freq=5<20
BOMB	4	5	Bomb	zu_selten	freq=5<10 (starker Beleg)
BOMBERJACKE	11	5	Bomberjacke	zu_selten	freq=5<10
BOOTH	5	5	Booth	zu_selten	freq=5<10
BOOTSKLASSE	11	5	Bootsklasse	zu_selten	freq=5<10
BORGEN	6	5	borgen	zu_selten	freq=5<10
BORMIO	6	5	Bormio	zu_selten	ortsname
BORSIG	6	5	Borsig	zu_selten	ortsname
BOTSWANA	8	5	Botswana	zu_selten	ortsname
BOWDEN	6	5	Bowden	zu_selten	freq=5<10
BOXT	4	5	boxt	zu_selten	freq=5<10 (starker Beleg)
BRACHE	6	5	Brache	zu_selten	freq=5<10
BRANDRODUNG	11	5	Brandrodung	zu_selten	freq=5<10
BRANT	5	5	Brant	zu_selten	freq=5<10
BRAVOUROES	10	5	bravourös	zu_selten	freq=5<10
BRECHMITTEL	11	5	Brechmittel	zu_selten	freq=5<10
BREITKOPF	9	5	Breitkopf	zu_selten	ortsname
BRETTSPIELE	11	5	Brettspiele	zu_selten	freq=5<10
BRIEG	5	5	Brieg	zu_selten	ortsname
BRITANNICA	10	5	Britannica	zu_selten	freq=5<10
BRIX	4	5	Brix	zu_selten	freq=5<10 (starker Beleg)
BROMID	6	5	bromid	zu_selten	freq=5<10
BROTEN	6	5	Broten	zu_selten	freq=5<10
BRSSEL	6	5	Brssel	zu_selten	ortsname
BTE	3	5	bte	zu_selten	freq=5<10 (starker Beleg)
BUCHENHOLZ	10	5	Buchenholz	zu_selten	ortsname
BUCHLOE	7	5	Buchloe	zu_selten	ortsname
BUCHPREIS	9	5	Buchpreis	zu_selten	freq=5<10
BUCKAU	6	5	Buckau	zu_selten	ortsname
BUDGETIERT	10	5	budgetiert	zu_selten	freq=5<10
BUEROSTUHL	10	5	Bürostuhl	zu_selten	freq=5<10
BULGARISCH	10	5	bulgarisch	zu_selten	freq=5<10
BUNGE	5	5	Bunge	zu_selten	freq=5<10
BURGKIRCHEN	11	5	Burgkirchen	zu_selten	ortsname
BUSCHIGEN	9	5	buschigen	zu_selten	freq=5<10
BUSUNGLUECK	11	5	Busunglück	zu_selten	ortsname
BUTCH	5	5	Butch	zu_selten	freq=5<10
CAIPIRINHA	10	5	Caipirinha	zu_selten	freq=5<10
CAIRO	5	5	Cairo	zu_selten	ortsname
CALIGARI	8	5	Caligari	zu_selten	ortsname
CALLISTO	8	5	Callisto	zu_selten	freq=5<10
CAMOUFLAGE	10	5	Camouflage	zu_selten	freq=5<10
CAMS	4	5	Cams	zu_selten	freq=5<20
CAPELLE	7	5	Capelle	zu_selten	freq=5<10
CARDINAL	8	5	Cardinal	zu_selten	freq=5<10
CARMINA	7	5	Carmina	zu_selten	freq=5<10
CAST	4	5	Cast	zu_selten	freq=5<20
CATO	4	5	Cato	zu_selten	ortsname
CELESTE	7	5	Celeste	zu_selten	freq=5<10
CHALLENGERS	11	5	Challengers	zu_selten	freq=5<10
CHAMP	5	5	Champ	zu_selten	freq=5<10
CHAMPS	6	5	Champs	zu_selten	freq=5<10
CHANTAL	7	5	Chantal	zu_selten	freq=5<10
CHARITY	7	5	Charity	zu_selten	freq=5<10
CHARMANTES	10	5	charmantes	zu_selten	freq=5<10
CHEMIEWERTE	11	5	Chemiewerte	zu_selten	freq=5<10
CHEVAL	6	5	Cheval	zu_selten	freq=5<10
CHIC	4	5	Chic	zu_selten	freq=5<20
CHORAELE	8	5	Choräle	zu_selten	freq=5<10
CHORWEILER	10	5	Chorweiler	zu_selten	ortsname
CIEL	4	5	Ciel	zu_selten	freq=5<20
CINE	4	5	Cine	zu_selten	freq=5<20
CINEASTEN	9	5	Cineasten	zu_selten	freq=5<10
CINNAMON	8	5	Cinnamon	zu_selten	freq=5<10
CIS	3	5	cis	zu_selten	freq=5<20
CIVITAS	7	5	civitas	zu_selten	freq=5<10
CLAIM	5	5	Claim	zu_selten	freq=5<10
CLARIANT	8	5	Clariant	zu_selten	freq=5<10
CLARKS	6	5	Clarks	zu_selten	freq=5<10
CLOSED	6	5	Closed	zu_selten	freq=5<10
COLONI	6	5	Coloni	zu_selten	freq=5<10
COMMUNE	7	5	Commune	zu_selten	freq=5<10
COMPUGROUP	10	5	Compugroup	zu_selten	freq=5<10
CONAN	5	5	Conan	zu_selten	freq=5<10
CONNECTED	9	5	Connected	zu_selten	freq=5<10
CONSULT	7	5	Consult	zu_selten	freq=5<10
CONTEXT	7	5	Context	zu_selten	ortsname
CONVAIR	7	5	Convair	zu_selten	freq=5<10
CORD	4	5	Cord	zu_selten	freq=5<20
COSWIG	6	5	Coswig	zu_selten	ortsname
CUPIDO	6	5	Cupido	zu_selten	freq=5<10
CURITIBA	8	5	Curitiba	zu_selten	ortsname
CURRIE	6	5	Currie	zu_selten	freq=5<10
CUSTER	6	5	Custer	zu_selten	freq=5<10
CZECH	5	5	Czech	zu_selten	freq=5<10
CZERVENKA	9	5	Czervenka	zu_selten	ortsname
DACHAUSBAU	10	5	Dachausbau	zu_selten	freq=5<10
DACHDECKUNG	11	5	Dachdeckung	zu_selten	freq=5<10
DACHFORMEN	10	5	Dachformen	zu_selten	freq=5<10
DAEMPFEND	9	5	dämpfend	zu_selten	freq=5<10
DAFR	4	5	dafr	zu_selten	freq=5<20
DAG	3	5	Dag	zu_selten	freq=5<20
DAGESTAN	8	5	Dagestan	zu_selten	ortsname
DANE	4	5	Dane	zu_selten	ortsname
DANSK	5	5	Dansk	zu_selten	freq=5<10
DATENPANNE	10	5	Datenpanne	zu_selten	freq=5<10
DAUNENJACKE	11	5	Daunenjacke	zu_selten	freq=5<10
DEA	3	5	Dea	zu_selten	freq=5<20
DEBRECEN	8	5	Debrecen	zu_selten	ortsname
DECKELN	7	5	deckeln	zu_selten	freq=5<10
DEES	4	5	dees	zu_selten	freq=5<20
DEKLINATION	11	5	Deklination	zu_selten	freq=5<10
DEKORE	6	5	Dekore	zu_selten	freq=5<10
DELLO	5	5	dello	zu_selten	freq=5<10
DEMOSTHENES	11	5	Demosthenes	zu_selten	freq=5<10
DENKENDE	8	5	Denkende	zu_selten	freq=5<10
DENKENDORF	10	5	Denkendorf	zu_selten	ortsname
DENKFABRIK	10	5	Denkfabrik	zu_selten	freq=5<10
DENKLINGEN	10	5	Denklingen	zu_selten	ortsname
DENKVERBOTE	11	5	Denkverbote	zu_selten	freq=5<10
DENNE	5	5	denne	zu_selten	freq=5<10
DEPOTBANK	9	5	Depotbank	zu_selten	freq=5<10
DEPUTIERTER	11	5	Deputierter	zu_selten	freq=5<10
DERBER	6	5	derber	zu_selten	freq=5<10
DERMBACH	8	5	Dermbach	zu_selten	ortsname
DEUTER	6	5	Deuter	zu_selten	ortsname
DIABETIKERN	11	5	Diabetikern	zu_selten	ortsname
DIAKONISCHE	11	5	Diakonische	zu_selten	freq=5<10
DICKHAEUTER	11	5	Dickhäuter	zu_selten	freq=5<10
DIDDY	5	5	Diddy	zu_selten	freq=5<10
DIDGERIDOOS	11	5	Didgeridoos	zu_selten	freq=5<10
DIEDERICHS	10	5	Diederichs	zu_selten	ortsname
DIMITRIJ	8	5	Dimitrij	zu_selten	freq=5<10
DIOKLETIAN	10	5	Diokletian	zu_selten	freq=5<10
DIPLOMATIN	10	5	Diplomatin	zu_selten	freq=5<10
DISKALFLECK	11	5	Diskalfleck	zu_selten	freq=5<10
DISKRETER	9	5	diskreter	zu_selten	freq=5<10
DITIB	5	5	Ditib	zu_selten	freq=5<10
DITZINGEN	9	5	Ditzingen	zu_selten	ortsname
DOETLINGEN	10	5	Dötlingen	zu_selten	ortsname
DOGAN	5	5	Dogan	zu_selten	ortsname
DOGGE	5	5	Dogge	zu_selten	freq=5<10
DOLLER	6	5	Doller	zu_selten	freq=5<10
DOLMETSCHEN	11	5	Dolmetschen	zu_selten	freq=5<10
DOMINUS	7	5	Dominus	zu_selten	freq=5<10
DONINGTON	9	5	Donington	zu_selten	ortsname
DONNERTE	8	5	donnerte	zu_selten	freq=5<10
DOOFE	5	5	doofe	zu_selten	freq=5<10
DOR	3	5	Dor	zu_selten	freq=5<20
DORADO	6	5	Dorado	zu_selten	freq=5<10
DORMAGENER	10	5	Dormagener	zu_selten	freq=5<10
DORSAL	6	5	dorsal	zu_selten	freq=5<10
DORTMUNDS	9	5	Dortmunds	zu_selten	freq=5<10
DOSSIERS	8	5	Dossiers	zu_selten	freq=5<10
DOTTER	6	5	Dotter	zu_selten	freq=5<10
DRAENGENDER	11	5	drängender	zu_selten	freq=5<10
DRE	3	5	Dre	zu_selten	freq=5<20
DREAMCAST	9	5	Dreamcast	zu_selten	freq=5<10
DREISAM	7	5	Dreisam	zu_selten	freq=5<10
DREISEITIGE	11	5	dreiseitige	zu_selten	freq=5<10
DREWAG	6	5	Drewag	zu_selten	freq=5<10
DRILL	5	5	Drill	zu_selten	freq=5<10
DRINGENDSTE	11	5	dringendste	zu_selten	freq=5<10
DRITTLIGIST	11	5	Drittligist	zu_selten	freq=5<10
DROEGE	6	5	dröge	zu_selten	freq=5<10
DROSERA	7	5	Drosera	zu_selten	ortsname
DRUCKGRAFIK	11	5	Druckgrafik	zu_selten	freq=5<10
DRUCKKABINE	11	5	Druckkabine	zu_selten	freq=5<10
DRUCKVOLLER	11	5	druckvoller	zu_selten	freq=5<10
DRUNTER	7	5	drunter	zu_selten	freq=5<10
DRY	3	5	Dry	zu_selten	freq=5<20
DUBIOS	6	5	dubios	zu_selten	freq=5<10
DUCA	4	5	Duca	zu_selten	freq=5<20
DUDU	4	5	Dudu	zu_selten	ortsname
DULCE	5	5	Dulce	zu_selten	freq=5<10
DURCHSAGE	9	5	Durchsage	zu_selten	freq=5<10
EBELSBERG	9	5	Ebelsberg	zu_selten	ortsname
EBENDIESEM	10	5	ebendiesem	zu_selten	freq=5<10
EBI	3	5	Ebi	zu_selten	freq=5<20
EBRACH	6	5	Ebrach	zu_selten	ortsname
EDELWEISS	9	5	Edelweiß	zu_selten	freq=5<10
EEN	3	5	een	zu_selten	freq=5<20
EFERDING	8	5	Eferding	zu_selten	ortsname
EFFEFF	6	5	Effeff	zu_selten	freq=5<10
EFFI	4	5	Effi	zu_selten	freq=5<20
EGGEN	5	5	Eggen	zu_selten	freq=5<10
EHINGEN	7	5	Ehingen	zu_selten	ortsname
EHRENHAFTEN	11	5	ehrenhaften	zu_selten	freq=5<10
EHRENHALBER	11	5	Ehrenhalber	zu_selten	freq=5<10
EHRWALD	7	5	Ehrwald	zu_selten	ortsname
EIDE	4	5	Eide	zu_selten	freq=5<20
EIDOS	5	5	Eidos	zu_selten	freq=5<10
EILEEN	6	5	Eileen	zu_selten	freq=5<10
EILIGEN	7	5	eiligen	zu_selten	freq=5<10
EINENGEN	8	5	einengen	zu_selten	freq=5<10
EINFUEGUNG	10	5	Einfügung	zu_selten	freq=5<10
EINGELADENE	11	5	eingeladene	zu_selten	freq=5<10
EINGERUECKT	11	5	eingerückt	zu_selten	freq=5<10
EINGESANDTE	11	5	eingesandte	zu_selten	freq=5<10
EINKNICKEN	10	5	Einknicken	zu_selten	freq=5<10
EINRUECKEN	10	5	einrücken	zu_selten	freq=5<10
EINWANDERN	10	5	einwandern	zu_selten	freq=5<10
EISBLOECKE	10	5	Eisblöcke	zu_selten	freq=5<10
EISBROCKEN	10	5	Eisbrocken	zu_selten	freq=5<10
EISGLAETTE	10	5	Eisglätte	zu_selten	freq=5<10
EISHOEHLE	9	5	Eishöhle	zu_selten	freq=5<10
EISREGEN	8	5	Eisregen	zu_selten	freq=5<10
EISWASSER	9	5	Eiswasser	zu_selten	freq=5<10
EKELIG	6	5	ekelig	zu_selten	freq=5<10
ELA	3	5	Ela	zu_selten	freq=5<20
ELEGANTES	9	5	elegantes	zu_selten	freq=5<10
ELM	3	5	Elm	zu_selten	freq=5<10 (starker Beleg)
ELSENFELD	9	5	Elsenfeld	zu_selten	ortsname
EMOTIONS	8	5	Emotions	zu_selten	freq=5<10
EMPF	4	5	empf	zu_selten	freq=5<10 (starker Beleg)
EMPFINDEST	10	5	empfindest	zu_selten	freq=5<10
ENDING	6	5	Ending	zu_selten	freq=5<10
ENDS	4	5	Ends	zu_selten	freq=5<20
ENGINES	7	5	Engines	zu_selten	freq=5<10
ENKLAVEN	8	5	Enklaven	zu_selten	freq=5<10
ENOS	4	5	Enos	zu_selten	freq=5<20
ENTFALL	7	5	Entfall	zu_selten	freq=5<10
ENTITIES	8	5	Entities	zu_selten	freq=5<10
EPPINGEN	8	5	Eppingen	zu_selten	ortsname
EQUIPMENTS	10	5	Equipments	zu_selten	freq=5<10
ERBIL	5	5	Erbil	zu_selten	ortsname
ERBPACHT	8	5	Erbpacht	zu_selten	ortsname
ERDHOEHLEN	10	5	Erdhöhlen	zu_selten	ortsname
ERDNUESSE	9	5	Erdnüsse	zu_selten	freq=5<10
ERFUELLENDE	11	5	erfüllende	zu_selten	freq=5<10
ERKAELTET	9	5	erkältet	zu_selten	freq=5<10
ERKENNST	8	5	Erkennst	zu_selten	freq=5<10
ERL	3	5	Erl	zu_selten	ortsname
ERLERNTER	9	5	erlernter	zu_selten	freq=5<10
ERMANGELUNG	11	5	Ermangelung	zu_selten	ortsname
ERMUNTERN	9	5	ermuntern	zu_selten	freq=5<10
EROTIC	6	5	erotic	zu_selten	freq=5<10
ERSCHRAK	8	5	erschrak	zu_selten	freq=5<10
ERSTELLTES	10	5	erstelltes	zu_selten	freq=5<10
ERZAEHLFORM	11	5	Erzählform	zu_selten	freq=5<10
ERZFEIND	8	5	Erzfeind	zu_selten	freq=5<10
ESENS	5	5	Esens	zu_selten	ortsname
ESSGESCHIRR	11	5	Essgeschirr	zu_selten	freq=5<10
ESTE	4	5	Este	zu_selten	freq=5<20
ETHISCHES	9	5	Ethisches	zu_selten	freq=5<10
ETHNOLOGEN	10	5	Ethnologen	zu_selten	freq=5<10
EUROCOPTER	10	5	Eurocopter	zu_selten	freq=5<10
EVAS	4	5	Evas	zu_selten	freq=5<20
EXOT	4	5	Exot	zu_selten	freq=5<10 (starker Beleg)
EYRE	4	5	Eyre	zu_selten	freq=5<20
FACHMESSEN	10	5	Fachmessen	zu_selten	freq=5<10
FACTS	5	5	Facts	zu_selten	freq=5<10
FAEKALIEN	9	5	Fäkalien	zu_selten	freq=5<10
FAEROEISCHE	11	5	färöische	zu_selten	freq=5<10
FAHNDERN	8	5	Fahndern	zu_selten	freq=5<10
FAHRSTUEHLE	11	5	Fahrstühle	zu_selten	freq=5<10
FAIRBANKS	9	5	Fairbanks	zu_selten	ortsname
FALKENSEE	9	5	Falkensee	zu_selten	ortsname
FALKNER	7	5	Falkner	zu_selten	freq=5<10
FALLOUT	7	5	Fallout	zu_selten	freq=5<10
FAMA	4	5	Fama	zu_selten	freq=5<20
FANFARE	7	5	Fanfare	zu_selten	freq=5<10
FARMERN	7	5	Farmern	zu_selten	freq=5<10
FARMERS	7	5	Farmers	zu_selten	freq=5<10
FATALES	7	5	fatales	zu_selten	freq=5<10
FAULENZEN	9	5	Faulenzen	zu_selten	freq=5<10
FAXE	4	5	Faxe	zu_selten	freq=5<10 (starker Beleg)
FAXNUMMER	9	5	Faxnummer	zu_selten	freq=5<10
FAYMANN	7	5	Faymann	zu_selten	freq=5<10
FEDERT	6	5	federt	zu_selten	freq=5<10
FEEN	4	5	Feen	zu_selten	freq=5<10 (starker Beleg)
FEIXEN	6	5	feixen	zu_selten	freq=5<10
FELSGESTEIN	11	5	Felsgestein	zu_selten	freq=5<10
FENERBAHCE	10	5	Fenerbahce	zu_selten	freq=5<10
FERIENJOBS	10	5	Ferienjobs	zu_selten	freq=5<10
FERIENTAG	9	5	Ferientag	zu_selten	freq=5<10
FERME	5	5	Ferme	zu_selten	freq=5<10
FESSLER	7	5	Feßler	zu_selten	freq=5<10
FESTA	5	5	Festa	zu_selten	freq=5<10
FESTSTOFFEN	11	5	Feststoffen	zu_selten	freq=5<10
FESTWAGEN	9	5	Festwagen	zu_selten	freq=5<10
FETTHALTIGE	11	5	Fetthaltige	zu_selten	freq=5<10
FEUERBAELLE	11	5	Feuerbälle	zu_selten	freq=5<10
FIDES	5	5	Fides	zu_selten	freq=5<10
FIEDERN	7	5	Fiedern	zu_selten	freq=5<10
FIKTIVER	8	5	fiktiver	zu_selten	freq=5<10
FIL	3	5	Fil	zu_selten	freq=5<20
FILIGRANE	9	5	filigrane	zu_selten	freq=5<10
FINANZNOT	9	5	Finanznot	zu_selten	freq=5<10
FINTEN	6	5	Finten	zu_selten	freq=5<10
FIREWIRE	8	5	Firewire	zu_selten	freq=5<10
FITTER	6	5	fitter	zu_selten	freq=5<10
FLEHEND	7	5	flehend	zu_selten	freq=5<10
FLEISSIGES	10	5	fleißiges	zu_selten	freq=5<10
FLEURY	6	5	Fleury	zu_selten	ortsname
FLINKE	6	5	flinke	zu_selten	freq=5<10
FLOHMAERKTE	11	5	Flohmärkte	zu_selten	freq=5<10
FLUCHTPLAN	10	5	Fluchtplan	zu_selten	freq=5<10
FLUECHTIGES	11	5	flüchtiges	zu_selten	freq=5<10
FLUEGELHORN	11	5	Flügelhorn	zu_selten	freq=5<10
FLUGANGST	9	5	Flugangst	zu_selten	freq=5<10
FLUGSHOWS	9	5	Flugshows	zu_selten	freq=5<10
FLUGTICKETS	11	5	Flugtickets	zu_selten	freq=5<10
FLUID	5	5	Fluid	zu_selten	freq=5<10
FOERMLICHES	11	5	förmliches	zu_selten	freq=5<10
FOLGENREICH	11	5	folgenreich	zu_selten	freq=5<10
FORSCHE	7	5	forsche	zu_selten	freq=5<10
FORSYTH	7	5	Forsyth	zu_selten	ortsname
FORTSAETZEN	11	5	Fortsätzen	zu_selten	freq=5<10
FORTUYN	7	5	Fortuyn	zu_selten	freq=5<10
FRACHTRATEN	11	5	Frachtraten	zu_selten	freq=5<10
FRANCOS	7	5	Francos	zu_selten	ortsname
FRASIER	7	5	Frasier	zu_selten	freq=5<10
FREIARBEIT	10	5	Freiarbeit	zu_selten	freq=5<10
FREISTELLEN	11	5	freistellen	zu_selten	freq=5<10
FREIWURF	8	5	Freiwurf	zu_selten	freq=5<10
FREMDEM	7	5	fremdem	zu_selten	freq=5<10
FRITHJOF	8	5	Frithjof	zu_selten	freq=5<10
FRITZCHEN	9	5	Fritzchen	zu_selten	freq=5<10
FRONARBEIT	10	5	Fronarbeit	zu_selten	freq=5<10
FRUCHTZEIT	10	5	Fruchtzeit	zu_selten	freq=5<10
FUENFSEITIG	11	5	fünfseitig	zu_selten	freq=5<10
FUENFZEHNTE	11	5	Fünfzehnte	zu_selten	freq=5<10
FUHRWERKEN	10	5	Fuhrwerken	zu_selten	freq=5<10
FUJIAN	6	5	Fujian	zu_selten	ortsname
FULVIO	6	5	Fulvio	zu_selten	ortsname
FUNKSPRUCH	10	5	Funkspruch	zu_selten	freq=5<10
FUNKT	5	5	funkt	zu_selten	freq=5<10
FURCHTSAME	10	5	furchtsame	zu_selten	freq=5<10
FURNIER	7	5	Furnier	zu_selten	freq=5<10
FUSSENDE	8	5	Fußende	zu_selten	freq=5<10
FUSSFESSELN	11	5	Fußfesseln	zu_selten	freq=5<10
FUTSAL	6	5	Futsal	zu_selten	freq=5<10
GADGETS	7	5	Gadgets	zu_selten	freq=5<10
GAELISCHEN	10	5	gälischen	zu_selten	freq=5<10
GAENGIGES	9	5	gängiges	zu_selten	freq=5<10
GAERTNERS	9	5	Gärtners	zu_selten	freq=5<10
GALAKTISCHE	11	5	galaktische	zu_selten	freq=5<10
GALGENFRIST	11	5	Galgenfrist	zu_selten	freq=5<10
GALICISCHE	10	5	Galicische	zu_selten	freq=5<10
GALIZIEN	8	5	Galizien	zu_selten	ortsname
GALOPPIEREN	11	5	galoppieren	zu_selten	freq=5<10
GARCHING	8	5	Garching	zu_selten	ortsname
GARDETANZ	9	5	Gardetanz	zu_selten	freq=5<10
GARNIER	7	5	Garnier	zu_selten	freq=5<10
GASTELTERN	10	5	Gasteltern	zu_selten	freq=5<10
GASTSTUBEN	10	5	Gaststuben	zu_selten	freq=5<10
GATSBY	6	5	Gatsby	zu_selten	freq=5<10
GATTER	6	5	Gatter	zu_selten	freq=5<10
GAUS	4	5	Gaus	zu_selten	freq=5<20
GDYNIA	6	5	Gdynia	zu_selten	ortsname
GEDIEGEN	8	5	gediegen	zu_selten	freq=5<10
GEDULDETE	9	5	geduldete	zu_selten	freq=5<10
GEHIRNEN	8	5	Gehirnen	zu_selten	freq=5<10
GEHOERNTE	9	5	gehörnte	zu_selten	freq=5<10
GEHRING	7	5	Gehring	zu_selten	freq=5<10
GEHRMANN	8	5	Gehrmann	zu_selten	freq=5<10
GEIMPFTEN	9	5	geimpften	zu_selten	freq=5<10
GEISTLICHES	11	5	geistliches	zu_selten	freq=5<10
GEIZ	4	5	Geiz	zu_selten	freq=5<10 (starker Beleg)
GEIZEN	6	5	geizen	zu_selten	freq=5<10
GELDMITTELN	11	5	Geldmitteln	zu_selten	freq=5<10
GELE	4	5	Gele	zu_selten	freq=5<20
GELENKTEN	9	5	gelenkten	zu_selten	freq=5<10
GELESENE	8	5	gelesene	zu_selten	freq=5<10
GENAUESTE	9	5	genaueste	zu_selten	freq=5<10
GENITALE	8	5	genitale	zu_selten	freq=5<10
GEPLAENKEL	10	5	Geplänkel	zu_selten	freq=5<10
GERANIEN	8	5	Geranien	zu_selten	freq=5<10
GERAUBTE	8	5	geraubte	zu_selten	freq=5<10
GERETTETE	9	5	Gerettete	zu_selten	freq=5<10
GERHARDS	8	5	Gerhards	zu_selten	ortsname
GERINNE	7	5	Gerinne	zu_selten	freq=5<10
GERL	4	5	Gerl	zu_selten	freq=5<20
GERMANIEN	9	5	Germanien	zu_selten	ortsname
GERSFELD	8	5	Gersfeld	zu_selten	ortsname
GESAMTSTAAT	11	5	Gesamtstaat	zu_selten	freq=5<10
GESCHAEFTIG	11	5	geschäftig	zu_selten	freq=5<10
GESCHOCKTE	10	5	geschockte	zu_selten	freq=5<10
GESCHWEIFTE	11	5	geschweifte	zu_selten	freq=5<10
GESEKE	6	5	Geseke	zu_selten	ortsname
GESENKTEN	9	5	gesenkten	zu_selten	freq=5<10
GESTIELTE	9	5	gestielte	zu_selten	freq=5<10
GESTORBENEN	11	5	gestorbenen	zu_selten	freq=5<10
GESTRICHENE	11	5	gestrichene	zu_selten	freq=5<10
GETRIEBENE	10	5	getriebene	zu_selten	freq=5<10
GETRIEBENER	11	5	Getriebener	zu_selten	freq=5<10
GEWUERGT	8	5	gewürgt	zu_selten	freq=5<10
GFROERER	8	5	Gfrörer	zu_selten	ortsname
GIENGEN	7	5	Giengen	zu_selten	ortsname
GIERIGEN	8	5	gierigen	zu_selten	freq=5<10
GIESSE	6	5	gieße	zu_selten	freq=5<10
GIRAFFEN	8	5	Giraffen	zu_selten	freq=5<10
GLAESERNER	10	5	gläserner	zu_selten	freq=5<10
GLANZPUNKT	10	5	Glanzpunkt	zu_selten	freq=5<10
GLANZSTUECK	11	5	Glanzstück	zu_selten	freq=5<10
GLEASON	7	5	Gleason	zu_selten	freq=5<10
GLITZERN	8	5	glitzern	zu_selten	freq=5<10
GLOGGNITZ	9	5	Gloggnitz	zu_selten	ortsname
GLONN	5	5	Glonn	zu_selten	freq=5<10
GLUECKAUF	9	5	Glückauf	zu_selten	freq=5<10
GMINA	5	5	Gmina	zu_selten	freq=5<10
GOTTESSTAAT	11	5	Gottesstaat	zu_selten	freq=5<10
GOUGH	5	5	Gough	zu_selten	freq=5<10
GOYA	4	5	Goya	zu_selten	ortsname
GRAETSCHEN	10	5	Grätschen	zu_selten	freq=5<10
GRAFENBERG	10	5	Grafenberg	zu_selten	freq=5<10
GRAFFITIS	9	5	Graffitis	zu_selten	freq=5<10
GRANVILLE	9	5	Granville	zu_selten	freq=5<10
GRASHALMEN	10	5	Grashalmen	zu_selten	freq=5<10
GRASSE	6	5	Grasse	zu_selten	freq=5<10
GRAUENHAFTE	11	5	grauenhafte	zu_selten	freq=5<10
GRAUWACKE	9	5	Grauwacke	zu_selten	freq=5<10
GRAVE	5	5	Grave	zu_selten	freq=5<10
GRAZILEN	8	5	grazilen	zu_selten	freq=5<10
GREENOCK	8	5	Greenock	zu_selten	freq=5<10
GREIPEL	7	5	Greipel	zu_selten	freq=5<10
GREISEN	7	5	greisen	zu_selten	freq=5<10
GREUEL	6	5	Greuel	zu_selten	freq=5<10
GREVEN	6	5	Greven	zu_selten	ortsname
GRIESBACH	9	5	Griesbach	zu_selten	ortsname
GRIESHEIM	9	5	Griesheim	zu_selten	ortsname
GRISSOM	7	5	Grissom	zu_selten	freq=5<10
GROBSCHNITT	11	5	Grobschnitt	zu_selten	ortsname
GROSCHE	7	5	Grosche	zu_selten	freq=5<10
GRUMBACH	8	5	Grumbach	zu_selten	freq=5<10
GRUMMELN	8	5	Grummeln	zu_selten	freq=5<10
GRUNDPFLEGE	11	5	Grundpflege	zu_selten	freq=5<10
GRUNDSTOFF	10	5	Grundstoff	zu_selten	freq=5<10
GRUNDWERTE	10	5	Grundwerte	zu_selten	freq=5<10
GRUSSWORTE	10	5	Grußworte	zu_selten	freq=5<10
GUERZENICH	10	5	Gürzenich	zu_selten	ortsname
GUETIGES	8	5	gütiges	zu_selten	freq=5<10
GUYS	4	5	guys	zu_selten	freq=5<20
HAANER	6	5	Haaner	zu_selten	freq=5<10
HACHENBURG	10	5	Hachenburg	zu_selten	ortsname
HAERTUNG	8	5	Härtung	zu_selten	freq=5<10
HAFTE	5	5	hafte	zu_selten	freq=5<10
HAINES	6	5	Haines	zu_selten	freq=5<10
HAINICHEN	9	5	Hainichen	zu_selten	ortsname
HALBKUGEL	9	5	Halbkugel	zu_selten	freq=5<10
HALBWISSEN	10	5	Halbwissen	zu_selten	freq=5<10
HALLELUJA	9	5	Halleluja	zu_selten	freq=5<10
HAMMEL	6	5	Hammel	zu_selten	freq=5<10
HAMMERSTEIN	11	5	Hammerstein	zu_selten	ortsname
HANA	4	5	Hana	zu_selten	freq=5<20
HANDELNDE	9	5	Handelnde	zu_selten	freq=5<10
HANDIES	7	5	Handies	zu_selten	freq=5<10
HANDWARM	8	5	handwarm	zu_selten	freq=5<10
HANFANBAU	9	5	Hanfanbau	zu_selten	freq=5<10
HANGENDEN	9	5	Hangenden	zu_selten	freq=5<10
HARKE	5	5	Harke	zu_selten	freq=5<10
HARM	4	5	Harm	zu_selten	freq=5<20
HARSEWINKEL	11	5	Harsewinkel	zu_selten	ortsname
HARTPLAETZE	11	5	Hartplätze	zu_selten	freq=5<10
HARTS	5	5	Harts	zu_selten	freq=5<10
HATT	4	5	hatt	zu_selten	freq=5<20
HAUDEGEN	8	5	Haudegen	zu_selten	freq=5<10
HAUPTINSELN	11	5	Hauptinseln	zu_selten	freq=5<10
HAUPTREDNER	11	5	Hauptredner	zu_selten	freq=5<10
HAUPTSCHULD	11	5	Hauptschuld	zu_selten	freq=5<10
HAUSHOCH	8	5	haushoch	zu_selten	freq=5<10
HAUSMITTEL	10	5	Hausmittel	zu_selten	freq=5<10
HAUTPFLEGE	10	5	Hautpflege	zu_selten	freq=5<10
HEBUNGEN	8	5	Hebungen	zu_selten	freq=5<10
HECKERT	7	5	Heckert	zu_selten	freq=5<10
HECKPARTIE	10	5	Heckpartie	zu_selten	freq=5<10
HEERDT	6	5	Heerdt	zu_selten	ortsname
HEILIGSTE	9	5	heiligste	zu_selten	freq=5<10
HEIMATBUND	10	5	Heimatbund	zu_selten	freq=5<10
HEIRI	5	5	Heiri	zu_selten	freq=5<10
HELDINNEN	9	5	Heldinnen	zu_selten	freq=5<10
HELFENDEN	9	5	helfenden	zu_selten	freq=5<10
HELMZIER	8	5	Helmzier	zu_selten	freq=5<10
HERA	4	5	Hera	zu_selten	freq=5<20
HERNSHEIM	9	5	Hernsheim	zu_selten	freq=5<10
HERRGOTT	8	5	Herrgott	zu_selten	freq=5<10
HERRUEHRT	9	5	herrührt	zu_selten	freq=5<10
HERZKRANKE	10	5	Herzkranke	zu_selten	freq=5<10
HERZTOENE	9	5	Herztöne	zu_selten	freq=5<10
HESSENWEIT	10	5	hessenweit	zu_selten	freq=5<10
HETZER	6	5	Hetzer	zu_selten	freq=5<10
HEURIGE	7	5	heurige	zu_selten	freq=5<10
HEXENTURM	9	5	Hexenturm	zu_selten	freq=5<10
HEXER	5	5	Hexer	zu_selten	freq=5<10
HICKHACK	8	5	Hickhack	zu_selten	freq=5<10
HIEB	4	5	Hieb	zu_selten	freq=5<20
HILF	4	5	Hilf	zu_selten	freq=5<20
HILMAR	6	5	Hilmar	zu_selten	freq=5<10
HINEINGEHEN	11	5	hineingehen	zu_selten	freq=5<10
HINSETZEN	9	5	hinsetzen	zu_selten	freq=5<10
HIOB	4	5	Hiob	zu_selten	ortsname
HIRAM	5	5	Hiram	zu_selten	freq=5<10
HISSEN	6	5	hissen	zu_selten	freq=5<10
HISTOLOGIE	10	5	Histologie	zu_selten	freq=5<10
HISTORICA	9	5	Historica	zu_selten	freq=5<10
HNDLER	6	5	Hndler	zu_selten	freq=5<10
HOCHBALL	8	5	Hochball	zu_selten	freq=5<10
HOCHBERG	8	5	Hochberg	zu_selten	ortsname
HOCHDAHL	8	5	Hochdahl	zu_selten	ortsname
HOCHEBENEN	10	5	Hochebenen	zu_selten	freq=5<10
HOCHGEHEN	9	5	hochgehen	zu_selten	freq=5<10
HOFFA	5	5	Hoffa	zu_selten	freq=5<10
HOFSEITIG	9	5	Hofseitig	zu_selten	freq=5<10
HOHENECK	8	5	Hoheneck	zu_selten	ortsname
HOLZBOHLEN	10	5	Holzbohlen	zu_selten	freq=5<10
HOLZWOLLE	9	5	Holzwolle	zu_selten	ortsname
HUHU	4	5	Huhu	zu_selten	freq=5<20
HULK	4	5	Hulk	zu_selten	freq=5<20
HULME	5	5	Hulme	zu_selten	ortsname
HUMANOIDEN	10	5	humanoiden	zu_selten	freq=5<10
HUNDELEBEN	10	5	Hundeleben	zu_selten	freq=5<10
HUPEN	5	5	Hupen	zu_selten	freq=5<10
HUTCHINSON	10	5	Hutchinson	zu_selten	ortsname
HUTTER	6	5	Hutter	zu_selten	freq=5<10
IDENTISCHES	11	5	identisches	zu_selten	freq=5<10
IDEOLOGEN	9	5	Ideologen	zu_selten	freq=5<10
IFFEZHEIM	9	5	Iffezheim	zu_selten	ortsname
IGNORANT	8	5	ignorant	zu_selten	freq=5<10
ILLEGALES	9	5	illegales	zu_selten	freq=5<10
ILLINGEN	8	5	Illingen	zu_selten	ortsname
ILTIS	5	5	Iltis	zu_selten	freq=5<10
IMDB	4	5	IMDb	zu_selten	freq=5<20
IMMERFORT	9	5	immerfort	zu_selten	freq=5<10
IMMUNOLOGIE	11	5	Immunologie	zu_selten	freq=5<10
IMPLENIA	8	5	Implenia	zu_selten	freq=5<10
INCENTIVES	10	5	Incentives	zu_selten	freq=5<10
IND	3	5	ind	zu_selten	freq=5<20
INDIREKTES	10	5	indirektes	zu_selten	freq=5<10
INFINITIV	9	5	Infinitiv	zu_selten	freq=5<10
INFIZIERTER	11	5	infizierter	zu_selten	freq=5<10
INFOBOX	7	5	Infobox	zu_selten	freq=5<10
INFOSTAENDE	11	5	Infostände	zu_selten	freq=5<10
INFOTAFEL	9	5	Infotafel	zu_selten	freq=5<10
INHALIEREN	10	5	Inhalieren	zu_selten	freq=5<10
INKOGNITO	9	5	inkognito	zu_selten	freq=5<10
INNENFUTTER	11	5	Innenfutter	zu_selten	freq=5<10
INNERT	6	5	innert	zu_selten	freq=5<10
INSA	4	5	Insa	zu_selten	freq=5<20
INSELWELT	9	5	Inselwelt	zu_selten	freq=5<10
INST	4	5	inst	zu_selten	freq=5<10 (starker Beleg)
INSULA	6	5	Insula	zu_selten	freq=5<10
INTENTIONAL	11	5	intentional	zu_selten	freq=5<10
INVARIANTE	10	5	invariante	zu_selten	freq=5<10
INZUCHT	7	5	Inzucht	zu_selten	freq=5<10
IRKUTSK	7	5	Irkutsk	zu_selten	ortsname
IRREGULAERE	11	5	irreguläre	zu_selten	freq=5<10
ISCHGL	6	5	Ischgl	zu_selten	ortsname
ISLA	4	5	Isla	zu_selten	freq=5<20
ISPO	4	5	ispo	zu_selten	freq=5<20
ISTS	4	5	ists	zu_selten	freq=5<10 (starker Beleg)
ITALIANO	8	5	Italiano	zu_selten	freq=5<10
JACKY	5	5	Jacky	zu_selten	freq=5<10
JAEHRIGE	8	5	jährige	zu_selten	freq=5<10
JAGDHUETTE	10	5	Jagdhütte	zu_selten	freq=5<10
JAGDHUND	8	5	Jagdhund	zu_selten	freq=5<10
JAGDSZENEN	10	5	Jagdszenen	zu_selten	freq=5<10
JAHRESETAT	10	5	Jahresetat	zu_selten	freq=5<10
JAMESON	7	5	Jameson	zu_selten	freq=5<10
JANNIK	6	5	Jannik	zu_selten	freq=5<10
JANUARWOCHE	11	5	Januarwoche	zu_selten	freq=5<10
JAZZMUSIK	9	5	Jazzmusik	zu_selten	freq=5<10
JEANNETTE	9	5	Jeannette	zu_selten	ortsname
JEREZ	5	5	Jerez	zu_selten	ortsname
JESCHKE	7	5	Jeschke	zu_selten	freq=5<10
JEVERSCHEN	10	5	jeverschen	zu_selten	freq=5<10
JIDDISCHE	9	5	jiddische	zu_selten	freq=5<10
JOES	4	5	Joes	zu_selten	ortsname
JOHANNAS	8	5	Johannas	zu_selten	freq=5<10
JUBILEE	7	5	Jubilee	zu_selten	freq=5<10
JUETERBOG	9	5	Jüterbog	zu_selten	ortsname
JURTE	5	5	Jurte	zu_selten	freq=5<10
JUWELIERE	9	5	Juweliere	zu_selten	freq=5<10
JUX	3	5	Jux	zu_selten	freq=5<20
KADEN	5	5	Kaden	zu_selten	ortsname
KAGEL	5	5	Kagel	zu_selten	freq=5<10
KALABRIEN	9	5	Kalabrien	zu_selten	ortsname
KALBEN	6	5	kalben	zu_selten	freq=5<10
KALKOEFEN	9	5	Kalköfen	zu_selten	freq=5<10
KAMPANIEN	9	5	Kampanien	zu_selten	ortsname
KAMPFZONE	9	5	Kampfzone	zu_selten	freq=5<10
KANDEL	6	5	Kandel	zu_selten	freq=5<10
KANONISCHES	11	5	Kanonisches	zu_selten	freq=5<10
KANUFAHREN	10	5	Kanufahren	zu_selten	freq=5<10
KAPPT	5	5	kappt	zu_selten	freq=5<10
KAPRUN	6	5	Kaprun	zu_selten	ortsname
KARATSCHI	9	5	Karatschi	zu_selten	ortsname
KARIBISCHER	11	5	karibischer	zu_selten	freq=5<10
KARIBUS	7	5	Karibus	zu_selten	freq=5<10
KARTELLE	8	5	Kartelle	zu_selten	freq=5<10
KARTONAGEN	10	5	Kartonagen	zu_selten	freq=5<10
KAST	4	5	Kast	zu_selten	freq=5<20
KAUFERING	9	5	Kaufering	zu_selten	ortsname
KAUFRAUSCH	10	5	Kaufrausch	zu_selten	freq=5<10
KAWASAKI	8	5	Kawasaki	zu_selten	ortsname
KEILE	5	5	Keile	zu_selten	freq=5<10
KEILEN	6	5	Keilen	zu_selten	freq=5<10
KEIRA	5	5	Keira	zu_selten	freq=5<10
KEMER	5	5	Kemer	zu_selten	ortsname
KENIAS	6	5	Kenias	zu_selten	freq=5<10
KENNUNGEN	9	5	Kennungen	zu_selten	freq=5<10
KENTERN	7	5	Kentern	zu_selten	freq=5<10
KERWE	5	5	Kerwe	zu_selten	freq=5<10
KEUSCH	6	5	keusch	zu_selten	freq=5<10
KEVELAER	8	5	Kevelaer	zu_selten	ortsname
KHALED	6	5	Khaled	zu_selten	freq=5<10
KICKBOXER	9	5	Kickboxer	zu_selten	freq=5<10
KIESEL	6	5	Kiesel	zu_selten	freq=5<10
KIESELBACH	10	5	Kieselbach	zu_selten	ortsname
KILLING	7	5	Killing	zu_selten	freq=5<10
KIRCHENJAHR	11	5	Kirchenjahr	zu_selten	freq=5<10
KIRGISIEN	9	5	Kirgisien	zu_selten	freq=5<10
KITS	4	5	Kits	zu_selten	freq=5<10 (starker Beleg)
KIWI	4	5	Kiwi	zu_selten	freq=5<10 (starker Beleg)
KLAERENDE	9	5	klärende	zu_selten	freq=5<10
KLAN	4	5	Klan	zu_selten	freq=5<10 (starker Beleg)
KLANGFARBE	10	5	Klangfarbe	zu_selten	freq=5<10
KLAPPERTE	9	5	klapperte	zu_selten	freq=5<10
KLASS	5	5	Klass	zu_selten	freq=5<10
KLEBRIGE	8	5	klebrige	zu_selten	freq=5<10
KLEINBAHNEN	11	5	Kleinbahnen	zu_selten	freq=5<10
KLEINFUNDE	10	5	Kleinfunde	zu_selten	freq=5<10
KLINSMANNS	10	5	Klinsmanns	zu_selten	freq=5<10
KLOIBER	7	5	Kloiber	zu_selten	ortsname
KLOS	4	5	Klos	zu_selten	freq=5<10 (starker Beleg)
KNATTERN	8	5	Knattern	zu_selten	freq=5<10
KNEBELN	7	5	knebeln	zu_selten	freq=5<10
KNETEN	6	5	kneten	zu_selten	freq=5<10
KNICKEN	7	5	knicken	zu_selten	freq=5<10
KNIENDEN	8	5	knienden	zu_selten	freq=5<10
KNIFF	5	5	Kniff	zu_selten	freq=5<10
KNIRSCHEN	9	5	Knirschen	zu_selten	freq=5<10
KNUEPPEL	8	5	Knüppel	zu_selten	freq=5<10
KNUSPRIGE	9	5	knusprige	zu_selten	freq=5<10
KOBOLD	6	5	Kobold	zu_selten	freq=5<10
KOCHREZEPTE	11	5	Kochrezepte	zu_selten	freq=5<10
KOEDUKATION	11	5	Koedukation	zu_selten	freq=5<10
KOELNISCHEN	11	5	Kölnischen	zu_selten	freq=5<10
KOELSCHEN	9	5	Kölschen	zu_selten	freq=5<10
KOESTLICHER	11	5	köstlicher	zu_selten	freq=5<10
KOKOSNUESSE	11	5	Kokosnüsse	zu_selten	freq=5<10
KOKOSPALMEN	11	5	Kokospalmen	zu_selten	freq=5<10
KOL	3	5	kol	zu_selten	freq=5<20
KOLIKEN	7	5	Koliken	zu_selten	freq=5<10
KOLLABIERT	10	5	kollabiert	zu_selten	freq=5<10
KOLPORTIERT	11	5	kolportiert	zu_selten	freq=5<10
KONSTRUKTOR	11	5	Konstruktor	zu_selten	freq=5<10
KONVERTITEN	11	5	Konvertiten	zu_selten	freq=5<10
KOPFNICKEN	10	5	Kopfnicken	zu_selten	freq=5<10
KOPPLUNGEN	10	5	Kopplungen	zu_selten	freq=5<10
KORRUPTER	9	5	korrupter	zu_selten	freq=5<10
KOSLOWSKI	9	5	Koslowski	zu_selten	freq=5<10
KOTA	4	5	Kota	zu_selten	ortsname
KOTHE	5	5	Kothe	zu_selten	freq=5<10
KRAECHZEN	9	5	krächzen	zu_selten	freq=5<10
KRAFTFUTTER	11	5	Kraftfutter	zu_selten	freq=5<10
KRAILLING	9	5	Krailling	zu_selten	ortsname
KREPIERT	8	5	krepiert	zu_selten	freq=5<10
KREUZENDEN	10	5	kreuzenden	zu_selten	freq=5<10
KRIEGSTOTEN	11	5	Kriegstoten	zu_selten	freq=5<10
KRISTEN	7	5	Kristen	zu_selten	ortsname
KROENENDER	10	5	krönender	zu_selten	freq=5<10
KROMBACHER	10	5	Krombacher	zu_selten	freq=5<10
KRON	4	5	Kron	zu_selten	freq=5<10 (starker Beleg)
KRUMBACH	8	5	Krumbach	zu_selten	ortsname
KRYPTONIT	9	5	Kryptonit	zu_selten	freq=5<10
KUESTENNAHE	11	5	küstennahe	zu_selten	freq=5<10
KULMBACHER	10	5	Kulmbacher	zu_selten	freq=5<10
KULTURLAND	10	5	Kulturland	zu_selten	freq=5<10
KUNSTFASERN	11	5	Kunstfasern	zu_selten	ortsname
KUNSTKRITIK	11	5	Kunstkritik	zu_selten	freq=5<10
KUNSTMESSE	10	5	Kunstmesse	zu_selten	freq=5<10
KUPPEN	6	5	Kuppen	zu_selten	freq=5<10
KURSIVE	7	5	Kursive	zu_selten	freq=5<10
KURSTERMINE	11	5	Kurstermine	zu_selten	freq=5<10
KURZUM	6	5	Kurzum	zu_selten	freq=5<10
KUTTER	6	5	Kutter	zu_selten	freq=5<10
KUXE	4	5	Kuxe	zu_selten	freq=5<10 (starker Beleg)
LABOE	5	5	Laboe	zu_selten	ortsname
LACHENDE	8	5	lachende	zu_selten	freq=5<10
LADDER	6	5	Ladder	zu_selten	freq=5<10
LADEGUT	7	5	Ladegut	zu_selten	freq=5<10
LADET	5	5	ladet	zu_selten	freq=5<10
LAENGSWAND	10	5	Längswand	zu_selten	freq=5<10
LAFETTEN	8	5	Lafetten	zu_selten	freq=5<10
LAGERDAUER	10	5	Lagerdauer	zu_selten	freq=5<10
LAGOA	5	5	Lagoa	zu_selten	freq=5<10
LAIBACH	7	5	Laibach	zu_selten	ortsname
LAIM	4	5	Laim	zu_selten	freq=5<10 (starker Beleg)
LAMINIEREN	10	5	Laminieren	zu_selten	freq=5<10
LAMY	4	5	Lamy	zu_selten	ortsname
LANDS	5	5	Lands	zu_selten	freq=5<10
LANGEOOG	8	5	Langeoog	zu_selten	freq=5<10
LANGNAU	7	5	Langnau	zu_selten	ortsname
LAUCHHAMMER	11	5	Lauchhammer	zu_selten	ortsname
LAUENSTEIN	10	5	Lauenstein	zu_selten	ortsname
LAUINGEN	8	5	Lauingen	zu_selten	ortsname
LEBED	5	5	Lebed	zu_selten	freq=5<10
LEBENSFROHE	11	5	lebensfrohe	zu_selten	freq=5<10
LEDERRIEMEN	11	5	Lederriemen	zu_selten	freq=5<10
LEERZEILEN	10	5	Leerzeilen	zu_selten	freq=5<10
LEGIONELLEN	11	5	Legionellen	zu_selten	freq=5<10
LEHRSTUNDE	10	5	Lehrstunde	zu_selten	freq=5<10
LEIBCHEN	8	5	Leibchen	zu_selten	freq=5<10
LEICHTERES	10	5	leichteres	zu_selten	freq=5<10
LEICHTERN	9	5	Leichtern	zu_selten	freq=5<10
LEIDENBORN	10	5	Leidenborn	zu_selten	ortsname
LENS	4	5	Lens	zu_selten	freq=5<10 (starker Beleg)
LEONA	5	5	Leona	zu_selten	freq=5<10
LERNFORMEN	10	5	Lernformen	zu_selten	freq=5<10
LESERATTEN	10	5	Leseratten	zu_selten	freq=5<10
LETTISCHER	10	5	lettischer	zu_selten	freq=5<10
LEUTZ	5	5	Leutz	zu_selten	freq=5<10
LEYLAND	7	5	Leyland	zu_selten	freq=5<10
LIBAU	5	5	Libau	zu_selten	ortsname
LIBEREC	7	5	Liberec	zu_selten	ortsname
LICH	4	5	Lich	zu_selten	freq=5<20
LICHER	6	5	Licher	zu_selten	freq=5<10
LIDO	4	5	Lido	zu_selten	freq=5<10 (starker Beleg)
LIEBHABEN	9	5	Liebhaben	zu_selten	freq=5<10
LIEBLICHEN	10	5	lieblichen	zu_selten	freq=5<10
LIEBSCHAFT	10	5	Liebschaft	zu_selten	freq=5<10
LIEDERTEXTE	11	5	Liedertexte	zu_selten	freq=5<10
LIEGNITZ	8	5	Liegnitz	zu_selten	ortsname
LIMBERG	7	5	Limberg	zu_selten	freq=5<10
LINDENHOLZ	10	5	Lindenholz	zu_selten	ortsname
LINDLAR	7	5	Lindlar	zu_selten	ortsname
LINHA	5	5	Linha	zu_selten	freq=5<10
LINIENBUSSE	11	5	Linienbusse	zu_selten	freq=5<10
LINKERHAND	10	5	linkerhand	zu_selten	freq=5<10
LINKTAUSCH	10	5	Linktausch	zu_selten	freq=5<10
LIVRES	6	5	Livres	zu_selten	freq=5<10
LIZENZGEBER	11	5	Lizenzgeber	zu_selten	freq=5<10
LOCHER	6	5	Locher	zu_selten	freq=5<10
LOCOMOTIVE	10	5	Locomotive	zu_selten	freq=5<10
LOEBLICH	8	5	löblich	zu_selten	freq=5<10
LOHNARBEIT	10	5	Lohnarbeit	zu_selten	freq=5<10
LONGFORD	8	5	Longford	zu_selten	ortsname
LOOSER	6	5	Looser	zu_selten	freq=5<10
LOTTI	5	5	Lotti	zu_selten	freq=5<10
LOTTOZAHLEN	11	5	Lottozahlen	zu_selten	freq=5<10
LOY	3	5	Loy	zu_selten	ortsname
LUDOVICO	8	5	Ludovico	zu_selten	freq=5<10
LUETTICHER	10	5	Lütticher	zu_selten	freq=5<10
LULLY	5	5	Lully	zu_selten	freq=5<10
LUO	3	5	Luo	zu_selten	freq=5<20
LWIW	4	5	Lwiw	zu_selten	ortsname
LYNCHS	6	5	Lynchs	zu_selten	freq=5<10
LYS	3	5	Lys	zu_selten	freq=5<20
MAAG	4	5	Maag	zu_selten	freq=5<20
MAAT	4	5	Maat	zu_selten	freq=5<10 (starker Beleg)
MACHBARE	8	5	Machbare	zu_selten	freq=5<10
MAEHEN	6	5	Mähen	zu_selten	freq=5<10
MAIR	4	5	Mair	zu_selten	freq=5<10 (starker Beleg)
MAITRE	6	5	Maitre	zu_selten	freq=5<10
MALAGA	6	5	Malaga	zu_selten	ortsname
MALAWI	6	5	Malawi	zu_selten	ortsname
MALLE	5	5	Malle	zu_selten	freq=5<10
MALY	4	5	Maly	zu_selten	freq=5<20
MAMMA	5	5	Mamma	zu_selten	freq=5<10
MANAGUA	7	5	Managua	zu_selten	ortsname
MANDARIN	8	5	Mandarin	zu_selten	freq=5<10
MANOLO	6	5	Manolo	zu_selten	freq=5<10
MANSOUR	7	5	Mansour	zu_selten	freq=5<10
MAOS	4	5	Maos	zu_selten	ortsname
MAREIKE	7	5	Mareike	zu_selten	freq=5<10
MARITIM	7	5	maritim	zu_selten	freq=5<10
MARKOWITZ	9	5	Markowitz	zu_selten	ortsname
MARKTPREISE	11	5	Marktpreise	zu_selten	freq=5<10
MARKTREIFE	10	5	Marktreife	zu_selten	freq=5<10
MARTINSTAG	10	5	Martinstag	zu_selten	freq=5<10
MASSIVBAU	9	5	Massivbau	zu_selten	freq=5<10
MATRIKEN	8	5	Matriken	zu_selten	freq=5<10
MATTERSBURG	11	5	Mattersburg	zu_selten	ortsname
MAUERTEILE	10	5	Mauerteile	zu_selten	freq=5<10
MAULBRONN	9	5	Maulbronn	zu_selten	ortsname
MEDIENMARKT	11	5	Medienmarkt	zu_selten	freq=5<10
MEDITATIVEN	11	5	meditativen	zu_selten	freq=5<10
MEDITATIVES	11	5	meditatives	zu_selten	freq=5<10
MEDUSA	6	5	Medusa	zu_selten	freq=5<10
MEERSBURG	9	5	Meersburg	zu_selten	ortsname
MEHERE	6	5	mehere	zu_selten	freq=5<10
MEISER	6	5	Meiser	zu_selten	ortsname
MEISTERLICH	11	5	meisterlich	zu_selten	freq=5<10
MELONE	6	5	Melone	zu_selten	freq=5<10
MEMBRANE	8	5	Membrane	zu_selten	freq=5<10
MENGELE	7	5	Mengele	zu_selten	freq=5<10
MESH	4	5	Mesh	zu_selten	freq=5<20
MESTRE	6	5	Mestre	zu_selten	ortsname
METALLENE	9	5	metallene	zu_selten	freq=5<10
METATAGS	8	5	Metatags	zu_selten	freq=5<10
METERHOCH	9	5	meterhoch	zu_selten	freq=5<10
MICHELLES	9	5	Michelles	zu_selten	ortsname
MIDDELBURG	10	5	Middelburg	zu_selten	ortsname
MIDORI	6	5	Midori	zu_selten	freq=5<10
MIED	4	5	mied	zu_selten	freq=5<10 (starker Beleg)
MIHLA	5	5	Mihla	zu_selten	ortsname
MIKRON	6	5	Mikron	zu_selten	freq=5<10
MILEY	5	5	Miley	zu_selten	freq=5<10
MILITARE	8	5	militare	zu_selten	freq=5<10
MILLIONSTE	10	5	millionste	zu_selten	freq=5<10
MINIBUS	7	5	Minibus	zu_selten	freq=5<10
MINNE	5	5	Minne	zu_selten	freq=5<10
MINUSPOL	8	5	Minuspol	zu_selten	freq=5<10
MINUTES	7	5	Minutes	zu_selten	freq=5<10
MISCHWALD	9	5	Mischwald	zu_selten	freq=5<10
MISSY	5	5	Missy	zu_selten	freq=5<10
MITLEIDEN	9	5	Mitleiden	zu_selten	freq=5<10
MITREISSEND	11	5	mitreißend	zu_selten	freq=5<10
MITTAGSRAST	11	5	Mittagsrast	zu_selten	freq=5<10
MITTELERDE	10	5	Mittelerde	zu_selten	ortsname
MIZUHO	6	5	Mizuho	zu_selten	freq=5<10
MOCKENHAUPT	11	5	Mockenhaupt	zu_selten	freq=5<10
MOD	3	5	Mod	zu_selten	freq=5<20
MODEHAEUSER	11	5	Modehäuser	zu_selten	freq=5<10
MODISCHER	9	5	modischer	zu_selten	freq=5<10
MOEHRA	6	5	Möhra	zu_selten	ortsname
MOEHRINGEN	10	5	Möhringen	zu_selten	ortsname
MOELLN	6	5	Mölln	zu_selten	ortsname
MOEPSE	6	5	Möpse	zu_selten	freq=5<10
MOJO	4	5	Mojo	zu_selten	freq=5<10 (starker Beleg)
MOLDAUISCHE	11	5	moldauische	zu_selten	freq=5<10
MONDPHASE	9	5	Mondphase	zu_selten	freq=5<10
MONMOUTH	8	5	Monmouth	zu_selten	freq=5<10
MONTANEN	8	5	montanen	zu_selten	freq=5<10
MOP	3	5	Mop	zu_selten	freq=5<20
MOPS	4	5	Mops	zu_selten	freq=5<20
MORGENNEBEL	11	5	Morgennebel	zu_selten	freq=5<10
MORPHIN	7	5	Morphin	zu_selten	freq=5<10
MORSCH	6	5	morsch	zu_selten	freq=5<10
MOSKWA	6	5	Moskwa	zu_selten	freq=5<10
MOTORBUCH	9	5	Motorbuch	zu_selten	freq=5<10
MOUNDS	6	5	Mounds	zu_selten	freq=5<10
MUD	3	5	Mud	zu_selten	freq=5<20
MUEHLACKER	10	5	Mühlacker	zu_selten	ortsname
MUERBE	6	5	mürbe	zu_selten	freq=5<10
MUERWIK	7	5	Mürwik	zu_selten	ortsname
MUSIQUE	7	5	Musique	zu_selten	freq=5<10
MUSKELMASSE	11	5	Muskelmasse	zu_selten	freq=5<10
MUTPROBEN	9	5	Mutproben	zu_selten	freq=5<10
NACHRANGIGE	11	5	nachrangige	zu_selten	freq=5<10
NACHSTELLEN	11	5	nachstellen	zu_selten	freq=5<10
NACHSUCHEN	10	5	nachsuchen	zu_selten	freq=5<10
NACHWEHEN	9	5	Nachwehen	zu_selten	freq=5<10
NADER	5	5	Nader	zu_selten	freq=5<10
NAEHERINNEN	11	5	Näherinnen	zu_selten	freq=5<10
NAGELNEU	8	5	nagelneu	zu_selten	freq=5<10
NAGLER	6	5	Nagler	zu_selten	freq=5<10
NAIN	4	5	Nain	zu_selten	freq=5<20
NAMENSTAGE	10	5	Namenstage	zu_selten	freq=5<10
NAMESERVER	10	5	Nameserver	zu_selten	freq=5<10
NARRATIV	8	5	Narrativ	zu_selten	freq=5<10
NASCHEN	7	5	Naschen	zu_selten	freq=5<10
NASR	4	5	Nasr	zu_selten	freq=5<20
NATIONALIST	11	5	Nationalist	zu_selten	freq=5<10
NATRONLAUGE	11	5	Natronlauge	zu_selten	freq=5<10
NATURA	6	5	natura	zu_selten	freq=5<10
NATURBAD	8	5	Naturbad	zu_selten	freq=5<10
NAUTISCHEN	10	5	nautischen	zu_selten	freq=5<10
NAVIGIERT	9	5	navigiert	zu_selten	freq=5<10
NEAT	4	5	Neat	zu_selten	freq=5<20
NEBENGIPFEL	11	5	Nebengipfel	zu_selten	freq=5<10
NECKARAU	8	5	Neckarau	zu_selten	freq=5<10
NEDERLAND	9	5	Nederland	zu_selten	ortsname
NEE	3	5	Nee	zu_selten	freq=5<20
NEHEIM	6	5	Neheim	zu_selten	ortsname
NEL	3	5	Nel	zu_selten	freq=5<20
NELLIE	6	5	Nellie	zu_selten	freq=5<10
NENN	4	5	Nenn	zu_selten	freq=5<20
NEOBAROCK	9	5	Neobarock	zu_selten	freq=5<10
NEONLICHT	9	5	Neonlicht	zu_selten	freq=5<10
NERLINGER	9	5	Nerlinger	zu_selten	freq=5<10
NERVOESES	9	5	nervöses	zu_selten	freq=5<10
NEUENFELDER	11	5	Neuenfelder	zu_selten	freq=5<10
NEUFRA	6	5	Neufra	zu_selten	ortsname
NEUNFACHE	9	5	Neunfache	zu_selten	freq=5<10
NEWA	4	5	Newa	zu_selten	freq=5<10 (starker Beleg)
NEXUS	5	5	Nexus	zu_selten	freq=5<10
NIEBAUM	7	5	Niebaum	zu_selten	freq=5<10
NIEDERDORF	10	5	Niederdorf	zu_selten	ortsname
NIEDERER	8	5	niederer	zu_selten	freq=5<10
NIL	3	5	Nil	zu_selten	freq=5<10 (starker Beleg)
NIS	3	5	NIS	zu_selten	freq=5<20
NISTHOEHLEN	11	5	Nisthöhlen	zu_selten	ortsname
NITRATE	7	5	Nitrate	zu_selten	freq=5<10
NOBIS	5	5	Nobis	zu_selten	freq=5<10
NOERDLICHES	11	5	nördliches	zu_selten	freq=5<10
NOERGELN	8	5	nörgeln	zu_selten	freq=5<10
NOI	3	5	noi	zu_selten	freq=5<20
NOLLE	5	5	Nolle	zu_selten	freq=5<10
NONE	4	5	None	zu_selten	freq=5<10 (starker Beleg)
NORDBADEN	9	5	Nordbaden	zu_selten	ortsname
NORDCHINA	9	5	Nordchina	zu_selten	ortsname
NORDENGLAND	11	5	Nordengland	zu_selten	ortsname
NORDSEITIG	10	5	nordseitig	zu_selten	freq=5<10
NORISBANK	9	5	Norisbank	zu_selten	freq=5<10
NORSKE	6	5	Norske	zu_selten	freq=5<10
NOTLAGEN	8	5	Notlagen	zu_selten	freq=5<10
NOTORISCHE	10	5	notorische	zu_selten	freq=5<10
NUANCE	6	5	Nuance	zu_selten	freq=5<10
NUERTINGER	10	5	Nürtinger	zu_selten	freq=5<10
NUKLEUS	7	5	Nukleus	zu_selten	freq=5<10
NULLNUMMER	10	5	Nullnummer	zu_selten	freq=5<10
OBERKASSEL	10	5	Oberkassel	zu_selten	ortsname
OBERKOCHEN	10	5	Oberkochen	zu_selten	ortsname
OBERNDORFER	11	5	Oberndorfer	zu_selten	freq=5<10
OBERURSEL	9	5	Oberursel	zu_selten	ortsname
OBSTIPATION	11	5	Obstipation	zu_selten	freq=5<10
OCTOBER	7	5	October	zu_selten	freq=5<10
ODEN	4	5	Oden	zu_selten	freq=5<20
OEKOBANK	8	5	Ökobank	zu_selten	freq=5<10
OELFARBEN	9	5	Ölfarben	zu_selten	ortsname
OER	3	5	Oer	zu_selten	ortsname
OERTEL	6	5	Oertel	zu_selten	freq=5<10
OESTERSUND	10	5	Östersund	zu_selten	ortsname
OGER	4	5	Oger	zu_selten	freq=5<20
OHRFEIGEN	9	5	Ohrfeigen	zu_selten	freq=5<10
OHRMUSCHELN	11	5	Ohrmuscheln	zu_selten	freq=5<10
OHRWUERMER	10	5	Ohrwürmer	zu_selten	freq=5<10
OKKULTISMUS	11	5	Okkultismus	zu_selten	freq=5<10
OKZIDENT	8	5	Okzident	zu_selten	freq=5<10
OLYMPISCHER	11	5	olympischer	zu_selten	freq=5<10
OMNES	5	5	omnes	zu_selten	freq=5<10
OOS	3	5	Oos	zu_selten	freq=5<10 (starker Beleg)
OPTIMIERTES	11	5	optimiertes	zu_selten	freq=5<10
OPTIONALES	10	5	optionales	zu_selten	freq=5<10
ORBE	4	5	Orbe	zu_selten	freq=5<10 (starker Beleg)
ORBITALEN	9	5	orbitalen	zu_selten	freq=5<10
ORDENSLEUTE	11	5	Ordensleute	zu_selten	freq=5<10
ORDINIERTEN	11	5	ordinierten	zu_selten	freq=5<10
ORELL	5	5	Orell	zu_selten	freq=5<10
ORGANIZER	9	5	Organizer	zu_selten	freq=5<10
ORGELMUSIK	10	5	Orgelmusik	zu_selten	freq=5<10
ORI	3	5	Ori	zu_selten	freq=5<10 (starker Beleg)
ORLA	4	5	Orla	zu_selten	freq=5<20
ORTSNAEHE	9	5	Ortsnähe	zu_selten	ortsname
OSTDORF	7	5	Ostdorf	zu_selten	ortsname
OSTE	4	5	Oste	zu_selten	freq=5<10 (starker Beleg)
OSTHOLSTEIN	11	5	Ostholstein	zu_selten	ortsname
OSTTURM	7	5	Ostturm	zu_selten	freq=5<10
OTIS	4	5	Otis	zu_selten	freq=5<20
OTTERNDORF	10	5	Otterndorf	zu_selten	ortsname
OTTKE	5	5	Ottke	zu_selten	freq=5<10
OTTWEILER	9	5	Ottweiler	zu_selten	ortsname
OUAGADOUGOU	11	5	Ouagadougou	zu_selten	ortsname
OUTBACK	7	5	Outback	zu_selten	freq=5<10
OVATION	7	5	Ovation	zu_selten	freq=5<10
OVERTIME	8	5	Overtime	zu_selten	freq=5<10
PACKER	6	5	Packer	zu_selten	freq=5<10
PAETZOLD	8	5	Pätzold	zu_selten	ortsname
PAK	3	5	Pak	zu_selten	freq=5<20
PALMYRA	7	5	Palmyra	zu_selten	ortsname
PARKERS	7	5	Parkers	zu_selten	ortsname
PARKGEBUEHR	11	5	Parkgebühr	zu_selten	freq=5<10
PARR	4	5	Parr	zu_selten	freq=5<20
PARTEILOSEN	11	5	parteilosen	zu_selten	freq=5<10
PASCHKE	7	5	Paschke	zu_selten	freq=5<10
PASSIVHAUS	10	5	Passivhaus	zu_selten	freq=5<10
PASTORALEN	10	5	pastoralen	zu_selten	freq=5<10
PATAGONIEN	10	5	Patagonien	zu_selten	ortsname
PEI	3	5	Pei	zu_selten	freq=5<20
PELHAM	6	5	Pelham	zu_selten	freq=5<10
PELLWORM	8	5	Pellworm	zu_selten	ortsname
PENIBEL	7	5	penibel	zu_selten	freq=5<10
PERCIVAL	8	5	Percival	zu_selten	freq=5<10
PERLMUTT	8	5	Perlmutt	zu_selten	freq=5<10
PERSONA	7	5	persona	zu_selten	freq=5<10
PESARO	6	5	Pesaro	zu_selten	freq=5<10
PESHAWAR	8	5	Peshawar	zu_selten	ortsname
PESO	4	5	Peso	zu_selten	freq=5<10 (starker Beleg)
PFARRORT	8	5	Pfarrort	zu_selten	freq=5<10
PHOBIEN	7	5	Phobien	zu_selten	ortsname
PHONE	5	5	phone	zu_selten	freq=5<10
PIKANT	6	5	pikant	zu_selten	freq=5<10
PILOTSTUDIE	11	5	Pilotstudie	zu_selten	freq=5<10
PILSEN	6	5	Pilsen	zu_selten	ortsname
PILZSPOREN	10	5	Pilzsporen	zu_selten	freq=5<10
PIPS	4	5	Pips	zu_selten	freq=5<20
PITBULL	7	5	Pitbull	zu_selten	freq=5<10
PLAETSCHERN	11	5	plätschern	zu_selten	freq=5<10
PLANERN	7	5	Planern	zu_selten	freq=5<10
PLASTIDEN	9	5	Plastiden	zu_selten	freq=5<10
PLATTER	7	5	platter	zu_selten	freq=5<10
PLESSA	6	5	Plessa	zu_selten	ortsname
PLUNDER	7	5	Plunder	zu_selten	freq=5<10
POESSNECK	9	5	Pößneck	zu_selten	ortsname
POHLHEIM	8	5	Pohlheim	zu_selten	ortsname
POING	5	5	Poing	zu_selten	ortsname
POLTERN	7	5	Poltern	zu_selten	freq=5<10
POLYPEN	7	5	Polypen	zu_selten	freq=5<10
POMPOES	7	5	pompös	zu_selten	freq=5<10
PONTUS	6	5	Pontus	zu_selten	freq=5<10
POPO	4	5	Popo	zu_selten	freq=5<10 (starker Beleg)
POPOW	5	5	Popow	zu_selten	freq=5<10
POPULIST	8	5	Populist	zu_selten	freq=5<10
POPULISTEN	10	5	Populisten	zu_selten	freq=5<10
POROESE	7	5	poröse	zu_selten	freq=5<10
PORPHYRIOS	10	5	Porphyrios	zu_selten	freq=5<10
POSTADRESSE	11	5	Postadresse	zu_selten	freq=5<10
POSTALISCHE	11	5	postalische	zu_selten	freq=5<10
POSTE	5	5	Poste	zu_selten	freq=5<10
POSTVERSAND	11	5	Postversand	zu_selten	freq=5<10
POTENZIALS	10	5	Potenzials	zu_selten	freq=5<10
PRAENATALE	10	5	pränatale	zu_selten	freq=5<10
PRAGMATIK	9	5	Pragmatik	zu_selten	freq=5<10
PRAXISNAH	9	5	praxisnah	zu_selten	freq=5<10
PRIESEN	7	5	priesen	zu_selten	freq=5<10
PRIMAERES	9	5	primäres	zu_selten	freq=5<10
PRIMITIVES	10	5	primitives	zu_selten	freq=5<10
PRIUS	5	5	Prius	zu_selten	freq=5<10
PROBIERS	8	5	Probiers	zu_selten	freq=5<10
PROBLEMFELD	11	5	Problemfeld	zu_selten	freq=5<10
PROFIKAMPF	10	5	Profikampf	zu_selten	freq=5<10
PROMOTIONEN	11	5	Promotionen	zu_selten	freq=5<10
PROPHETIE	9	5	Prophetie	zu_selten	freq=5<10
PROS	4	5	Pros	zu_selten	freq=5<10 (starker Beleg)
PROTEKTOREN	11	5	Protektoren	zu_selten	freq=5<10
PROVOKATIVE	11	5	provokative	zu_selten	freq=5<10
PRUEFSUMME	10	5	Prüfsumme	zu_selten	freq=5<10
PUDER	5	5	Puder	zu_selten	freq=5<10
PUETZER	7	5	Pützer	zu_selten	freq=5<10
PULHEIM	7	5	Pulheim	zu_selten	ortsname
PUNKTBESTER	11	5	Punktbester	zu_selten	freq=5<10
PURPUR	6	5	Purpur	zu_selten	freq=5<10
PURPURROTE	10	5	purpurrote	zu_selten	freq=5<10
QINGHAI	7	5	Qinghai	zu_selten	ortsname
QUA	3	5	qua	zu_selten	freq=5<10 (starker Beleg)
QUAELTE	7	5	quälte	zu_selten	freq=5<10
QUALMT	6	5	qualmt	zu_selten	freq=5<10
QUEBEC	6	5	Quebec	zu_selten	ortsname
QUELLFLUSS	10	5	Quellfluss	zu_selten	freq=5<10
QUERBINDEN	10	5	Querbinden	zu_selten	freq=5<10
QUERDENKER	10	5	Querdenker	zu_selten	freq=5<10
QUINTE	6	5	Quinte	zu_selten	freq=5<10
QUIRLIGE	8	5	quirlige	zu_selten	freq=5<10
RABBIT	6	5	Rabbit	zu_selten	freq=5<10
RACHEAKTE	9	5	Racheakte	zu_selten	freq=5<10
RADARFALLEN	11	5	Radarfallen	zu_selten	freq=5<10
RADCLIFFE	9	5	Radcliffe	zu_selten	freq=5<10
RADWANDERN	10	5	Radwandern	zu_selten	freq=5<10
RAINALD	7	5	Rainald	zu_selten	freq=5<10
RAMSLOH	7	5	Ramsloh	zu_selten	ortsname
RASENMAEHEN	11	5	Rasenmähen	zu_selten	freq=5<10
RASTHAUS	8	5	Rasthaus	zu_selten	freq=5<10
RASTLOSEN	9	5	rastlosen	zu_selten	freq=5<10
RATIONALES	10	5	rationales	zu_selten	freq=5<10
RAUBZUEGE	9	5	Raubzüge	zu_selten	freq=5<10
RAUCHFREI	9	5	rauchfrei	zu_selten	freq=5<10
RAUCHFREIE	10	5	rauchfreie	zu_selten	freq=5<10
RAUMANGEBOT	11	5	Raumangebot	zu_selten	freq=5<10
REALISATION	11	5	Realisation	zu_selten	freq=5<10
REBOOT	6	5	Reboot	zu_selten	freq=5<10
REETZ	5	5	Reetz	zu_selten	freq=5<10
REFLEXARTIG	11	5	reflexartig	zu_selten	freq=5<10
REGENSDORF	10	5	Regensdorf	zu_selten	ortsname
REGENTAGE	9	5	Regentage	zu_selten	freq=5<10
REGLERN	7	5	Reglern	zu_selten	freq=5<10
REISWEIN	8	5	Reiswein	zu_selten	freq=5<10
REIZVOLLER	10	5	reizvoller	zu_selten	freq=5<10
RELLINGEN	9	5	Rellingen	zu_selten	ortsname
RENNES	6	5	Rennes	zu_selten	ortsname
RESOLUT	7	5	resolut	zu_selten	freq=5<10
RESORPTION	10	5	Resorption	zu_selten	freq=5<10
RETRIEVER	9	5	Retriever	zu_selten	freq=5<10
RETROGRADE	10	5	retrograde	zu_selten	freq=5<10
REUIGE	6	5	reuige	zu_selten	freq=5<10
REVAL	5	5	Reval	zu_selten	ortsname
REVERE	6	5	Revere	zu_selten	freq=5<10
REVOLT	6	5	Revolt	zu_selten	freq=5<10
RHEDE	5	5	Rhede	zu_selten	freq=5<10
RHIZOME	7	5	Rhizome	zu_selten	freq=5<10
RICORDI	7	5	Ricordi	zu_selten	ortsname
RIECHER	7	5	Riecher	zu_selten	freq=5<10
RIETBERG	8	5	Rietberg	zu_selten	ortsname
RIGI	4	5	Rigi	zu_selten	ortsname
RIMINI	6	5	Rimini	zu_selten	ortsname
RINA	4	5	Rina	zu_selten	freq=5<20
RINTELN	7	5	Rinteln	zu_selten	ortsname
RIVA	4	5	Riva	zu_selten	freq=5<20
ROCKIGER	8	5	rockiger	zu_selten	freq=5<10
RODENBACH	9	5	Rodenbach	zu_selten	freq=5<10
RODERICH	8	5	Roderich	zu_selten	freq=5<10
RODOLPHE	8	5	Rodolphe	zu_selten	freq=5<10
ROESTUNG	8	5	Röstung	zu_selten	freq=5<10
ROHBAUS	7	5	Rohbaus	zu_selten	freq=5<10
ROHMER	6	5	Rohmer	zu_selten	freq=5<10
ROHRS	5	5	Rohrs	zu_selten	freq=5<10
ROMANES	7	5	Romanes	zu_selten	freq=5<10
ROMANISCHES	11	5	romanisches	zu_selten	freq=5<10
RONA	4	5	Rona	zu_selten	freq=5<20
ROS	3	5	Ros	zu_selten	freq=5<20
ROSLYN	6	5	Roslyn	zu_selten	freq=5<10
ROSSE	5	5	Rosse	zu_selten	freq=5<10
ROTA	4	5	Rota	zu_selten	freq=5<20
ROTKOHL	7	5	Rotkohl	zu_selten	freq=5<10
ROUX	4	5	Roux	zu_selten	freq=5<20
ROWE	4	5	Rowe	zu_selten	ortsname
RUCKELN	7	5	Ruckeln	zu_selten	freq=5<10
RUECKPORTO	10	5	Rückporto	zu_selten	freq=5<10
RUEDI	5	5	Ruedi	zu_selten	freq=5<10
RUHELOS	7	5	ruhelos	zu_selten	freq=5<10
RUNDTUERMEN	11	5	Rundtürmen	zu_selten	freq=5<10
RUNKEL	6	5	Runkel	zu_selten	ortsname
SACHANLAGEN	11	5	Sachanlagen	zu_selten	ortsname
SAEKULARE	9	5	säkulare	zu_selten	freq=5<10
SAET	4	5	sät	zu_selten	freq=5<10 (starker Beleg)
SALBE	5	5	Salbe	zu_selten	freq=5<10
SALZIGE	7	5	salzige	zu_selten	freq=5<10
SANFORD	7	5	Sanford	zu_selten	freq=5<10
SAPIENS	7	5	sapiens	zu_selten	freq=5<10
SARAGOSSA	9	5	Saragossa	zu_selten	ortsname
SARATOGA	8	5	Saratoga	zu_selten	freq=5<10
SARIN	5	5	Sarin	zu_selten	freq=5<10
SARKOPHAGEN	11	5	Sarkophagen	zu_selten	freq=5<10
SARTHE	6	5	Sarthe	zu_selten	freq=5<10
SASA	4	5	Sasa	zu_selten	freq=5<20
SATZBALL	8	5	Satzball	zu_selten	freq=5<10
SAURES	6	5	saures	zu_selten	freq=5<10
SCHAFFENDEN	11	5	schaffenden	zu_selten	freq=5<10
SCHAFSKAESE	11	5	Schafskäse	zu_selten	freq=5<10
SCHAFWOLLE	10	5	Schafwolle	zu_selten	freq=5<10
SCHALOTTEN	10	5	Schalotten	zu_selten	freq=5<10
SCHANZ	6	5	Schanz	zu_selten	freq=5<10
SCHARFSINN	10	5	Scharfsinn	zu_selten	freq=5<10
SCHELSKY	8	5	Schelsky	zu_selten	freq=5<10
SCHERZTE	8	5	scherzte	zu_selten	freq=5<10
SCHICKES	8	5	schickes	zu_selten	freq=5<10
SCHIEBE	7	5	schiebe	zu_selten	freq=5<10
SCHILLINGE	10	5	Schillinge	zu_selten	freq=5<10
SCHLAFENDER	11	5	schlafender	zu_selten	freq=5<10
SCHLAGT	7	5	Schlagt	zu_selten	freq=5<10
SCHLEMMER	9	5	Schlemmer	zu_selten	freq=5<10
SCHLINGERN	10	5	Schlingern	zu_selten	freq=5<10
SCHLITTERN	10	5	schlittern	zu_selten	freq=5<10
SCHLUCHZEN	10	5	Schluchzen	zu_selten	freq=5<10
SCHLUCHZEND	11	5	schluchzend	zu_selten	freq=5<10
SCHLUTUP	8	5	Schlutup	zu_selten	ortsname
SCHMELZOFEN	11	5	Schmelzofen	zu_selten	freq=5<10
SCHMIERE	8	5	Schmiere	zu_selten	freq=5<10
SCHMISS	7	5	schmiss	zu_selten	freq=5<10
SCHNALLEN	9	5	Schnallen	zu_selten	freq=5<10
SCHNAPPAUF	10	5	Schnappauf	zu_selten	freq=5<10
SCHNUEFFELN	11	5	Schnüffeln	zu_selten	freq=5<10
SCHNURRT	8	5	schnurrt	zu_selten	freq=5<10
SCHNYDER	8	5	Schnyder	zu_selten	freq=5<10
SCHOENAICH	10	5	Schönaich	zu_selten	freq=5<10
SCHOENHEIDE	11	5	Schönheide	zu_selten	ortsname
SCHONE	6	5	schone	zu_selten	freq=5<10
SCHOPF	6	5	Schopf	zu_selten	freq=5<10
SCHORTENS	9	5	Schortens	zu_selten	ortsname
SCHRAEGHECK	11	5	Schrägheck	zu_selten	freq=5<10
SCHRAEGLAGE	11	5	Schräglage	zu_selten	ortsname
SCHUETZER	9	5	Schützer	zu_selten	freq=5<10
SCHUFTEN	8	5	schuften	zu_selten	freq=5<10
SCHULBEGINN	11	5	Schulbeginn	zu_selten	freq=5<10
SCHULRAT	8	5	Schulrat	zu_selten	freq=5<10
SCHWAPPEN	9	5	schwappen	zu_selten	freq=5<10
SCHWELGEN	9	5	schwelgen	zu_selten	freq=5<10
SCHWULES	8	5	schwules	zu_selten	freq=5<10
SCROLLEN	8	5	Scrollen	zu_selten	freq=5<10
SCROOGE	7	5	Scrooge	zu_selten	freq=5<10
SCRUM	5	5	Scrum	zu_selten	freq=5<10
SEBNITZ	7	5	Sebnitz	zu_selten	ortsname
SECHSEN	7	5	Sechsen	zu_selten	freq=5<10
SECURITAS	9	5	Securitas	zu_selten	freq=5<10
SECURITIES	10	5	Securities	zu_selten	freq=5<10
SEDIERUNG	9	5	Sedierung	zu_selten	freq=5<10
SEEKRANK	8	5	seekrank	zu_selten	freq=5<10
SEELOW	6	5	Seelow	zu_selten	ortsname
SEIDIGE	7	5	seidige	zu_selten	freq=5<10
SEILTAENZER	11	5	Seiltänzer	zu_selten	freq=5<10
SEITENWAGEN	11	5	Seitenwagen	zu_selten	freq=5<10
SELBIGEN	8	5	selbigen	zu_selten	freq=5<10
SELEKTIEREN	11	5	selektieren	zu_selten	freq=5<10
SERBISCH	8	5	serbisch	zu_selten	freq=5<10
SERDAR	6	5	Serdar	zu_selten	freq=5<10
SEWASTOPOL	10	5	Sewastopol	zu_selten	ortsname
SEYN	4	5	seyn	zu_selten	freq=5<10 (starker Beleg)
SGARBI	6	5	Sgarbi	zu_selten	freq=5<10
SHAKE	5	5	Shake	zu_selten	freq=5<10
SHANDONG	8	5	Shandong	zu_selten	ortsname
SHARPE	6	5	Sharpe	zu_selten	freq=5<10
SIEBERS	7	5	Siebers	zu_selten	ortsname
SIGEL	5	5	Sigel	zu_selten	freq=5<10
SINGHAMMER	10	5	Singhammer	zu_selten	freq=5<10
SINNBILDER	10	5	Sinnbilder	zu_selten	freq=5<10
SINNLOSES	9	5	Sinnloses	zu_selten	freq=5<10
SINNSUCHE	9	5	Sinnsuche	zu_selten	freq=5<10
SINSPELT	8	5	Sinspelt	zu_selten	ortsname
SIPPENHAFT	10	5	Sippenhaft	zu_selten	ortsname
SKATEN	6	5	Skaten	zu_selten	freq=5<10
SKIHELME	8	5	Skihelme	zu_selten	freq=5<10
SLANG	5	5	Slang	zu_selten	freq=5<10
SLIDER	6	5	Slider	zu_selten	freq=5<10
SLOBODAN	8	5	Slobodan	zu_selten	freq=5<10
SLOW	4	5	Slow	zu_selten	freq=5<20
SLOWAKISCH	10	5	Slowakisch	zu_selten	freq=5<10
SMARAGD	7	5	Smaragd	zu_selten	freq=5<10
SMOG	4	5	Smog	zu_selten	freq=5<10 (starker Beleg)
SNORRI	6	5	Snorri	zu_selten	freq=5<10
SOE	3	5	SOE	zu_selten	freq=5<20
SONDIERUNG	10	5	Sondierung	zu_selten	freq=5<10
SONNABENDEN	11	5	Sonnabenden	zu_selten	freq=5<10
SOPRON	6	5	Sopron	zu_selten	ortsname
SORGENVOLL	10	5	sorgenvoll	zu_selten	freq=5<10
SORTENREINE	11	5	sortenreine	zu_selten	freq=5<10
SOSSEN	6	5	Soßen	zu_selten	freq=5<10
SOUTERRAINS	11	5	Souterrains	zu_selten	freq=5<10
SPACHTEL	8	5	Spachtel	zu_selten	freq=5<10
SPEISEOEL	9	5	Speiseöl	zu_selten	freq=5<10
SPIELFORMEN	11	5	Spielformen	zu_selten	freq=5<10
SPIELLEUTE	10	5	Spielleute	zu_selten	freq=5<10
SPITZBERGEN	11	5	Spitzbergen	zu_selten	ortsname
SPLITTERN	9	5	Splittern	zu_selten	freq=5<10
SPORTSITZE	10	5	Sportsitze	zu_selten	freq=5<10
SPORTTASCHE	11	5	Sporttasche	zu_selten	freq=5<10
SPRITZER	8	5	Spritzer	zu_selten	freq=5<10
SPUCKE	6	5	Spucke	zu_selten	freq=5<10
SPUCKEN	7	5	spucken	zu_selten	freq=5<10
STABLE	6	5	Stable	zu_selten	freq=5<10
STAHLAKTIEN	11	5	Stahlaktien	zu_selten	freq=5<10
STAMMHOLZ	9	5	Stammholz	zu_selten	freq=5<10
STAMPA	6	5	Stampa	zu_selten	freq=5<10
STARGARD	8	5	Stargard	zu_selten	ortsname
STARNBERG	9	5	Starnberg	zu_selten	ortsname
STARTEND	8	5	startend	zu_selten	freq=5<10
STARY	5	5	Stary	zu_selten	freq=5<10
STAUNENDEN	10	5	staunenden	zu_selten	freq=5<10
STAUUNGEN	9	5	Stauungen	zu_selten	freq=5<10
STAZ	4	5	Staz	zu_selten	freq=5<20
STECKERN	8	5	Steckern	zu_selten	freq=5<10
STEIGERE	8	5	steigere	zu_selten	freq=5<10
STEINBACHS	10	5	Steinbachs	zu_selten	freq=5<10
STEINIGER	9	5	steiniger	zu_selten	freq=5<10
STEINITZ	8	5	Steinitz	zu_selten	ortsname
STELLST	7	5	stellst	zu_selten	freq=5<10
STELZEN	7	5	Stelzen	zu_selten	freq=5<10
STICKEN	7	5	Sticken	zu_selten	freq=5<10
STIELER	7	5	Stieler	zu_selten	freq=5<10
STILMITTELN	11	5	Stilmitteln	zu_selten	freq=5<10
STODDART	8	5	Stoddart	zu_selten	freq=5<10
STOFFLICHE	10	5	stoffliche	zu_selten	freq=5<10
STORCK	6	5	Storck	zu_selten	freq=5<10
STOSSZEITEN	11	5	Stoßzeiten	zu_selten	ortsname
STRAEFLING	10	5	Sträfling	zu_selten	freq=5<10
STRAFJUSTIZ	11	5	Strafjustiz	zu_selten	freq=5<10
STRUEMPFEN	10	5	Strümpfen	zu_selten	freq=5<10
STUCKDEKOR	10	5	Stuckdekor	zu_selten	freq=5<10
STUDIENBUCH	11	5	Studienbuch	zu_selten	freq=5<10
STUECKGUT	9	5	Stückgut	zu_selten	freq=5<10
STUETZENDE	10	5	stützende	zu_selten	freq=5<10
STUMPFER	8	5	stumpfer	zu_selten	freq=5<10
STUNDENZAHL	11	5	Stundenzahl	zu_selten	freq=5<10
SUBSYSTEME	10	5	Subsysteme	zu_selten	freq=5<10
SUEDWALES	9	5	Südwales	zu_selten	ortsname
SUGGESTION	10	5	Suggestion	zu_selten	freq=5<10
SUM	3	5	Sum	zu_selten	freq=5<20
SUMPFLAND	9	5	Sumpfland	zu_selten	freq=5<10
SUNS	4	5	Suns	zu_selten	freq=5<10 (starker Beleg)
SUPERVISOR	10	5	Supervisor	zu_selten	freq=5<10
SURREY	6	5	Surrey	zu_selten	ortsname
SWASILAND	9	5	Swasiland	zu_selten	ortsname
SWITCHES	8	5	Switches	zu_selten	freq=5<10
SYRERN	6	5	Syrern	zu_selten	freq=5<10
SYRIA	5	5	Syria	zu_selten	ortsname
SZENISCH	8	5	szenisch	zu_selten	freq=5<10
TABAKKONSUM	11	5	Tabakkonsum	zu_selten	freq=5<10
TAETOWIERTE	11	5	tätowierte	zu_selten	freq=5<10
TAGESTOUREN	11	5	Tagestouren	zu_selten	freq=5<10
TAK	3	5	TAK	zu_selten	freq=5<20
TAKTIKER	8	5	Taktiker	zu_selten	freq=5<10
TAKTILE	7	5	taktile	zu_selten	freq=5<10
TANZPARTNER	11	5	Tanzpartner	zu_selten	freq=5<10
TAPEZIEREN	10	5	Tapezieren	zu_selten	freq=5<10
TARIFLOHN	9	5	Tariflohn	zu_selten	freq=5<10
TARIFS	6	5	Tarifs	zu_selten	freq=5<10
TATSCHLICH	10	5	tatschlich	zu_selten	freq=5<10
TATZEITRAUM	11	5	Tatzeitraum	zu_selten	freq=5<10
TAUMELN	7	5	taumeln	zu_selten	freq=5<10
TAUSCHE	7	5	tausche	zu_selten	freq=5<10
TAUSENDER	9	5	Tausender	zu_selten	freq=5<10
TEILMENGEN	10	5	Teilmengen	zu_selten	freq=5<10
TEMPORALE	9	5	temporale	zu_selten	freq=5<10
TEMPOREICH	10	5	temporeich	zu_selten	freq=5<10
TEODOSIO	8	5	Teodosio	zu_selten	freq=5<10
TERZ	4	5	Terz	zu_selten	freq=5<10 (starker Beleg)
TEUTSCHEN	9	5	teutschen	zu_selten	freq=5<10
TEXTAUSGABE	11	5	Textausgabe	zu_selten	freq=5<10
TEXTFELDER	10	5	Textfelder	zu_selten	freq=5<10
TEXTTAFELN	10	5	Texttafeln	zu_selten	freq=5<10
THALE	5	5	Thale	zu_selten	ortsname
THEROPODEN	10	5	Theropoden	zu_selten	freq=5<10
THROUGH	7	5	through	zu_selten	freq=5<10
THUKYDIDES	10	5	Thukydides	zu_selten	freq=5<10
TIEFERER	8	5	tieferer	zu_selten	freq=5<10
TIERBILDER	10	5	Tierbilder	zu_selten	freq=5<10
TIERFUTTER	10	5	Tierfutter	zu_selten	freq=5<10
TIERISCHER	10	5	tierischer	zu_selten	freq=5<10
TIERLIEBE	9	5	Tierliebe	zu_selten	freq=5<10
TIGERN	6	5	Tigern	zu_selten	freq=5<10
TIL	3	5	til	zu_selten	freq=5<20
TIMS	4	5	Tims	zu_selten	ortsname
TISCHDECKE	10	5	Tischdecke	zu_selten	freq=5<10
TITA	4	5	Tita	zu_selten	freq=5<20
TOBENDE	7	5	tobende	zu_selten	freq=5<10
TOBRUK	6	5	Tobruk	zu_selten	ortsname
TODESORT	8	5	Todesort	zu_selten	freq=5<10
TOELT	5	5	Tölt	zu_selten	freq=5<10
TOLLSTE	7	5	tollste	zu_selten	freq=5<10
TONLEITER	9	5	Tonleiter	zu_selten	freq=5<10
TOPOS	5	5	Topos	zu_selten	freq=5<10
TORNESCH	8	5	Tornesch	zu_selten	ortsname
TORQUAY	7	5	Torquay	zu_selten	ortsname
TOTO	4	5	Toto	zu_selten	freq=5<20
TOWNSVILLE	10	5	Townsville	zu_selten	ortsname
TOXIZITAET	10	5	Toxizität	zu_selten	freq=5<10
TRA	3	5	tra	zu_selten	freq=5<20
TRABEN	6	5	Traben	zu_selten	freq=5<10
TRABZONSPOR	11	5	Trabzonspor	zu_selten	ortsname
TRANSGENDER	11	5	transgender	zu_selten	freq=5<10
TRATSCH	7	5	Tratsch	zu_selten	freq=5<10
TRAURIGSTE	10	5	traurigste	zu_selten	freq=5<10
TRAUZEUGIN	10	5	Trauzeugin	zu_selten	freq=5<10
TREAT	5	5	Treat	zu_selten	freq=5<10
TRENDLINIE	10	5	Trendlinie	zu_selten	freq=5<10
TRENNENDE	9	5	trennende	zu_selten	freq=5<10
TRENTON	7	5	Trenton	zu_selten	ortsname
TRETMUEHLE	10	5	Tretmühle	zu_selten	freq=5<10
TRIADE	6	5	Triade	zu_selten	freq=5<10
TRICKREICH	10	5	trickreich	zu_selten	freq=5<10
TRIEBSPITZE	11	5	Triebspitze	zu_selten	freq=5<10
TRIEBZUEGEN	11	5	Triebzügen	zu_selten	freq=5<10
TRITTSTUFE	10	5	Trittstufe	zu_selten	freq=5<10
TROESTENDE	10	5	tröstende	zu_selten	freq=5<10
TROPENSTURM	11	5	Tropensturm	zu_selten	freq=5<10
TROTZIGEN	9	5	trotzigen	zu_selten	freq=5<10
TSCHAD	6	5	Tschad	zu_selten	freq=5<10
TSCHAU	6	5	Tschau	zu_selten	freq=5<10
TUCHER	6	5	Tucher	zu_selten	freq=5<10
TUECHTIGE	9	5	tüchtige	zu_selten	freq=5<10
TUPFEN	6	5	Tupfen	zu_selten	freq=5<10
TURMKREUZ	9	5	Turmkreuz	zu_selten	freq=5<10
TUSK	4	5	Tusk	zu_selten	freq=5<20
TUTTI	5	5	Tutti	zu_selten	freq=5<10
TWISTED	7	5	Twisted	zu_selten	freq=5<10
TWITTERN	8	5	twittern	zu_selten	freq=5<10
UBER	4	5	Uber	zu_selten	freq=5<20
UEBLES	6	5	übles	zu_selten	freq=5<10
UHDE	4	5	Uhde	zu_selten	freq=5<20
UHUS	4	5	Uhus	zu_selten	freq=5<10 (starker Beleg)
ULME	4	5	Ulme	zu_selten	freq=5<20
UMLADEN	7	5	Umladen	zu_selten	freq=5<10
UMSCHLAGEN	10	5	umschlagen	zu_selten	freq=5<10
UMWORBENE	9	5	umworbene	zu_selten	freq=5<10
UNBILL	6	5	Unbill	zu_selten	freq=5<10
UNECHT	6	5	unecht	zu_selten	freq=5<10
UNERHOERTEN	11	5	unerhörten	zu_selten	freq=5<10
UNERHOERTES	11	5	Unerhörtes	zu_selten	freq=5<10
UNFAEHIGEN	10	5	unfähigen	zu_selten	freq=5<10
UNFERTIGEN	10	5	unfertigen	zu_selten	freq=5<10
UNFREIHEIT	10	5	Unfreiheit	zu_selten	freq=5<10
UNGEBUNDENE	11	5	ungebundene	zu_selten	freq=5<10
UNGEHEMMT	9	5	ungehemmt	zu_selten	freq=5<10
UNGEWOHNTES	11	5	ungewohntes	zu_selten	freq=5<10
UNICORN	7	5	Unicorn	zu_selten	freq=5<10
UNTATEN	7	5	Untaten	zu_selten	freq=5<10
UNTERFAHREN	11	5	unterfahren	zu_selten	freq=5<10
UNTERTHEMEN	11	5	Unterthemen	zu_selten	freq=5<10
UNVERGESSEN	11	5	unvergessen	zu_selten	freq=5<10
UNVERSEHENS	11	5	Unversehens	zu_selten	freq=5<10
URBANITAET	10	5	Urbanität	zu_selten	freq=5<10
UREDOSPOREN	11	5	Uredosporen	zu_selten	freq=5<10
UREXWEILER	10	5	Urexweiler	zu_selten	ortsname
URSINUS	7	5	Ursinus	zu_selten	ortsname
URSPRNGLICH	11	5	Ursprnglich	zu_selten	freq=5<10
USINGEN	7	5	Usingen	zu_selten	ortsname
UTICA	5	5	Utica	zu_selten	ortsname
VALERIUS	8	5	Valerius	zu_selten	freq=5<10
VANNI	5	5	Vanni	zu_selten	freq=5<10
VARELA	6	5	Varela	zu_selten	freq=5<10
VEAG	4	5	Veag	zu_selten	freq=5<10 (starker Beleg)
VELO	4	5	Velo	zu_selten	freq=5<10 (starker Beleg)
VELOURS	7	5	Velours	zu_selten	freq=5<10
VERARSCHE	9	5	Verarsche	zu_selten	freq=5<10
VERBLOEDUNG	11	5	Verblödung	zu_selten	freq=5<10
VERBOTENES	10	5	verbotenes	zu_selten	freq=5<10
VERBUNDES	9	5	Verbundes	zu_selten	freq=5<10
VERFOLGTER	10	5	Verfolgter	zu_selten	freq=5<10
VERFUETTERN	11	5	verfüttern	zu_selten	freq=5<10
VERGILS	7	5	Vergils	zu_selten	ortsname
VERKOSTUNG	10	5	Verkostung	zu_selten	freq=5<10
VERMERKE	8	5	Vermerke	zu_selten	freq=5<10
VERORDNETEN	11	5	verordneten	zu_selten	freq=5<10
VERRATE	7	5	verrate	zu_selten	freq=5<10
VERROTTEN	9	5	verrotten	zu_selten	freq=5<10
VERSCHAETZT	11	5	verschätzt	zu_selten	freq=5<10
VERSCHIED	9	5	verschied	zu_selten	freq=5<10
VERSTERBEN	10	5	versterben	zu_selten	freq=5<10
VERTRETBARE	11	5	vertretbare	zu_selten	freq=5<10
VERWILDERN	10	5	verwildern	zu_selten	freq=5<10
VERWORRENEN	11	5	verworrenen	zu_selten	freq=5<10
VETERINAERE	11	5	Veterinäre	zu_selten	freq=5<10
VETSCHAU	8	5	Vetschau	zu_selten	freq=5<10
VIBRATION	9	5	Vibration	zu_selten	freq=5<10
VIEHTREIBER	11	5	Viehtreiber	zu_selten	freq=5<10
VIEHTRIEB	9	5	Viehtrieb	zu_selten	freq=5<10
VIENNALE	8	5	Viennale	zu_selten	freq=5<10
VIENNE	6	5	Vienne	zu_selten	freq=5<10
VIERZEHNTE	10	5	vierzehnte	zu_selten	freq=5<10
VIERZEHNTEN	11	5	vierzehnten	zu_selten	freq=5<10
VILSHOFEN	9	5	Vilshofen	zu_selten	ortsname
VIN	3	5	Vin	zu_selten	freq=5<20
VOERDE	6	5	Voerde	zu_selten	freq=5<10
VOITSBERG	9	5	Voitsberg	zu_selten	ortsname
VOLATILE	8	5	volatile	zu_selten	freq=5<10
VOLKSNAH	8	5	volksnah	zu_selten	freq=5<10
VONLANTHEN	10	5	Vonlanthen	zu_selten	freq=5<10
VORBEREITER	11	5	Vorbereiter	zu_selten	freq=5<10
VORGRUPPE	9	5	Vorgruppe	zu_selten	freq=5<10
VORNEHMER	9	5	vornehmer	zu_selten	freq=5<10
VORPRESCHEN	11	5	Vorpreschen	zu_selten	freq=5<10
VORRAUS	7	5	Vorraus	zu_selten	freq=5<10
VORSINGEN	9	5	Vorsingen	zu_selten	freq=5<10
VORSTEHEN	9	5	vorstehen	zu_selten	freq=5<10
VORTRAGENDE	11	5	Vortragende	zu_selten	freq=5<10
VORZEITIGES	11	5	vorzeitiges	zu_selten	freq=5<10
VORZENSUR	9	5	Vorzensur	zu_selten	freq=5<10
VULGAERE	8	5	vulgäre	zu_selten	freq=5<10
VULVA	5	5	Vulva	zu_selten	freq=5<10
WAAGRECHTE	10	5	waagrechte	zu_selten	freq=5<10
WAFFENLAGER	11	5	Waffenlager	zu_selten	freq=5<10
WAGENFARBE	10	5	Wagenfarbe	zu_selten	ortsname
WAHLERFOLGE	11	5	Wahlerfolge	zu_selten	freq=5<10
WAHLGESETZE	11	5	Wahlgesetze	zu_selten	freq=5<10
WAHLPROZESS	11	5	Wahlprozess	zu_selten	freq=5<10
WAHRSOW	7	5	Wahrsow	zu_selten	ortsname
WAKEFIELD	9	5	Wakefield	zu_selten	ortsname
WALDBESTAND	11	5	Waldbestand	zu_selten	freq=5<10
WALDSASSEN	10	5	Waldsassen	zu_selten	ortsname
WALDSTERBEN	11	5	Waldsterben	zu_selten	freq=5<10
WALDSTETTEN	11	5	Waldstetten	zu_selten	ortsname
WALDWEGE	8	5	Waldwege	zu_selten	freq=5<10
WALLONIEN	9	5	Wallonien	zu_selten	ortsname
WALLSTEIN	9	5	Wallstein	zu_selten	freq=5<10
WANDTEPPICH	11	5	Wandteppich	zu_selten	freq=5<10
WARDENBURG	10	5	Wardenburg	zu_selten	ortsname
WASCHHAUS	9	5	Waschhaus	zu_selten	freq=5<10
WASSERTANKS	11	5	Wassertanks	zu_selten	freq=5<10
WEBCRAWLER	10	5	Webcrawler	zu_selten	freq=5<10
WEBDESIGNER	11	5	Webdesigner	zu_selten	freq=5<10
WEBEREIEN	9	5	Webereien	zu_selten	freq=5<10
WEBMILES	8	5	webmiles	zu_selten	freq=5<10
WEBSTUEHLE	10	5	Webstühle	zu_selten	freq=5<10
WECKE	5	5	wecke	zu_selten	freq=5<10
WEED	4	5	Weed	zu_selten	freq=5<20
WEGSCHAUEN	10	5	Wegschauen	zu_selten	freq=5<10
WEGSEHEN	8	5	Wegsehen	zu_selten	freq=5<10
WEGSPERREN	10	5	wegsperren	zu_selten	freq=5<10
WEIBL	5	5	weibl	zu_selten	freq=5<10
WEICHEI	7	5	Weichei	zu_selten	freq=5<10
WEINRICH	8	5	Weinrich	zu_selten	freq=5<10
WEISHEITEN	10	5	Weisheiten	zu_selten	freq=5<10
WEISSENBORN	11	5	Weißenborn	zu_selten	ortsname
WEISSIG	7	5	Weißig	zu_selten	ortsname
WEITERLESEN	11	5	Weiterlesen	zu_selten	freq=5<10
WELKEN	6	5	welken	zu_selten	freq=5<10
WELL	4	5	well	zu_selten	freq=5<10 (starker Beleg)
WELLENFORM	10	5	Wellenform	zu_selten	freq=5<10
WELTLICHES	10	5	weltliches	zu_selten	freq=5<10
WENGEN	6	5	Wengen	zu_selten	ortsname
WENTZEL	7	5	Wentzel	zu_selten	freq=5<10
WERBEMAILS	10	5	Werbemails	zu_selten	freq=5<10
WERBEZWECKE	11	5	Werbezwecke	zu_selten	freq=5<10
WERHAHN	7	5	Werhahn	zu_selten	freq=5<10
WERKSTEAM	9	5	Werksteam	zu_selten	freq=5<10
WERTEWANDEL	11	5	Wertewandel	zu_selten	freq=5<10
WHAM	4	5	Wham	zu_selten	freq=5<20
WHATS	5	5	Whats	zu_selten	freq=5<10
WHYTE	5	5	Whyte	zu_selten	freq=5<10
WICHTEL	7	5	Wichtel	zu_selten	freq=5<10
WIESEL	6	5	Wiesel	zu_selten	freq=5<10
WILLENBERG	10	5	Willenberg	zu_selten	ortsname
WILLIG	6	5	willig	zu_selten	freq=5<10
WILLKOMEN	9	5	Willkomen	zu_selten	freq=5<10
WILMOTS	7	5	Wilmots	zu_selten	freq=5<10
WILNA	5	5	Wilna	zu_selten	ortsname
WILSDRUFF	9	5	Wilsdruff	zu_selten	ortsname
WINDHOEK	8	5	Windhoek	zu_selten	freq=5<10
WINDSTILLE	10	5	Windstille	zu_selten	ortsname
WIRR	4	5	wirr	zu_selten	freq=5<20
WIRSING	7	5	Wirsing	zu_selten	freq=5<10
WOHNENDE	8	5	wohnende	zu_selten	freq=5<10
WOHNENS	7	5	Wohnens	zu_selten	freq=5<10
WOHNLICHE	9	5	wohnliche	zu_selten	freq=5<10
WOHNSCHLOSS	11	5	Wohnschloss	zu_selten	freq=5<10
WOLBECK	7	5	Wolbeck	zu_selten	ortsname
WOLFI	5	5	Wolfi	zu_selten	freq=5<10
WOLFSRUDEL	10	5	Wolfsrudel	zu_selten	freq=5<10
WOLGOGRAD	9	5	Wolgograd	zu_selten	ortsname
WORST	5	5	Worst	zu_selten	freq=5<10
WORTBILDUNG	11	5	Wortbildung	zu_selten	freq=5<10
WORTMELDUNG	11	5	Wortmeldung	zu_selten	freq=5<10
WOSZ	4	5	Wosz	zu_selten	freq=5<20
WUELFRATHER	11	5	Wülfrather	zu_selten	freq=5<10
WUELSTE	7	5	Wülste	zu_selten	freq=5<10
WUERFEN	7	5	Würfen	zu_selten	freq=5<10
WUETEN	6	5	wüten	zu_selten	freq=5<10
WUNSCHLOS	9	5	wunschlos	zu_selten	freq=5<10
WUST	4	5	Wust	zu_selten	freq=5<20
XANTEN	6	5	Xanten	zu_selten	ortsname
YEARS	5	5	Years	zu_selten	freq=5<10
YOGI	4	5	Yogi	zu_selten	freq=5<20
YUPPIES	7	5	Yuppies	zu_selten	freq=5<10
ZAEHNCHEN	9	5	Zähnchen	zu_selten	freq=5<10
ZANGEN	6	5	Zangen	zu_selten	freq=5<10
ZARA	4	5	Zara	zu_selten	ortsname
ZCHINWALI	9	5	Zchinwali	zu_selten	ortsname
ZECH	4	5	Zech	zu_selten	ortsname
ZEHNDER	7	5	Zehnder	zu_selten	freq=5<10
ZEHNTES	7	5	zehntes	zu_selten	freq=5<10
ZEITLER	7	5	Zeitler	zu_selten	freq=5<10
ZERGEHEN	8	5	zergehen	zu_selten	freq=5<10
ZERTEILEN	9	5	zerteilen	zu_selten	freq=5<10
ZICKE	5	5	Zicke	zu_selten	freq=5<10
ZIDAN	5	5	Zidan	zu_selten	ortsname
ZIEGENMILCH	11	5	Ziegenmilch	zu_selten	freq=5<10
ZIERRAT	7	5	Zierrat	zu_selten	freq=5<10
ZILLER	6	5	Ziller	zu_selten	freq=5<10
ZILLES	6	5	Zilles	zu_selten	freq=5<10
ZOCH	4	5	Zoch	zu_selten	freq=5<10 (starker Beleg)
ZORNS	5	5	Zorns	zu_selten	freq=5<10
ZSOLT	5	5	Zsolt	zu_selten	freq=5<10
ZUEGIGER	8	5	zügiger	zu_selten	freq=5<10
ZUGESPITZTE	11	5	zugespitzte	zu_selten	freq=5<10
ZUGRIFFEN	9	5	Zugriffen	zu_selten	freq=5<10
ZUHAUS	6	5	zuhaus	zu_selten	freq=5<10
ZUMUTUNGEN	10	5	Zumutungen	zu_selten	freq=5<10
ZUPACKENDE	10	5	zupackende	zu_selten	freq=5<10
ZUREDEN	7	5	Zureden	zu_selten	freq=5<10
ZUSATZRENTE	11	5	Zusatzrente	zu_selten	freq=5<10
ZUSETZEN	8	5	Zusetzen	zu_selten	freq=5<10
ZUSPRUCHS	9	5	Zuspruchs	zu_selten	freq=5<10
ZUTREFFENDE	11	5	zutreffende	zu_selten	freq=5<10
ZWANGLOSEN	10	5	zwanglosen	zu_selten	freq=5<10
ZWANZIGSTE	10	5	zwanzigste	zu_selten	freq=5<10
ZWEIBEIN	8	5	Zweibein	zu_selten	freq=5<10
ZWEISEITIGE	11	5	zweiseitige	zu_selten	freq=5<10
ZWEITERES	9	5	Zweiteres	zu_selten	freq=5<10
ZWINGENDES	10	5	Zwingendes	zu_selten	freq=5<10
ZWINKERN	8	5	Zwinkern	zu_selten	freq=5<10
ZWITSCHERN	10	5	Zwitschern	zu_selten	freq=5<10
