wort	laenge	haeufigkeit	schreibweise
DIE	3	465524	die
DER	3	404684	der
UND	3	181604	und
DAS	3	173191	das
IST	3	134456	ist
DEN	3	123484	den
EIN	3	102985	ein
VON	3	101968	von
EINE	4	99881	eine
MIT	3	96120	mit
AUF	3	93198	auf
SIE	3	92199	Sie
DES	3	82237	des
FUER	4	78320	für
SICH	4	69143	sich
WERDEN	6	66808	werden
DEM	3	65273	dem
WURDE	5	64143	wurde
AUCH	4	61688	auch
WIRD	4	53417	wird
SIND	4	50647	sind
NICHT	5	50297	nicht
WAR	3	48874	war
AUS	3	44970	aus
ALS	3	43078	als
BEI	3	42935	bei
NACH	4	42613	nach
EINEN	5	35327	einen
EINER	5	34807	einer
HAT	3	32439	hat
EINEM	5	30768	einem
UEBER	5	29638	über
NOCH	4	28221	noch
DURCH	5	27892	durch
WIR	3	26521	Wir
ZUM	3	26268	zum
ABER	4	26090	aber
BIS	3	25571	bis
NUR	3	24045	nur
WURDEN	6	23939	wurden
ICH	3	23012	ich
VOR	3	22412	vor
DIESE	5	22129	Diese
ZUR	3	22108	zur
HIER	4	18279	hier
GIBT	4	17176	gibt
DANN	4	17061	dann
HABEN	5	16878	haben
WIE	3	16574	wie
KANN	4	16431	kann
SEIN	4	16324	sein
ODER	4	15569	oder
HATTE	5	15279	hatte
PROZENT	7	14902	Prozent
UNTER	5	14865	unter
SEINE	5	14856	seine
DIESER	6	14689	dieser
WAREN	5	14686	waren
WIEDER	6	14057	wieder
KEINE	5	13988	keine
IHRE	4	13199	ihre
DASS	4	12771	dass
ZWEI	4	12719	zwei
SEI	3	12642	sei
JAHR	4	12415	Jahr
KOENNEN	7	12387	können
MEHR	4	12302	mehr
EURO	4	12173	Euro
SOLL	4	12090	soll
IHR	3	11945	ihr
DIES	4	11879	Dies
VOM	3	11831	vom
DOCH	4	11799	Doch
WAS	3	11784	Was
JEDOCH	6	11617	jedoch
SEHR	4	11451	sehr
DABEI	5	11266	Dabei
SEIT	4	11230	seit
MAN	3	11150	man
NUN	3	10976	nun
EINES	5	10938	eines
GEGEN	5	10841	gegen
JETZT	5	10667	jetzt
SCHON	5	10616	schon
DORT	4	10454	Dort
ALLE	4	10384	alle
IMMER	5	10102	immer
JAHRE	5	9881	Jahre
MUSS	4	9855	muss
ZEIT	4	9824	Zeit
NEUE	4	9603	neue
JAHREN	6	9586	Jahren
BEREITS	7	9570	bereits
ZWISCHEN	8	9472	zwischen
DAMIT	5	9383	Damit
HEUTE	5	9375	heute
SEINER	6	9012	seiner
HABE	4	8845	habe
ALLERDINGS	10	8578	allerdings
WEITERE	7	8578	weitere
DREI	4	8445	drei
LIEGT	5	8347	liegt
ERSTEN	6	8276	ersten
GEHT	4	7987	geht
GAB	3	7876	gab
BEIM	4	7852	beim
STEHT	5	7761	steht
ERSTE	5	7295	erste
ETWA	4	7172	etwa
ENDE	4	7149	Ende
WEITER	6	7111	weiter
DIESEM	6	7101	diesem
AUSSERDEM	9	7093	Außerdem
IHM	3	6847	ihm
KONNTE	6	6812	konnte
DAZU	4	6780	Dazu
STADT	5	6718	Stadt
DIESES	6	6684	Dieses
KOMMT	5	6589	kommt
KAM	3	6518	kam
ZURUECK	7	6499	zurück
IHN	3	6469	ihn
VIELE	5	6466	viele
SEINEN	6	6225	seinen
OHNE	4	6165	ohne
NEUEN	5	6148	neuen
ZUDEM	5	6089	Zudem
KEIN	4	6033	kein
GUT	3	6002	gut
UNS	3	5982	uns
ERST	4	5974	erst
TEIL	4	5971	Teil
UHR	3	5960	Uhr
DEUTSCHEN	9	5760	deutschen
RUND	4	5726	rund
MUESSEN	7	5709	müssen
IHREN	5	5674	ihren
WORDEN	6	5669	worden
MENSCHEN	8	5659	Menschen
SOLLTE	6	5638	sollte
LEBEN	5	5567	Leben
SPAETER	7	5565	später
STATT	5	5546	statt
EBENFALLS	9	5473	ebenfalls
WAEHREND	8	5387	während
SOWIE	5	5348	sowie
IHRER	5	5344	ihrer
WILL	4	5333	will
INSGESAMT	9	5328	Insgesamt
ZUNAECHST	9	5296	zunächst
SELBST	6	5262	selbst
HATTEN	6	5230	hatten
GROSSE	6	5158	große
FINDEN	6	5122	finden
SEIEN	5	5110	seien
SEINEM	6	5041	seinem
EINIGE	6	5024	einige
VIER	4	5017	vier
SOLLEN	6	5010	sollen
UNTERNEHMEN	11	4962	Unternehmen
WEGEN	5	4868	wegen
INS	3	4850	ins
MILLIONEN	9	4782	Millionen
DAFUER	6	4771	dafür
MAL	3	4705	mal
VIEL	4	4653	viel
GANZ	4	4623	ganz
DEUTSCHE	8	4593	deutsche
BEIDEN	6	4592	beiden
IHNEN	5	4565	Ihnen
STEHEN	6	4544	stehen
POLIZEI	7	4529	Polizei
ETWAS	5	4450	etwas
BEKANNT	7	4444	bekannt
DEUTSCHLAND	11	4412	Deutschland
MACHT	5	4365	macht
GING	4	4364	ging
BEIDE	5	4321	Beide
KOMMEN	6	4319	kommen
KINDER	6	4299	Kinder
GESCHICHTE	10	4282	Geschichte
DIESEN	6	4280	diesen
MOEGLICH	8	4226	möglich
NATUERLICH	10	4208	natürlich
ANDERE	6	4177	andere
GILT	4	4144	gilt
ANDEREN	7	4112	anderen
WAERE	5	4111	wäre
DANACH	6	4095	Danach
GROSSEN	7	4018	großen
ERHALTEN	8	3940	erhalten
MANN	4	3925	Mann
BESTEHT	7	3902	besteht
MAI	3	3896	Mai
FRAU	4	3881	Frau
BETRAEGT	8	3845	beträgt
FINDET	6	3839	findet
PLATZ	5	3836	Platz
OKTOBER	7	3826	Oktober
DERZEIT	7	3804	derzeit
NEBEN	5	3803	Neben
SEPTEMBER	9	3785	September
WELCHE	6	3782	Welche
JUNI	4	3774	Juni
UNSERE	6	3755	unsere
ZWEITEN	7	3751	zweiten
STAND	5	3742	stand
APRIL	5	3740	April
BESONDERS	9	3737	besonders
MEHRERE	7	3735	mehrere
FAST	4	3720	fast
ZUSAMMEN	8	3714	zusammen
BLEIBT	6	3697	bleibt
FUENF	5	3697	fünf
WERDE	5	3662	werde
ERFOLGT	7	3624	erfolgt
MICH	4	3614	mich
WEG	3	3598	Weg
KIRCHE	6	3591	Kirche
BEFINDET	8	3587	befindet
JANUAR	6	3580	Januar
MUSSTE	6	3574	musste
SEITE	5	3528	Seite
NAMEN	5	3507	Namen
MAERZ	5	3461	März
DEZEMBER	8	3448	Dezember
ARBEIT	6	3442	Arbeit
ORT	3	3414	Ort
DENN	4	3386	Denn
MACHEN	6	3386	machen
SOGAR	5	3377	sogar
ALLES	5	3366	alles
WEITEREN	8	3359	weiteren
GEHOERT	7	3321	gehört
SEHEN	5	3319	sehen
NOVEMBER	8	3317	November
WELT	4	3314	Welt
DESHALB	7	3275	Deshalb
JAHRHUNDERT	11	3256	Jahrhundert
BISHER	6	3247	bisher
BITTE	5	3225	Bitte
BLIEB	5	3223	blieb
OFT	3	3211	oft
TAG	3	3211	Tag
DADURCH	7	3203	Dadurch
AUGUST	6	3189	August
MIR	3	3164	mir
FAMILIE	7	3153	Familie
LETZTEN	7	3134	letzten
EINFACH	7	3128	einfach
SIEHT	5	3109	sieht
BERLIN	6	3101	Berlin
JULI	4	3097	Juli
WOLLEN	6	3088	wollen
SPIEL	5	3055	Spiel
LANGE	5	3043	lange
IHREM	5	3036	ihrem
DAVON	5	3035	davon
ALLEM	5	3017	allem
GEMEINDE	8	2998	Gemeinde
GUTE	4	2987	gute
EINMAL	6	2981	einmal
NICHTS	6	2962	nichts
BEGANN	6	2949	begann
DAHER	5	2937	daher
LIEGEN	6	2935	liegen
INZWISCHEN	10	2930	inzwischen
BEGINNT	7	2926	beginnt
DENNOCH	7	2925	Dennoch
JEDER	5	2920	jeder
ARBEITEN	8	2917	Arbeiten
ZWEITE	6	2909	zweite
LAG	3	2908	lag
STARB	5	2878	starb
GEBEN	5	2868	geben
HAUS	4	2866	Haus
FALL	4	2858	Fall
FEBRUAR	7	2853	Februar
DOLLAR	6	2840	Dollar
KEINEN	6	2838	keinen
SOLLTEN	7	2832	sollten
WER	3	2827	Wer
WEITERHIN	9	2823	weiterhin
ZEIGT	5	2820	zeigt
GEHEN	5	2815	gehen
FUEHRT	6	2813	führt
KONNTEN	7	2785	konnten
WENN	4	2775	wenn
ERHIELT	7	2773	erhielt
GELD	4	2770	Geld
SECHS	5	2763	sechs
ENTWICKLUNG	11	2761	Entwicklung
KOSTEN	6	2761	Kosten
ANFANG	6	2756	Anfang
PUNKTE	6	2750	Punkte
FAND	4	2739	fand
DAMALS	6	2717	damals
BIN	3	2716	bin
KLEINE	6	2701	kleine
MEIST	5	2663	meist
STARK	5	2659	stark
ALLEN	5	2658	allen
DEREN	5	2641	deren
KOENNTE	7	2630	könnte
EIGENEN	7	2624	eigenen
DEUTLICH	8	2619	deutlich
NIE	3	2619	nie
TITEL	5	2619	Titel
LAND	4	2615	Land
ERFOLG	6	2595	Erfolg
ERWARTET	8	2587	erwartet
FILM	4	2584	Film
NEU	3	2566	neu
BIETET	6	2560	bietet
GEGENUEBER	10	2545	gegenüber
GEPLANT	7	2538	geplant
DARAUF	6	2534	darauf
NAECHSTEN	9	2526	nächsten
DESSEN	6	2524	dessen
GEBAEUDE	8	2518	Gebäude
PERSONEN	8	2515	Personen
WOLLTE	6	2504	wollte
FRAUEN	6	2493	Frauen
AUFGRUND	8	2489	aufgrund
ROLLE	5	2477	Rolle
SAISON	6	2474	Saison
EINSATZ	7	2470	Einsatz
BEISPIEL	8	2468	Beispiel
ZIEL	4	2467	Ziel
ERREICHT	8	2464	erreicht
KAUM	4	2457	kaum
SOMIT	5	2455	somit
EIGENTLICH	10	2454	eigentlich
GEMACHT	7	2431	gemacht
GRUND	5	2431	Grund
BLEIBEN	7	2418	bleiben
METER	5	2412	Meter
GANZE	5	2392	ganze
SCHULE	6	2389	Schule
WOHL	4	2386	wohl
EIGENE	6	2379	eigene
PRO	3	2370	pro
JEWEILS	7	2359	jeweils
LASSEN	6	2356	lassen
RECHT	5	2346	recht
REGIERUNG	9	2346	Regierung
ERGEBNIS	8	2345	Ergebnis
FEST	4	2344	fest
MEINE	5	2343	meine
STELLT	6	2342	stellt
ZWAR	4	2341	zwar
KLEINEN	7	2338	kleinen
ERSTMALS	8	2337	erstmals
VIELLEICHT	10	2325	Vielleicht
KURZ	4	2305	kurz
PROGRAMM	8	2305	Programm
STELLEN	7	2301	stellen
VERWENDET	9	2298	verwendet
BILD	4	2295	Bild
TOD	3	2295	Tod
SEITEN	6	2292	Seiten
ZEHN	4	2292	zehn
BAND	4	2291	Band
BEREICH	7	2290	Bereich
INNERHALB	9	2288	innerhalb
KAMEN	5	2288	kamen
ZAHLREICHE	10	2288	zahlreiche
NAHM	4	2284	nahm
STRASSE	7	2278	Straße
ART	3	2270	Art
WASSER	6	2259	Wasser
GERADE	6	2252	gerade
LAESST	6	2239	lässt
WUERDEN	7	2236	würden
GRUPPE	6	2232	Gruppe
UNSER	5	2230	unser
FUEHRTE	7	2229	führte
ALTEN	5	2227	alten
LEICHT	6	2227	leicht
VEREIN	6	2209	Verein
HINTER	6	2206	hinter
FOLGE	5	2200	Folge
PROBLEM	7	2193	Problem
FRAGE	5	2184	Frage
SOHN	4	2183	Sohn
MITTE	5	2169	Mitte
SCHNELL	7	2166	schnell
THEMA	5	2164	Thema
WUERDE	6	2162	würde
BISLANG	7	2161	bislang
FRAGEN	6	2159	Fragen
ZAHL	4	2156	Zahl
WENIGER	7	2151	weniger
ANDERS	6	2150	anders
LANG	4	2150	lang
LETZTE	6	2138	letzte
GROSS	5	2137	groß
VATER	5	2132	Vater
WENIG	5	2132	wenig
DAGEGEN	7	2109	dagegen
SPIELEN	7	2107	spielen
GENANNT	7	2103	genannt
FOLGEN	6	2101	Folgen
LEDIGLICH	9	2089	lediglich
MANNSCHAFT	10	2081	Mannschaft
SONDERN	7	2077	sondern
MITARBEITER	11	2071	Mitarbeiter
GEBOREN	7	2070	geboren
ERNEUT	6	2069	erneut
PREIS	5	2060	Preis
STIEG	5	2053	stieg
NAME	4	2043	Name
MITGLIEDER	10	2042	Mitglieder
BALD	4	2041	bald
VERFUEGUNG	10	2040	Verfügung
ZAHLEN	6	2028	Zahlen
ERFOLGTE	8	2026	erfolgte
GEGRUENDET	10	2008	gegründet
DENEN	5	2006	denen
EHER	4	2006	eher
ENTSTAND	8	2003	entstand
NEUES	5	2003	neues
DARUEBER	8	1987	Darüber
HOEHE	5	1979	Höhe
MUSIK	5	1979	Musik
VIELEN	6	1974	vielen
FORM	4	1967	Form
EINWOHNER	9	1957	Einwohner
JEDE	4	1954	jede
MEIN	4	1953	mein
ZUKUNFT	7	1948	Zukunft
SOFORT	6	1945	sofort
ZUVOR	5	1934	zuvor
GEHOEREN	8	1933	gehören
GEGEBEN	7	1931	gegeben
MUTTER	6	1928	Mutter
ANGEBOT	7	1924	Angebot
SPIELT	6	1924	spielt
ANGABEN	7	1909	Angaben
SCHLOSS	7	1904	schloss
SIEBEN	6	1904	sieben
MINUTEN	7	1899	Minuten
LEIDER	6	1895	leider
SEINES	6	1890	seines
DARAUFHIN	9	1887	daraufhin
EINGESETZT	10	1886	eingesetzt
ALTE	4	1878	alte
STUNDEN	7	1871	Stunden
ACHT	4	1868	acht
NIMMT	5	1866	nimmt
FOLGENDEN	9	1864	folgenden
GEWANN	6	1861	gewann
BILDER	6	1859	Bilder
SPIELER	7	1858	Spieler
TAGE	4	1857	Tage
WOCHEN	6	1856	Wochen
NACHDEM	7	1851	Nachdem
DIREKT	6	1848	direkt
WERT	4	1846	Wert
MILLIARDEN	10	1835	Milliarden
HILFE	5	1834	Hilfe
MACHTE	6	1833	machte
INTERNET	8	1828	Internet
ELTERN	6	1827	Eltern
EBENSO	6	1825	ebenso
EINZELNEN	9	1821	einzelnen
GENUTZT	7	1821	genutzt
MITGLIED	8	1818	Mitglied
VERLETZT	8	1812	verletzt
GEFUNDEN	8	1811	gefunden
HAETTEN	7	1808	hätten
HOHE	4	1807	hohe
PROBLEME	8	1804	Probleme
BUCH	4	1803	Buch
HEISST	6	1803	heißt
BETRIEB	7	1796	Betrieb
GEWAEHLT	8	1794	gewählt
HOCH	4	1793	hoch
STELLE	6	1792	Stelle
WOCHE	5	1789	Woche
PROJEKT	7	1779	Projekt
BESSER	6	1777	besser
TEILWEISE	9	1770	teilweise
LAEUFT	6	1766	läuft
HANDELT	7	1759	handelt
GESAMTE	7	1755	gesamte
BEGINN	6	1751	Beginn
BEDEUTUNG	9	1750	Bedeutung
LAUT	4	1747	laut
GROESSTE	8	1741	größte
HIN	3	1740	hin
ALTER	5	1738	Alter
SETZT	5	1737	setzt
SCHWER	6	1733	schwer
GESTELLT	8	1732	gestellt
POLITIK	7	1728	Politik
TEAM	4	1726	Team
MEISTEN	7	1723	meisten
MARKT	5	1719	Markt
MUENCHEN	8	1719	München
MUESSE	6	1703	müsse
GERNE	5	1696	gerne
TRAT	4	1694	trat
VERLOREN	8	1690	verloren
FIEL	4	1689	fiel
ERGEBNISSE	10	1688	Ergebnisse
BEZEICHNET	10	1683	bezeichnet
NEHMEN	6	1680	nehmen
RICHTUNG	8	1679	Richtung
NAECHSTE	8	1677	nächste
MINDESTENS	10	1674	mindestens
GEWESEN	7	1668	gewesen
KRITIK	6	1666	Kritik
ANGEBOTEN	9	1664	angeboten
DATEN	5	1661	Daten
LIEBE	5	1661	Liebe
HAELT	5	1659	hält
BAU	3	1653	Bau
TROTZ	5	1652	Trotz
DARF	4	1647	darf
JUNGE	5	1647	junge
BEFINDEN	8	1643	befinden
SOLCHE	6	1636	solche
MUSSTEN	7	1633	mussten
LAGE	4	1620	Lage
WAHL	4	1620	Wahl
FUEHREN	7	1619	führen
ZUSAETZLICH	11	1611	zusätzlich
NEUER	5	1610	neuer
HALTEN	6	1609	halten
SPIELTE	7	1607	spielte
WIRKLICH	8	1592	wirklich
BESTAND	7	1588	bestand
ENTWICKELT	10	1585	entwickelt
HAEUFIG	7	1579	häufig
ALLEIN	6	1578	allein
HAND	4	1575	Hand
PREISE	6	1569	Preise
MAENNER	7	1568	Männer
WEIT	4	1564	weit
TOCHTER	7	1556	Tochter
TROTZDEM	8	1550	Trotzdem
GLEICH	6	1549	gleich
RAUM	4	1548	Raum
ENTSTANDEN	10	1545	entstanden
BLICK	5	1537	Blick
JUNGEN	6	1536	jungen
SAGTE	5	1536	sagte
AUFGENOMMEN	11	1535	aufgenommen
DAR	3	1533	dar
ERREICHEN	9	1526	erreichen
ERRICHTET	9	1522	errichtet
AKTIE	5	1516	Aktie
FREITAG	7	1514	Freitag
GESTERN	7	1514	gestern
HAETTE	6	1510	hätte
SOMMER	6	1500	Sommer
BESTIMMT	8	1498	bestimmt
ENTSPRICHT	10	1489	entspricht
REGEL	5	1488	Regel
FAELLT	6	1487	fällt
SITUATION	9	1484	Situation
GEBRACHT	8	1482	gebracht
ZOG	3	1482	zog
ANDEREM	7	1481	anderem
GUTEN	5	1477	guten
WICHTIG	7	1476	wichtig
ERREICHTE	9	1475	erreichte
FOLGTE	6	1471	folgte
HINZU	5	1471	Hinzu
GROSSER	7	1469	großer
WEIL	4	1469	weil
JAHRES	6	1466	Jahres
VERFAHREN	9	1466	Verfahren
FEHLT	5	1463	fehlt
LIESS	5	1460	ließ
GEHOERTE	8	1457	gehörte
EINIGEN	7	1453	einigen
VORGESEHEN	10	1449	vorgesehen
BERLINER	8	1448	Berliner
SCHUELER	8	1446	Schüler
GEBIET	6	1445	Gebiet
TREFFEN	7	1445	treffen
KUNDEN	6	1443	Kunden
STELLTE	7	1443	stellte
BESTEN	6	1442	besten
ALLER	5	1440	aller
AMT	3	1440	Amt
RAHMEN	6	1436	Rahmen
SUCHEN	6	1425	suchen
TRAEGT	6	1425	trägt
ERSTER	6	1424	erster
VOELLIG	7	1422	völlig
GEMEINSAM	9	1420	gemeinsam
TAETIG	6	1420	tätig
BETRUG	6	1419	betrug
GEBAUT	6	1419	gebaut
GESCHLOSSEN	11	1418	geschlossen
HAELFTE	7	1417	Hälfte
WERK	4	1417	Werk
OPFER	5	1414	Opfer
ZEIGEN	6	1413	zeigen
DRITTEN	7	1411	dritten
GAR	3	1409	gar
KOSTET	6	1404	kostet
STRECKE	7	1404	Strecke
JEDEN	5	1402	jeden
LEGTE	5	1399	legte
GLEICHEN	8	1397	gleichen
WEITERER	8	1397	weiterer
ARBEITETE	9	1396	arbeitete
SYSTEM	6	1396	System
BRAUCHT	7	1394	braucht
REGION	6	1393	Region
HOHEN	5	1392	hohen
DRUCK	5	1389	Druck
SAGT	4	1389	sagt
BEGONNEN	8	1388	begonnen
BIETEN	6	1388	bieten
UNSERER	7	1388	unserer
KOPF	4	1386	Kopf
SPRICHT	7	1384	spricht
EROEFFNET	9	1381	eröffnet
KOENNE	6	1381	könne
ABEND	5	1372	Abend
HINAUS	6	1372	hinaus
JEDES	5	1371	jedes
BRAUCHEN	8	1370	brauchen
ZULETZT	7	1367	zuletzt
TAETER	6	1366	Täter
WEISS	5	1365	weiß
REIHE	5	1362	Reihe
SPRACHE	7	1360	Sprache
TAGEN	5	1356	Tagen
GEBE	4	1355	gebe
KRIEG	5	1355	Krieg
VERGANGENEN	11	1354	vergangenen
KNAPP	5	1353	knapp
WARUM	5	1347	Warum
EINZIGE	7	1345	einzige
PER	3	1345	per
WOBEI	5	1345	wobei
FREI	4	1341	frei
EUROPA	6	1340	Europa
ENDLICH	7	1337	endlich
ERSCHIEN	8	1336	erschien
DORF	4	1335	Dorf
VORHANDEN	9	1335	vorhanden
UMFASST	7	1332	umfasst
VERBUNDEN	9	1323	verbunden
FIRMA	5	1322	Firma
KIND	4	1322	Kind
ZUGLEICH	8	1321	Zugleich
STAMMT	6	1320	stammt
GELANG	6	1317	gelang
TUN	3	1315	tun
SACHE	5	1314	Sache
RICHTIG	7	1312	richtig
SPASS	5	1312	Spaß
GENAU	5	1308	genau
BODEN	5	1307	Boden
GEFUEHRT	8	1306	geführt
MONTAG	6	1305	Montag
AUSBILDUNG	10	1302	Ausbildung
SETZTE	6	1302	setzte
NACHT	5	1298	Nacht
UMSATZ	6	1297	Umsatz
DARIN	5	1292	darin
MANCHMAL	8	1291	manchmal
UEBERNAHM	9	1291	übernahm
SICHER	6	1289	sicher
FOLGT	5	1288	folgt
MORGEN	6	1287	Morgen
BESITZT	7	1285	besitzt
BESONDERE	9	1284	besondere
EBEN	4	1283	eben
KOENNTEN	8	1282	könnten
MAEDCHEN	8	1282	Mädchen
LOESUNG	7	1281	Lösung
ZEITPUNKT	9	1281	Zeitpunkt
SPRACH	6	1280	sprach
BEDEUTET	8	1279	bedeutet
WORT	4	1279	Wort
MARK	4	1278	Mark
MONATE	6	1277	Monate
WIRTSCHAFT	10	1276	Wirtschaft
BESUCHER	8	1270	Besucher
BRINGT	6	1268	bringt
EINGESTELLT	11	1268	eingestellt
HINGEGEN	8	1268	hingegen
BESTEHEN	8	1265	bestehen
DRITTE	6	1255	dritte
GROESSTEN	9	1255	größten
LEBT	4	1249	lebt
PARTEI	6	1249	Partei
ERHAELT	7	1248	erhält
KRANKENHAUS	11	1247	Krankenhaus
SCHADEN	7	1246	Schaden
ARBEITET	8	1245	arbeitet
GINGEN	6	1245	gingen
NUTZEN	6	1243	nutzen
WISSEN	6	1241	wissen
DONNERSTAG	10	1240	Donnerstag
INTERESSE	9	1240	Interesse
UEBERHAUPT	10	1238	überhaupt
SPIELE	6	1233	Spiele
VERLOR	6	1233	verlor
STIMMEN	7	1229	Stimmen
PUNKTEN	7	1228	Punkten
SONST	5	1226	Sonst
URTEIL	6	1226	Urteil
SONNTAG	7	1224	Sonntag
WILLKOMMEN	10	1224	Willkommen
ALT	3	1222	alt
WICHTIGE	8	1220	wichtige
ALBUM	5	1216	Album
SOWOHL	6	1216	sowohl
BEKOMMEN	8	1212	bekommen
MITTWOCH	8	1211	Mittwoch
NEUN	4	1208	neun
HELFEN	6	1207	helfen
BESTAETIGT	10	1205	bestätigt
FANDEN	6	1203	fanden
AUFGABE	7	1198	Aufgabe
DIESMAL	7	1198	Diesmal
GEWORDEN	8	1198	geworden
BANK	4	1196	Bank
FRUEHER	7	1195	früher
WENIGE	6	1195	wenige
JEDEM	5	1193	jedem
IHRES	5	1192	ihres
HEUTIGEN	8	1191	heutigen
POLITISCHE	10	1191	politische
VERHEIRATET	11	1191	verheiratet
ANLAGE	6	1183	Anlage
ENTHAELT	8	1180	enthält
PRODUKTION	10	1180	Produktion
AUGEN	5	1179	Augen
EUCH	4	1179	euch
SAH	3	1179	sah
VERTRAG	7	1176	Vertrag
NAEHE	5	1175	Nähe
AEHNLICH	8	1174	ähnlich
IDEE	4	1174	Idee
STEIGT	6	1172	steigt
MEHREREN	8	1171	mehreren
UEBERNOMMEN	11	1170	übernommen
DIENSTAG	8	1169	Dienstag
RUNDE	5	1167	Runde
SEITDEM	7	1167	Seitdem
BESTE	5	1165	beste
GESAMTEN	8	1164	gesamten
TEILNEHMER	10	1164	Teilnehmer
JEWEILIGEN	10	1161	jeweiligen
TEILTE	6	1161	teilte
VERMUTLICH	10	1161	vermutlich
TIERE	5	1160	Tiere
BRINGEN	7	1159	bringen
VERKAUFT	8	1159	verkauft
INSEL	5	1158	Insel
OFFEN	5	1158	offen
ZEIGTE	6	1158	zeigte
GAESTE	6	1157	Gäste
TEILE	5	1157	Teile
BILDET	6	1155	bildet
SCHRITT	7	1153	Schritt
SICHERHEIT	10	1153	Sicherheit
TAT	3	1153	Tat
SIEG	4	1151	Sieg
GEKOMMEN	8	1150	gekommen
SOLDATEN	8	1150	Soldaten
BRACHTE	7	1149	brachte
MOECHTE	7	1148	möchte
ZUMINDEST	9	1147	zumindest
ENTFERNT	8	1145	entfernt
SUCHE	5	1143	Suche
KRAFT	5	1139	Kraft
WAGEN	5	1139	Wagen
BEGINNEN	8	1136	beginnen
GELTEN	6	1136	gelten
GENOMMEN	8	1136	genommen
ANZAHL	6	1134	Anzahl
DUERFEN	7	1134	dürfen
KUNST	5	1134	Kunst
GRUPPEN	7	1133	Gruppen
SELTEN	6	1133	selten
GRUENEN	7	1131	Grünen
ENTSTEHT	8	1130	entsteht
FRANKREICH	10	1130	Frankreich
ZAEHLT	6	1127	zählt
KLASSE	6	1126	Klasse
WEITERES	8	1125	weiteres
MENSCH	6	1124	Mensch
HERAUS	6	1121	heraus
ANTWORT	7	1119	Antwort
HAMBURG	7	1119	Hamburg
SPRECHEN	8	1116	sprechen
VERFUEGT	8	1114	verfügt
GERICHT	7	1112	Gericht
ENTHALTEN	9	1111	enthalten
STUECK	6	1110	Stück
BEENDET	7	1108	beendet
DANEBEN	7	1106	Daneben
BILDEN	6	1105	bilden
LEUTE	5	1104	Leute
GROESSERE	9	1101	größere
ABSCHLUSS	9	1100	Abschluss
DARUNTER	8	1099	darunter
BLIEBEN	7	1096	blieben
MONATEN	7	1096	Monaten
TRAGEN	6	1096	tragen
POLITISCHEN	11	1095	politischen
UNION	5	1095	Union
ERMITTELT	9	1093	ermittelt
KILOMETER	9	1090	Kilometer
RENNEN	6	1089	Rennen
WEISE	5	1089	Weise
KAMPF	5	1088	Kampf
QUALITAET	9	1086	Qualität
PROZESS	7	1084	Prozess
SERIE	5	1084	Serie
ZWOELF	6	1082	zwölf
HINTERGRUND	11	1081	Hintergrund
EHEMALIGEN	10	1080	ehemaligen
ANGST	5	1079	Angst
ERSCHEINT	9	1078	erscheint
LISTE	5	1078	Liste
GEFAHR	6	1076	Gefahr
HIELT	5	1075	hielt
ERFOLGREICH	11	1071	erfolgreich
HIERBEI	7	1071	Hierbei
TRITT	5	1070	tritt
WELTWEIT	8	1070	weltweit
ERWEITERT	9	1069	erweitert
ZUERST	6	1067	zuerst
ANSONSTEN	9	1064	Ansonsten
GROSSES	7	1062	großes
LAENGE	6	1062	Länge
ERFOLGEN	8	1059	erfolgen
ZERSTOERT	9	1059	zerstört
GANZEN	6	1057	ganzen
MUESSTEN	8	1056	müssten
KLAR	4	1055	klar
NOTWENDIG	9	1055	notwendig
ERHOEHT	7	1052	erhöht
NAEMLICH	8	1052	nämlich
BESTAETIGTE	11	1051	bestätigte
FLAECHE	7	1049	Fläche
AUSWAHL	7	1047	Auswahl
DANK	4	1046	Dank
GEWINNEN	8	1046	gewinnen
DROHT	5	1044	droht
LINIE	5	1044	Linie
LOS	3	1043	los
OFFENBAR	8	1042	offenbar
KOMMENDEN	9	1041	kommenden
TRIFFT	6	1041	trifft
BETROFFEN	9	1040	betroffen
OBEN	4	1037	oben
AUTO	4	1033	Auto
FALLEN	6	1032	fallen
REST	4	1032	Rest
DAUERT	6	1030	dauert
HOMEPAGE	8	1030	Homepage
JEDENFALLS	10	1029	jedenfalls
SCHEINT	7	1028	scheint
KARRIERE	8	1027	Karriere
DIENT	5	1026	dient
STUNDE	6	1026	Stunde
AUSSTELLUNG	11	1022	Ausstellung
KOERPER	7	1022	Körper
SCHULEN	7	1022	Schulen
GEHALTEN	8	1018	gehalten
EHE	3	1017	Ehe
ENTSTEHEN	9	1017	entstehen
FENSTER	7	1016	Fenster
FEUERWEHR	9	1014	Feuerwehr
GESPRAECH	9	1014	Gespräch
AKTUELLEN	9	1013	aktuellen
WOHNUNG	7	1013	Wohnung
WEITGEHEND	10	1012	weitgehend
LANGSAM	7	1010	langsam
STAAT	5	1010	Staat
VERBINDUNG	10	1010	Verbindung
KOMPLETT	8	1009	komplett
STANDEN	7	1009	standen
KONZEPT	7	1008	Konzept
BEDARF	6	1005	Bedarf
DARAN	5	1005	daran
ARTIKEL	7	1004	Artikel
ERSETZT	7	1003	ersetzt
VERGLEICH	9	1002	Vergleich
FAHRER	6	1001	Fahrer
AKTUELLE	8	1000	aktuelle
AUFGABEN	8	1000	Aufgaben
MEDIEN	6	999	Medien
UNSEREN	7	997	unseren
DEUTSCHER	9	996	deutscher
ERWAEHNT	8	995	erwähnt
MUSEUM	6	995	Museum
LAUFEN	6	994	laufen
VORBEI	6	994	vorbei
KOENIG	6	988	König
VERSION	7	988	Version
PUNKT	5	987	Punkt
SETZEN	6	987	setzen
THEMEN	6	986	Themen
SCHREIBEN	9	985	schreiben
SORGEN	6	985	sorgen
RICHTIGE	8	983	richtige
GESCHAEFT	9	982	Geschäft
BERICHTET	9	980	berichtet
LEISTUNG	8	980	Leistung
BERICHT	7	979	Bericht
RELATIV	7	978	relativ
BASIS	5	977	Basis
BESUCH	6	972	Besuch
STETS	5	972	stets
PRAESIDENT	10	970	Präsident
BETEILIGT	9	969	beteiligt
WIEN	4	969	Wien
GESETZ	6	967	Gesetz
GRENZEN	7	964	Grenzen
OBWOHL	6	962	Obwohl
PUBLIKUM	8	962	Publikum
FAHRZEUGE	9	958	Fahrzeuge
CHANCE	6	955	Chance
BEVOR	5	954	bevor
VERLASSEN	9	953	verlassen
VORSTAND	8	953	Vorstand
VERAENDERT	10	952	verändert
ZEITUNG	7	952	Zeitung
ANTEIL	6	951	Anteil
ENDET	5	951	endet
FRUEHEN	7	951	frühen
KLEINER	7	951	kleiner
BAHN	4	950	Bahn
WERKE	5	950	Werke
FUEHRUNG	8	948	Führung
NATUR	5	948	Natur
FAHREN	6	947	fahren
BEKOMMT	7	945	bekommt
LITERATUR	9	945	Literatur
GROESSE	7	944	Größe
LAENDERN	8	941	Ländern
POSITIV	7	941	positiv
TRAINER	7	941	Trainer
WEIST	5	940	weist
ARTEN	5	938	Arten
FRANKFURT	9	937	Frankfurt
VERTRETEN	9	937	vertreten
REICHT	6	936	reicht
STIMMUNG	8	936	Stimmung
BEGRIFF	7	934	Begriff
VOLL	4	933	voll
KURS	4	932	Kurs
TEXT	4	932	Text
ZENTRUM	7	932	Zentrum
DUERFTE	7	931	dürfte
FAHRZEUG	8	929	Fahrzeug
HANDEL	6	929	Handel
GESPIELT	8	928	gespielt
ERKLAERT	8	927	erklärt
HILFT	5	927	hilft
BEHOERDEN	9	922	Behörden
WETTBEWERB	10	922	Wettbewerb
GOTT	4	921	Gott
GEWONNEN	8	920	gewonnen
OSTEN	5	920	Osten
WUNSCH	6	920	Wunsch
ZAHLREICHEN	11	920	zahlreichen
ANTRAG	6	919	Antrag
EINFLUSS	8	919	Einfluss
GRUENDEN	8	919	Gründen
HERBST	6	918	Herbst
EXPERTEN	8	917	Experten
MINUTE	6	917	Minute
STATTDESSEN	11	917	Stattdessen
OESTERREICH	11	916	Österreich
ERMOEGLICHT	11	915	ermöglicht
GESEHEN	7	913	gesehen
SCHIFF	6	913	Schiff
FUNKTION	8	911	Funktion
START	5	911	Start
WIRKUNG	7	911	Wirkung
SOLLE	5	910	solle
SAMSTAG	7	909	Samstag
WICHTIGSTEN	11	909	wichtigsten
NORDEN	6	908	Norden
FORDERT	7	907	fordert
LUFT	4	907	Luft
ESSEN	5	905	Essen
SCHOEN	6	905	schön
BEHANDELT	9	902	behandelt
ZEITEN	6	902	Zeiten
BURG	4	901	Burg
HEIRATETE	9	900	heiratete
ZIEHT	5	899	zieht
FORT	4	898	fort
PRAXIS	6	898	Praxis
VERWALTUNG	10	898	Verwaltung
HERVOR	6	897	hervor
MEHRHEIT	8	897	Mehrheit
FEHLER	6	896	Fehler
PERSON	6	896	Person
SCHWERPUNKT	11	896	Schwerpunkt
BUERGER	7	895	Bürger
FOLGTEN	7	894	folgten
BEFAND	6	893	befand
GESETZT	7	893	gesetzt
DARSTELLUNG	11	892	Darstellung
GUTES	5	891	gutes
KINDERN	7	891	Kindern
GEOEFFNET	9	890	geöffnet
AUSSERHALB	10	889	außerhalb
SCHWEIZER	9	889	Schweizer
BENOETIGT	9	888	benötigt
TOR	3	887	Tor
WAECHST	7	886	wächst
ENTWICKELTE	11	883	entwickelte
ERWARTEN	8	883	erwarten
BEWEGUNG	8	882	Bewegung
METERN	6	882	Metern
BETRIEBEN	9	880	betrieben
EINFUEHRUNG	11	880	Einführung
SCHUTZ	6	880	Schutz
FEUER	5	879	Feuer
LAUFE	5	879	Laufe
GLUECK	6	878	Glück
FEHLEN	6	876	fehlen
ZUSCHAUER	9	876	Zuschauer
BEKAM	5	875	bekam
DICH	4	872	dich
KONTAKT	7	872	Kontakt
SUCHT	5	872	sucht
LANDES	6	871	Landes
KRISE	5	869	Krise
LAENDER	7	869	Länder
WESTEN	6	867	Westen
FREUEN	6	865	freuen
ZAEHLER	7	865	Zähler
ENTSCHIEDEN	11	863	entschieden
BEZEICHNUNG	11	862	Bezeichnung
LICHT	5	861	Licht
SUEDEN	6	861	Süden
PATIENTEN	9	860	Patienten
STREIT	6	860	Streit
TECHNIK	7	860	Technik
KOELN	5	859	Köln
AKTIV	5	858	aktiv
KURZE	5	858	kurze
VORGESTELLT	11	858	vorgestellt
ZUSTAND	7	858	Zustand
MODELL	6	857	Modell
WIRKT	5	857	wirkt
ZIEMLICH	8	857	ziemlich
AUFTRAG	7	856	Auftrag
POSITION	8	856	Position
HINWEISE	8	855	Hinweise
AUFBAU	6	853	Aufbau
HIERZU	6	853	Hierzu
STUTTGART	9	853	Stuttgart
WIEDERUM	8	853	wiederum
GALT	4	852	galt
GRAD	4	852	Grad
GESTIEGEN	9	851	gestiegen
MITTEL	6	851	Mittel
ERKENNEN	8	850	erkennen
GENAUE	6	850	genaue
GLEICHE	7	850	gleiche
LESEN	5	850	lesen
SORGT	5	850	sorgt
STRASSEN	8	850	Straßen
BRUDER	6	848	Bruder
AUFGEBAUT	9	847	aufgebaut
DISKUSSION	10	847	Diskussion
GESCHRIEBEN	11	846	geschrieben
KENNEN	6	845	kennen
NIEMAND	7	845	niemand
RECHTS	6	845	rechts
SCHAFFEN	8	845	schaffen
VERKAUF	7	845	Verkauf
GEMEINDEN	9	844	Gemeinden
KULTUR	6	843	Kultur
DARGESTELLT	11	842	dargestellt
LIEF	4	842	lief
SANK	4	842	sank
FAELLEN	7	841	Fällen
UMGEBUNG	8	841	Umgebung
GESICHT	7	840	Gesicht
BUECHER	7	839	Bücher
ERDE	4	839	Erde
GERN	4	838	gern
ENDETE	6	837	endete
HERRSCHT	8	837	herrscht
JAEHRLICH	9	837	jährlich
SICHT	5	837	Sicht
ZEICHEN	7	837	Zeichen
GEZEIGT	7	836	gezeigt
LANGEN	6	835	langen
WELCHES	7	834	welches
LEHRER	6	833	Lehrer
WICHTIGER	9	830	wichtiger
VERHALTEN	9	829	Verhalten
KOSTENLOS	9	828	kostenlos
SCHRIEB	7	828	schrieb
STARKE	6	828	starke
GERAET	6	827	Gerät
MASSNAHMEN	10	827	Maßnahmen
WIES	4	827	wies
PAAR	4	825	paar
SACHSCHADEN	11	825	Sachschaden
KUENSTLER	9	823	Künstler
SCHLECHT	8	823	schlecht
DARAUS	6	822	Daraus
ERNST	5	820	Ernst
DETAILS	7	819	Details
GEFRAGT	7	819	gefragt
DURCHAUS	8	818	durchaus
BEHANDLUNG	10	817	Behandlung
BEITRAG	7	817	Beitrag
BEREIT	6	817	bereit
SPITZE	6	817	Spitze
ZIEHEN	6	817	ziehen
KONTROLLE	9	815	Kontrolle
LAENGST	7	814	längst
STUDIE	6	814	Studie
GEAENDERT	9	813	geändert
SCHWERE	7	813	schwere
BAHNHOF	7	810	Bahnhof
TUER	4	810	Tür
ERZIELTE	8	809	erzielte
GRUNDLAGE	9	809	Grundlage
AKTIEN	6	808	Aktien
ENTDECKT	8	807	entdeckt
HOECHSTE	8	806	höchste
IMMERHIN	8	806	Immerhin
GESPERRT	8	805	gesperrt
GETOETET	8	805	getötet
UEBERNIMMT	10	805	übernimmt
WUCHS	5	805	wuchs
HAUSE	5	803	Hause
SCHOENE	7	802	schöne
GRUENDUNG	9	800	Gründung
PRODUKTE	8	800	Produkte
SPRACHEN	8	800	Sprachen
VORHER	6	800	vorher
AUSGABE	7	799	Ausgabe
MENGE	5	799	Menge
GEFALLEN	8	798	gefallen
GESUCHT	7	798	gesucht
KEINER	6	798	keiner
FOTOS	5	797	Fotos
WINTER	6	797	Winter
CHINA	5	796	China
HAEUSER	7	796	Häuser
RECHTE	6	796	Rechte
WOCHENENDE	10	796	Wochenende
STAENDIG	8	795	ständig
ERLAUBT	7	794	erlaubt
GELAENDE	8	794	Gelände
ANGEGEBEN	9	793	angegeben
FRUEHJAHR	9	792	Frühjahr
FAMILIEN	8	791	Familien
NAHMEN	6	791	nahmen
NUTZUNG	7	791	Nutzung
UNKLAR	6	791	unklar
WIDERSTAND	10	790	Widerstand
ELF	3	789	elf
GEWINN	6	789	Gewinn
STAMMEN	7	789	stammen
WARTEN	6	787	warten
GENUG	5	786	genug
VERBESSERT	10	786	verbessert
ZUFRIEDEN	9	786	zufrieden
PLAENE	6	784	Pläne
BAYERN	6	783	Bayern
LEISTUNGEN	10	783	Leistungen
SAGEN	5	783	sagen
VERSUCHT	8	783	versucht
ANALYSTEN	9	782	Analysten
HEUTIGE	7	782	heutige
UNSEREM	7	782	unserem
UNTEN	5	781	unten
BESCHLOSSEN	11	780	beschlossen
GEGNER	6	780	Gegner
UEBRIGEN	8	780	übrigen
HERGESTELLT	11	779	hergestellt
HIERFUER	8	779	hierfür
NACHMITTAG	10	778	Nachmittag
UEBERALL	8	778	überall
ENTGEGEN	8	777	entgegen
FESTGELEGT	10	776	festgelegt
GESCHAETZT	10	776	geschätzt
ITALIEN	7	774	Italien
REISE	5	774	Reise
VIELMEHR	8	773	vielmehr
GESTALTET	9	772	gestaltet
FOLGENDE	8	771	folgende
GABEN	5	771	gaben
GESCHAFFEN	10	771	geschaffen
KEHRTE	6	771	kehrte
LEIPZIG	7	771	Leipzig
LEITUNG	7	771	Leitung
FREIEN	6	770	freien
PLAN	4	770	Plan
HOTEL	5	769	Hotel
TERMIN	6	769	Termin
NOETIG	6	768	nötig
FARBE	5	767	Farbe
LINKEN	6	767	linken
SCHWEIZ	7	767	Schweiz
SOGENANNTE	10	767	sogenannte
STIMME	6	766	Stimme
ENTLANG	7	765	entlang
WAEHLEN	7	765	wählen
NAHEZU	6	763	nahezu
EHEMALIGE	9	762	ehemalige
LAGEN	5	762	lagen
GRENZE	6	761	Grenze
UNFALL	6	761	Unfall
BILDUNG	7	760	Bildung
GRUENDE	7	759	Gründe
GELEGT	6	758	gelegt
AUSSER	6	756	außer
HAENGT	6	756	hängt
KONZERN	7	756	Konzern
URSACHE	7	756	Ursache
BEAMTEN	7	755	Beamten
AKTION	6	754	Aktion
GUTER	5	754	guter
LINKS	5	754	links
NANNTE	6	754	nannte
PLOETZLICH	10	753	plötzlich
STEIGEN	7	753	steigen
TEILEN	6	753	Teilen
BREITE	6	752	Breite
RECHTEN	7	752	rechten
NACHFRAGE	9	751	Nachfrage
TURM	4	751	Turm
TRUG	4	749	trug
ANGELEGT	8	748	angelegt
RICHTER	7	748	Richter
SEE	3	748	See
WAEREN	6	747	wären
BRUECKE	7	746	Brücke
ARMEE	5	745	Armee
ERFAHRUNGEN	11	745	Erfahrungen
ERWARTUNGEN	11	745	Erwartungen
FOERDERUNG	10	745	Förderung
MODERNE	7	744	moderne
UEBERNEHMEN	11	744	übernehmen
ZUNEHMEND	9	743	zunehmend
DIENST	6	742	Dienst
MITTELPUNKT	11	742	Mittelpunkt
ABGELEHNT	9	740	abgelehnt
PARTNER	7	740	Partner
ERSCHIENEN	10	739	erschienen
ERSTELLT	8	739	erstellt
GEPRAEGT	8	739	geprägt
FINALE	6	738	Finale
SITZ	4	735	Sitz
MEHRFACH	8	734	mehrfach
PARIS	5	734	Paris
WANN	4	734	Wann
LIGA	4	733	Liga
STIEGEN	7	733	stiegen
HERSTELLER	10	732	Hersteller
KENNT	5	732	kennt
EINRICHTUNG	11	731	Einrichtung
GROESSEREN	10	731	größeren
ENTSCHEIDEN	11	730	entscheiden
FORTGESETZT	11	730	fortgesetzt
KARTEN	6	730	Karten
GROESSER	8	729	größer
VERBOTEN	8	728	verboten
VERWENDUNG	10	728	Verwendung
HALLE	5	727	Halle
HOEHERE	7	727	höhere
INFORMIERT	10	727	informiert
LEGT	4	727	legt
BESTIMMTE	9	726	bestimmte
PRODUZIERT	10	725	produziert
MEINUNG	7	724	Meinung
SONNE	5	724	Sonne
SEITHER	7	723	Seither
SITZT	5	723	sitzt
ANGENOMMEN	10	722	angenommen
STIL	4	721	Stil
VERBAND	7	721	Verband
ZENTRALE	8	721	zentrale
BESCHRIEBEN	11	720	beschrieben
BEDINGUNGEN	11	718	Bedingungen
NAHE	4	718	nahe
AUSGEBAUT	9	717	ausgebaut
TAEGLICH	8	716	täglich
WEGE	4	716	Wege
BESITZ	6	715	Besitz
FREUNDE	7	715	Freunde
GETROFFEN	9	714	getroffen
PARLAMENT	9	714	Parlament
TRUPPEN	7	714	Truppen
GESPRAECHE	10	713	Gespräche
FANS	4	712	Fans
FORDERN	7	712	fordern
RANG	4	711	Rang
THEATER	7	711	Theater
ANSCHLUSS	9	710	Anschluss
BOERSE	6	710	Börse
ORGANISIERT	11	710	organisiert
TEILNAHME	9	710	Teilnahme
REGELN	6	709	Regeln
BESCHAEDIGT	11	708	beschädigt
FORDERTE	8	705	forderte
NACHFOLGER	10	705	Nachfolger
UNTERDESSEN	11	703	unterdessen
WETTER	6	703	Wetter
BREIT	5	702	breit
SCHLIESST	9	701	schließt
UEBERTRAGEN	11	701	übertragen
BANKEN	6	700	Banken
PARTEIEN	8	700	Parteien
REDUZIERT	9	700	reduziert
SCHWEREN	8	700	schweren
MEISTER	7	699	Meister
VERSTAERKT	10	698	verstärkt
GEBLIEBEN	9	697	geblieben
GERECHNET	9	697	gerechnet
UNTERSUCHT	10	697	untersucht
ZUG	3	696	Zug
GEMEINSAME	10	695	gemeinsame
GEWALT	6	693	Gewalt
KUENDIGTE	9	692	kündigte
KLICKEN	7	691	Klicken
VORERST	7	691	vorerst
AUSNAHME	8	690	Ausnahme
ANDERER	7	689	anderer
ANGEBOTE	8	689	Angebote
COMPUTER	8	689	Computer
MEINEN	6	689	meinen
MITTELS	7	689	mittels
MONAT	5	689	Monat
TORE	4	689	Tore
WECHSEL	7	689	Wechsel
WACHSTUM	8	688	Wachstum
BESTIMMTEN	10	686	bestimmten
SCHLUSS	7	686	Schluss
BEITRAEGE	9	685	Beiträge
DENKEN	6	685	denken
VERTEILT	8	685	verteilt
FARBEN	6	684	Farben
LERNEN	6	684	lernen
STARKEN	7	683	starken
ERHEBLICH	9	682	erheblich
FAHRT	5	681	Fahrt
AENDERN	7	680	ändern
ZEITSCHRIFT	11	680	Zeitschrift
ERFAHRUNG	9	679	Erfahrung
WOLLTEN	7	679	wollten
DIENEN	6	678	dienen
EINGEFUEHRT	11	678	eingeführt
HOF	3	678	Hof
RISIKO	6	678	Risiko
ERGAB	5	677	ergab
FIELEN	6	677	fielen
BETROFFENEN	11	676	Betroffenen
VERHINDERT	10	675	verhindert
WENIGEN	7	674	wenigen
ERHAELTLICH	11	673	erhältlich
BELEGT	6	672	belegt
GESICHERT	9	672	gesichert
OFFIZIELL	9	672	offiziell
AUSLAND	7	671	Ausland
INHALT	6	671	Inhalt
WALD	4	671	Wald
MATERIAL	8	670	Material
SERVICE	7	670	Service
BRACH	5	669	brach
EINZELNE	8	669	einzelne
ERLITT	6	669	erlitt
REDE	4	669	Rede
TAETIGKEIT	10	669	Tätigkeit
BEWOHNER	8	668	Bewohner
HAMBURGER	9	668	Hamburger
TRADITION	9	668	Tradition
ZIELE	5	668	Ziele
FUEHRTEN	8	667	führten
ZIMMER	6	667	Zimmer
HAST	4	666	hast
HOFFNUNG	8	666	Hoffnung
MANCHE	6	666	Manche
MEINER	6	666	meiner
ZUGANG	6	666	Zugang
AUTOMATISCH	11	665	automatisch
ERSCHEINEN	10	665	erscheinen
UEBRIGENS	9	665	übrigens
ALTERNATIVE	11	664	Alternative
ANGRIFF	7	664	Angriff
RECHNEN	7	664	rechnen
SPORT	5	664	Sport
SPRECHER	8	664	Sprecher
VERKEHR	7	664	Verkehr
VORWUERFE	9	664	Vorwürfe
GEBURTSTAG	10	663	Geburtstag
LETZTLICH	9	663	letztlich
PLUS	4	662	Plus
STAERKER	8	662	stärker
TEXTE	5	662	Texte
DIENTE	6	661	diente
ENTSCHEIDET	11	661	entscheidet
FREUND	6	661	Freund
JUGENDLICHE	11	661	Jugendliche
VORJAHR	7	661	Vorjahr
DEINE	5	660	Deine
BESITZEN	8	658	besitzen
SOGENANNTEN	11	658	sogenannten
AENDERUNGEN	11	657	Änderungen
INSTITUT	8	657	Institut
SOFTWARE	8	657	Software
KARTE	5	656	Karte
LEBTEN	6	656	lebten
WICHTIGSTE	10	656	wichtigste
GEEIGNET	8	655	geeignet
OFFIZIELLE	10	655	offizielle
STUDIUM	7	655	Studium
BEGRENZT	8	654	begrenzt
ENERGIE	7	654	Energie
FORSCHUNG	9	653	Forschung
VERLAUF	7	653	Verlauf
BEGLEITET	9	652	begleitet
STANDORT	8	652	Standort
NENNT	5	651	nennt
DRITTEL	7	650	Drittel
STARTET	7	650	startet
VERHINDERN	10	650	verhindern
EIGENES	7	649	eigenes
HISTORISCHE	11	649	historische
NENNEN	6	648	nennen
SCHWIERIG	9	648	schwierig
AUFLAGE	7	647	Auflage
AUTOR	5	647	Autor
MEISTENS	8	645	meistens
HEIMAT	6	644	Heimat
KLEINERE	8	644	kleinere
LEBENS	6	644	Lebens
LONDON	6	644	London
KREIS	5	642	Kreis
LEGEN	5	642	legen
STECKT	6	642	steckt
WELCHEN	7	642	welchen
PASSIERT	8	641	passiert
BISHERIGEN	10	640	bisherigen
FERNSEHEN	9	640	Fernsehen
PROJEKTE	8	639	Projekte
VERSTEHEN	9	639	verstehen
ZWEIMAL	7	639	zweimal
TEAMS	5	638	Teams
WERTE	5	638	Werte
ANSTIEG	7	637	Anstieg
BENUTZT	7	637	benutzt
JEDERZEIT	9	637	jederzeit
BESETZT	7	636	besetzt
KOALITION	9	636	Koalition
STUDENTEN	9	636	Studenten
CHANCEN	7	635	Chancen
GEFORDERT	9	635	gefordert
MODERNEN	8	635	modernen
REICH	5	635	Reich
IDEEN	5	634	Ideen
TRAF	4	633	traf
BESONDEREN	10	632	besonderen
UNTERSCHIED	11	632	Unterschied
DEUTSCH	7	631	Deutsch
GESCHEHEN	9	631	geschehen
POLIZISTEN	10	631	Polizisten
TIEF	4	631	tief
BUEHNE	6	630	Bühne
ERHIELTEN	9	630	erhielten
GEHE	4	630	gehe
DACH	4	629	Dach
LEITER	6	629	Leiter
BESUCHTE	8	628	besuchte
GROSSTEIL	9	628	Großteil
HERR	4	627	Herr
ROTEN	5	627	roten
FUSS	4	626	Fuß
GERING	6	626	gering
PARTIE	6	626	Partie
SEKUNDEN	8	625	Sekunden
LEHNTE	6	624	lehnte
RUSSLAND	8	624	Russland
TRETEN	6	623	treten
BERATUNG	8	622	Beratung
ERFUELLT	8	622	erfüllt
HIESS	5	622	hieß
MITEINANDER	11	622	miteinander
SAMMLUNG	8	622	Sammlung
ZAEHLEN	7	622	zählen
BRITISCHEN	10	620	britischen
ERFOLGE	7	620	Erfolge
PLANUNG	7	620	Planung
SELBEN	6	620	selben
OPPOSITION	10	619	Opposition
SCHWARZ	7	619	schwarz
TOTEN	5	619	Toten
WESENTLICH	10	619	wesentlich
DAUER	5	618	Dauer
SOZIALE	7	618	soziale
SZENE	5	618	Szene
VORGENOMMEN	11	618	vorgenommen
ALLGEMEINEN	11	617	allgemeinen
RUECKKEHR	9	617	Rückkehr
ANSPRUCH	8	616	Anspruch
PAPIER	6	616	Papier
VERLAEUFT	9	616	verläuft
AUFGESTELLT	11	615	aufgestellt
GEFAHREN	8	614	gefahren
RUHE	4	614	Ruhe
SPEZIELLE	9	614	spezielle
TREND	5	614	Trend
ERGIBT	6	613	ergibt
VERTRETER	9	613	Vertreter
BENANNT	7	611	benannt
BRAND	5	611	Brand
FAEHRT	6	611	fährt
QUARTAL	7	611	Quartal
SCHREIBT	8	611	schreibt
WELCHER	7	611	welcher
FALSCH	6	610	falsch
GEHOERTEN	9	610	gehörten
MOMENT	6	610	Moment
SPAETEREN	9	610	späteren
VERTRAUEN	9	610	Vertrauen
DIR	3	609	dir
PAUSE	5	609	Pause
ARZT	4	608	Arzt
HOEHER	6	608	höher
NETZ	4	608	Netz
PRUEFUNG	8	608	Prüfung
TECHNISCHE	10	608	technische
ERSTES	6	607	erstes
FREIE	5	606	freie
INDES	5	606	indes
GEZOGEN	7	605	gezogen
SIEGER	6	605	Sieger
TAGES	5	605	Tages
VERHAELTNIS	11	605	Verhältnis
AUFGELOEST	10	604	aufgelöst
FINDE	5	604	finde
FREUDE	6	604	Freude
MUESSTE	7	604	müsste
POST	4	604	Post
SCHLIESSEN	10	604	schließen
VIERTEN	7	603	vierten
HOLZ	4	602	Holz
VERSEHEN	8	602	versehen
BETRAGEN	8	601	betragen
POSITIVE	8	601	positive
TECHNISCHEN	11	601	technischen
VEREINS	7	601	Vereins
BESUCHT	7	600	besucht
FUHR	4	599	fuhr
GRUENDETE	9	599	gründete
RAT	3	599	Rat
VERSUCH	7	599	Versuch
DEMNACH	7	598	demnach
GEFOERDERT	10	598	gefördert
LEBTE	5	598	lebte
LIEGE	5	598	liege
HOEREN	6	597	hören
WEBSITE	7	597	Website
AEUSSERST	9	596	äußerst
JUGEND	6	596	Jugend
UMS	3	596	ums
ZWEITER	7	596	zweiter
LAENGER	7	595	länger
ZENTIMETER	10	595	Zentimeter
OBEREN	6	594	oberen
PRIVATE	7	594	private
SCHWARZE	8	594	schwarze
BESSERE	7	593	bessere
POLITIKER	9	593	Politiker
FORMEN	6	592	Formen
JAPAN	5	592	Japan
ZUSTIMMUNG	10	592	Zustimmung
BEZIEHUNG	9	591	Beziehung
ERGAENZT	8	591	ergänzt
HANDELN	7	591	handeln
MASCHINE	8	591	Maschine
FINANZIERT	10	590	finanziert
FIRMEN	6	590	Firmen
GEBILDET	8	590	gebildet
INNEREN	7	590	inneren
STAFFEL	7	590	Staffel
DAUERTE	7	589	dauerte
NAMENS	6	589	namens
EINDRUCK	8	588	Eindruck
ONLINE	6	588	online
QUELLEN	7	587	Quellen
AUSGETRAGEN	11	585	ausgetragen
VERLUST	7	585	Verlust
DAUERN	6	584	dauern
GOLD	4	584	Gold
LAUTET	6	584	lautet
RUECKEN	7	584	Rücken
ZURZEIT	7	584	zurzeit
ERHOBEN	7	582	erhoben
FRUEHEREN	9	582	früheren
ANFANGS	7	581	anfangs
EIGENTLICHE	11	581	eigentliche
KLEIN	5	580	klein
VOLLER	6	580	voller
ANTWORTEN	9	579	Antworten
AUTOS	5	579	Autos
SCHLAEGT	8	579	schlägt
BERUF	5	578	Beruf
KAEMPFEN	8	578	kämpfen
SITZEN	6	578	sitzen
ERINNERT	8	577	erinnert
GEGENSATZ	9	577	Gegensatz
ROMAN	5	577	Roman
TOUR	4	577	Tour
AUFNAHME	8	576	Aufnahme
DISKUTIERT	10	576	diskutiert
GLAUBEN	7	576	glauben
INDEM	5	576	indem
BELEGTE	7	574	belegte
BESUCHEN	8	574	besuchen
DESWEGEN	8	573	Deswegen
LEGTEN	6	573	legten
BEOBACHTET	10	572	beobachtet
BRANCHE	7	572	Branche
EINFACHE	8	572	einfache
EINGANG	7	572	Eingang
INDUSTRIE	9	572	Industrie
MOEGLICHST	10	572	möglichst
VORBEREITET	11	572	vorbereitet
DINGE	5	571	Dinge
SAEMTLICHE	10	571	sämtliche
FELD	4	570	Feld
GEGANGEN	8	569	gegangen
SINN	4	569	Sinn
VORSCHLAG	9	569	Vorschlag
HERZ	4	568	Herz
LIED	4	568	Lied
UNMITTELBAR	11	568	unmittelbar
VERBREITET	10	568	verbreitet
ANGEBRACHT	10	567	angebracht
ERBAUT	6	567	erbaut
KONKURRENZ	10	567	Konkurrenz
RICHTIGEN	9	566	richtigen
TUT	3	566	tut
WOLLE	5	566	wolle
FLUCHT	6	565	Flucht
KLEINES	7	565	kleines
KURZEN	6	565	kurzen
BEENDETE	8	564	beendete
GEARBEITET	10	564	gearbeitet
GEFEIERT	8	564	gefeiert
GESCHIEHT	9	564	geschieht
LAGER	5	564	Lager
TONNEN	6	564	Tonnen
AUSBAU	6	563	Ausbau
SCHNELLER	9	563	schneller
VORHABEN	8	563	Vorhaben
INTEGRIERT	10	562	integriert
KOMMISSION	10	562	Kommission
BUND	4	561	Bund
NACHRICHTEN	11	561	Nachrichten
VERLIESS	8	561	verließ
ANGEZEIGT	9	559	angezeigt
ENTSCHIED	9	559	entschied
ZUSTAENDIG	10	559	zuständig
GEWINNT	7	558	gewinnt
INFOS	5	558	Infos
SCHULD	6	558	Schuld
VERLIERT	8	557	verliert
ABSCHNITT	9	556	Abschnitt
ANWENDUNG	9	556	Anwendung
EINHEIT	7	556	Einheit
MASSE	5	556	Masse
RICHTET	7	556	richtet
BENOETIGEN	10	555	benötigen
ENDGUELTIG	10	555	endgültig
ERKLAERTE	9	555	erklärte
ERZAEHLT	8	555	erzählt
FERTIG	6	555	fertig
HALT	4	555	halt
LEICHTE	7	555	leichte
VORTEIL	7	555	Vorteil
WECHSELTE	9	555	wechselte
WUENSCHE	8	555	Wünsche
DUESSELDORF	11	554	Düsseldorf
SORGTE	6	554	sorgte
ZWECK	5	554	Zweck
RUECKGANG	9	553	Rückgang
STEHE	5	553	stehe
WIRKEN	6	553	wirken
CHARAKTER	9	552	Charakter
HERZLICH	8	552	herzlich
SCHWESTER	9	552	Schwester
VERLIEF	7	552	verlief
AKTUELL	7	551	aktuell
MINUS	5	551	Minus
SODASS	6	551	sodass
STARTEN	7	551	starten
ENGLAND	7	550	England
WUENSCHEN	9	550	wünschen
ZOGEN	5	550	zogen
ANMELDUNG	9	549	Anmeldung
STUDIEN	7	549	Studien
DATUM	5	548	Datum
NIEDERLAGE	10	548	Niederlage
AUFSTIEG	8	547	Aufstieg
EINDEUTIG	9	547	eindeutig
ERFAHREN	8	547	erfahren
GESPROCHEN	10	547	gesprochen
EBENE	5	545	Ebene
EXISTIERT	9	545	existiert
SINNE	5	545	Sinne
STAEDTE	7	545	Städte
HAUPTSTADT	10	544	Hauptstadt
POLEN	5	544	Polen
SEHE	4	544	sehe
SPUR	4	544	Spur
STELLUNG	8	544	Stellung
UEBERNAHME	10	544	Übernahme
VERLEGT	7	544	verlegt
GEMEINSAMEN	11	543	gemeinsamen
UNTERRICHT	10	542	Unterricht
VERGESSEN	9	542	vergessen
AUFTRITT	8	541	Auftritt
EINGELADEN	10	540	eingeladen
KAPELLE	7	540	Kapelle
REIN	4	540	rein
STIFTUNG	8	540	Stiftung
VERDIENT	8	540	verdient
VERLANGT	8	540	verlangt
WORTE	5	540	Worte
HANNOVER	8	539	Hannover
LEITETE	7	539	leitete
MACHTEN	7	539	machten
SELBER	6	539	selber
ABTEILUNG	9	538	Abteilung
BEGANNEN	8	538	begannen
LINKE	5	538	linke
ANZEIGE	7	537	Anzeige
VEREINIGTEN	11	537	Vereinigten
HOEHEPUNKT	10	536	Höhepunkt
INITIATIVE	10	536	Initiative
MOECHTEN	8	536	möchten
NIVEAU	6	536	Niveau
TIEFE	5	536	Tiefe
WEISSEN	7	536	weißen
ENTLASSEN	9	535	entlassen
ERNANNT	7	535	ernannt
GENERATION	10	535	Generation
HAENDLER	8	535	Händler
ORDNUNG	7	535	Ordnung
STRUKTUR	8	534	Struktur
BEACHTEN	8	533	beachten
FLUGHAFEN	9	533	Flughafen
PARK	4	533	Park
UMSETZUNG	9	533	Umsetzung
UMSTRITTEN	10	533	umstritten
GEWANNEN	8	532	gewannen
HOECHSTEN	9	532	höchsten
VERURTEILT	10	532	verurteilt
WAHRHEIT	8	532	Wahrheit
JUDEN	5	531	Juden
PRIVATEN	8	531	privaten
RUNDEN	6	531	Runden
PARALLEL	8	530	parallel
VOLK	4	530	Volk
KLOSTER	7	529	Kloster
MOTOR	5	529	Motor
RUSSISCHEN	10	529	russischen
TRAINING	8	529	Training
WARTET	6	529	wartet
BETREUT	7	528	betreut
EURE	4	528	Eure
GESTARTET	9	528	gestartet
REICHEN	7	528	reichen
BAUEN	5	527	bauen
ERGEBEN	7	527	ergeben
HERRSCHAFT	10	527	Herrschaft
FRANKEN	7	526	Franken
KRITISIERT	10	526	kritisiert
VERFOLGT	8	526	verfolgt
ANFRAGE	7	525	Anfrage
HART	4	525	hart
NACHRICHT	9	525	Nachricht
ROTE	4	525	rote
KLINGT	6	524	klingt
WIND	4	524	Wind
ANLASS	6	523	Anlass
ENGLISCH	8	523	Englisch
LEER	4	523	leer
WAPPEN	6	523	Wappen
GENANNTEN	9	522	genannten
HIMMEL	6	522	Himmel
SIEHE	5	522	siehe
VERLIEREN	9	522	verlieren
BRITISCHE	9	521	britische
FEIERN	6	520	feiern
NEUBAU	6	520	Neubau
CLUB	4	519	Club
DARUM	5	519	Darum
GELUNGEN	8	519	gelungen
KANDIDATEN	10	519	Kandidaten
WEIBCHEN	8	518	Weibchen
BEGEISTERT	10	517	begeistert
GESTALTUNG	10	517	Gestaltung
AENDERUNG	9	516	Änderung
ENGAGEMENT	10	516	Engagement
GEDANKEN	8	516	Gedanken
STARTETE	8	516	startete
ZUEGE	5	516	Züge
FRUEH	5	515	früh
GARTEN	6	515	Garten
GESCHICHTEN	11	515	Geschichten
MEER	4	515	Meer
VATERS	6	515	Vaters
VORAUS	6	515	voraus
VORDERGRUND	11	515	Vordergrund
EIGENER	7	514	eigener
ALLGEMEINE	10	513	allgemeine
KOMMENTAR	9	513	Kommentar
REDEN	5	513	reden
ABSOLVIERTE	11	512	absolvierte
GETRENNT	8	512	getrennt
BETEILIGTEN	11	511	Beteiligten
VERGEBEN	8	511	vergeben
IRGENDWIE	9	510	irgendwie
WICHTIGEN	9	510	wichtigen
DRESDEN	7	509	Dresden
SATZ	4	509	Satz
TERMINE	7	509	Termine
WERBUNG	7	509	Werbung
FERNER	6	508	Ferner
THEORIE	7	508	Theorie
AERZTE	6	507	Ärzte
LEISTEN	7	507	leisten
REISEN	6	507	Reisen
VERLIEHEN	9	507	verliehen
EINTRITT	8	506	Eintritt
ENTWURF	7	506	Entwurf
ZEUGEN	6	506	Zeugen
HOEHEREN	8	505	höheren
TISCH	5	505	Tisch
PFLANZEN	8	504	Pflanzen
RECHNET	7	504	rechnet
REGEN	5	504	Regen
SICHTBAR	8	504	sichtbar
ANLEGER	7	503	Anleger
HAUSES	6	503	Hauses
KOMME	5	503	komme
FREIHEIT	8	502	Freiheit
BEKANNTE	8	501	bekannte
BESITZER	8	501	Besitzer
MOEGLICHE	9	501	mögliche
STATION	7	501	Station
AEHNLICHE	9	500	ähnliche
DAMALIGEN	9	500	damaligen
REAKTION	8	500	Reaktion
SCHUETZEN	9	500	schützen
UNTERHALB	9	500	unterhalb
FILME	5	499	Filme
KRANKHEIT	9	499	Krankheit
KUECHE	6	499	Küche
ANGEPASST	9	498	angepasst
AUSGEFUEHRT	11	498	ausgeführt
GEDACHT	7	498	gedacht
GELEGEN	7	498	gelegen
KLARE	5	498	klare
NOERDLICH	9	498	nördlich
AUFLOESUNG	10	497	Auflösung
AUTOREN	7	497	Autoren
GESCHUETZT	10	497	geschützt
GETRAGEN	8	497	getragen
PRINZIP	7	497	Prinzip
RECHNUNG	8	497	Rechnung
UNBEKANNT	9	497	unbekannt
KEINERLEI	9	496	keinerlei
LIEBER	6	496	lieber
STEIN	5	496	Stein
VEREINE	7	496	Vereine
EINGELEITET	11	495	eingeleitet
GEFAEHRDET	10	495	gefährdet
MUENCHNER	9	495	Münchner
SITZUNG	7	495	Sitzung
AUSSAGE	7	494	Aussage
SOZIALEN	8	494	sozialen
TURNIER	7	494	Turnier
ZEITWEISE	9	494	zeitweise
BAUERN	6	492	Bauern
BIST	4	492	bist
GEHANDELT	9	492	gehandelt
GERAETE	7	492	Geräte
SCHWARZEN	9	492	schwarzen
ERKLAERUNG	10	491	Erklärung
SENAT	5	491	Senat
VERLAENGERT	11	491	verlängert
VIELZAHL	8	491	Vielzahl
ABENDS	6	490	Abends
RAEUME	6	490	Räume
GEPRUEFT	8	489	geprüft
INHALTE	7	489	Inhalte
REAGIERT	8	489	reagiert
TOT	3	489	tot
VERWENDEN	9	489	verwenden
ANHAND	6	488	anhand
BERICHTETE	10	488	berichtete
DAHIN	5	488	dahin
FIGUREN	7	488	Figuren
OBERFLAECHE	11	488	Oberfläche
ROT	3	488	rot
SOLCHEN	7	488	solchen
GERATEN	7	487	geraten
MOEGLICHEN	10	487	möglichen
REGELUNG	8	487	Regelung
UNTEREN	7	487	unteren
ABGERISSEN	10	486	abgerissen
BUNDESTAG	9	486	Bundestag
GEWICHT	7	486	Gewicht
PHASE	5	486	Phase
SCHLUG	6	486	schlug
UEBERBLICK	10	486	Überblick
UNBEDINGT	9	486	unbedingt
VORGEHEN	8	486	Vorgehen
BESCHLUSS	9	485	Beschluss
INTERVIEW	9	485	Interview
ZEIGTEN	7	485	zeigten
ANLAGEN	7	484	Anlagen
ERHOEHTE	8	484	erhöhte
ENGLISCHEN	10	483	englischen
GENAUSO	7	483	genauso
LEIDEN	6	483	leiden
UMFANG	6	483	Umfang
MODELLE	7	482	Modelle
VERSUCHTE	9	482	versuchte
WOHNUNGEN	9	482	Wohnungen
ZEITRAUM	8	482	Zeitraum
DERWEIL	7	481	derweil
MASCHINEN	9	481	Maschinen
PROFESSOR	9	481	Professor
VORTEILE	8	481	Vorteile
KURZER	6	480	kurzer
OEFFENTLICH	11	480	öffentlich
BEZAHLT	7	479	bezahlt
SCHIFFE	7	479	Schiffe
AUSDRUCK	8	478	Ausdruck
SCHNELLE	8	478	schnelle
UMGESETZT	9	478	umgesetzt
BEZIEHUNGEN	11	477	Beziehungen
HAUT	4	477	Haut
PRAKTISCH	9	477	praktisch
SENDUNG	7	477	Sendung
TEILS	5	477	teils
BEKANNTEN	9	476	bekannten
EHEFRAU	7	476	Ehefrau
FINANZIELLE	11	476	finanzielle
INNERE	6	476	innere
RATHAUS	7	476	Rathaus
UNABHAENGIG	11	476	unabhängig
AELTESTE	8	475	älteste
ARBEITGEBER	11	475	Arbeitgeber
KAMERA	6	475	Kamera
KOLLEGEN	8	475	Kollegen
MITGLIEDERN	11	475	Mitgliedern
PRESSE	6	475	Presse
ZUGE	4	475	Zuge
EROEFFNUNG	10	474	Eröffnung
TRAUM	5	473	Traum
NATIONALEN	10	472	nationalen
VIERTE	6	472	vierte
FRIEDHOF	8	471	Friedhof
HUND	4	471	Hund
UEBERPRUEFT	11	471	überprüft
WIRKTE	6	471	wirkte
BESCHRAENKT	11	470	beschränkt
ERZIELT	7	470	erzielt
QUELLE	6	470	Quelle
ATMOSPHAERE	11	469	Atmosphäre
STUDIERTE	9	469	studierte
SUEDLICH	8	469	südlich
GEPLANTE	8	468	geplante
WIEDERHOLT	10	468	wiederholt
DRINGEND	8	467	dringend
GEFAELLT	8	467	gefällt
GESCHAEFTE	10	467	Geschäfte
HAENDE	6	467	Hände
INFORMATION	11	466	Information
LEHNT	5	466	lehnt
NEIN	4	466	Nein
DEBATTE	7	465	Debatte
INTERESSANT	11	465	interessant
EINGEBAUT	9	464	eingebaut
FLUSS	5	463	Fluss
KONKRETE	8	463	konkrete
SCHAFFT	7	461	schafft
SIEDLUNG	8	461	Siedlung
SOEHNE	6	461	Söhne
BERG	4	460	Berg
BISHERIGE	9	460	bisherige
ERREICHTEN	10	460	erreichten
INFORMIEREN	11	460	informieren
SPANIEN	7	460	Spanien
WAFFEN	6	460	Waffen
ANGESICHTS	10	459	angesichts
GESTORBEN	9	459	gestorben
PLANT	5	459	plant
PROFITIEREN	11	459	profitieren
STEUERN	7	459	Steuern
STIMMT	6	459	stimmt
AELTEREN	8	458	älteren
ANALYSE	7	458	Analyse
ECHT	4	458	echt
FAELLE	6	458	Fälle
MAXIMAL	7	458	maximal
PLAETZE	7	458	Plätze
VARIANTE	8	458	Variante
GEKLAERT	8	457	geklärt
GELINGT	7	457	gelingt
LEITET	6	457	leitet
LIESSEN	7	457	ließen
OHNEHIN	7	457	ohnehin
UMGANG	6	457	Umgang
STROM	5	456	Strom
BUNDESLIGA	10	455	Bundesliga
ENG	3	455	eng
GEWINNER	8	455	Gewinner
REPUBLIK	8	455	Republik
WEISSE	6	455	weiße
AELTERE	7	454	ältere
SCHAEDEN	8	454	Schäden
SUMME	5	454	Summe
BEISPIELE	9	453	Beispiele
KOMPLETTE	9	453	komplette
LANDSCHAFT	10	453	Landschaft
REAGIERTE	9	453	reagierte
SANIERUNG	9	453	Sanierung
ENTWICKELN	10	452	entwickeln
HERSTELLUNG	11	452	Herstellung
SPIELZEIT	9	452	Spielzeit
UNGEFAEHR	9	452	ungefähr
BIBLIOTHEK	10	451	Bibliothek
ERFASST	7	451	erfasst
HEKTAR	6	451	Hektar
LOESUNGEN	9	451	Lösungen
WIENER	6	451	Wiener
CHEF	4	450	Chef
WEISEN	6	450	weisen
EXISTIEREN	10	449	existieren
GEWISSE	7	449	gewisse
BRIEF	5	448	Brief
FIGUR	5	448	Figur
JOB	3	448	Job
ORTES	5	448	Ortes
UMBAU	5	448	Umbau
BILDETE	7	447	bildete
VERFASSUNG	10	447	Verfassung
EINSTELLUNG	11	446	Einstellung
ERWEITERUNG	11	446	Erweiterung
INTERESSEN	10	446	Interessen
OFFENEN	7	446	offenen
SCHAUEN	7	446	schauen
TELEFON	7	446	Telefon
VERZICHTET	10	446	verzichtet
VIERTEL	7	446	Viertel
AUSSAGEN	8	445	Aussagen
BESASS	6	445	besaß
CHOR	4	445	Chor
EXTREM	6	445	extrem
GESUNDHEIT	10	445	Gesundheit
SPUREN	6	445	Spuren
WAHLEN	6	445	Wahlen
FUNKTIONEN	10	444	Funktionen
LEICHTER	8	444	leichter
PFARRER	7	444	Pfarrer
SPIELTEN	8	444	spielten
DESIGN	6	443	Design
ZUERICH	7	443	Zürich
BETEILIGUNG	11	442	Beteiligung
DURCHMESSER	11	442	Durchmesser
KELLER	6	442	Keller
ERLEICHTERT	11	441	erleichtert
FRANKFURTER	11	440	Frankfurter
GEFUEHL	7	440	Gefühl
INSTALLIERT	11	440	installiert
NIEDER	6	440	nieder
SICHERLICH	10	440	sicherlich
AUSSEHEN	8	439	aussehen
DIREKTOR	8	439	Direktor
GERIET	6	439	geriet
VERLUSTE	8	439	Verluste
GARANTIERT	10	438	garantiert
BETRACHTET	10	437	betrachtet
MILLIMETER	10	437	Millimeter
VERFUEGEN	9	437	verfügen
KLAGE	5	435	Klage
ZWEIFEL	7	435	Zweifel
RUHIG	5	434	ruhig
TEUER	5	434	teuer
VORSTELLUNG	11	434	Vorstellung
AUFGEHOBEN	10	433	aufgehoben
BILANZ	6	433	Bilanz
KAUFEN	6	433	kaufen
VORSCHLAEGE	11	433	Vorschläge
AUFNAHMEN	9	432	Aufnahmen
GEMELDET	8	432	gemeldet
VEREINBART	10	432	vereinbart
VIDEO	5	432	Video
WESTLICHEN	10	432	westlichen
EINHEITEN	9	431	Einheiten
HANDELTE	8	431	handelte
HOHER	5	431	hoher
KAISER	6	431	Kaiser
KONZERT	7	431	Konzert
MARKE	5	431	Marke
VERFUEGBAR	10	431	verfügbar
AUSSEN	6	430	außen
EINWOHNERN	10	430	Einwohnern
HERKUNFT	8	430	Herkunft
ABSTAND	7	429	Abstand
AUFGEGEBEN	10	429	aufgegeben
JUEDISCHEN	10	429	jüdischen
KAPITEL	7	429	Kapitel
KAUF	4	429	Kauf
MEINEM	6	429	meinem
STAERKE	7	429	Stärke
TOTE	4	429	Tote
METHODEN	8	428	Methoden
STAEDTEN	8	428	Städten
WACHSEN	7	428	wachsen
ZUMEIST	7	428	zumeist
ABHAENGIG	9	427	abhängig
IRGENDWANN	10	427	Irgendwann
KRAEFTIG	8	427	kräftig
MAENNCHEN	9	427	Männchen
PASST	5	427	passt
BAUM	4	426	Baum
DEIN	4	426	Dein
GEGENWART	9	426	Gegenwart
KLINIK	6	426	Klinik
TEST	4	426	Test
UMGEBAUT	8	426	umgebaut
VERSORGUNG	10	426	Versorgung
ANBIETER	8	425	Anbieter
FEHLTE	6	425	fehlte
GEBOTEN	7	425	geboten
INNENSTADT	10	425	Innenstadt
KURSE	5	425	Kurse
SPENDEN	7	425	Spenden
VERSUCHEN	9	425	versuchen
AUGE	4	424	Auge
OFFIZIELLEN	11	424	offiziellen
PERSONAL	8	424	Personal
RUSSISCHE	9	424	russische
UEBERRASCHT	11	424	überrascht
KURSZIEL	8	423	Kursziel
BESONDERES	10	422	besonderes
GANG	4	422	Gang
HINWEIS	7	422	Hinweis
VERSTARB	8	422	verstarb
BOTSCHAFT	9	421	Botschaft
ENTTAEUSCHT	11	421	enttäuscht
NAEHERE	7	421	Nähere
REALITAET	9	421	Realität
RUF	3	421	Ruf
SCHWEDEN	8	421	Schweden
ACHTEN	6	420	achten
FORUM	5	420	Forum
GEMAESS	7	420	gemäß
AUSSTATTUNG	11	419	Ausstattung
BEREICHEN	9	419	Bereichen
DURFTE	6	419	durfte
NAEHER	6	419	näher
SUPER	5	419	super
METHODE	7	418	Methode
PAPIERE	7	418	Papiere
AMERIKANER	10	417	Amerikaner
BERICHTEN	9	417	berichten
BLAETTER	8	417	Blätter
FALSCHE	7	417	falsche
GERINGER	8	417	geringer
KANNST	6	417	kannst
BERATEN	7	416	beraten
BOT	3	416	bot
DEUTLICHE	9	416	deutliche
ERLEBEN	7	416	erleben
FEIERT	6	416	feiert
HAFT	4	416	Haft
LEHRE	5	416	Lehre
NOCHMALS	8	416	nochmals
URLAUB	6	416	Urlaub
ANGEORDNET	10	415	angeordnet
DEFINIERT	9	415	definiert
FORDERUNG	9	415	Forderung
SCHLECHTE	9	415	schlechte
AMTSZEIT	8	414	Amtszeit
BALL	4	414	Ball
SPAETEN	7	414	späten
BEREICHE	8	413	Bereiche
FLUGZEUG	8	413	Flugzeug
GEFAENGNIS	10	413	Gefängnis
KOOPERATION	11	413	Kooperation
MUSIKER	7	413	Musiker
SOWEIT	6	413	soweit
AUFGEFUEHRT	11	412	aufgeführt
BESTANDTEIL	11	412	Bestandteil
EINNAHMEN	9	412	Einnahmen
FOTO	4	412	Foto
KIRCHEN	7	412	Kirchen
NATIONALE	9	412	nationale
NIEMALS	7	412	niemals
STAATLICHE	10	412	staatliche
ABSOLUT	7	411	absolut
LIEDER	6	411	Lieder
REFORM	6	411	Reform
BAYERISCHEN	11	410	bayerischen
BUERO	5	410	Büro
GRUENE	6	410	grüne
OFFENE	6	410	offene
PHILOSOPHIE	11	410	Philosophie
ADRESSE	7	409	Adresse
KLETTERTE	9	409	kletterte
LAUF	4	409	Lauf
BERICHTE	8	408	Berichte
DRITTER	7	408	Dritter
FLIESST	7	408	fließt
REGIONEN	8	408	Regionen
UMGEBEN	7	408	umgeben
AUSGABEN	8	407	Ausgaben
AUSGESETZT	10	407	ausgesetzt
GESCHEITERT	11	407	gescheitert
PROVINZ	7	407	Provinz
ANSICHT	7	406	Ansicht
EINZIGEN	8	406	einzigen
POLITISCH	9	406	politisch
TOLLE	5	406	tolle
BEWEGEN	7	404	bewegen
ERKENNBAR	9	404	erkennbar
ERWORBEN	8	404	erworben
LAUFENDEN	9	404	laufenden
LEIDET	6	404	leidet
ANGEBLICH	9	403	angeblich
HEILIGEN	8	403	Heiligen
LANDKREIS	9	403	Landkreis
RUECKTRITT	10	403	Rücktritt
SCHICKSAL	9	403	Schicksal
VERZEICHNET	11	403	verzeichnet
ANERKENNUNG	11	402	Anerkennung
BEZUG	5	402	Bezug
GEBURT	6	402	Geburt
GRIFF	5	402	griff
GRUESSE	7	402	Grüße
SHOW	4	402	Show
TREFFER	7	402	Treffer
ABSTIMMUNG	10	401	Abstimmung
BESTIMMEN	9	401	bestimmen
GESUNKEN	8	401	gesunken
MEHRMALS	8	400	mehrmals
RASCH	5	400	rasch
TABELLE	7	400	Tabelle
ABGEBAUT	8	399	abgebaut
BEEINFLUSST	11	399	beeinflusst
GEMEINDERAT	11	399	Gemeinderat
OPERATION	9	399	Operation
RESTLICHEN	10	399	restlichen
ALLEINE	7	398	alleine
MANAGER	7	398	Manager
STELLTEN	8	398	stellten
BESCHREIBT	10	397	beschreibt
GESORGT	7	397	gesorgt
KREUZ	5	397	Kreuz
NUMMER	6	397	Nummer
SCHOENEN	8	397	schönen
FALLE	5	396	Falle
GELEITET	8	396	geleitet
STRATEGIE	9	396	Strategie
GEIST	5	395	Geist
GEREGELT	8	395	geregelt
HALTUNG	7	395	Haltung
LIEFERT	7	395	liefert
MAENNERN	8	395	Männern
OEFFNEN	7	395	öffnen
TIER	4	395	Tier
DEMNAECHST	10	394	demnächst
KONTAKTE	8	394	Kontakte
KRITISIERTE	11	394	kritisierte
PREMIERE	8	394	Premiere
SINGLE	6	394	Single
BEDROHT	7	393	bedroht
BERECHNET	9	393	berechnet
BEWERTET	8	393	bewertet
ERINNERUNG	10	393	Erinnerung
BASIERT	7	392	basiert
ERHEBLICHE	10	392	erhebliche
JUENGSTEN	9	392	jüngsten
WODURCH	7	392	wodurch
GEFAEHRLICH	11	391	gefährlich
HABT	4	391	habt
SONG	4	391	Song
ABSOLUTE	8	390	absolute
ECHTE	5	390	echte
GELOEST	7	390	gelöst
IDENTITAET	10	390	Identität
INDEX	5	390	Index
KRIEGES	7	390	Krieges
MAG	3	390	mag
STADION	7	390	Stadion
SUEDLICHEN	10	390	südlichen
ALLGEMEIN	9	389	allgemein
DEMOKRATIE	10	389	Demokratie
GEWISSEN	8	389	gewissen
GRUNDSTUECK	11	389	Grundstück
LOESTE	6	389	löste
REALISIERT	10	389	realisiert
SPAREN	6	389	sparen
VERBESSERTE	11	389	verbesserte
ZUGELASSEN	10	389	zugelassen
BEZAHLEN	8	388	bezahlen
GEFERTIGT	9	388	gefertigt
INVESTOREN	10	388	Investoren
VERMEIDEN	9	388	vermeiden
ERZEUGT	7	387	erzeugt
GEGEND	6	387	Gegend
LADEN	5	387	Laden
RELIGION	8	387	Religion
BETRIEBE	8	386	Betriebe
BREMEN	6	386	Bremen
GEBAEUDES	9	386	Gebäudes
ROLLEN	6	386	Rollen
SONGS	5	386	Songs
UMBENANNT	9	386	umbenannt
HERREN	6	385	Herren
SENDER	6	385	Sender
FESTE	5	384	feste
HAFEN	5	384	Hafen
HANDLUNG	8	384	Handlung
HEISSEN	7	384	heißen
ISRAEL	6	384	Israel
KONFLIKT	8	384	Konflikt
LOKALEN	7	384	lokalen
UMFELD	6	384	Umfeld
WEDER	5	384	weder
ABGEBROCHEN	11	383	abgebrochen
GELANGEN	8	383	gelangen
LEICHE	6	383	Leiche
RETTEN	6	382	retten
RISIKEN	7	382	Risiken
SCHAUT	6	382	schaut
STARBEN	7	382	starben
UMGEHEND	8	382	umgehend
UMWELT	6	382	Umwelt
VERSORGT	8	382	versorgt
WAND	4	382	Wand
ERNEUERT	8	381	erneuert
GETAN	5	381	getan
MANAGEMENT	10	381	Management
STERBEN	7	381	sterben
TON	3	381	Ton
VERMIEDEN	9	381	vermieden
ANERKANNT	9	380	anerkannt
ANGESETZT	9	380	angesetzt
BESTELLT	8	380	bestellt
BUNDESWEHR	10	380	Bundeswehr
SEELE	5	380	Seele
STAATLICHEN	11	380	staatlichen
BESTAETIGEN	11	379	bestätigen
BEWERTUNG	9	379	Bewertung
BLUT	4	379	Blut
FREUNDIN	8	379	Freundin
KUENFTIG	8	379	künftig
LIEFERN	7	379	liefern
ORTE	4	379	Orte
SCHEITERTE	10	379	scheiterte
VERHAFTET	9	379	verhaftet
AEUSSERTE	9	378	äußerte
FRUEHERE	8	378	frühere
GERINGE	7	378	geringe
HOFFEN	6	378	hoffen
VERMITTELT	10	378	vermittelt
VERMUTET	8	378	vermutet
WECHSELN	8	378	wechseln
BEGRUENDET	10	377	begründet
WENIGSTENS	10	377	wenigstens
ZUGAENGLICH	11	377	zugänglich
EREIGNISSE	10	376	Ereignisse
LETZTER	7	376	letzter
REINE	5	376	reine
ROM	3	376	Rom
GLAUBE	6	375	glaube
PERFEKT	7	375	perfekt
STIESS	6	375	stieß
URSACHEN	8	375	Ursachen
ANDERES	7	374	anderes
BLEIBE	6	374	bleibe
EINGEWEIHT	10	374	eingeweiht
GEZAEHLT	8	374	gezählt
SCHNITT	7	374	Schnitt
THERAPIE	8	374	Therapie
VERLETZTE	9	374	verletzte
AKADEMIE	8	373	Akademie
BEFANDEN	8	372	befanden
EINIGER	7	372	einiger
ERHOEHUNG	9	372	Erhöhung
GRUNDLAGEN	10	372	Grundlagen
AUFS	4	371	aufs
BESTANDEN	9	371	bestanden
FRANZOSEN	9	371	Franzosen
EINIGUNG	8	370	Einigung
EINSTIMMIG	10	370	einstimmig
GASTGEBER	9	370	Gastgeber
HOCHSCHULE	10	370	Hochschule
INTEGRATION	11	370	Integration
REVOLUTION	10	370	Revolution
SCHLACHT	8	370	Schlacht
VORAN	5	370	voran
AKTIVEN	7	369	aktiven
BESSEREN	8	369	besseren
ERTEILT	7	369	erteilt
GERETTET	8	369	gerettet
STRUKTUREN	10	369	Strukturen
TYP	3	369	Typ
URKUNDLICH	10	369	urkundlich
WENDE	5	369	Wende
GELTE	5	368	gelte
RAND	4	368	Rand
VERBOT	6	368	Verbot
VERSCHOBEN	10	368	verschoben
VORBILD	7	368	Vorbild
AUSREICHEND	11	367	ausreichend
BENUTZEN	8	367	benutzen
DIVERSE	7	367	diverse
GEGENTEIL	9	367	Gegenteil
OESTLICH	8	367	östlich
BESTRITT	8	366	bestritt
FLAECHEN	8	366	Flächen
FORTAN	6	366	fortan
MEDIZIN	7	366	Medizin
SCHLUESSEL	10	366	Schlüssel
ALLTAG	6	365	Alltag
NOERDLICHEN	11	365	nördlichen
REAKTIONEN	10	365	Reaktionen
TRATEN	6	365	traten
AKTIONEN	8	364	Aktionen
BESTEHENDE	10	364	bestehende
KLIMA	5	364	Klima
AKTIVE	6	363	aktive
BERUFUNG	8	363	Berufung
HERUM	5	363	herum
KLASSISCHEN	11	363	klassischen
OEFFNET	7	363	öffnet
SPANNUNG	8	363	Spannung
VORGELEGT	9	363	vorgelegt
ZEICHNET	8	363	zeichnet
ANS	3	362	ans
FORSCHER	8	362	Forscher
KOELNER	7	362	Kölner
PFLEGE	6	362	Pflege
MATERIALIEN	11	361	Materialien
LANDTAG	7	360	Landtag
MOSKAU	6	360	Moskau
PRODUKT	7	360	Produkt
PROGRAMME	9	360	Programme
FLAMMEN	7	359	Flammen
GELASSEN	8	359	gelassen
MINISTER	8	359	Minister
UNTERWEGS	9	359	unterwegs
GEPLANTEN	9	358	geplanten
AMERIKA	7	357	Amerika
BETREUUNG	9	357	Betreuung
ELEMENTE	8	357	Elemente
ERFAEHRT	8	357	erfährt
FORDERUNGEN	11	357	Forderungen
FRIEDEN	7	357	Frieden
KERN	4	357	Kern
SAHEN	5	357	sahen
SCHWACH	7	357	schwach
ARCHITEKTUR	11	356	Architektur
ERKANNT	7	356	erkannt
KRAEFTE	7	356	Kräfte
REGIE	5	356	Regie
SETZTEN	7	356	setzten
VERDACHT	8	356	Verdacht
ZAEHLTE	7	356	zählte
AUFKLAERUNG	11	355	Aufklärung
AUSGELOEST	10	355	ausgelöst
BAEUME	6	355	Bäume
EINFACHEN	9	355	einfachen
HAENGEN	7	355	hängen
MAUER	5	355	Mauer
NACHBARN	8	355	Nachbarn
POSTEN	6	355	Posten
STUECKE	7	355	Stücke
ARBEITER	8	354	Arbeiter
BESONDERER	10	354	besonderer
DAHINTER	8	354	Dahinter
ERHOEHEN	8	354	erhöhen
GELIEFERT	9	354	geliefert
INSOFERN	8	354	Insofern
LESER	5	354	Leser
AUFTRETEN	9	353	auftreten
BESCHLOSS	9	353	beschloss
EINST	5	353	einst
FUERS	5	353	fürs
MITTLEREN	9	353	mittleren
SINNVOLL	8	353	sinnvoll
BETRIFFT	8	352	betrifft
KLEINEREN	9	352	kleineren
LOESEN	6	352	lösen
SILBER	6	352	Silber
TODE	4	352	Tode
DUERFTEN	8	351	dürften
EXEMPLARE	9	351	Exemplare
LOHNT	5	351	lohnt
MORD	4	351	Mord
ARM	3	350	Arm
BEZIRK	6	350	Bezirk
HOFFT	5	350	hofft
KEINESWEGS	10	350	keineswegs
LAENGERE	8	350	längere
PERSOENLICH	11	350	persönlich
RIEF	4	350	rief
FREUT	5	349	freut
GESCHAFFT	9	349	geschafft
GREIFT	6	349	greift
TRENNUNG	8	349	Trennung
VORWURF	7	349	Vorwurf
BEINHALTET	10	348	beinhaltet
BRICHT	6	348	bricht
HAENDEN	7	348	Händen
KLASSISCHE	10	348	klassische
PARTY	5	348	Party
ANGESAGT	8	347	angesagt
BILDERN	7	347	Bildern
BRUEDER	7	347	Brüder
AUSTRALIEN	10	346	Australien
BRAUCHE	7	346	brauche
DENKBAR	7	346	denkbar
KONZERTE	8	346	Konzerte
KRITIKER	8	346	Kritiker
TOURISMUS	9	346	Tourismus
WESENTLICHE	11	346	wesentliche
ANGESEHEN	9	345	angesehen
BESTEHENDEN	11	345	bestehenden
ENORM	5	345	enorm
GESTRICHEN	10	345	gestrichen
RESTAURANT	10	345	Restaurant
SPIEGEL	7	345	Spiegel
STRAFE	6	345	Strafe
STURM	5	345	Sturm
TOTAL	5	345	total
VERSPRICHT	10	345	verspricht
VORGABEN	8	345	Vorgaben
AUSBLICK	8	344	Ausblick
BEGRUENDUNG	11	344	Begründung
GEBUNDEN	8	344	gebunden
SICHERN	7	344	sichern
BEWEGT	6	343	bewegt
EXISTENZ	8	343	Existenz
JUENGSTE	8	343	jüngste
VORGANG	7	343	Vorgang
WESTLICH	8	343	westlich
BETT	4	342	Bett
MACHE	5	342	mache
NEGATIV	7	342	negativ
UEBERSETZT	10	342	übersetzt
VERSTANDEN	10	342	verstanden
FREILICH	8	341	freilich
MASSNAHME	9	341	Maßnahme
MITTEN	6	341	mitten
ANREGUNGEN	10	340	Anregungen
GESCHAH	7	340	geschah
GESTALTEN	9	340	gestalten
LUST	4	340	Lust
MITTELALTER	11	340	Mittelalter
NUNMEHR	7	340	nunmehr
PROGNOSE	8	340	Prognose
UEBERZEUGT	10	340	überzeugt
ANWALT	6	339	Anwalt
CENT	4	339	Cent
SCHRIFTEN	9	339	Schriften
STATTFINDEN	11	339	stattfinden
TUEREN	6	339	Türen
VERSTEHT	8	339	versteht
ZUGEORDNET	10	339	zugeordnet
ABGERUFEN	9	338	abgerufen
ERKENNT	7	338	erkennt
HOERT	5	338	hört
VERSUCHE	8	338	Versuche
WEICHEN	7	338	weichen
BEZEICHNETE	11	337	bezeichnete
BREITEN	7	337	breiten
GENAUEN	7	337	genauen
INDIVIDUELL	11	337	individuell
JAHRZEHNTEN	11	337	Jahrzehnten
MANNES	6	337	Mannes
TEILT	5	337	teilt
ZENTRALEN	9	337	zentralen
ANGEWIESEN	10	336	angewiesen
EINFACHER	9	336	einfacher
ENTWEDER	8	336	entweder
FLUEGEL	7	336	Flügel
OFTMALS	7	336	oftmals
AUSGEBILDET	11	335	ausgebildet
ENDEN	5	335	enden
GERINGEN	8	335	geringen
GLAUBT	6	335	glaubt
HINEIN	6	335	hinein
RADIO	5	335	Radio
ABLAUF	6	334	Ablauf
AUFGETEILT	10	334	aufgeteilt
ENGLISCHE	9	334	englische
FEIERTE	7	334	feierte
LEICHTEN	8	334	leichten
LIVE	4	334	live
STATUS	6	334	Status
BESETZUNG	9	333	Besetzung
EMPFOHLEN	9	333	empfohlen
FLIEGEN	7	333	fliegen
GESCHICKT	9	333	geschickt
GRUEN	5	333	grün
SCHRITTE	8	333	Schritte
UEBERSICHT	10	333	Übersicht
VORWIEGEND	10	333	vorwiegend
BAUARBEITEN	11	332	Bauarbeiten
BUNDESRAT	9	332	Bundesrat
DOWNLOAD	8	332	Download
HOFFENTLICH	11	332	Hoffentlich
KOMBINATION	11	332	Kombination
POSITIONEN	10	332	Positionen
PROMILLE	8	332	Promille
ABGEGEBEN	9	331	abgegeben
ERINNERN	8	331	erinnern
HINTEN	6	331	hinten
MOTIV	5	331	Motiv
REICHTE	7	331	reichte
SZENEN	6	331	Szenen
BEZIEHT	7	330	bezieht
ERSTRECKT	9	330	erstreckt
GEBIETE	7	330	Gebiete
JAPANISCHEN	11	330	japanischen
JEMAND	6	330	jemand
MASS	4	330	Maß
STEINE	6	330	Steine
ANSATZ	6	329	Ansatz
AUFWAND	7	329	Aufwand
BEDECKT	7	329	bedeckt
BEGRUESSTE	10	329	begrüßte
GETESTET	8	329	getestet
SPANISCHEN	10	329	spanischen
BERUFEN	7	328	berufen
ENTSPRECHEN	11	328	entsprechen
GELEGENHEIT	11	328	Gelegenheit
GENERAL	7	328	General
NUERNBERG	9	328	Nürnberg
VERKAUFEN	9	328	verkaufen
WEIN	4	328	Wein
BEHALTEN	8	327	behalten
BEHOERDE	8	327	Behörde
BIER	4	327	Bier
GRAB	4	327	Grab
PLANEN	6	327	planen
SANIERT	7	327	saniert
SCHWERER	8	327	schwerer
VERBINDET	9	327	verbindet
ZEITUNGEN	9	327	Zeitungen
AELTESTEN	9	326	ältesten
JURY	4	326	Jury
SCHIEN	6	326	schien
SPAETERE	8	326	spätere
STOLZ	5	326	stolz
UEBLICHEN	9	326	üblichen
BEINE	5	325	Beine
BUS	3	325	Bus
DIREKTE	7	325	direkte
KUNDE	5	325	Kunde
VERBESSERN	10	325	verbessern
BETRAG	6	324	Betrag
BOOT	4	324	Boot
DREIMAL	7	324	dreimal
GEFUEHLE	8	324	Gefühle
GENIESSEN	9	324	genießen
LIEBEN	6	324	lieben
REAGIEREN	9	324	reagieren
SCHATTEN	8	324	Schatten
BAUTE	5	323	baute
EIGENTUEMER	11	323	Eigentümer
GETEILT	7	323	geteilt
LINIEN	6	323	Linien
SPEZIELLEN	10	323	speziellen
SPIELS	6	323	Spiels
VERURSACHT	10	323	verursacht
ANSCHLAG	8	322	Anschlag
AUSGELEGT	9	322	ausgelegt
AUSGESTELLT	11	322	ausgestellt
AUSGLEICH	9	322	Ausgleich
BEOBACHTEN	10	322	beobachten
DOKUMENTE	9	322	Dokumente
GYMNASIUM	9	322	Gymnasium
INSELN	6	322	Inseln
MISCHUNG	8	322	Mischung
SASS	4	322	saß
SCHLECHTEN	10	322	schlechten
UEBERGEBEN	10	322	übergeben
VERBRAUCHER	11	322	Verbraucher
WAHRE	5	322	wahre
WICHTIGES	9	322	wichtiges
BEANTRAGT	9	321	beantragt
BEGEGNUNG	9	321	Begegnung
FUENFTEN	8	321	fünften
OEL	3	321	Öl
PASSAGIERE	10	321	Passagiere
SPIELTAG	8	321	Spieltag
WAFFE	5	321	Waffe
BROWSER	7	320	Browser
FILMS	5	320	Films
PASSIEREN	9	320	passieren
SAENGER	7	320	Sänger
VERSETZT	8	320	versetzt
ENDGUELTIGE	11	319	endgültige
GALERIE	7	319	Galerie
GENEHMIGUNG	11	319	Genehmigung
GEWINNE	7	319	Gewinne
HOLTE	5	319	holte
KOMMUNEN	8	319	Kommunen
PRAKTISCHE	10	319	praktische
STIMMTE	7	319	stimmte
VORSITZENDE	11	319	Vorsitzende
BONN	4	318	Bonn
FESTEN	6	318	festen
HERRSCHTE	9	318	herrschte
MISSION	7	318	Mission
SPAETESTENS	11	318	spätestens
TAL	3	318	Tal
VORSICHT	8	318	Vorsicht
GEDREHT	7	317	gedreht
STRECKEN	8	317	Strecken
UNTERLAGEN	10	317	Unterlagen
VILLA	5	317	Villa
WARNT	5	317	warnt
WIESEN	6	317	wiesen
AUSGEWAEHLT	11	316	ausgewählt
ERMITTLER	9	316	Ermittler
FOERDERN	8	316	fördern
FREIBURG	8	316	Freiburg
GEFASST	7	316	gefasst
MESSE	5	316	Messe
NORMALE	7	316	normale
SCHLECHTER	10	316	schlechter
SORGE	5	316	Sorge
UMFASSENDE	10	316	umfassende
ZUSTIMMEN	9	316	zustimmen
BELASTET	8	315	belastet
HIELTEN	7	315	hielten
KATALOG	7	315	Katalog
KUESTE	6	315	Küste
OBERHALB	8	315	oberhalb
OLYMPISCHEN	11	315	Olympischen
PAPST	5	315	Papst
ANHAENGER	9	314	Anhänger
BELIEBT	7	314	beliebt
FASSADE	7	314	Fassade
HARTE	5	314	harte
KOENNT	6	314	könnt
MELDEN	6	314	melden
OERTLICHEN	10	314	örtlichen
ORIGINAL	8	314	Original
PROTEST	7	314	Protest
SCHLAGEN	8	314	schlagen
ERFORDERT	9	313	erfordert
ERWACHSENE	10	313	Erwachsene
KRITISCH	8	313	kritisch
REGISSEUR	9	313	Regisseur
SACHSEN	7	313	Sachsen
BEFREIT	7	312	befreit
BISCHOF	7	312	Bischof
BITTET	6	312	bittet
FREUE	5	312	freue
GELOESCHT	9	312	gelöscht
MAXIMALE	8	312	maximale
PROTESTE	8	312	Proteste
SCHRIFTLICH	11	312	schriftlich
SYSTEME	7	312	Systeme
GEMESSEN	8	311	gemessen
OESTLICHEN	10	311	östlichen
RICHTEN	7	311	richten
UEBERZEUGEN	11	311	überzeugen
ENTSTEHUNG	10	310	Entstehung
GATTUNG	7	310	Gattung
KOSTETE	7	310	kostete
MEINT	5	310	meint
MOMENTAN	8	310	momentan
ARME	4	309	Arme
BETREIBT	8	309	betreibt
GESCHLAGEN	10	309	geschlagen
KLEIDUNG	8	309	Kleidung
KUERZE	6	309	Kürze
MILLION	7	309	Million
MUEHLE	6	309	Mühle
PRUEFEN	7	309	prüfen
BEIDES	6	308	Beides
FINANZKRISE	11	308	Finanzkrise
NACHTS	6	308	nachts
OBJEKTE	7	308	Objekte
REIHENFOLGE	11	308	Reihenfolge
AUSFUEHRUNG	11	307	Ausführung
BEDENKEN	8	307	Bedenken
DROHEN	6	307	drohen
LAUFENDE	8	307	laufende
STAERKEN	8	307	stärken
TRANSPORT	9	307	Transport
VIELFALT	8	307	Vielfalt
WUNDER	6	307	Wunder
ALKOHOL	7	306	Alkohol
AUFSCHWUNG	10	306	Aufschwung
BLAU	4	306	blau
BRACHTEN	8	306	brachten
FONDS	5	306	Fonds
KRITERIEN	9	306	Kriterien
WESEN	5	306	Wesen
BUNDESWEIT	10	305	bundesweit
ERFUELLEN	9	305	erfüllen
GESAMMELT	9	305	gesammelt
NORMAL	6	305	normal
PFERD	5	305	Pferd
SCHAFFTE	8	305	schaffte
VERBREITUNG	11	305	Verbreitung
VORHANDENEN	11	305	vorhandenen
WIRFT	5	305	wirft
ERLEBTE	7	304	erlebte
ERRICHTUNG	10	304	Errichtung
GRUNDSCHULE	11	304	Grundschule
NORMALEN	8	304	normalen
BEARBEITET	10	303	bearbeitet
BEIDER	6	303	beider
BEWUSST	7	303	bewusst
EIS	3	303	Eis
ERHOLUNG	8	303	Erholung
FESTIVAL	8	303	Festival
REGISTRIERT	11	303	registriert
TAUSENDE	8	303	Tausende
DIALOG	6	302	Dialog
DORFES	6	302	Dorfes
GEHEIMNIS	9	302	Geheimnis
GESPANNT	8	302	gespannt
MAIN	4	302	Main
SCHLAG	6	302	Schlag
STIRBT	6	302	stirbt
ARCHITEKTEN	11	301	Architekten
AUTOFAHRER	10	301	Autofahrer
ECKE	4	301	Ecke
ERLITTEN	8	301	erlitten
KAEMPFT	7	301	kämpft
TATEN	5	301	Taten
TIEFER	6	301	tiefer
VERLAESST	9	301	verlässt
VORFALL	7	301	Vorfall
WOHNEN	6	301	wohnen
AENDERT	7	300	ändert
AUSTAUSCH	9	300	Austausch
BAUTEN	6	300	Bauten
KEINEM	6	300	keinem
RECHTZEITIG	11	300	rechtzeitig
STADTRAT	8	300	Stadtrat
SYSTEMS	7	300	Systems
WEITE	5	300	weite
ALL	3	299	All
DORTIGEN	8	299	dortigen
ERSTELLEN	9	299	erstellen
GIPFEL	6	299	Gipfel
GLUECKLICH	10	299	glücklich
KLUB	4	299	Klub
MANCHEN	7	299	manchen
OBJEKT	6	299	Objekt
ORTEN	5	299	Orten
SPEZIELL	8	299	speziell
STETIG	6	299	stetig
TEILNEHMEN	10	299	teilnehmen
VERTRAEGE	9	299	Verträge
VORSPRUNG	9	299	Vorsprung
SAAL	4	298	Saal
STABIL	6	298	stabil
VIELFACH	8	298	vielfach
WESHALB	7	298	weshalb
EIER	4	297	Eier
INVESTIERT	10	297	investiert
KLASSEN	7	297	Klassen
VOLLE	5	297	volle
AENDERTE	8	296	änderte
GEBRAUCH	8	296	Gebrauch
HALBEN	6	296	halben
INDIEN	6	296	Indien
SCHICKEN	8	296	schicken
VARIANTEN	9	296	Varianten
VERMOEGEN	9	296	Vermögen
ARCHIV	6	295	Archiv
BEINAHE	7	295	beinahe
DICHT	5	295	dicht
ERDGESCHOSS	11	295	Erdgeschoss
FLEISCH	7	295	Fleisch
GEBIETEN	8	295	Gebieten
MITTLERE	8	295	mittlere
EREIGNIS	8	294	Ereignis
HAUSHALT	8	294	Haushalt
IDEALE	6	294	ideale
RUHESTAND	9	294	Ruhestand
VORNE	5	294	vorne
BEUTE	5	293	Beute
NOTWENDIGEN	11	293	notwendigen
TRAFEN	6	293	trafen
UNTERTEILT	10	293	unterteilt
VERFASSTE	9	293	verfasste
BESTELLUNG	10	292	Bestellung
DATENBANK	9	292	Datenbank
DRAUSSEN	8	292	draußen
EMPFEHLEN	9	292	empfehlen
ERREICHBAR	10	292	erreichbar
GESTALT	7	292	Gestalt
HUNDE	5	292	Hunde
POSITIVEN	9	292	positiven
RAUS	4	292	raus
STREIFEN	8	292	Streifen
TEMPERATUR	10	292	Temperatur
UEBLICH	7	292	üblich
UMZUG	5	292	Umzug
VEREINIGUNG	11	292	Vereinigung
WOHER	5	292	Woher
ZAHLT	5	292	zahlt
ZWEITES	7	292	zweites
BELASTUNG	9	291	Belastung
FLUG	4	291	Flug
FOERDERT	8	291	fördert
GEFAERBT	8	291	gefärbt
GESETZE	7	291	Gesetze
KAFFEE	6	291	Kaffee
NAHRUNG	7	291	Nahrung
UMFRAGE	7	291	Umfrage
AEHNLICHES	10	290	Ähnliches
BESATZUNG	9	290	Besatzung
EFFEKT	6	290	Effekt
ERLEDIGT	8	290	erledigt
HERRN	5	290	Herrn
LIEFEN	6	290	liefen
LITER	5	290	Liter
MUSTER	6	290	Muster
NATUERLICHE	11	290	natürliche
PERSPEKTIVE	11	290	Perspektive
PFLICHT	7	290	Pflicht
ROEMISCHEN	10	290	römischen
SCHARF	6	290	scharf
TOECHTER	8	290	Töchter
WAHLKAMPF	9	290	Wahlkampf
KATHOLISCHE	11	289	katholische
LANGER	6	289	langer
LIEBT	5	289	liebt
TRAEGER	7	289	Träger
TYPISCHE	8	289	typische
VERKAUFTE	9	289	verkaufte
VORLAGE	7	289	Vorlage
AUSEINANDER	11	288	auseinander
BACH	4	288	Bach
ERFOLGLOS	9	288	erfolglos
FORTSETZUNG	11	288	Fortsetzung
GESCHMACK	9	288	Geschmack
GEWAEHRT	8	288	gewährt
KANADA	6	288	Kanada
POLNISCHEN	10	288	polnischen
SOLCHER	7	288	solcher
UMGEKEHRT	9	288	umgekehrt
AUFNEHMEN	9	287	aufnehmen
BEDIENT	7	287	bedient
BESTELLEN	9	287	bestellen
BUCHSTABEN	10	287	Buchstaben
GEBRAUCHT	9	287	gebraucht
KATEGORIE	9	287	Kategorie
LAUFZEIT	8	287	Laufzeit
MELDETE	7	287	meldete
SCHOENER	8	287	schöner
SEMINAR	7	287	Seminar
ALLMAEHLICH	11	286	allmählich
DUNKEL	6	286	dunkel
ELEMENT	7	286	Element
ENGE	4	286	enge
FOKUS	5	286	Fokus
GENEHMIGT	9	286	genehmigt
GESPEICHERT	11	286	gespeichert
HALBE	5	286	halbe
KALT	4	286	kalt
LACHEN	6	286	Lachen
MENSCHLICHE	11	286	menschliche
MINISTERIUM	11	286	Ministerium
PROBLEMEN	9	286	Problemen
SKEPTISCH	9	286	skeptisch
VOLLKOMMEN	10	286	vollkommen
BEAMTE	6	285	Beamte
DIREKTEN	8	285	direkten
GEKAUFT	7	285	gekauft
HEFT	4	285	Heft
HOTELS	6	285	Hotels
HUNDERT	7	285	hundert
TREFFPUNKT	10	285	Treffpunkt
UNBEKANNTEN	11	285	unbekannten
ABGESTIMMT	10	284	abgestimmt
DAMEN	5	284	Damen
HALBFINALE	10	284	Halbfinale
SITZE	5	284	Sitze
STADTTEIL	9	284	Stadtteil
VERHANDELT	10	284	verhandelt
AERGER	6	283	Ärger
ASPEKTE	7	283	Aspekte
AUSGEWIESEN	11	283	ausgewiesen
BEGRUESST	9	283	begrüßt
BLUETEN	7	283	Blüten
ENTFERNUNG	10	283	Entfernung
ERKLAEREN	9	283	erklären
GEFUELLT	8	283	gefüllt
GESENKT	7	283	gesenkt
JUENGEREN	9	283	jüngeren
SCHULDEN	8	283	Schulden
SEID	4	283	seid
STEIGERUNG	10	283	Steigerung
VERLAUFEN	9	283	verlaufen
VERLETZTEN	10	283	Verletzten
ZUGUNSTEN	9	283	zugunsten
BILDETEN	8	282	bildeten
CHAOS	5	282	Chaos
KINOS	5	282	Kinos
KOMMENDE	8	282	kommende
KOMPROMISS	10	282	Kompromiss
KURZFRISTIG	11	282	kurzfristig
LAUFBAHN	8	282	Laufbahn
MOTIVE	6	282	Motive
NUTZER	6	282	Nutzer
ORTSTEIL	8	282	Ortsteil
REGIONALEN	10	282	regionalen
RESTE	5	282	Reste
SOWIESO	7	282	sowieso
ZUSTANDE	8	282	zustande
GEWACHSEN	9	281	gewachsen
RAEUMEN	7	281	Räumen
ANGEKOMMEN	10	280	angekommen
BEVORZUGT	9	280	bevorzugt
HOCHZEIT	8	280	Hochzeit
KATASTROPHE	11	280	Katastrophe
SCHEITERN	9	280	Scheitern
SENDEN	6	280	senden
UNTERNEHMER	11	280	Unternehmer
BEZIEHEN	8	279	beziehen
BRITEN	6	279	Briten
GEMEINT	7	279	gemeint
GUENSTIG	8	279	günstig
HEFTIG	6	279	heftig
KLANG	5	279	Klang
LOKALE	6	279	lokale
SCHUELERN	9	279	Schülern
SINKT	5	279	sinkt
VERSAMMLUNG	11	279	Versammlung
WARNTE	6	279	warnte
WIDERSPRUCH	11	279	Widerspruch
AUSGEGANGEN	11	278	ausgegangen
GELADEN	7	278	geladen
GELERNT	7	278	gelernt
HALBZEIT	8	278	Halbzeit
AKZEPTIERT	10	277	akzeptiert
BRANNTE	7	277	brannte
INTENSIV	8	277	intensiv
KAPITAEN	8	277	Kapitän
TIEREN	6	277	Tieren
VERAENDERN	10	277	verändern
BEDINGT	7	276	bedingt
EROEFFNETE	10	276	eröffnete
KAEUFER	7	276	Käufer
REVISION	8	276	Revision
STRAND	6	276	Strand
STUERZTE	8	276	stürzte
EINGETRAGEN	11	275	eingetragen
EINSTIEG	8	275	Einstieg
ERLOES	6	275	Erlös
FUSION	6	275	Fusion
VERZICHTEN	10	275	verzichten
ANKLAGE	7	274	Anklage
DANKE	5	274	Danke
FUEHRENDEN	10	274	führenden
HERZEN	6	274	Herzen
ANGEKLAGTEN	11	273	Angeklagten
ASPEKT	6	273	Aspekt
BEZOGEN	7	273	bezogen
FALSCHEN	8	273	falschen
GESTOPPT	8	273	gestoppt
HAEUSERN	8	273	Häusern
INSTRUMENT	10	273	Instrument
INSTRUMENTE	11	273	Instrumente
JEWEILIGE	9	273	jeweilige
MAGAZIN	7	273	Magazin
MELDET	6	273	meldet
PLANUNGEN	9	273	Planungen
ANBAU	5	272	Anbau
ARMEN	5	272	Armen
BEREITET	8	272	bereitet
DURCHBRUCH	10	272	Durchbruch
FREUNDEN	8	272	Freunden
GENANNTE	8	272	genannte
GLAS	4	272	Glas
GUTACHTEN	9	272	Gutachten
KLAGEN	6	272	Klagen
SIGNAL	6	272	Signal
SPAET	5	272	spät
AUSGANG	7	271	Ausgang
DESTO	5	271	desto
EINLADUNG	9	271	Einladung
ERLEBT	6	271	erlebt
KRIEGSENDE	10	271	Kriegsende
MAERKTE	7	271	Märkte
SCHUSS	6	271	Schuss
STANDARD	8	271	Standard
STATISTIK	9	271	Statistik
BAUT	4	270	baut
ERZAEHLEN	9	270	erzählen
FASSUNG	7	270	Fassung
HESSEN	6	270	Hessen
ORGEL	5	270	Orgel
REIHEN	6	270	Reihen
SCHNEE	6	270	Schnee
SCHRIFT	7	270	Schrift
VONEINANDER	11	270	voneinander
ABSCHIED	8	269	Abschied
AUFTAKT	7	269	Auftakt
DURFTEN	7	269	durften
NATIONAL	8	269	National
PFERDE	6	269	Pferde
SAMMELN	7	269	sammeln
SCHOCK	6	269	Schock
SERVER	6	269	Server
TESTS	5	269	Tests
TRAINIERT	9	269	trainiert
VERMITTELN	10	269	vermitteln
BOESE	5	268	böse
ERARBEITET	10	268	erarbeitet
ERNAEHRUNG	10	268	Ernährung
SCHWEIGEN	9	268	Schweigen
TOURISTEN	9	268	Touristen
UFER	4	268	Ufer
UNMOEGLICH	10	268	unmöglich
WURZELN	7	268	Wurzeln
CHINESISCHE	11	267	chinesische
DORTMUND	8	267	Dortmund
ERHEBLICHEN	11	267	erheblichen
INFOLGE	7	267	infolge
NUTZT	5	267	nutzt
UNBEKANNTE	10	267	unbekannte
WIESBADEN	9	267	Wiesbaden
EINZIGER	8	266	einziger
ERWARB	6	266	erwarb
GEMAELDE	8	266	Gemälde
GESTEIGERT	10	266	gesteigert
KARLSRUHE	9	266	Karlsruhe
PILOTEN	7	266	Piloten
STAATES	7	266	Staates
SUCHTE	6	266	suchte
VERBRACHTE	10	266	verbrachte
VERFUEGTE	9	266	verfügte
WERKEN	6	266	Werken
BLATT	5	265	Blatt
BRAUN	5	265	braun
DERARTIGE	9	265	derartige
FRONT	5	265	Front
HOLEN	5	265	holen
KAMMER	6	265	Kammer
SCHNELLEN	9	265	schnellen
DUNKLEN	7	264	dunklen
ERLEBNIS	8	264	Erlebnis
FREUNDLICH	10	264	freundlich
GENERELL	8	264	generell
HELFER	6	264	Helfer
LETZTERE	8	264	Letztere
NACHWUCHS	9	264	Nachwuchs
NOTIERT	7	264	notiert
PARKPLATZ	9	264	Parkplatz
TOETEN	6	264	töten
WAHR	4	264	wahr
AUSNAHMEN	9	263	Ausnahmen
AUSWERTUNG	10	263	Auswertung
BERUHT	6	263	beruht
DENKMAL	7	263	Denkmal
DIENSTE	7	263	Dienste
FUHREN	6	263	fuhren
KAEMPFE	7	263	Kämpfe
SINKEN	6	263	sinken
TEURER	6	263	teurer
TOLL	4	263	toll
VIELES	6	263	vieles
ZUGRIFF	7	263	Zugriff
BEZIFFERT	9	262	beziffert
ERSCHOSSEN	10	262	erschossen
ERSETZEN	8	262	ersetzen
JUNG	4	262	jung
DAVOR	5	261	davor
DECKE	5	261	Decke
DENKT	5	261	denkt
UEBERLEBEN	10	261	Überleben
UMFASSTE	8	261	umfasste
UNSERES	7	261	unseres
VERSTECKT	9	261	versteckt
VERTEIDIGER	11	261	Verteidiger
VERTEIDIGTE	11	261	verteidigte
WENDEN	6	261	wenden
ANGEKLAGTE	10	260	Angeklagte
BELEGEN	7	260	belegen
DANKBAR	7	260	dankbar
DATEI	5	260	Datei
FAHRZEUGEN	10	260	Fahrzeugen
FRUECHTE	8	260	Früchte
KRONE	5	260	Krone
PHAENOMEN	9	260	Phänomen
UNGLUECK	8	260	Unglück
WANDEL	6	260	Wandel
BEZUEGLICH	10	259	bezüglich
MUT	3	259	Mut
VORLIEGEN	9	259	vorliegen
WUSSTE	6	259	wusste
EIGENTUM	8	258	Eigentum
GEBUEHREN	9	258	Gebühren
INKLUSIVE	9	258	inklusive
NASE	4	258	Nase
TEMPO	5	258	Tempo
TUERKEI	7	258	Türkei
TUNNEL	6	258	Tunnel
VERLANGEN	9	258	verlangen
FAKTOREN	8	257	Faktoren
MITGETEILT	10	257	mitgeteilt
ORTSCHAFT	9	257	Ortschaft
PREISEN	7	257	Preisen
STECKEN	7	257	stecken
WAHREN	6	257	wahren
WERKSTATT	9	257	Werkstatt
ZUWACHS	7	257	Zuwachs
AUFTRAEGE	9	256	Aufträge
AUTOBAHN	8	256	Autobahn
BESTER	6	256	bester
BETREIBER	9	256	Betreiber
BRASILIEN	9	256	Brasilien
FELDER	6	256	Felder
FUEHLT	6	256	fühlt
GESAGT	6	256	gesagt
KOENIGIN	8	256	Königin
KONKRETEN	9	256	konkreten
LAEDT	5	256	lädt
RUECKZUG	8	256	Rückzug
TEILNEHMERN	11	256	Teilnehmern
UMSAETZE	8	256	Umsätze
ABLEHNUNG	9	255	Ablehnung
ALTSTADT	8	255	Altstadt
ANWESEN	7	255	Anwesen
ERSCHEINUNG	11	255	Erscheinung
GELAUFEN	8	255	gelaufen
KONZEPTE	8	255	Konzepte
STREIK	6	255	Streik
STUFE	5	255	Stufe
ANTEILE	7	254	Anteile
BITTEN	6	254	bitten
DOERFER	7	254	Dörfer
JAHRZEHNTE	10	254	Jahrzehnte
KILOMETERN	10	254	Kilometern
LEIPZIGER	9	254	Leipziger
LIEFERUNG	9	254	Lieferung
NATIONEN	8	254	Nationen
PASSEN	6	254	passen
RESPEKT	7	254	Respekt
TRUGEN	6	254	trugen
VORSICHTIG	10	254	vorsichtig
ANSEHEN	7	253	Ansehen
BAYER	5	253	Bayer
DIVISION	8	253	Division
DORTHIN	7	253	dorthin
EINERSEITS	10	253	einerseits
ENTSPRACH	9	253	entsprach
HAEUFIGER	9	253	häufiger
HOHEM	5	253	hohem
INNEN	5	253	innen
JUEDISCHE	9	253	jüdische
OPERATIVE	9	253	operative
SCHLOSSEN	9	253	schlossen
SCHOENES	8	253	schönes
ANWOHNER	8	252	Anwohner
BEDEUTETE	9	252	bedeutete
FEIER	5	252	Feier
GESETZLICHE	11	252	gesetzliche
NUTZTE	6	252	nutzte
STAR	4	252	Star
STRENG	6	252	streng
SYMBOL	6	252	Symbol
UNVERLETZT	10	252	unverletzt
VIELFAELTIG	11	252	vielfältig
WOHNT	5	252	wohnt
ABBILDUNG	9	251	Abbildung
AEUSSEREN	9	251	äußeren
ALTAR	5	251	Altar
AUSGEGEBEN	10	251	ausgegeben
BEFESTIGT	9	251	befestigt
ERWAEHNUNG	10	251	Erwähnung
FREIER	6	251	freier
KEHRT	5	251	kehrt
KINDES	6	251	Kindes
VORGEWORFEN	11	251	vorgeworfen
WASHINGTON	10	251	Washington
EINZUG	6	250	Einzug
FILMEN	6	250	Filmen
GLEICHWOHL	10	250	Gleichwohl
JUBILAEUM	9	250	Jubiläum
NEGATIVE	8	250	negative
PROGNOSEN	9	250	Prognosen
RESULTAT	8	250	Resultat
RUFT	4	250	ruft
SACHEN	6	250	Sachen
STUDIO	6	250	Studio
ABENTEUER	9	249	Abenteuer
BEAUFTRAGT	10	249	beauftragt
BETREIBEN	9	249	betreiben
ENGAGIERT	9	249	engagiert
ENTFAELLT	9	249	entfällt
ERMORDET	8	249	ermordet
ERZIEHUNG	9	249	Erziehung
ERZIELEN	8	249	erzielen
FESTER	6	249	fester
GESANG	6	249	Gesang
JAPANISCHE	10	249	japanische
LOEST	5	249	löst
OPTIMALE	8	249	optimale
REIFEN	6	249	Reifen
VERARBEITET	11	249	verarbeitet
VERLIEBT	8	249	verliebt
WOMIT	5	249	womit
ANLAESSLICH	11	248	anlässlich
GENUEGT	7	248	genügt
HAARE	5	248	Haare
HOCHSCHULEN	11	248	Hochschulen
KINDHEIT	8	248	Kindheit
MASSIV	6	248	massiv
RING	4	248	Ring
SCHWIERIGE	10	248	schwierige
VERFOLGEN	9	248	verfolgen
AFGHANISTAN	11	247	Afghanistan
AUSSCHUSS	9	247	Ausschuss
BEARBEITUNG	11	247	Bearbeitung
BEIGESETZT	10	247	beigesetzt
BESEITIGT	9	247	beseitigt
BRANDENBURG	11	247	Brandenburg
JUSTIZ	6	247	Justiz
KABINETT	8	247	Kabinett
MIETER	6	247	Mieter
REDAKTION	9	247	Redaktion
SCHLIESSUNG	11	247	Schließung
SCHUF	5	247	schuf
TANZ	4	247	Tanz
TIEFEN	6	247	tiefen
VIELER	6	247	vieler
VOEGEL	6	247	Vögel
WELCHEM	7	247	welchem
ABSATZ	6	246	Absatz
BELAEUFT	8	246	beläuft
CHRISTEN	8	246	Christen
DREHT	5	246	dreht
EHEMANN	7	246	Ehemann
GEBORGEN	8	246	geborgen
LOB	3	246	Lob
MARKIERT	8	246	markiert
RENOVIERT	9	246	renoviert
RIESIGE	7	246	riesige
VERBRECHEN	10	246	Verbrechen
WECHSELT	8	246	wechselt
ZELLEN	6	246	Zellen
ZUGESTIMMT	10	246	zugestimmt
BETRETEN	8	245	betreten
EINTRAG	7	245	Eintrag
FREIWILLIG	10	245	freiwillig
GRAFEN	6	245	Grafen
KASSE	5	245	Kasse
KAUFPREIS	9	245	Kaufpreis
MOTTO	5	245	Motto
RUECKTE	7	245	rückte
SCHOENSTEN	10	245	schönsten
SCHWIERIGER	11	245	schwieriger
SPRUNG	6	245	Sprung
VERRINGERT	10	245	verringert
ABSTIEG	7	244	Abstieg
ANGREIFER	9	244	Angreifer
DRAMATISCH	10	244	dramatisch
ENTSTANDENE	11	244	entstandene
FRUEHSTUECK	11	244	Frühstück
GAST	4	244	Gast
VERWENDETEN	11	244	verwendeten
ABGEBEN	7	243	abgeben
CHEMIE	6	243	Chemie
DAENEMARK	9	243	Dänemark
EINZELN	7	243	einzeln
ERNEUTE	7	243	erneute
GEGENZUG	8	243	Gegenzug
KIEL	4	243	Kiel
KILOGRAMM	9	243	Kilogramm
RITTER	6	243	Ritter
SPUEREN	7	243	spüren
ALLIANZ	7	242	Allianz
AUFMERKSAM	10	242	aufmerksam
DAMALIGE	8	242	damalige
DATIERT	7	242	datiert
GROSSEM	7	242	großem
HINTEREN	8	242	hinteren
KOSTENLOSE	10	242	kostenlose
RICHTETE	8	242	richtete
SCHIED	6	242	schied
SPANISCHE	9	242	spanische
STERN	5	242	Stern
VERTRIEB	8	242	Vertrieb
VORTRAG	7	242	Vortrag
ANWENDUNGEN	11	241	Anwendungen
DIGITALE	8	241	digitale
GERUFEN	7	241	gerufen
KRITISCHE	9	241	kritische
NOTWENDIGE	10	241	notwendige
PROFITIERT	10	241	profitiert
STATIONEN	9	241	Stationen
VOLUMEN	7	241	Volumen
DUNKLE	6	240	dunkle
EINGEGANGEN	11	240	eingegangen
EXPLOSION	9	240	Explosion
GEGENSTAND	10	240	Gegenstand
HOERTE	6	240	hörte
KONGRESS	8	240	Kongress
MITTELN	7	240	Mitteln
OPER	4	240	Oper
SPANNEND	8	240	spannend
UNGARN	6	240	Ungarn
URSPRUNG	8	240	Ursprung
VERSPRECHEN	11	240	Versprechen
VERTRIEBEN	10	240	vertrieben
ZUFOLGE	7	240	zufolge
BETONT	6	239	betont
GREIFEN	7	239	greifen
MALER	5	239	Maler
MITUNTER	8	239	mitunter
REGELUNGEN	10	239	Regelungen
RESTAURIERT	11	239	restauriert
TREIBEN	7	239	treiben
UEBERGANG	9	239	Übergang
VERLETZUNG	10	239	Verletzung
WORLD	5	239	World
GEFANGEN	8	238	gefangen
IDEAL	5	238	Ideal
KATEGORIEN	10	238	Kategorien
LOCH	4	238	Loch
RECHNER	7	238	Rechner
RUFEN	5	238	rufen
TIPPS	5	238	Tipps
ANGEGRIFFEN	11	237	angegriffen
AUFGERUFEN	10	237	aufgerufen
EINKOMMEN	9	237	Einkommen
ERFUHR	6	237	erfuhr
ERHOEHTEN	9	237	erhöhten
ERWACHSENEN	11	237	Erwachsenen
FALLS	5	237	Falls
GEBROCHEN	9	237	gebrochen
GEWIDMET	8	237	gewidmet
GEZWUNGEN	9	237	gezwungen
KAMPAGNE	8	237	Kampagne
KINO	4	237	Kino
LETZTES	7	237	letztes
NETZWERK	8	237	Netzwerk
STARKER	7	237	starker
VERDIENEN	9	237	verdienen
WORTEN	6	237	Worten
ZUFALL	6	237	Zufall
ANNAHME	7	236	Annahme
ANSPRUECHE	10	236	Ansprüche
BERATER	7	236	Berater
STILLGELEGT	11	236	stillgelegt
WANDTE	6	236	wandte
WILLEN	6	236	Willen
ABGELEGT	8	235	abgelegt
AEUSSERN	8	235	äußern
EINGEREICHT	11	235	eingereicht
GELEISTET	9	235	geleistet
GESTAERKT	9	235	gestärkt
JUNGER	6	235	junger
LANGFRISTIG	11	235	langfristig
NATION	6	235	Nation
TYPISCH	7	235	typisch
ANFRAGEN	8	234	Anfragen
BEGRIFFE	8	234	Begriffe
EMAIL	5	234	Email
FAKTEN	6	234	Fakten
FREIWILLIGE	11	234	Freiwillige
GAESTEBUCH	10	234	Gästebuch
GAESTEN	7	234	Gästen
KAPITAL	7	234	Kapital
MELDUNG	7	234	Meldung
MILITAER	8	234	Militär
UMGEWANDELT	11	234	umgewandelt
WIDMETE	7	234	widmete
ZERSTOERUNG	11	234	Zerstörung
ANGESTREBT	10	233	angestrebt
ANLIEGEN	8	233	Anliegen
AUSKUNFT	8	233	Auskunft
BRUNNEN	7	233	Brunnen
DURCHSETZEN	11	233	durchsetzen
FESTUNG	7	233	Festung
FUENFTE	7	233	fünfte
FUNDE	5	233	Funde
GUETER	6	233	Güter
JUNGS	5	233	Jungs
SOZUSAGEN	9	233	sozusagen
STOFF	5	233	Stoff
TOREN	5	233	Toren
UNTERSEITE	10	233	Unterseite
VERWENDETE	10	233	verwendete
VORBEHALTEN	11	233	vorbehalten
WARF	4	233	warf
ANKUNFT	7	232	Ankunft
AUFFASSUNG	10	232	Auffassung
BAR	3	232	Bar
BEFEHL	6	232	Befehl
BEKAMEN	7	232	bekamen
DARSTELLEN	10	232	darstellen
EINBEZOGEN	10	232	einbezogen
FREIZEIT	8	232	Freizeit
HALTE	5	232	halte
HINTERHER	9	232	hinterher
ORCHESTER	9	232	Orchester
PFARRKIRCHE	11	232	Pfarrkirche
PROBLEMLOS	10	232	problemlos
REICHE	6	232	reiche
RETTUNG	7	232	Rettung
SCHMERZEN	9	232	Schmerzen
TREIBT	6	232	treibt
VERMISST	8	232	vermisst
WEBSEITE	8	232	Webseite
ABBAU	5	231	Abbau
ABSOLVIERT	10	231	absolviert
ERFOLGTEN	9	231	erfolgten
LANDGERICHT	11	231	Landgericht
MASSGEBLICH	11	231	maßgeblich
VERSIONEN	9	231	Versionen
AUFEINANDER	11	230	aufeinander
AUSGEFALLEN	11	230	ausgefallen
BEWERBER	8	230	Bewerber
ERKRANKUNG	10	230	Erkrankung
GEBETEN	7	230	gebeten
HALS	4	230	Hals
ITALIENER	9	230	Italiener
JAHRESENDE	10	230	Jahresende
MASSIVE	7	230	massive
OBERSTE	7	230	oberste
PATIENT	7	230	Patient
ZAHLUNG	7	230	Zahlung
BABY	4	229	Baby
BERGEN	6	229	Bergen
BESTEHE	7	229	bestehe
DICHTER	7	229	Dichter
DREHBUCH	8	229	Drehbuch
FRAKTION	8	229	Fraktion
FUEHLEN	7	229	fühlen
GREMIUM	7	229	Gremium
KOENIGS	7	229	Königs
SEX	3	229	Sex
SPIELERN	8	229	Spielern
UNTERE	6	229	untere
VEREINEN	8	229	Vereinen
WAEHLER	7	229	Wähler
ZWEIER	6	229	zweier
BELGIEN	7	228	Belgien
FAELLIG	7	228	fällig
GESTANDEN	9	228	gestanden
HELDEN	6	228	Helden
HINSICHT	8	228	Hinsicht
SCHWANZ	7	228	Schwanz
SORGTEN	7	228	sorgten
UEBUNGEN	8	228	Übungen
VORTRAEGE	9	228	Vorträge
AUFLAGEN	8	227	Auflagen
BEFOERDERT	10	227	befördert
BERGE	5	227	Berge
CIRCA	5	227	circa
DEFINITION	10	227	Definition
GELB	4	227	gelb
GROESSTER	9	227	größter
KULTURELLE	10	227	kulturelle
LANDETE	7	227	landete
PLATTE	6	227	Platte
SUEDAFRIKA	10	227	Südafrika
UEBERWACHT	10	227	überwacht
ANORDNUNG	9	226	Anordnung
ANZEIGEN	8	226	Anzeigen
BEANTWORTET	11	226	beantwortet
BREITER	7	226	breiter
ETLICHE	7	226	etliche
FRIST	5	226	Frist
FUELLEN	7	226	füllen
GEBORENE	8	226	geborene
GERECHT	7	226	gerecht
GOLDENEN	8	226	goldenen
HEISS	5	226	heiß
HOLT	4	226	holt
KRANK	5	226	krank
STUFEN	6	226	Stufen
VERSTAND	8	226	Verstand
VERWALTET	9	226	verwaltet
WOZU	4	226	Wozu
YEN	3	226	Yen
ZWANZIG	7	226	zwanzig
BEENDEN	7	225	beenden
EHEPAAR	7	225	Ehepaar
HAUSHALTE	9	225	Haushalte
HERZOG	6	225	Herzog
HOEHLE	6	225	Höhle
STOESST	7	225	stößt
ANGEMELDET	10	224	angemeldet
DICKE	5	224	dicke
FAENGT	6	224	fängt
FORDERTEN	9	224	forderten
HIERDURCH	9	224	Hierdurch
HUETTE	6	224	Hütte
KADER	5	224	Kader
REGIONALE	9	224	regionale
TRAENEN	7	224	Tränen
WEIBLICHE	9	224	weibliche
BRUESSEL	8	223	Brüssel
ERRICHTEN	9	223	errichten
EXTRA	5	223	extra
GAS	3	223	Gas
MEHRERER	8	223	mehrerer
ANTRAEGE	8	222	Anträge
BESCHREIBEN	11	222	beschreiben
EINZIGES	8	222	einziges
FORTSCHRITT	11	222	Fortschritt
JENER	5	222	jener
MITHILFE	8	222	Mithilfe
PLATTFORM	9	222	Plattform
RESONANZ	8	222	Resonanz
STEUERUNG	9	222	Steuerung
TYPISCHEN	9	222	typischen
ZEICHNEN	8	222	zeichnen
ANSTELLE	8	221	anstelle
BAUWERK	7	221	Bauwerk
BESUCHERN	9	221	Besuchern
BEWEIS	6	221	Beweis
DAME	4	221	Dame
MITTAG	6	221	Mittag
NORWEGEN	8	221	Norwegen
REAGIERTEN	10	221	reagierten
SALZBURG	8	221	Salzburg
SCHUETZT	8	221	schützt
SEMESTER	8	221	Semester
VORHANDENE	10	221	vorhandene
AUSRUESTUNG	11	220	Ausrüstung
BESTRITTEN	10	220	bestritten
ENTNOMMEN	9	220	entnommen
FEHLENDE	8	220	fehlende
GEBAEUDEN	9	220	Gebäuden
GELANGT	7	220	gelangt
GELESEN	7	220	gelesen
GRUNDRISS	9	220	Grundriss
MAINZ	5	220	Mainz
NERVEN	6	220	Nerven
NOTIERTE	8	220	notierte
OBERE	5	220	obere
OHREN	5	220	Ohren
PFARREI	7	220	Pfarrei
SAENGERIN	9	220	Sängerin
STEIGENDE	9	220	steigende
STILLE	6	220	Stille
TENDENZ	7	220	Tendenz
VERFOLGUNG	10	220	Verfolgung
VIDEOS	6	220	Videos
WOHIN	5	220	Wohin
AUFREGUNG	9	219	Aufregung
ENGAGIERTE	10	219	engagierte
ENTDECKEN	9	219	entdecken
FINANZIELL	10	219	finanziell
GEDICHTE	8	219	Gedichte
GESCHENK	8	219	Geschenk
GOLDENE	7	219	goldene
LEICHEN	7	219	Leichen
MEDIKAMENTE	11	219	Medikamente
MENGEN	6	219	Mengen
QUOTE	5	219	Quote
RUECKT	6	219	rückt
STABILITAET	11	219	Stabilität
VERTEILEN	9	219	verteilen
VORKOMMEN	9	219	Vorkommen
WELTWEITEN	10	219	weltweiten
WOHNHAUS	8	219	Wohnhaus
ZEICHNUNGEN	11	219	Zeichnungen
AUFENTHALT	10	218	Aufenthalt
BEDIENUNG	9	218	Bedienung
BEFUERCHTEN	11	218	befürchten
EINSAETZE	9	218	Einsätze
ERRICHTETE	10	218	errichtete
FEHLTEN	7	218	fehlten
HANDWERK	8	218	Handwerk
HOHES	5	218	hohes
PFUND	5	218	Pfund
SPORTLICHE	10	218	sportliche
STILL	5	218	still
VERSCHAERFT	11	218	verschärft
VORGAENGER	10	218	Vorgänger
AEUSSERE	8	217	äußere
AUSSICHT	8	217	Aussicht
BERECHNUNG	10	217	Berechnung
DEUTLICHEN	10	217	deutlichen
ERHEBUNG	8	217	Erhebung
ERMITTELN	9	217	ermitteln
IRAN	4	217	Iran
KOMPONENTEN	11	217	Komponenten
KONFERENZ	9	217	Konferenz
MOTOREN	7	217	Motoren
OPTIMAL	7	217	optimal
ORTSCHAFTEN	11	217	Ortschaften
PARTIEN	7	217	Partien
SAND	4	217	Sand
SELTENER	8	217	seltener
STEIGENDEN	10	217	steigenden
TESTEN	6	217	testen
UMSTELLUNG	10	217	Umstellung
AFRIKA	6	216	Afrika
ANDERNFALLS	11	216	Andernfalls
ANGEHOBEN	9	216	angehoben
ANGRIFFE	8	216	Angriffe
BEHAUPTET	9	216	behauptet
BOERSEN	7	216	Börsen
DRAN	4	216	dran
EINZELFALL	10	216	Einzelfall
SPONSOREN	9	216	Sponsoren
VERTEILUNG	10	216	Verteilung
AUSGEWERTET	11	215	ausgewertet
BAYERISCHE	10	215	bayerische
BEIBEHALTEN	11	215	beibehalten
EINGEZOGEN	10	215	eingezogen
ENSEMBLE	8	215	Ensemble
FLUGZEUGE	9	215	Flugzeuge
FRAGT	5	215	fragt
HARTEN	6	215	harten
JAEGER	6	215	Jäger
PRIESTER	8	215	Priester
RUECKSEITE	10	215	Rückseite
SAMEN	5	215	Samen
SINGEN	6	215	singen
STUTTGARTER	11	215	Stuttgarter
VORFELD	7	215	Vorfeld
WAENDE	6	215	Wände
WARNEN	6	215	warnen
ZUGUTE	6	215	zugute
ABGENOMMEN	10	214	abgenommen
AREAL	5	214	Areal
BEWUSSTSEIN	11	214	Bewusstsein
BRUST	5	214	Brust
DREHEN	6	214	drehen
EGAL	4	214	egal
OEFFNUNG	8	214	Öffnung
URKUNDE	7	214	Urkunde
WELTWEITE	9	214	weltweite
WERFEN	6	214	werfen
DIVERSEN	8	213	diversen
DOMINIERT	9	213	dominiert
ELEKTRISCHE	11	213	elektrische
ENTNEHMEN	9	213	entnehmen
GERADEZU	8	213	geradezu
INNE	4	213	inne
KONFLIKTE	9	213	Konflikte
SICHERUNG	9	213	Sicherung
ZINSEN	6	213	Zinsen
ARMUT	5	212	Armut
BEMUEHUNGEN	11	212	Bemühungen
BEWEGUNGEN	10	212	Bewegungen
DROHTE	6	212	drohte
EINS	4	212	eins
FAKULTAET	9	212	Fakultät
FOLGEZEIT	9	212	Folgezeit
HOECHSTENS	10	212	höchstens
MAENNLICHEN	11	212	männlichen
MALEREI	7	212	Malerei
TRINKEN	7	212	trinken
UMFASSEN	8	212	umfassen
BEFUERCHTET	11	211	befürchtet
BLAUEN	6	211	blauen
DUERFE	6	211	dürfe
FABRIK	6	211	Fabrik
FRAMES	6	211	Frames
GEHOLFEN	8	211	geholfen
MANGEL	6	211	Mangel
NOMINIERT	9	211	nominiert
PLAENEN	7	211	Plänen
PROZESSE	8	211	Prozesse
REICHES	7	211	Reiches
RUSSEN	6	211	Russen
TEMPEL	6	211	Tempel
WELTMEISTER	11	211	Weltmeister
ABGELOEST	9	210	abgelöst
BEDEUTENDE	10	210	bedeutende
CHARTS	6	210	Charts
DIENTEN	7	210	dienten
FAHRBAHN	8	210	Fahrbahn
HUEGEL	6	210	Hügel
MILCH	5	210	Milch
NEUESTEN	8	210	neuesten
STOCK	5	210	Stock
TREPPE	6	210	Treppe
VERBAENDE	9	210	Verbände
ZUGENOMMEN	10	210	zugenommen
ANGABE	6	209	Angabe
BAENDE	6	209	Bände
BAEUMEN	7	209	Bäumen
BAUCH	5	209	Bauch
BESCHWERDEN	11	209	Beschwerden
DROGEN	6	209	Drogen
HAFTUNG	7	209	Haftung
INNENRAUM	9	209	Innenraum
ORIENTIERT	10	209	orientiert
REFORMEN	8	209	Reformen
SCHLICHT	8	209	schlicht
SKANDAL	7	209	Skandal
TAUSEND	7	209	tausend
ZULASSUNG	9	209	Zulassung
BEMUEHT	7	208	bemüht
BRIEFE	6	208	Briefe
EMPFANG	7	208	Empfang
ERSATZ	6	208	Ersatz
ERSCHWERT	9	208	erschwert
FUERCHTEN	9	208	fürchten
GELEGENEN	9	208	gelegenen
POLITISCHER	11	208	politischer
RENDITE	7	208	Rendite
TROCKEN	7	208	trocken
VERKUENDET	10	208	verkündet
ZUSTAENDIGE	11	208	zuständige
ABRISS	6	207	Abriss
AUFGEBEN	8	207	aufgeben
AUGENBLICK	10	207	Augenblick
AUSRICHTUNG	11	207	Ausrichtung
BEMERKT	7	207	bemerkt
EINGEBUNDEN	11	207	eingebunden
GLEICHES	8	207	Gleiches
IDENTISCH	9	207	identisch
LIBERALEN	9	207	Liberalen
MESSER	6	207	Messer
OPTION	6	207	Option
PROFIS	6	207	Profis
ROUTE	5	207	Route
SCHILD	6	207	Schild
SICHERE	7	207	sichere
SIEGEN	6	207	Siegen
VERSUCHTEN	10	207	versuchten
ABGESCHAFFT	11	206	abgeschafft
ANGEBAUT	8	206	angebaut
BESTIMMUNG	10	206	Bestimmung
ENGEL	5	206	Engel
GEHABT	6	206	gehabt
GRABEN	6	206	Graben
HEIRATEN	8	206	heiraten
JAEHRLICHE	10	206	jährliche
LAENGEREN	9	206	längeren
MARKTANTEIL	11	206	Marktanteil
MONTIERT	8	206	montiert
SCHLAFEN	8	206	schlafen
STADTGEBIET	11	206	Stadtgebiet
TECHNIKEN	9	206	Techniken
VERMITTLUNG	11	206	Vermittlung
ZUHAUSE	7	206	Zuhause
ABGESAGT	8	205	abgesagt
ANGESIEDELT	11	205	angesiedelt
AUSSICHTEN	10	205	Aussichten
DATEIEN	7	205	Dateien
ENTLASTET	9	205	entlastet
ERWEITERTE	10	205	erweiterte
FISCH	5	205	Fisch
FREIGEGEBEN	11	205	freigegeben
HUMOR	5	205	Humor
INSCHRIFT	9	205	Inschrift
JAGD	4	205	Jagd
KLOSTERS	8	205	Klosters
KONZIPIERT	10	205	konzipiert
LIEFERTE	8	205	lieferte
RESTAURANTS	11	205	Restaurants
SEITENS	7	205	seitens
TUEBINGEN	9	205	Tübingen
ALBEN	5	204	Alben
AUGSBURG	8	204	Augsburg
BUSSE	5	204	Busse
DISTANZ	7	204	Distanz
EBENEN	6	204	Ebenen
EMPFANGEN	9	204	empfangen
FINGER	6	204	Finger
HEISSE	6	204	heiße
KULTURELLEN	11	204	kulturellen
LERNTE	6	204	lernte
PARKPLAETZE	11	204	Parkplätze
SCHOENHEIT	10	204	Schönheit
UEBUNG	6	204	Übung
UNTERSAGT	9	204	untersagt
WAEHLT	6	204	wählt
WAERME	6	204	Wärme
ABSICHT	7	203	Absicht
DREHTE	6	203	drehte
ERBE	4	203	Erbe
FAHRGAESTE	10	203	Fahrgäste
FAKTOR	6	203	Faktor
JUENGERE	8	203	jüngere
MARINE	6	203	Marine
SCHAETZT	8	203	schätzt
SCHOSS	6	203	schoss
STARS	5	203	Stars
AKTIENMARKT	11	202	Aktienmarkt
ANTIKE	6	202	Antike
GEDULD	6	202	Geduld
INSOLVENZ	9	202	Insolvenz
KONSEQUENT	10	202	konsequent
LIEGENDEN	9	202	liegenden
BRACHEN	7	201	brachen
EINBRUCH	8	201	Einbruch
ERSCHLOSSEN	11	201	erschlossen
ERSTMAL	7	201	erstmal
FAHRRAD	7	201	Fahrrad
FLAGGE	6	201	Flagge
FLIESSEN	8	201	fließen
GERUECHTE	9	201	Gerüchte
KUENDIGUNG	10	201	Kündigung
LAECHELN	8	201	Lächeln
MEXIKO	6	201	Mexiko
NIEDRIGER	9	201	niedriger
PFLANZE	7	201	Pflanze
RELIGIOESEN	11	201	religiösen
SANKEN	6	201	sanken
SCHLOSSES	9	201	Schlosses
VERWANDELT	10	201	verwandelt
VOLLEN	6	201	vollen
ABWEHR	6	200	Abwehr
AUFSTELLUNG	11	200	Aufstellung
BEFREIEN	8	200	befreien
FISCHE	6	200	Fische
FRISCH	6	200	frisch
FUESSE	6	200	Füße
GEWUENSCHTE	11	200	gewünschte
HOFFE	5	200	hoffe
LEITINDEX	9	200	Leitindex
PRODUZIERTE	11	200	produzierte
SCHEINEN	8	200	scheinen
SIEDLUNGEN	10	200	Siedlungen
STAHL	5	200	Stahl
STAMMTE	7	200	stammte
VERFASST	8	200	verfasst
VERTRITT	8	200	vertritt
WENDET	6	200	wendet
WETTKAMPF	9	200	Wettkampf
ABGEHALTEN	10	199	abgehalten
AKZEPTIEREN	11	199	akzeptieren
ATHLETEN	8	199	Athleten
BEOBACHTER	10	199	Beobachter
BEWEISEN	8	199	beweisen
GENAUER	7	199	genauer
GESTOERT	8	199	gestört
KOMPLETTEN	10	199	kompletten
SAISONENDE	10	199	Saisonende
SORGFAELTIG	11	199	sorgfältig
SPORTLER	8	199	Sportler
STRESS	6	199	Stress
VOGEL	5	199	Vogel
ZUFAELLIG	9	199	zufällig
AUSMASS	7	198	Ausmaß
HEIDELBERG	10	198	Heidelberg
HERAUSGEBER	11	198	Herausgeber
LETZTERES	9	198	Letzteres
MUSEEN	6	198	Museen
POTSDAM	7	198	Potsdam
SCHWIERIGEN	11	198	schwierigen
VERBINDEN	9	198	verbinden
WAHRNEHMUNG	11	198	Wahrnehmung
WIDER	5	198	wider
ABITUR	6	197	Abitur
DAUERHAFT	9	197	dauerhaft
DOKUMENT	8	197	Dokument
ENTFERNEN	9	197	entfernen
FOLGLICH	8	197	folglich
GEFANGENEN	10	197	Gefangenen
GEGLIEDERT	10	197	gegliedert
KANAL	5	197	Kanal
MUND	4	197	Mund
OFFENSIVE	9	197	Offensive
PASSENDE	8	197	passende
TATSACHE	8	197	Tatsache
VERLIERER	9	197	Verlierer
ZITIERT	7	197	zitiert
ANZEICHEN	9	196	Anzeichen
ARCHITEKT	9	196	Architekt
BEEINDRUCKT	11	196	beeindruckt
BEWIRKT	7	196	bewirkt
EHEMALS	7	196	ehemals
ERGAENZEN	9	196	ergänzen
ERSTATTET	9	196	erstattet
JOBS	4	196	Jobs
KAUFTE	6	196	kaufte
MATHEMATIK	10	196	Mathematik
MUSEUMS	7	196	Museums
PRIVAT	6	196	privat
PROFIL	6	196	Profil
UMSTAENDE	9	196	Umstände
UMSTAENDEN	10	196	Umständen
VERWIES	7	196	verwies
VORN	4	196	vorn
BANDS	5	195	Bands
BENUTZER	8	195	Benutzer
BEOBACHTUNG	11	195	Beobachtung
BEWOHNT	7	195	bewohnt
BLICKT	6	195	blickt
FUEHRER	7	195	Führer
GLOCKEN	7	195	Glocken
HEFTIGE	7	195	heftige
HINWEG	6	195	hinweg
LOBTE	5	195	lobte
METALL	6	195	Metall
PLAETZEN	8	195	Plätzen
PRINZ	5	195	Prinz
SCHWACHEN	9	195	schwachen
ZIELGRUPPE	10	195	Zielgruppe
ZUSCHAUERN	10	195	Zuschauern
EINSTELLEN	10	194	einstellen
KLEINSTE	8	194	kleinste
MENSCHHEIT	10	194	Menschheit
WAEHLTE	7	194	wählte
ABGEBILDET	10	193	abgebildet
BUENDNIS	8	193	Bündnis
DETAIL	6	193	Detail
DISZIPLIN	9	193	Disziplin
ECHTEN	6	193	echten
EMPFEHLUNG	10	193	Empfehlung
ENORME	6	193	enorme
EVENTUELL	9	193	eventuell
FLUECHTETE	10	193	flüchtete
FREMDE	6	193	Fremde
GEBUEHR	7	193	Gebühr
GLEICHER	8	193	gleicher
GRAND	5	193	Grand
HEIM	4	193	Heim
MAUERN	6	193	Mauern
ORDEN	5	193	Orden
PROBEN	6	193	Proben
PROJEKTEN	9	193	Projekten
SCHWACHE	8	193	schwache
SOLDAT	6	193	Soldat
THUERINGEN	10	193	Thüringen
TRENNEN	7	193	trennen
WARE	4	193	Ware
AEHNLICHEN	10	192	ähnlichen
AKTIONAERE	10	192	Aktionäre
ANMELDUNGEN	11	192	Anmeldungen
BEHOBEN	7	192	behoben
BELOHNT	7	192	belohnt
BILDSCHIRM	10	192	Bildschirm
ERHEBT	6	192	erhebt
FLIEHEN	7	192	fliehen
GEWORFEN	8	192	geworfen
KLAEREN	7	192	klären
KOMPETENZ	9	192	Kompetenz
NIEDRIGEN	9	192	niedrigen
OEFTER	6	192	öfter
OELPREIS	8	192	Ölpreis
RECHTLICHE	10	192	rechtliche
TAUCHT	6	192	taucht
VERNICHTET	10	192	vernichtet
VOLKSWIRTE	10	192	Volkswirte
WARM	4	192	warm
ANPASSUNG	9	191	Anpassung
BERAET	6	191	berät
BRUCH	5	191	Bruch
DENKE	5	191	denke
EINSETZEN	9	191	einsetzen
GERICHTET	9	191	gerichtet
GESICHTER	9	191	Gesichter
INSTITUTS	9	191	Instituts
JENSEITS	8	191	jenseits
KABEL	5	191	Kabel
LAUTETE	7	191	lautete
LERNT	5	191	lernt
MITTELFELD	10	191	Mittelfeld
MOBILE	6	191	mobile
MONATLICH	9	191	monatlich
REKORD	6	191	Rekord
SCHWESTERN	10	191	Schwestern
SICHERTE	8	191	sicherte
VORDEREN	8	191	vorderen
BEFASST	7	190	befasst
BEHIELT	7	190	behielt
BEZAHLUNG	9	190	Bezahlung
ERSTELLUNG	10	190	Erstellung
FORMAT	6	190	Format
MASSIVEN	8	190	massiven
REICHWEITE	10	190	Reichweite
SCHICHTEN	9	190	Schichten
SIEGTE	6	190	siegte
STUERMER	8	190	Stürmer
UMSO	4	190	umso
VERGLICHEN	10	190	verglichen
VOLLZOGEN	9	190	vollzogen
ZUGRUNDE	8	190	zugrunde
ZWECKE	6	190	Zwecke
BEGANGEN	8	189	begangen
BESPROCHEN	10	189	besprochen
BIBEL	5	189	Bibel
DEUTET	6	189	deutet
EMPFIEHLT	9	189	empfiehlt
GEHOERE	7	189	gehöre
KANDIDAT	8	189	Kandidat
KASSEN	6	189	Kassen
KNOTEN	6	189	Knoten
LOKOMOTIVEN	11	189	Lokomotiven
MOERDER	7	189	Mörder
PROTOKOLL	9	189	Protokoll
REICHLICH	9	189	reichlich
SECHSTEN	8	189	sechsten
STANDORTE	9	189	Standorte
TUERKISCHE	10	189	türkische
TUERKISCHEN	11	189	türkischen
VERLANGTE	9	189	verlangte
VERORDNUNG	10	189	Verordnung
WESTLICHE	9	189	westliche
AACHEN	6	188	Aachen
BESTENS	7	188	bestens
DAZWISCHEN	10	188	Dazwischen
DECKEN	6	188	decken
EINTRAEGE	9	188	Einträge
FORTSETZEN	10	188	fortsetzen
GEWECHSELT	10	188	gewechselt
HALBJAHR	8	188	Halbjahr
LABEL	5	188	Label
LEBE	4	188	lebe
LEBENDEN	8	188	lebenden
LEGENDE	7	188	Legende
MEINUNGEN	9	188	Meinungen
MITTAGESSEN	11	188	Mittagessen
NIEDRIG	7	188	niedrig
PILOT	5	188	Pilot
PORTAL	6	188	Portal
SAMT	4	188	samt
UEBTE	5	188	übte
VERSCHIEDEN	11	188	verschieden
VERSCHWAND	10	188	verschwand
VERTEIDIGT	10	188	verteidigt
APPLAUS	7	187	Applaus
ARBEITETEN	10	187	arbeiteten
BEFRAGT	7	187	befragt
BEHERBERGT	10	187	beherbergt
BETROFFENE	10	187	Betroffene
BUNDES	6	187	Bundes
DERSELBEN	9	187	derselben
DOPPELT	7	187	doppelt
DURCHGANG	9	187	Durchgang
EINGELEGT	9	187	eingelegt
ERKENNTNIS	10	187	Erkenntnis
ERNEUTEN	8	187	erneuten
GAEBE	5	187	gäbe
GEEIGNETEN	10	187	geeigneten
INSTITUTE	9	187	Institute
KANZLERIN	9	187	Kanzlerin
LEBENSJAHR	10	187	Lebensjahr
MAGDEBURG	9	187	Magdeburg
PAKET	5	187	Paket
SIGNALE	7	187	Signale
SPORTLICHEN	11	187	sportlichen
STRICH	6	187	Strich
SUEDWESTEN	10	187	Südwesten
UEBRIG	6	187	übrig
UMFASSENDEN	11	187	umfassenden
WEITEN	6	187	weiten
WELLE	5	187	Welle
WUERZBURG	9	187	Würzburg
ZULAESSIG	9	187	zulässig
BEGRUENDETE	11	186	begründete
BEKANNTLICH	11	186	bekanntlich
BERICHTETEN	11	186	berichteten
DEUTLICHER	10	186	deutlicher
DRUECKT	7	186	drückt
ENTDECKUNG	10	186	Entdeckung
FRUEHE	6	186	frühe
GESCHLECHT	10	186	Geschlecht
GITARRE	7	186	Gitarre
KLAREN	6	186	klaren
OPFERN	6	186	Opfern
RICHTUNGEN	10	186	Richtungen
SATZUNG	7	186	Satzung
SOWJETUNION	11	186	Sowjetunion
UEBERNAHMEN	11	186	übernahmen
UMLIEGENDEN	11	186	umliegenden
VERAENDERTE	11	186	veränderte
VERKUERZT	9	186	verkürzt
VERLIESSEN	10	186	verließen
VERZEICHNEN	11	186	verzeichnen
WITWE	5	186	Witwe
ASIEN	5	185	Asien
BEDEUTEN	8	185	bedeuten
BESIEDELT	9	185	besiedelt
BONNER	6	185	Bonner
BUECHERN	8	185	Büchern
ERHALTENEN	10	185	erhaltenen
ERZIELTEN	9	185	erzielten
GESCHOSSEN	10	185	geschossen
HELL	4	185	hell
LOKAL	5	185	Lokal
MESSEN	6	185	messen
MODE	4	185	Mode
MODERNER	8	185	moderner
SAEULEN	7	185	Säulen
SPANIER	7	185	Spanier
TECHNISCH	9	185	technisch
VERWEIGERT	10	185	verweigert
AKTIVIERT	9	184	aktiviert
ANGEKLAGT	9	184	angeklagt
BAUSTELLE	9	184	Baustelle
BEGEGNUNGEN	11	184	Begegnungen
BLAUE	5	184	blaue
GEPFLEGT	8	184	gepflegt
HALF	4	184	half
HEILIGE	7	184	Heilige
IMAGE	5	184	Image
INVESTOR	8	184	Investor
MERKMALE	8	184	Merkmale
MUENZEN	7	184	Münzen
STIMMTEN	8	184	stimmten
STUENDEN	8	184	stünden
AUFFUEHRUNG	11	183	Aufführung
AUFTRITTE	9	183	Auftritte
BESTREITET	10	183	bestreitet
FUESSEN	7	183	Füßen
GANZES	6	183	ganzes
JAEHRLICHEN	11	183	jährlichen
KLICK	5	183	Klick
PROJEKTS	8	183	Projekts
STAEDTISCHE	11	183	städtische
VERWIESEN	9	183	verwiesen
WORAUF	6	183	worauf
AELTER	6	182	älter
ANTRETEN	8	182	antreten
BEANTWORTEN	11	182	beantworten
BELIEF	6	182	belief
ENTLASSUNG	10	182	Entlassung
FINANZIEREN	11	182	finanzieren
GEMEINSAMES	11	182	gemeinsames
KAPAZITAET	10	182	Kapazität
KENNTNISSE	10	182	Kenntnisse
NACHTEIL	8	182	Nachteil
NEHME	5	182	nehme
SPEKTRUM	8	182	Spektrum
THEOLOGIE	9	182	Theologie
VARIIERT	8	182	variiert
ZAHLREICHER	11	182	zahlreicher
ABFAHRT	7	181	Abfahrt
ADRESSEN	8	181	Adressen
BOCHUM	6	181	Bochum
BRECHEN	7	181	brechen
DISKUTIEREN	11	181	diskutieren
EINANDER	8	181	einander
ENGEN	5	181	engen
ERWIES	6	181	erwies
GETRAENKE	9	181	Getränke
KANNTE	6	181	kannte
KATZE	5	181	Katze
POTENZIAL	9	181	Potenzial
TRAEUME	7	181	Träume
ANGEHOERIGE	11	180	Angehörige
BEFREIUNG	9	180	Befreiung
DUO	3	180	Duo
EINWEIHUNG	10	180	Einweihung
ERWEITERN	9	180	erweitern
GEZAHLT	7	180	gezahlt
HOFFNUNGEN	10	180	Hoffnungen
IMPULSE	7	180	Impulse
INTERNE	7	180	interne
MARKTPLATZ	10	180	Marktplatz
MEINTE	6	180	meinte
PRUEFT	6	180	prüft
REGULAEREN	10	180	regulären
SCHEIBE	7	180	Scheibe
SCHLIMMER	9	180	schlimmer
UNTERLIEGEN	11	180	unterliegen
VERHANDLUNG	11	180	Verhandlung
VERWEIST	8	180	verweist
WIESE	5	180	Wiese
ZUGELEGT	8	180	zugelegt
AFFAERE	7	179	Affäre
ANBIETEN	8	179	anbieten
BRUECKEN	8	179	Brücken
DARMSTADT	9	179	Darmstadt
EINGETEILT	10	179	eingeteilt
ERZEUGEN	8	179	erzeugen
GEFOLGT	7	179	gefolgt
GESTALTETE	10	179	gestaltete
HEFTIGEN	8	179	heftigen
KONTROLLEN	10	179	Kontrollen
MANNHEIM	8	179	Mannheim
MOTIVATION	10	179	Motivation
NORDAMERIKA	11	179	Nordamerika
PHYSIK	6	179	Physik
QUASI	5	179	quasi
RAETSEL	7	179	Rätsel
STOERUNGEN	10	179	Störungen
TAEGLICHEN	10	179	täglichen
VERZICHTETE	11	179	verzichtete
ZUNEHMENDE	10	179	zunehmende
BEWERBUNG	9	178	Bewerbung
BUCHES	6	178	Buches
ENTKOMMEN	9	178	entkommen
EPISODEN	8	178	Episoden
GRIECHISCHE	11	178	griechische
HITZE	5	178	Hitze
KANZLER	7	178	Kanzler
KONJUNKTUR	10	178	Konjunktur
MAENNLICHE	10	178	männliche
REDUZIEREN	10	178	reduzieren
RESSOURCEN	10	178	Ressourcen
SCHUHE	6	178	Schuhe
SIEBTEN	7	178	siebten
SUEDSEITE	9	178	Südseite
TRUPPE	6	178	Truppe
VIA	3	178	via
BEDROHUNG	9	177	Bedrohung
CLUBS	5	177	Clubs
DUENN	5	177	dünn
EINZELNER	9	177	einzelner
ERLANGTE	8	177	erlangte
ERLASSEN	8	177	erlassen
FEHLENDEN	9	177	fehlenden
FLOTTE	6	177	Flotte
GEGENSEITIG	11	177	gegenseitig
GELANGTE	8	177	gelangte
GRUNDLEGEND	11	177	grundlegend
GUENSTIGEN	10	177	günstigen
HAFTBEFEHL	10	177	Haftbefehl
HUNDERTE	8	177	Hunderte
KLAEGER	7	177	Kläger
LEERE	5	177	Leere
LOCKER	6	177	locker
LONDONER	8	177	Londoner
STAENDIGE	9	177	ständige
WEIBLICHEN	10	177	weiblichen
WERTVOLLE	9	177	wertvolle
ALARMIERT	9	176	alarmiert
ANSAETZE	8	176	Ansätze
BASEL	5	176	Basel
BAT	3	176	bat
BELIEBIG	8	176	beliebig
ENGER	5	176	enger
GELEGENE	8	176	gelegene
HAAR	4	176	Haar
HINTERLIESS	11	176	hinterließ
ISLAM	5	176	Islam
KOENIGREICH	11	176	Königreich
KUGEL	5	176	Kugel
LEUTEN	6	176	Leuten
NORDWESTEN	10	176	Nordwesten
POLIZIST	8	176	Polizist
SCHWIMMEN	9	176	Schwimmen
STAMM	5	176	Stamm
UEBEN	5	176	üben
VERTEIDIGEN	11	176	verteidigen
WOLKEN	6	176	Wolken
ZEITGLEICH	10	176	zeitgleich
ABGEORDNETE	11	175	Abgeordnete
ALBUMS	6	175	Albums
BINNEN	6	175	binnen
BISSCHEN	8	175	bisschen
BROT	4	175	Brot
DRESDNER	8	175	Dresdner
EINBAU	6	175	Einbau
FREMDEN	7	175	fremden
GERICHTE	8	175	Gerichte
GRAU	4	175	grau
IRGENDWO	8	175	irgendwo
JAPANER	7	175	Japaner
KOMMENTARE	10	175	Kommentare
MITARBEIT	9	175	Mitarbeit
MUSST	5	175	musst
PANIK	5	175	Panik
PLEITE	6	175	Pleite
PROGRAMMS	9	175	Programms
RANDE	5	175	Rande
RIESIGEN	8	175	riesigen
SEKUNDE	7	175	Sekunde
TALENT	6	175	Talent
VERBRINGEN	10	175	verbringen
ZENTIMETERN	11	175	Zentimetern
ANWESEND	8	174	anwesend
ARGUMENTE	9	174	Argumente
BEIN	4	174	Bein
DRUECKEN	8	174	drücken
EINGEHALTEN	11	174	eingehalten
ERHALT	6	174	Erhalt
ERRICHTETEN	11	174	errichteten
GESTATTET	9	174	gestattet
INSASSEN	8	174	Insassen
KENNE	5	174	kenne
KUEMMERT	8	174	kümmert
SEITLICH	8	174	seitlich
SIEGE	5	174	Siege
UNTERLIEGT	10	174	unterliegt
VERPASSTE	9	174	verpasste
VIRUS	5	174	Virus
VORZEITIG	9	174	vorzeitig
ZAEHNE	6	174	Zähne
ABHILFE	7	173	Abhilfe
ANGESTELLTE	11	173	Angestellte
BESCHLUESSE	11	173	Beschlüsse
BOTEN	5	173	boten
BRAUCHTE	8	173	brauchte
COMEBACK	8	173	Comeback
EIGENS	6	173	eigens
ENTHIELT	8	173	enthielt
GEHAEUSE	8	173	Gehäuse
GEMISCHT	8	173	gemischt
KUEMMERN	8	173	kümmern
LAUTER	6	173	lauter
REISTE	6	173	reiste
RELIGIOESE	10	173	religiöse
SAGE	4	173	Sage
VORSTELLEN	10	173	vorstellen
BEGLEITEN	9	172	begleiten
CHRISTLICHE	11	172	christliche
DEINEN	6	172	deinen
ENTDECKTE	9	172	entdeckte
FLECKEN	7	172	Flecken
GEEIGNETE	9	172	geeignete
GESTOHLEN	9	172	gestohlen
GLOCKE	6	172	Glocke
OBERSTEN	8	172	obersten
PEKING	6	172	Peking
PLANETEN	8	172	Planeten
PORTUGAL	8	172	Portugal
SCHWAECHE	9	172	Schwäche
TOKIO	5	172	Tokio
VORMITTAG	9	172	Vormittag
ABGESETZT	9	171	abgesetzt
AGENTUR	7	171	Agentur
ANRUF	5	171	Anruf
BEIFALL	7	171	Beifall
BUDGET	6	171	Budget
COMMERZBANK	11	171	Commerzbank
DACHTE	6	171	dachte
DISTRIKT	8	171	Distrikt
FERNSEHER	9	171	Fernseher
FLIEGT	6	171	fliegt
FORMULIERT	10	171	formuliert
HEIMATSTADT	11	171	Heimatstadt
IRLAND	6	171	Irland
JAHRELANG	9	171	jahrelang
KENNTNIS	8	171	Kenntnis
KLAVIER	7	171	Klavier
MAUS	4	171	Maus
SCHEINBAR	9	171	scheinbar
SITUATIONEN	11	171	Situationen
STANDARDS	9	171	Standards
TYPEN	5	171	Typen
VERGEBLICH	10	171	vergeblich
VORTAG	6	171	Vortag
WEN	3	171	Wen
ABERMALS	8	170	abermals
ABKOMMEN	8	170	Abkommen
ABSPRACHE	9	170	Absprache
ANGEFERTIGT	11	170	angefertigt
ERFINDUNG	9	170	Erfindung
GAENZLICH	9	170	gänzlich
GESTEUERT	9	170	gesteuert
GEWEIHT	7	170	geweiht
KOMMANDO	8	170	Kommando
KUERZER	7	170	kürzer
LAUFEND	7	170	laufend
NOETIGEN	8	170	nötigen
REINEN	6	170	reinen
REZESSION	9	170	Rezession
SAUBER	6	170	sauber
SPIEGELT	8	170	spiegelt
SPUERBAR	8	170	spürbar
STEHENDE	8	170	stehende
VERGNUEGEN	10	170	Vergnügen
VERPASST	8	170	verpasst
VERWANDTEN	10	170	Verwandten
ZAEHLERN	8	170	Zählern
BESICHTIGT	10	169	besichtigt
BEURTEILUNG	11	169	Beurteilung
BOMBE	5	169	Bombe
EREIGNETE	9	169	ereignete
EUER	4	169	Euer
FESTGESETZT	11	169	festgesetzt
FUEHLTE	7	169	fühlte
HESSISCHEN	10	169	hessischen
KNOCHEN	7	169	Knochen
LUEBECK	7	169	Lübeck
MITTEILUNG	10	169	Mitteilung
NORDOSTEN	9	169	Nordosten
OEFFNETE	8	169	öffnete
POLNISCHE	9	169	polnische
SCHIESSEN	9	169	schießen
SCHWARZER	9	169	schwarzer
SPART	5	169	spart
TRANSPARENZ	11	169	Transparenz
UNTERSTELLT	11	169	unterstellt
WOVON	5	169	wovon
BETONTE	7	168	betonte
ENGLISCHER	10	168	englischer
ERLEICHTERN	11	168	erleichtern
FUEHRENDE	9	168	führende
GEHIRN	6	168	Gehirn
HAUSHALTEN	10	168	Haushalten
KASSEL	6	168	Kassel
KULTUREN	8	168	Kulturen
MORGENS	7	168	morgens
SONNABEND	9	168	Sonnabend
TATORT	6	168	Tatort
ZUEINANDER	10	168	zueinander
BEURTEILEN	10	167	beurteilen
DEUTSCHES	9	167	deutsches
ERZAEHLUNG	10	167	Erzählung
FORMEL	6	167	Formel
FRISCHE	7	167	frische
GAERTEN	7	167	Gärten
GEWALTIG	8	167	gewaltig
GOETTINGEN	10	167	Göttingen
GROESSERER	10	167	größerer
GRUNDSTEIN	10	167	Grundstein
HANDBUCH	8	167	Handbuch
LUECKE	6	167	Lücke
NACHWEIS	8	167	Nachweis
OSTERN	6	167	Ostern
PROBE	5	167	Probe
RACHE	5	167	Rache
SCHNABEL	8	167	Schnabel
SCHWAECHER	10	167	schwächer
SEINERZEIT	10	167	seinerzeit
VORGEFUEHRT	11	167	vorgeführt
ARABISCHEN	10	166	arabischen
AUSLOESER	9	166	Auslöser
BAUZEIT	7	166	Bauzeit
BESASSEN	8	166	besaßen
DIGITALEN	9	166	digitalen
ERKANNTE	8	166	erkannte
FASSEN	6	166	fassen
FESTSTELLEN	11	166	feststellen
HEUTZUTAGE	10	166	heutzutage
LIEST	5	166	liest
LITT	4	166	litt
MAENGEL	7	166	Mängel
SPRINGEN	8	166	springen
TAGUNG	6	166	Tagung
TERRASSE	8	166	Terrasse
TRAURIG	7	166	traurig
VORLAEUFIG	10	166	vorläufig
BESORGT	7	165	besorgt
DIAGNOSE	8	165	Diagnose
GEDECKT	7	165	gedeckt
GOUVERNEUR	10	165	Gouverneur
HOB	3	165	hob
INSEKTEN	8	165	Insekten
KAEME	5	165	käme
KOMPLEX	7	165	Komplex
KORRUPTION	10	165	Korruption
NACHKOMMEN	10	165	Nachkommen
ROSE	4	165	Rose
STRAFEN	7	165	Strafen
TECHNISCHER	11	165	technischer
UEBERLEBT	9	165	überlebt
UEBERWUNDEN	11	165	überwunden
WORKSHOPS	9	165	Workshops
ZEUGE	5	165	Zeuge
DRASTISCH	9	164	drastisch
ECHTER	6	164	echter
EXPERIMENT	10	164	Experiment
FAVORITEN	9	164	Favoriten
FORMULAR	8	164	Formular
GELBE	5	164	gelbe
GRAFIK	6	164	Grafik
HAMMER	6	164	Hammer
KRANKHEITEN	11	164	Krankheiten
LUSTIG	6	164	lustig
MANDAT	6	164	Mandat
MEDAILLE	8	164	Medaille
NEGATIVEN	9	164	negativen
OPTIMISMUS	10	164	Optimismus
PRAKTISCHEN	11	164	praktischen
PRODUKTEN	9	164	Produkten
PRUEFUNGEN	10	164	Prüfungen
RUECKSTAND	10	164	Rückstand
SPRECHERIN	10	164	Sprecherin
STEINEN	7	164	Steinen
STOPPEN	7	164	stoppen
TEXTEN	6	164	Texten
ZUNAHME	7	164	Zunahme
ABBRUCH	7	163	Abbruch
AUSLAENDER	10	163	Ausländer
BERECHTIGT	10	163	berechtigt
BERN	4	163	Bern
BLUMEN	6	163	Blumen
DIMENSION	9	163	Dimension
DOPPELTE	8	163	doppelte
ENTLASTUNG	10	163	Entlastung
ENTWORFEN	9	163	entworfen
FACH	4	163	Fach
FASST	5	163	fasst
GEWAESSER	9	163	Gewässer
GEWOEHNLICH	11	163	gewöhnlich
HALBES	6	163	halbes
HEER	4	163	Heer
HOECHST	7	163	höchst
INFLATION	9	163	Inflation
INTERVIEWS	10	163	Interviews
JENA	4	163	Jena
KAUFMANN	8	163	Kaufmann
KLAPPT	6	163	klappt
MITTERNACHT	11	163	Mitternacht
NEUWAHLEN	9	163	Neuwahlen
PRODUZIEREN	11	163	produzieren
PROMPT	6	163	prompt
REDET	5	163	redet
SPANNUNGEN	10	163	Spannungen
TICKETS	7	163	Tickets
UNGLAUBLICH	11	163	unglaublich
AEGYPTEN	8	162	Ägypten
AKTEN	5	162	Akten
BEKANNTER	9	162	bekannter
BEWEISE	7	162	Beweise
BEWIESEN	8	162	bewiesen
CHINESEN	8	162	Chinesen
DUELL	5	162	Duell
DYNAMIK	7	162	Dynamik
FLACHEN	7	162	flachen
HERAN	5	162	heran
KEINESFALLS	11	162	keinesfalls
KURZZEITIG	10	162	kurzzeitig
LOEWEN	6	162	Löwen
MEDIUM	6	162	Medium
OPERIERT	8	162	operiert
RICHTLINIEN	11	162	Richtlinien
RISS	4	162	riss
ROEMISCHE	9	162	römische
SCHAETZEN	9	162	schätzen
SCHMERZ	7	162	Schmerz
TAFEL	5	162	Tafel
TRAUER	6	162	Trauer
VERDOPPELT	10	162	verdoppelt
VORMONAT	8	162	Vormonat
WILD	4	162	Wild
BEHERRSCHT	10	161	beherrscht
GESAMTJAHR	10	161	Gesamtjahr
GEZIELT	7	161	gezielt
INDISCHEN	9	161	indischen
KOMPONISTEN	11	161	Komponisten
LEISTETE	8	161	leistete
NOCHMAL	7	161	nochmal
OBERLIGA	8	161	Oberliga
RENTE	5	161	Rente
SCHLAF	6	161	Schlaf
SOLCHES	7	161	solches
TELEKOM	7	161	Telekom
TRANSAKTION	11	161	Transaktion
UEBERGABE	9	161	Übergabe
VERGABE	7	161	Vergabe
ANMELDEN	8	160	anmelden
ARGUMENT	8	160	Argument
AUFWEISEN	9	160	aufweisen
AUSBRUCH	8	160	Ausbruch
BESCHLIESST	11	160	beschließt
BETEILIGTE	10	160	beteiligte
DRAMA	5	160	Drama
EINMALIG	8	160	einmalig
EISENBAHN	9	160	Eisenbahn
ERGEBNISSEN	11	160	Ergebnissen
ERWARTETE	9	160	erwartete
ETABLIERT	9	160	etabliert
EVAKUIERT	9	160	evakuiert
EXISTIERTE	10	160	existierte
FEIND	5	160	Feind
HINNEHMEN	9	160	hinnehmen
HOEHEN	6	160	Höhen
INTENSIVE	9	160	intensive
MARKEN	6	160	Marken
MINDERHEIT	10	160	Minderheit
MOTORRAD	8	160	Motorrad
OPTIMIERT	9	160	optimiert
RENOVIERUNG	11	160	Renovierung
RHYTHMUS	8	160	Rhythmus
ROMANE	6	160	Romane
SETZE	5	160	setze
STUDIERT	8	160	studiert
TOEDLICH	8	160	tödlich
TRIO	4	160	Trio
UNGEKLAERT	10	160	ungeklärt
ALLESAMT	8	159	allesamt
ANGEWENDET	10	159	angewendet
AUSKUENFTE	10	159	Auskünfte
BETRACHTEN	10	159	betrachten
BLOCK	5	159	Block
BOOTE	5	159	Boote
DICK	4	159	dick
DURCHS	6	159	durchs
ERLAUBEN	8	159	erlauben
EXPORT	6	159	Export
EXTERNE	7	159	externe
FINDEST	7	159	findest
GEGRUENDETE	11	159	gegründete
GUTEM	5	159	gutem
HEBT	4	159	hebt
KETTE	5	159	Kette
KOHLE	5	159	Kohle
LASTEN	6	159	Lasten
MARKTES	7	159	Marktes
STAERKERE	9	159	stärkere
SUEDLICHE	9	159	südliche
TEUFEL	6	159	Teufel
UEBERDIES	9	159	Überdies
WIEDERHOLEN	11	159	wiederholen
ZEITLICH	8	159	zeitlich
ZEITPLAN	8	159	Zeitplan
ANWENDER	8	158	Anwender
ATTRAKTIV	9	158	attraktiv
AUSGEWEITET	11	158	ausgeweitet
AUSWEITUNG	10	158	Ausweitung
EDITION	7	158	Edition
FERRARI	7	158	Ferrari
FERTIGUNG	9	158	Fertigung
FLACH	5	158	flach
GEFLOGEN	8	158	geflogen
GENUEGEND	9	158	genügend
GLATT	5	158	glatt
GUELTIG	7	158	gültig
HERZLICHEN	10	158	Herzlichen
KONSTANT	8	158	konstant
KONZERNS	8	158	Konzerns
LEHRERIN	8	158	Lehrerin
LOHN	4	158	Lohn
MELDUNGEN	9	158	Meldungen
MOND	4	158	Mond
NAECHSTES	9	158	nächstes
NORTH	5	158	North
ONKEL	5	158	Onkel
PARKS	5	158	Parks
PUBLIZIERT	10	158	publiziert
QUER	4	158	quer
ROSTOCK	7	158	Rostock
SENKEN	6	158	senken
SIEDLER	7	158	Siedler
SOBALD	6	158	sobald
STATIONIERT	11	158	stationiert
SUEDOSTEN	9	158	Südosten
VERHAELT	8	158	verhält
VORGAENGE	9	158	Vorgänge
VORRUNDE	8	158	Vorrunde
WIRKSAM	7	158	wirksam
WUT	3	158	Wut
ZAEHLTEN	8	158	zählten
BEGRABEN	8	157	begraben
BEHAART	7	157	behaart
BESCHWERDE	10	157	Beschwerde
DIVIDENDE	9	157	Dividende
EINZIG	6	157	einzig
FEHLE	5	157	fehle
FLOG	4	157	flog
FLUEGE	6	157	Flüge
GEDRUCKT	8	157	gedruckt
GENOSSEN	8	157	Genossen
GETRETEN	8	157	getreten
HUNGER	6	157	Hunger
KALTEN	6	157	kalten
KONKRET	7	157	konkret
MONTAGE	7	157	Montage
PARAMETER	9	157	Parameter
PLATTEN	7	157	Platten
PRAG	4	157	Prag
RAD	3	157	Rad
SINGLES	7	157	Singles
STAERKSTE	9	157	stärkste
VERLEIHUNG	10	157	Verleihung
WAEHRUNG	8	157	Währung
ABGELEITET	10	156	abgeleitet
ABSEITS	7	156	abseits
AUTORIN	7	156	Autorin
FRUEHLING	9	156	Frühling
GESPALTEN	9	156	gespalten
GEWARNT	7	156	gewarnt
GRUNDE	6	156	Grunde
GRUSS	5	156	Gruß
INHABER	7	156	Inhaber
JETZIGEN	8	156	jetzigen
KLETTERTEN	10	156	kletterten
KUENSTLERN	10	156	Künstlern
LEID	4	156	Leid
NAHEN	5	156	nahen
OERTLICHE	9	156	örtliche
REGIERUNGEN	11	156	Regierungen
SEMINARE	8	156	Seminare
STOFFE	6	156	Stoffe
UEBLICHE	8	156	übliche
UNTERSUCHEN	11	156	untersuchen
VEREINFACHT	11	156	vereinfacht
VERSAND	7	156	Versand
WOMOEGLICH	10	156	womöglich
ABSCHAFFUNG	11	155	Abschaffung
ABSTURZ	7	155	Absturz
AUFSICHT	8	155	Aufsicht
BAUBEGINN	9	155	Baubeginn
BEKOMME	7	155	bekomme
BELAUFEN	8	155	belaufen
BETTEN	6	155	Betten
EHEMALIGER	10	155	ehemaliger
EINBLICK	8	155	Einblick
ENTFALLEN	9	155	entfallen
GARANTIE	8	155	Garantie
GARANTIEREN	11	155	garantieren
GESCHWISTER	11	155	Geschwister
GESUND	6	155	gesund
GRUENDER	8	155	Gründer
KONDITIONEN	11	155	Konditionen
KONTEXT	7	155	Kontext
KUENDIGT	8	155	kündigt
KUENFTIGEN	10	155	künftigen
ROSA	4	155	Rosa
SCHLUGEN	8	155	schlugen
STEIGERN	8	155	steigern
STEUERT	7	155	steuert
STUDIUMS	8	155	Studiums
TANZEN	6	155	tanzen
TASCHE	6	155	Tasche
UEBERRESTE	10	155	Überreste
VISION	6	155	Vision
WELLEN	6	155	Wellen
ANGENEHM	8	154	angenehm
ANTRIEB	7	154	Antrieb
ATTRAKTIVE	10	154	attraktive
BESTRAFT	8	154	bestraft
BETRACHTUNG	11	154	Betrachtung
FACHLEUTE	9	154	Fachleute
FUNGIERTE	9	154	fungierte
GELBEN	6	154	gelben
GRAMM	5	154	Gramm
HINGEWIESEN	11	154	hingewiesen
INDIVIDUEN	10	154	Individuen
VIERMAL	7	154	viermal
BENOETIGTE	10	153	benötigte
BIRGT	5	153	birgt
BUESSTE	7	153	büßte
DEUTEN	6	153	deuten
EINGENOMMEN	11	153	eingenommen
FLUECHTETEN	11	153	flüchteten
FORSCHUNGEN	11	153	Forschungen
GEEHRT	6	153	geehrt
GEKUERZT	8	153	gekürzt
GESTAENDNIS	11	153	Geständnis
KREISEN	7	153	Kreisen
KUENFTIGE	9	153	künftige
LINKSPARTEI	11	153	Linkspartei
MESSUNG	7	153	Messung
PRINZESSIN	10	153	Prinzessin
SCHULTERN	9	153	Schultern
SPARKASSE	9	153	Sparkasse
STAENDIGEN	10	153	ständigen
SUBSTANZ	8	153	Substanz
UEBERSCHUSS	11	153	Überschuss
UMGESTALTET	11	153	umgestaltet
UNSICHER	8	153	unsicher
UPDATE	6	153	Update
VOLKES	6	153	Volkes
AEMTER	6	152	Ämter
AUSSTIEG	8	152	Ausstieg
BEGEGNET	8	152	begegnet
BERUFLICHEN	11	152	beruflichen
EHREN	5	152	Ehren
EINSAETZEN	10	152	Einsätzen
ERWERB	6	152	Erwerb
EXEMPLAR	8	152	Exemplar
FAEHIGKEIT	10	152	Fähigkeit
GESUNDE	7	152	gesunde
HANDELE	7	152	handele
LEISTET	7	152	leistet
LIZENZ	6	152	Lizenz
NIEDERLANDE	11	152	Niederlande
PERFEKTE	8	152	perfekte
SCHMALEN	8	152	schmalen
SCHWAECHEN	10	152	Schwächen
UEBERLASSEN	11	152	überlassen
AMTSGERICHT	11	151	Amtsgericht
ANSICHTEN	9	151	Ansichten
AUFBAUEN	8	151	aufbauen
AUSVERKAUFT	11	151	ausverkauft
BEREITEN	8	151	bereiten
BESSERUNG	9	151	Besserung
DAUERTEN	8	151	dauerten
DOTIERT	7	151	dotiert
DRAENGT	7	151	drängt
ECKEN	5	151	Ecken
FERNE	5	151	Ferne
HISTORISCH	10	151	historisch
INMITTEN	8	151	inmitten
INTERNEN	8	151	internen
KORREKT	7	151	korrekt
KUCHEN	6	151	Kuchen
LAST	4	151	Last
LEISE	5	151	leise
PREUSSEN	8	151	Preußen
PROJEKTES	9	151	Projektes
RAEDER	6	151	Räder
RUINE	5	151	Ruine
SCHICHT	7	151	Schicht
SUCHTEN	7	151	suchten
TAUCHEN	7	151	tauchen
TEE	3	151	Tee
TOENE	5	151	Töne
VERMEHRT	8	151	vermehrt
VERSTAERKTE	11	151	verstärkte
ZEICHNUNG	9	151	Zeichnung
ARENA	5	150	Arena
AUFFAELLIG	10	150	auffällig
BEDEUTENDEN	11	150	bedeutenden
BESTATTET	9	150	bestattet
BESTREITEN	10	150	bestreiten
EINMALIGE	9	150	einmalige
ERLAUBNIS	9	150	Erlaubnis
FINNLAND	8	150	Finnland
GUENSTIGE	9	150	günstige
HAEUFIGSTEN	11	150	häufigsten
KAELTE	6	150	Kälte
KONSEQUENZ	10	150	Konsequenz
NOETIGE	7	150	nötige
SEEN	4	150	Seen
SELBSTMORD	10	150	Selbstmord
UNITED	6	150	United
VERMUTEN	8	150	vermuten
WEITERGEHEN	11	150	weitergehen
WERTEN	6	150	Werten
ABGEDECKT	9	149	abgedeckt
ABGEWICKELT	11	149	abgewickelt
ANGEFANGEN	10	149	angefangen
BREMER	6	149	Bremer
DUISBURG	8	149	Duisburg
EFFEKTE	7	149	Effekte
EINGRIFF	8	149	Eingriff
ERFUNDEN	8	149	erfunden
ERLAEUTERT	10	149	erläutert
FAZIT	5	149	Fazit
FRIEDLICH	9	149	friedlich
GELINGEN	8	149	gelingen
GLEISE	6	149	Gleise
HISTORIKER	10	149	Historiker
INTEGRIERTE	11	149	integrierte
ISRAELISCHE	11	149	israelische
KREUZUNG	8	149	Kreuzung
MAERCHEN	8	149	Märchen
MALE	4	149	Male
NEWSLETTER	10	149	Newsletter
NOERDLICHE	10	149	nördliche
REBELLEN	8	149	Rebellen
RUMPF	5	149	Rumpf
SPITZEN	7	149	Spitzen
STEHENDEN	9	149	stehenden
STURZ	5	149	Sturz
UEBERFUEHRT	11	149	überführt
UEBERLEBTE	10	149	überlebte
VERSICHERT	10	149	versichert
VERTRAT	7	149	vertrat
WILLST	6	149	willst
ABGESEHEN	9	148	abgesehen
ABZUG	5	148	Abzug
ALPEN	5	148	Alpen
ANALYSIERT	10	148	analysiert
ANGEMESSEN	10	148	angemessen
ANGEWANDT	9	148	angewandt
ANSCHEINEND	11	148	anscheinend
BEWERTEN	8	148	bewerten
BEWOHNERN	9	148	Bewohnern
DIFFERENZEN	11	148	Differenzen
GEWERTET	8	148	gewertet
NACHTEILE	9	148	Nachteile
PARISER	7	148	Pariser
SCHICKT	7	148	schickt
SENIOREN	8	148	Senioren
SICHEREN	8	148	sicheren
SPANNENDE	9	148	spannende
STAERKSTEN	10	148	stärksten
STERNE	6	148	Sterne
TAGSUEBER	9	148	tagsüber
UMGESTELLT	10	148	umgestellt
URKUNDEN	8	148	Urkunden
VERFAHRENS	10	148	Verfahrens
VORSITZ	7	148	Vorsitz
WANDERN	7	148	wandern
WUENSCHT	8	148	wünscht
ZERSTOERTE	10	148	zerstörte
ZIRKA	5	148	zirka
ABSOLUTEN	9	147	absoluten
ABT	3	147	Abt
BOGEN	5	147	Bogen
BREITES	7	147	breites
DICHTE	6	147	Dichte
EIGENSCHAFT	11	147	Eigenschaft
EINGEBRACHT	11	147	eingebracht
ERBEN	5	147	Erben
ERFREULICH	10	147	erfreulich
ERGABEN	7	147	ergaben
EROEFFNEN	9	147	eröffnen
FREILASSUNG	11	147	Freilassung
GELAGERT	8	147	gelagert
GENIESST	8	147	genießt
KREDITE	7	147	Kredite
MEHRZAHL	8	147	Mehrzahl
MUSIKALISCH	11	147	musikalisch
NETT	4	147	nett
POTENTIAL	9	147	Potential
PRODUZENTEN	11	147	Produzenten
REDUZIERUNG	11	147	Reduzierung
REITER	6	147	Reiter
SOLIDE	6	147	solide
STEUER	6	147	Steuer
STRENGE	7	147	strenge
VERKAEUFER	10	147	Verkäufer
ANWESENDEN	10	146	anwesenden
AUSDEHNUNG	10	146	Ausdehnung
BEBAUUNG	8	146	Bebauung
BECKEN	6	146	Becken
BETEILIGEN	10	146	beteiligen
BLOCKIERT	9	146	blockiert
BOEDEN	6	146	Böden
BROSCHUERE	10	146	Broschüre
DURCHSUCHT	10	146	durchsucht
EIGENEM	7	146	eigenem
ERHALTENE	9	146	erhaltene
ERNEUERUNG	10	146	Erneuerung
FRUEHZEITIG	11	146	frühzeitig
GESTOSSEN	9	146	gestoßen
HECK	4	146	Heck
HELLER	6	146	heller
KLUBS	5	146	Klubs
KOPIE	5	146	Kopie
KREISE	6	146	Kreise
LOESCHEN	8	146	löschen
MERKMAL	7	146	Merkmal
NACHHALTIG	10	146	nachhaltig
ORDENTLICH	10	146	ordentlich
PAKISTAN	8	146	Pakistan
SCHEIDUNG	9	146	Scheidung
SECHSTE	7	146	sechste
TAEGLICHE	9	146	tägliche
VIRTUELLE	9	146	virtuelle
WEHREN	6	146	wehren
WINKEL	6	146	Winkel
ABTEILUNGEN	11	145	Abteilungen
ALTES	5	145	altes
CODE	4	145	Code
EHRE	4	145	Ehre
ERFURT	6	145	Erfurt
EXAKT	5	145	exakt
KAMERAS	7	145	Kameras
KOERPERS	8	145	Körpers
LISTEN	6	145	Listen
MEDIZINER	9	145	Mediziner
MITMACHEN	9	145	mitmachen
NEBEL	5	145	Nebel
NEBENBEI	8	145	Nebenbei
PSYCHOLOGIE	11	145	Psychologie
SICHERT	7	145	sichert
SPEICHER	8	145	Speicher
STREIKS	7	145	Streiks
WAELDER	7	145	Wälder
WUESTE	6	145	Wüste
ABGETRAGEN	10	144	abgetragen
ABRECHNUNG	10	144	Abrechnung
AKT	3	144	Akt
BEACHTET	8	144	beachtet
BEGLEITUNG	10	144	Begleitung
BEITRAGEN	9	144	beitragen
BERUFLICHE	10	144	berufliche
BEWAHREN	8	144	bewahren
DUNKELHEIT	10	144	Dunkelheit
EINHALTUNG	10	144	Einhaltung
EMPFAENGER	10	144	Empfänger
FERIEN	6	144	Ferien
FUELLE	6	144	Fülle
GEDANKE	7	144	Gedanke
GEKUENDIGT	10	144	gekündigt
GERAEUMT	8	144	geräumt
HELD	4	144	Held
KIRCHLICHEN	11	144	kirchlichen
KOSTENFREI	10	144	kostenfrei
MONATS	6	144	Monats
MUENDET	7	144	mündet
NEUSEELAND	10	144	Neuseeland
SAETZE	6	144	Sätze
SCHAFFUNG	9	144	Schaffung
SCHARFE	7	144	scharfe
SCHOENSTE	9	144	schönste
SCHRITTEN	9	144	Schritten
WACHSENDE	9	144	wachsende
WEITAUS	7	144	weitaus
WOHNTE	6	144	wohnte
WORAUFHIN	9	144	woraufhin
ZONE	4	144	Zone
ABSAGE	6	143	Absage
ANGEFORDERT	11	143	angefordert
AUSGEPRAEGT	11	143	ausgeprägt
BARCELONA	9	143	Barcelona
BEIGETRAGEN	11	143	beigetragen
BESTES	6	143	bestes
BILLIGER	8	143	billiger
BUERGERN	8	143	Bürgern
EINGERAEUMT	11	143	eingeräumt
ENTSPANNUNG	11	143	Entspannung
GEBUCHT	7	143	gebucht
GRUBE	5	143	Grube
KATZEN	6	143	Katzen
KLARER	6	143	klarer
KONZEPTION	10	143	Konzeption
KORRIGIERT	10	143	korrigiert
LANGWEILIG	10	143	langweilig
LEBENSRAUM	10	143	Lebensraum
LETZTERER	9	143	Letzterer
MORAL	5	143	Moral
REGISTER	8	143	Register
RUECKTEN	8	143	rückten
SEKTION	7	143	Sektion
SITZUNGEN	9	143	Sitzungen
STOSSEN	7	143	stoßen
STUERZT	7	143	stürzt
UNTERGRUND	10	143	Untergrund
VERZICHT	8	143	Verzicht
ARGENTINIEN	11	142	Argentinien
BEENDIGUNG	10	142	Beendigung
BENUTZUNG	9	142	Benutzung
BLAETTERN	9	142	Blättern
BRANCHEN	8	142	Branchen
COACH	5	142	Coach
FELSEN	6	142	Felsen
FUCHS	5	142	Fuchs
GLOBALEN	8	142	globalen
HERRSCHER	9	142	Herrscher
JOURNALIST	10	142	Journalist
LAEGEN	6	142	lägen
LEHNEN	6	142	lehnen
LEITEN	6	142	leiten
MISSBRAUCH	10	142	Missbrauch
NACHFOLGE	9	142	Nachfolge
PASS	4	142	Pass
PASSWORT	8	142	Passwort
RENTNER	7	142	Rentner
SCHAU	5	142	Schau
SPEISEN	7	142	Speisen
VERBRACHT	9	142	verbracht
VORSTOSS	8	142	Vorstoß
ZENTRAL	7	142	zentral
ALLENFALLS	10	141	allenfalls
AMERICAN	8	141	American
AMSTERDAM	9	141	Amsterdam
ANLEITUNG	9	141	Anleitung
BUEROS	6	141	Büros
DAENISCHEN	10	141	dänischen
DIFFERENZ	9	141	Differenz
DING	4	141	Ding
EINGREIFEN	10	141	eingreifen
ENTWUERFE	9	141	Entwürfe
ERSTAUNLICH	11	141	erstaunlich
ERWERBEN	8	141	erwerben
ERWISCHT	8	141	erwischt
FUEHRUNGEN	10	141	Führungen
HILFREICH	9	141	hilfreich
JENE	4	141	jene
KANTON	6	141	Kanton
KLARHEIT	8	141	Klarheit
KOMMUNALEN	10	141	kommunalen
MANGELNDE	9	141	mangelnde
MUEDE	5	141	müde
OBLIEGT	7	141	obliegt
PROTOTYP	8	141	Prototyp
SCHICKTE	8	141	schickte
SYNAGOGE	8	141	Synagoge
TESTAMENT	9	141	Testament
ABSCHNITTE	10	140	Abschnitte
AUSFLUG	7	140	Ausflug
BEACHTUNG	9	140	Beachtung
BEHANDELN	9	140	behandeln
BEKAEMPFUNG	11	140	Bekämpfung
BELEGSCHAFT	11	140	Belegschaft
DERZEITIGE	10	140	derzeitige
DOM	3	140	Dom
EINTRACHT	9	140	Eintracht
ENDSPIEL	8	140	Endspiel
FANGEN	6	140	fangen
FLUR	4	140	Flur
GEREICHT	8	140	gereicht
HEUER	5	140	heuer
KLASSIKER	9	140	Klassiker
KONTO	5	140	Konto
LASSE	5	140	lasse
NORDSEITE	9	140	Nordseite
NOTEN	5	140	Noten
PARTEITAG	9	140	Parteitag
PLATZIERUNG	11	140	Platzierung
REGIERT	7	140	regiert
RESERVIERT	10	140	reserviert
SCHLIMMSTE	10	140	Schlimmste
STIRN	5	140	Stirn
STOERT	6	140	stört
UNTERNAHM	9	140	unternahm
VORAB	5	140	vorab
ZEICHNETE	9	140	zeichnete
ZELLE	5	140	Zelle
ADLER	5	139	Adler
AKTIENKURS	10	139	Aktienkurs
DEMOKRATEN	10	139	Demokraten
EINGESTUFT	10	139	eingestuft
EXEMPLAREN	10	139	Exemplaren
FEINE	5	139	feine
GEHEIMEN	8	139	geheimen
GEMUESE	7	139	Gemüse
GERINGEREN	10	139	geringeren
INHALTLICH	10	139	inhaltlich
KONSENS	7	139	Konsens
KREISES	7	139	Kreises
KRITISCHEN	10	139	kritischen
LIEGENDE	8	139	liegende
PANZER	6	139	Panzer
RIESIG	6	139	riesig
ROYAL	5	139	Royal
SOLANGE	7	139	solange
UEBERAUS	8	139	überaus
UEBERFALL	9	139	Überfall
UMFRAGEN	8	139	Umfragen
UNTERHAELT	10	139	unterhält
VERHAENGT	9	139	verhängt
VOLKSSCHULE	11	139	Volksschule
WACHSENDEN	10	139	wachsenden
ZEIGE	5	139	zeige
ZWANG	5	139	Zwang
ABWARTEN	8	138	abwarten
DASSELBE	8	138	Dasselbe
FAHNDUNG	8	138	Fahndung
HASS	4	138	Hass
JEGLICHE	8	138	jegliche
KOMBINIERT	10	138	kombiniert
KOSTENLOSEN	11	138	kostenlosen
KREBS	5	138	Krebs
MASSEN	6	138	Massen
PHANTASIE	9	138	Phantasie
REGE	4	138	rege
SENDUNGEN	9	138	Sendungen
SKEPSIS	7	138	Skepsis
SPRANG	6	138	sprang
STARKES	7	138	starkes
STUDIEREN	9	138	studieren
UNRUHE	6	138	Unruhe
VERURTEILTE	11	138	verurteilte
ABGEWIESEN	10	137	abgewiesen
ACHTUNG	7	137	Achtung
ANGEFUEHRT	10	137	angeführt
BALKON	6	137	Balkon
BENANNTE	8	137	benannte
BRAUEREI	8	137	Brauerei
CHRONIK	7	137	Chronik
DRIN	4	137	drin
DURCHWEG	8	137	durchweg
ERLANGEN	8	137	erlangen
FING	4	137	fing
FIT	3	137	fit
FUNDAMENT	9	137	Fundament
GELDSTRAFE	10	137	Geldstrafe
GENUSS	6	137	Genuss
GERUCH	6	137	Geruch
GLEICHT	7	137	gleicht
GOLF	4	137	Golf
GROESSEN	8	137	Größen
HANDLUNGEN	10	137	Handlungen
HANDWERKER	10	137	Handwerker
HOCHWERTIGE	11	137	hochwertige
KENNZEICHEN	11	137	Kennzeichen
LASTWAGEN	9	137	Lastwagen
NACHDENKEN	10	137	nachdenken
NACHWEISEN	10	137	nachweisen
NUTZTEN	7	137	nutzten
RAUCH	5	137	Rauch
REGIMENT	8	137	Regiment
RINGEN	6	137	Ringen
RUNDFUNK	8	137	Rundfunk
SAMMLUNGEN	10	137	Sammlungen
TERRORISTEN	11	137	Terroristen
TRAINIEREN	10	137	trainieren
VOELKER	7	137	Völker
ZEILE	5	137	Zeile
ZENTRALBANK	11	137	Zentralbank
ZIELEN	6	137	Zielen
ABGESTELLT	10	136	abgestellt
AUFGELEGT	9	136	aufgelegt
DRAENGEN	8	136	drängen
ENTZOGEN	8	136	entzogen
ERGAENZUNG	10	136	Ergänzung
ERHEBEN	7	136	erheben
GEDICHT	7	136	Gedicht
GROSSVATER	10	136	Großvater
HANG	4	136	Hang
IGNORIERT	9	136	ignoriert
INVESTIEREN	11	136	investieren
JURISTISCHE	11	136	juristische
KAEMEN	6	136	kämen
LESUNG	6	136	Lesung
LOCKT	5	136	lockt
MUEHE	5	136	Mühe
MUENDUNG	8	136	Mündung
NAEHERES	8	136	Näheres
NIEDRIGE	8	136	niedrige
OFFIZIERE	9	136	Offiziere
ORTSNAME	8	136	Ortsname
RUMAENIEN	9	136	Rumänien
SALZ	4	136	Salz
SCHLIMM	7	136	schlimm
SCHMECKT	8	136	schmeckt
SCHNEIDEN	9	136	schneiden
STIESSEN	8	136	stießen
TEILTEN	7	136	teilten
TSCHECHIEN	10	136	Tschechien
UNRUHEN	7	136	Unruhen
VEREINZELT	10	136	vereinzelt
VERWEISEN	9	136	verweisen
VERZIERT	8	136	verziert
WARNUNG	7	136	Warnung
ZERSTOEREN	10	136	zerstören
AKTIVITAET	10	135	Aktivität
AUSSCHLUSS	10	135	Ausschluss
DESSELBEN	9	135	desselben
EISEN	5	135	Eisen
ERFORDERN	9	135	erfordern
GRUENDLICH	10	135	gründlich
GUTACHTER	9	135	Gutachter
HAFTSTRAFE	10	135	Haftstrafe
HUT	3	135	Hut
KRAEFTIGEN	10	135	kräftigen
LEBENSDAUER	11	135	Lebensdauer
LEBENSWEISE	11	135	Lebensweise
MADRID	6	135	Madrid
SCHWEDISCHE	11	135	schwedische
SPRINGT	7	135	springt
TUERME	6	135	Türme
WIRKLICHE	9	135	wirkliche
ZEITALTER	9	135	Zeitalter
ABBILDUNGEN	11	134	Abbildungen
ABENDESSEN	10	134	Abendessen
AUFBEWAHRT	10	134	aufbewahrt
AUFRUF	6	134	Aufruf
AUFSTAND	8	134	Aufstand
BEDIENEN	8	134	bedienen
BEGLEITETE	10	134	begleitete
BEGRUESSEN	10	134	begrüßen
BESIEDLUNG	10	134	Besiedlung
BESUCHTEN	9	134	besuchten
ERFUELLUNG	10	134	Erfüllung
EUROPAEER	9	134	Europäer
FLASCHE	7	134	Flasche
GEBOT	5	134	Gebot
HEIMLICH	8	134	heimlich
INSTANZ	7	134	Instanz
KANADISCHEN	11	134	kanadischen
KOMPONENTE	10	134	Komponente
LABOR	5	134	Labor
LANDET	6	134	landet
LANDRAT	7	134	Landrat
MITBRINGEN	10	134	mitbringen
RADFAHRER	9	134	Radfahrer
SCHIFFES	8	134	Schiffes
SOFERN	6	134	sofern
TODES	5	134	Todes
TREU	4	134	treu
TRIEB	5	134	trieb
TUERKEN	7	134	Türken
UEBERHOLT	9	134	überholt
VERNUNFT	8	134	Vernunft
VERRATEN	8	134	verraten
VERSAGT	7	134	versagt
WASSERS	7	134	Wassers
BELEUCHTUNG	11	133	Beleuchtung
EINZEL	6	133	Einzel
EMPOERUNG	9	133	Empörung
ENTSPANNT	9	133	entspannt
ETAPPE	6	133	Etappe
FESTNAHME	9	133	Festnahme
GEHEIM	6	133	geheim
GEKOSTET	8	133	gekostet
GELDER	6	133	Gelder
GESETZLICH	10	133	gesetzlich
GEZEICHNET	10	133	gezeichnet
HOLLAND	7	133	Holland
KLEINSTEN	9	133	kleinsten
KOEPFE	6	133	Köpfe
KOMPLEXE	8	133	komplexe
KRIPO	5	133	Kripo
LANDUNG	7	133	Landung
NERVOES	7	133	nervös
OESTLICHE	9	133	östliche
ROTER	5	133	roter
SCHULTER	8	133	Schulter
STARTETEN	9	133	starteten
SYMPTOME	8	133	Symptome
TEICH	5	133	Teich
VEREINT	7	133	vereint
VERKNUEPFT	10	133	verknüpft
VERSTORBEN	10	133	verstorben
VORHERIGEN	10	133	vorherigen
ZUKUENFTIGE	11	133	zukünftige
BAUKOSTEN	9	132	Baukosten
BOX	3	132	Box
ENTWICKLER	10	132	Entwickler
GENAUERE	8	132	Genauere
GEWARTET	8	132	gewartet
MEINES	6	132	meines
MITGEBRACHT	11	132	mitgebracht
NEUEREN	7	132	neueren
PAARE	5	132	Paare
PHASEN	6	132	Phasen
PRALLTE	7	132	prallte
VERTAGT	7	132	vertagt
WEILER	6	132	Weiler
WOFUER	6	132	wofür
ANKLICKEN	9	131	anklicken
AUFGEFALLEN	11	131	aufgefallen
BASIEREN	8	131	basieren
BESETZTEN	9	131	besetzten
BESTAENDE	9	131	Bestände
CHICAGO	7	131	Chicago
DEBUET	6	131	Debüt
EMPOERT	7	131	empört
FINANZEN	8	131	Finanzen
HEIMISCHEN	10	131	heimischen
HINAUF	6	131	hinauf
INSTITUTION	11	131	Institution
KAEMPFTE	8	131	kämpfte
MISST	5	131	misst
NAZIS	5	131	Nazis
OBERSEITE	9	131	Oberseite
OFFENER	7	131	offener
PARADIES	8	131	Paradies
POSITIVES	9	131	positives
PRIORITAET	10	131	Priorität
SCHEIBEN	8	131	Scheiben
SCHMUCK	7	131	Schmuck
SCHULJAHR	9	131	Schuljahr
SINGT	5	131	singt
UMGEHEN	7	131	umgehen
UNTERHALTEN	11	131	unterhalten
VERKAUFTEN	10	131	verkauften
VERLIEFEN	9	131	verliefen
VERZWEIFELT	11	131	verzweifelt
WOLFSBURG	9	131	Wolfsburg
ZUNEHMENDEN	11	131	zunehmenden
ALLIIERTEN	10	130	Alliierten
AUFGEBRACHT	11	130	aufgebracht
AUFGESTOCKT	11	130	aufgestockt
AUSBAUEN	8	130	ausbauen
DEINER	6	130	deiner
DELEGIERTEN	11	130	Delegierten
ENTSPRECHE	10	130	entspreche
FEIN	4	130	fein
FETT	4	130	Fett
FUERCHTET	9	130	fürchtet
FUERSTEN	8	130	Fürsten
HILFEN	6	130	Hilfen
KORREKTUR	9	130	Korrektur
LAUNE	5	130	Laune
NANNTEN	7	130	nannten
NETTE	5	130	nette
OLDENBURG	9	130	Oldenburg
PASSENDEN	9	130	passenden
REGELT	6	130	regelt
REZEPT	6	130	Rezept
RUHT	4	130	ruht
SCHRECKEN	9	130	Schrecken
SCHWERT	7	130	Schwert
SPRINGER	8	130	Springer
STELLENWERT	11	130	Stellenwert
TRAEUMEN	8	130	träumen
UMFASSEND	9	130	umfassend
VERRINGERTE	11	130	verringerte
VERTRAUT	8	130	vertraut
WERKZEUG	8	130	Werkzeug
WITZ	4	130	Witz
WUNDERBAR	9	130	wunderbar
AUFHEBUNG	9	129	Aufhebung
AUSFALL	7	129	Ausfall
BAHNSTRECKE	11	129	Bahnstrecke
BEFRAGUNG	9	129	Befragung
DILEMMA	7	129	Dilemma
DOPPEL	6	129	Doppel
ERNTE	5	129	Ernte
FOLGEJAHREN	11	129	Folgejahren
FUEHRE	6	129	führe
GEHALT	6	129	Gehalt
GLOBALE	7	129	globale
GRUENDETEN	10	129	gründeten
HAUPTROLLE	10	129	Hauptrolle
INNOVATION	10	129	Innovation
JAHRGANG	8	129	Jahrgang
LOGIK	5	129	Logik
NACHFOLGEND	11	129	nachfolgend
NIEDERLAGEN	11	129	Niederlagen
OSTSEITE	8	129	Ostseite
PRAESENT	8	129	präsent
RASCHE	6	129	rasche
REFORMATION	11	129	Reformation
SCHEITERTEN	11	129	scheiterten
SPIELZEITEN	11	129	Spielzeiten
UNTERNOMMEN	11	129	unternommen
VERBANDES	9	129	Verbandes
WEILE	5	129	Weile
ZUERCHER	8	129	Zürcher
ABGESICHERT	11	128	abgesichert
ANNEHMEN	8	128	annehmen
AUSSCHEIDEN	11	128	Ausscheiden
BENOETIGTEN	11	128	benötigten
BEZOG	5	128	bezog
BUCHT	5	128	Bucht
DOERFERN	8	128	Dörfern
ECHO	4	128	Echo
EINDEUTIGE	10	128	eindeutige
ERDBEBEN	8	128	Erdbeben
FESTIVALS	9	128	Festivals
FLEXIBEL	8	128	flexibel
FRAKTIONEN	10	128	Fraktionen
FRESSEN	7	128	fressen
GEDAECHTNIS	11	128	Gedächtnis
GESETZES	8	128	Gesetzes
GRIECHEN	8	128	Griechen
HARDWARE	8	128	Hardware
HELLE	5	128	helle
HELM	4	128	Helm
INVESTITION	11	128	Investition
KRAFTWERK	9	128	Kraftwerk
KRIEGE	6	128	Kriege
LIEDERN	7	128	Liedern
MILITAERS	9	128	Militärs
POLITISCHES	11	128	politisches
REICHTUM	8	128	Reichtum
REINER	6	128	reiner
REPARIERT	9	128	repariert
SASSEN	6	128	saßen
SCHIFFEN	8	128	Schiffen
SERIEN	6	128	Serien
SERVIERT	8	128	serviert
VOLLENDET	9	128	vollendet
VORGEGEBEN	10	128	vorgegeben
WIEGT	5	128	wiegt
AUFGELISTET	11	127	aufgelistet
BELASTUNGEN	11	127	Belastungen
BERATUNGEN	10	127	Beratungen
BETON	5	127	Beton
BRENNT	6	127	brennt
BUNTE	5	127	bunte
CHARAKTERE	10	127	Charaktere
DERZEITIGEN	11	127	derzeitigen
DRITTES	7	127	drittes
EINSPRUCH	9	127	Einspruch
EMOTIONEN	9	127	Emotionen
ERFORSCHUNG	11	127	Erforschung
ETAGE	5	127	Etage
FEIERTEN	8	127	feierten
GESETZGEBER	11	127	Gesetzgeber
GUELTIGEN	9	127	gültigen
HIERMIT	7	127	Hiermit
HORN	4	127	Horn
INHALTLICHE	11	127	inhaltliche
LEEREN	6	127	leeren
MATCH	5	127	Match
MUETTER	7	127	Mütter
MYTHOS	6	127	Mythos
NUMMERN	7	127	Nummern
ORTSTEILE	9	127	Ortsteile
POKAL	5	127	Pokal
REINIGUNG	9	127	Reinigung
SEHNSUCHT	9	127	Sehnsucht
UNTERLAG	8	127	unterlag
VEREINBAREN	11	127	vereinbaren
VERZEICHNIS	11	127	Verzeichnis
VORLESUNGEN	11	127	Vorlesungen
WOHNZIMMER	10	127	Wohnzimmer
ZEILEN	6	127	Zeilen
ZERSTOERTEN	11	127	zerstörten
ZIVILISTEN	10	127	Zivilisten
ZWINGEND	8	127	zwingend
ALARMIERTE	10	126	alarmierte
ANBLICK	7	126	Anblick
ANGESTELLT	10	126	angestellt
BLOSS	5	126	bloß
BREMSEN	7	126	Bremsen
EIGNET	6	126	eignet
ERFREUT	7	126	erfreut
ERZBISCHOF	10	126	Erzbischof
GASTRONOMIE	11	126	Gastronomie
IHRERSEITS	10	126	ihrerseits
KALENDER	8	126	Kalender
KLINIKUM	8	126	Klinikum
KOCHEN	6	126	Kochen
KUERZLICH	9	126	kürzlich
LANDKREISES	11	126	Landkreises
LEHNTEN	7	126	lehnten
NEUESTE	7	126	neueste
REAL	4	126	Real
RENAISSANCE	11	126	Renaissance
SORTIERT	8	126	sortiert
STUHL	5	126	Stuhl
UNFAELLE	8	126	Unfälle
VOLLEM	6	126	vollem
WIRKSAMKEIT	11	126	Wirksamkeit
ZUGEFUEHRT	10	126	zugeführt
ANNAEHERND	10	125	annähernd
AUSLASTUNG	10	125	Auslastung
BEGLEITER	9	125	Begleiter
BESCHEID	8	125	Bescheid
BETRUGEN	8	125	betrugen
BIELEFELD	9	125	Bielefeld
BLUETE	6	125	Blüte
ENGLAENDER	10	125	Engländer
ENORMEN	7	125	enormen
ERLAG	5	125	erlag
GEORDNET	8	125	geordnet
GRENZT	6	125	grenzt
HEIRAT	6	125	Heirat
HOLLYWOOD	9	125	Hollywood
MAECHTIGEN	10	125	mächtigen
MOEGEN	6	125	mögen
NAMENTLICH	10	125	namentlich
PROTESTEN	9	125	Protesten
RECHTLICH	9	125	rechtlich
SCHADE	6	125	schade
SCHLANGE	8	125	Schlange
SEES	4	125	Sees
SPORTLICH	9	125	sportlich
STAMMTEN	8	125	stammten
TOURNEE	7	125	Tournee
VERBREITETE	11	125	verbreitete
VERWANDT	8	125	verwandt
VIERTER	7	125	Vierter
WEIMAR	6	125	Weimar
ZAHLUNGEN	9	125	Zahlungen
AUFGEFUNDEN	11	124	aufgefunden
BAUWEISE	8	124	Bauweise
BEHINDERT	9	124	behindert
BEURTEILT	9	124	beurteilt
BLUTPROBE	9	124	Blutprobe
EINLEITUNG	10	124	Einleitung
EINTEILUNG	10	124	Einteilung
ERHALTUNG	9	124	Erhaltung
ERWARTE	7	124	erwarte
GERINGERE	9	124	geringere
GRIFFEN	7	124	griffen
HOSE	4	124	Hose
INITIATIVEN	11	124	Initiativen
JURISTEN	8	124	Juristen
KRITISIEREN	11	124	kritisieren
LANDEN	6	124	landen
NAECHSTER	9	124	nächster
NAVIGATION	10	124	Navigation
OPERATIONEN	11	124	Operationen
OPTIONEN	8	124	Optionen
ORDNETE	7	124	ordnete
PRAEGEN	7	124	prägen
STADTMAUER	10	124	Stadtmauer
STAEMME	7	124	Stämme
STAUB	5	124	Staub
STOERUNG	8	124	Störung
URKUNDLICHE	11	124	urkundliche
VERHANDELN	10	124	verhandeln
VERRAET	7	124	verrät
VORSTANDES	10	124	Vorstandes
ZELT	4	124	Zelt
ACHSE	5	123	Achse
AKTEURE	7	123	Akteure
ANFUEHRER	9	123	Anführer
ANGETRIEBEN	11	123	angetrieben
ARBEITE	7	123	arbeite
ASSISTENT	9	123	Assistent
AUFSEHEN	8	123	Aufsehen
AUSFALLEN	9	123	ausfallen
BAKTERIEN	9	123	Bakterien
BERUEHMTEN	10	123	berühmten
EINBRECHER	10	123	Einbrecher
EINHER	6	123	einher
ERLOESE	7	123	Erlöse
ERRANG	6	123	errang
ERWUENSCHT	10	123	erwünscht
GEFANGENE	9	123	Gefangene
GETRIEBEN	9	123	getrieben
GEWERBE	7	123	Gewerbe
JETZIGE	7	123	jetzige
KALIFORNIEN	11	123	Kalifornien
KATHOLIKEN	10	123	Katholiken
KUENSTLERIN	11	123	Künstlerin
KURVE	5	123	Kurve
LAERM	5	123	Lärm
MUNITION	8	123	Munition
RAEUBER	7	123	Räuber
RASEN	5	123	Rasen
RUHIGER	7	123	ruhiger
RUTSCHTE	8	123	rutschte
SENKUNG	7	123	Senkung
TOLLES	6	123	tolles
UNGEWISS	8	123	ungewiss
UNTERKUNFT	10	123	Unterkunft
VARIIEREN	9	123	variieren
WERTUNG	7	123	Wertung
WIRST	5	123	wirst
WUETEND	7	123	wütend
ABWECHSLUNG	11	122	Abwechslung
AKZEPTANZ	9	122	Akzeptanz
ATHEN	5	122	Athen
AUSGENOMMEN	11	122	ausgenommen
CHEMNITZ	8	122	Chemnitz
DANKEN	6	122	danken
DIEBSTAHL	9	122	Diebstahl
DUTZEND	7	122	Dutzend
ERTRAEGE	8	122	Erträge
FUSSGAENGER	11	122	Fußgänger
GEBET	5	122	Gebet
GIESSEN	7	122	Gießen
GROESSERES	10	122	größeres
HELLEN	6	122	hellen
KRITIKEN	8	122	Kritiken
MIETE	5	122	Miete
NEUERE	6	122	Neuere
PARLAMENTS	10	122	Parlaments
REPERTOIRE	10	122	Repertoire
RUBRIK	6	122	Rubrik
SCHLECHTES	10	122	schlechtes
SEKTOR	6	122	Sektor
SOHNES	6	122	Sohnes
SOWJETISCHE	11	122	sowjetische
SPERRE	6	122	Sperre
STAERKUNG	9	122	Stärkung
VERDIENSTE	10	122	Verdienste
VEREINTEN	9	122	Vereinten
VERHINDERTE	11	122	verhinderte
VERSPROCHEN	11	122	versprochen
VERSTAERKEN	11	122	verstärken
VORNEHMLICH	11	122	vornehmlich
WEINE	5	122	Weine
WERBEN	6	122	werben
WESTSEITE	9	122	Westseite
WIESO	5	122	Wieso
ZUSCHLAG	8	122	Zuschlag
AEHNELT	7	121	ähnelt
ALTERNATIV	10	121	Alternativ
AUFSTEIGER	10	121	Aufsteiger
BADEN	5	121	Baden
BELEGE	6	121	Belege
BISTUM	6	121	Bistum
BLICKEN	7	121	blicken
CHEMISCHE	9	121	chemische
DARSTELLT	9	121	darstellt
DISPLAY	7	121	Display
DORTIGE	7	121	dortige
EINFACHES	9	121	einfaches
ELEMENTEN	9	121	Elementen
ENTWARNUNG	10	121	Entwarnung
GASTSTAETTE	11	121	Gaststätte
GERAETEN	8	121	Geräten
GESCHMUECKT	11	121	geschmückt
HOELLE	6	121	Hölle
LAENDLICHEN	11	121	ländlichen
MESSUNGEN	9	121	Messungen
MOEBEL	6	121	Möbel
NEST	4	121	Nest
OEKONOMEN	9	121	Ökonomen
REALISTISCH	11	121	realistisch
ROEMER	6	121	Römer
SAUER	5	121	sauer
SCHAUTE	7	121	schaute
STUETZEN	8	121	stützen
UEBERLEGEN	10	121	überlegen
VERGANGEN	9	121	vergangen
WEH	3	121	weh
ANGESTIEGEN	11	120	angestiegen
ATEM	4	120	Atem
BAHNEN	6	120	Bahnen
BEANTRAGEN	10	120	beantragen
BEFAHREN	8	120	befahren
BEKLEIDETE	10	120	bekleidete
BESCHRIEB	9	120	beschrieb
BIETE	5	120	biete
BOTSCHAFTER	11	120	Botschafter
DECKEL	6	120	Deckel
EINZIGARTIG	11	120	einzigartig
ERLAUBTE	8	120	erlaubte
FAERBUNG	8	120	Färbung
FAHRTEN	7	120	Fahrten
GEISTER	7	120	Geister
GEISTLICHE	10	120	geistliche
HINWEISEN	9	120	hinweisen
JERUSALEM	9	120	Jerusalem
KOLONIE	7	120	Kolonie
KOMPETENZEN	11	120	Kompetenzen
LAS	3	120	las
LAUTEN	6	120	lauten
NEUEM	5	120	neuem
NORMALER	8	120	normaler
PRINZIPIEN	10	120	Prinzipien
PRODUZENT	9	120	Produzent
REALEN	6	120	realen
SKULPTUREN	10	120	Skulpturen
SOZIALER	8	120	sozialer
STANDORTEN	10	120	Standorten
STREITEN	8	120	streiten
UKRAINE	7	120	Ukraine
UNGARISCHEN	11	120	ungarischen
VERBRANNT	9	120	verbrannt
VERLUSTEN	9	120	Verlusten
VERPFLEGUNG	11	120	Verpflegung
WEBMASTER	9	120	Webmaster
AKTUELLES	9	119	aktuelles
AUFRECHT	8	119	aufrecht
BESCHEIDEN	10	119	bescheiden
BETRIEBSRAT	11	119	Betriebsrat
BLUETEZEIT	10	119	Blütezeit
FIXIERT	7	119	fixiert
FLUESSE	7	119	Flüsse
FOTOGRAFIE	10	119	Fotografie
FRAGTE	6	119	fragte
GESCHIEDEN	10	119	geschieden
GOETTER	7	119	Götter
HARTER	6	119	harter
INNENHOF	8	119	Innenhof
ISTANBUL	8	119	Istanbul
KAEFER	6	119	Käfer
KALTE	5	119	kalte
KOORDINIERT	11	119	koordiniert
LAEUFER	7	119	Läufer
MOEGLICHER	10	119	möglicher
MOSCHEE	7	119	Moschee
NEUERUNGEN	10	119	Neuerungen
OFFIZIER	8	119	Offizier
STABILE	7	119	stabile
STADTWERKE	10	119	Stadtwerke
STATUE	6	119	Statue
TABU	4	119	tabu
VERBLIEB	8	119	verblieb
VERFEHLT	8	119	verfehlt
VIRTUELLEN	10	119	virtuellen
WEBSEITEN	9	119	Webseiten
WEISSER	7	119	weißer
ABGERUNDET	10	118	abgerundet
AERA	4	118	Ära
ANALYSEN	8	118	Analysen
ARBEITSLOSE	11	118	Arbeitslose
ASIATISCHEN	11	118	asiatischen
BEDINGUNG	9	118	Bedingung
BEGRIFFEN	9	118	begriffen
BETRACHTER	10	118	Betrachter
BEWAHRT	7	118	bewahrt
DIESELBE	8	118	dieselbe
DINGEN	6	118	Dingen
GALTEN	6	118	galten
GEFEHLT	7	118	gefehlt
GLANZ	5	118	Glanz
JAHRESZEIT	10	118	Jahreszeit
KANDIDATUR	10	118	Kandidatur
KLAERUNG	8	118	Klärung
KOMPLIZIERT	11	118	kompliziert
MASSSTAB	8	118	Maßstab
NATURSCHUTZ	11	118	Naturschutz
NIEDERGANG	10	118	Niedergang
PROMOTION	9	118	Promotion
RAUCHEN	7	118	Rauchen
REGIONAL	8	118	regional
REPARATUR	9	118	Reparatur
RESTLICHE	9	118	restliche
RUECKSPIEL	10	118	Rückspiel
SCHIENEN	8	118	Schienen
SERBIEN	7	118	Serbien
SOFORTIGE	9	118	sofortige
STUDIERENDE	11	118	Studierende
TRAGOEDIE	9	118	Tragödie
TRENNT	6	118	trennt
TRIEBWAGEN	10	118	Triebwagen
TROCKENEN	9	118	trockenen
UEBERSEHEN	10	118	übersehen
UMBAUTEN	8	118	Umbauten
VERGLEICHEN	11	118	vergleichen
VERTEUERTEN	11	118	verteuerten
VORRANG	7	118	Vorrang
ZUGETEILT	9	118	zugeteilt
ANSTATT	7	117	anstatt
ARBEITSZEIT	11	117	Arbeitszeit
BARGELD	7	117	Bargeld
BEKLAGEN	8	117	beklagen
BEQUEM	6	117	bequem
BUESSTEN	8	117	büßten
COOL	4	117	cool
EINEINHALB	10	117	eineinhalb
ENTSETZT	8	117	entsetzt
ERFORSCHT	9	117	erforscht
FENSTERN	8	117	Fenstern
FERTIGEN	8	117	fertigen
GERIETEN	8	117	gerieten
GESTECKT	8	117	gesteckt
GRAFSCHAFT	10	117	Grafschaft
KLINGEN	7	117	klingen
LEICHTES	8	117	leichtes
LUFTWAFFE	9	117	Luftwaffe
MITGENOMMEN	11	117	mitgenommen
PUBLIKATION	11	117	Publikation
REISST	6	117	reißt
SCHACHT	7	117	Schacht
SEPARAT	7	117	separat
STRATEGIEN	10	117	Strategien
SUEDAMERIKA	11	117	Südamerika
TEURE	5	117	teure
UNERWARTET	10	117	unerwartet
UNTERZOGEN	10	117	unterzogen
ABSOLVIEREN	11	116	absolvieren
ANBINDUNG	9	116	Anbindung
AUFWENDIG	9	116	aufwendig
BANDE	5	116	Bande
BEDUERFEN	9	116	bedürfen
BEGEGNEN	8	116	begegnen
BELOHNUNG	9	116	Belohnung
BEMUEHEN	8	116	bemühen
BETRAGE	7	116	betrage
BEWERBUNGEN	11	116	Bewerbungen
DAENISCHE	9	116	dänische
DARSTELLER	10	116	Darsteller
DEFEKT	6	116	Defekt
DUNKLER	7	116	dunkler
EINDRUECKE	10	116	Eindrücke
EINTRAGEN	9	116	eintragen
EXPANSION	9	116	Expansion
FELL	4	116	Fell
FOERDERTE	9	116	förderte
FUND	4	116	Fund
GELEBT	6	116	gelebt
GETREIDE	8	116	Getreide
IMPFUNG	7	116	Impfung
KATHEDRALE	10	116	Kathedrale
NACHHALTIGE	11	116	nachhaltige
PFLICHTEN	9	116	Pflichten
PLAEDIERT	9	116	plädiert
PREUSSISCHE	11	116	preußische
PRIVATER	8	116	privater
PROVINZEN	9	116	Provinzen
REDUZIERTE	10	116	reduzierte
REIZ	4	116	Reiz
SANKTIONEN	10	116	Sanktionen
SCHWUNG	7	116	Schwung
SOVIEL	6	116	soviel
SPEZIELLES	10	116	spezielles
STAFFELN	8	116	Staffeln
TERROR	6	116	Terror
UNMUT	5	116	Unmut
VARIABLEN	9	116	Variablen
VENEDIG	7	116	Venedig
VERANKERT	9	116	verankert
WEM	3	116	Wem
WOHNHAEUSER	11	116	Wohnhäuser
ZEITLICHE	9	116	zeitliche
ANLEGEN	7	115	anlegen
ANTIKEN	7	115	antiken
AUFKOMMEN	9	115	aufkommen
BEKLAGTE	8	115	Beklagte
BERUEHMT	8	115	berühmt
EINGABE	7	115	Eingabe
EVOLUTION	9	115	Evolution
GESPART	7	115	gespart
GRAUEN	6	115	grauen
GRUNDSATZ	9	115	Grundsatz
HAEFTLINGE	10	115	Häftlinge
JAENNER	7	115	Jänner
KONZERNE	8	115	Konzerne
LANDWIRTE	9	115	Landwirte
LANGSAMER	9	115	langsamer
LUXEMBURG	9	115	Luxemburg
MANGELS	7	115	mangels
MUELL	5	115	Müll
ORIENTIEREN	11	115	orientieren
SANG	4	115	sang
SORTIMENT	9	115	Sortiment
SPIELKLASSE	11	115	Spielklasse
STORY	5	115	Story
STRIKT	6	115	strikt
TIPS	4	115	Tips
TOETET	6	115	tötet
TOUREN	6	115	Touren
TURNHALLE	9	115	Turnhalle
UNZAEHLIGE	10	115	unzählige
VERBRAUCH	9	115	Verbrauch
VERMIETET	9	115	vermietet
WARTETE	7	115	wartete
WEHRMACHT	9	115	Wehrmacht
ZECHE	5	115	Zeche
ZOO	3	115	Zoo
ZULEGEN	7	115	zulegen
ZWEITENS	8	115	Zweitens
ABGERECHNET	11	114	abgerechnet
AEUSSERTEN	10	114	äußerten
ANGEGEBENEN	11	114	angegebenen
ANWAELTE	8	114	Anwälte
AUSZUG	6	114	Auszug
BEDEUTENDER	11	114	bedeutender
BELIEBTES	9	114	beliebtes
BESSERES	8	114	besseres
BEWEGTE	7	114	bewegte
EINHEITLICH	11	114	einheitlich
ERLEBNISSE	10	114	Erlebnisse
ERWIESEN	8	114	erwiesen
EXTREME	7	114	extreme
FASZINIERT	10	114	fasziniert
GESCHENKE	9	114	Geschenke
GEWOHNT	7	114	gewohnt
GLIEDERUNG	10	114	Gliederung
GRUNDGESETZ	11	114	Grundgesetz
GUENSTIGER	10	114	günstiger
HIERZULANDE	11	114	hierzulande
KLARES	6	114	klares
KLIMASCHUTZ	11	114	Klimaschutz
KOMPONIST	9	114	Komponist
MODUS	5	114	Modus
MORDES	6	114	Mordes
PALAST	6	114	Palast
PASSIERTE	9	114	passierte
PRAESIDIUM	10	114	Präsidium
REIST	5	114	reist
RUECKSCHLAG	11	114	Rückschlag
SELTENE	7	114	seltene
SPIELRAUM	9	114	Spielraum
TAGEBUCH	8	114	Tagebuch
TAKT	4	114	Takt
TREUE	5	114	Treue
VERSCHICKT	10	114	verschickt
WOERTER	7	114	Wörter
ZENTRALER	9	114	zentraler
ZUCKER	6	114	Zucker
ZUGESAGT	8	114	zugesagt
ZUMAL	5	114	zumal
ZUSTAENDE	9	114	Zustände
ABGEZOGEN	9	113	abgezogen
ABNAHME	7	113	Abnahme
ABWICKLUNG	10	113	Abwicklung
ANLAUF	6	113	Anlauf
AUFTEILUNG	10	113	Aufteilung
BEFASSTE	8	113	befasste
BEHAUPTEN	9	113	behaupten
BETREFFEN	9	113	betreffen
BEZEICHNEN	10	113	bezeichnen
DEFENSIVE	9	113	Defensive
DIREKTER	8	113	direkter
EINFLUESSE	10	113	Einflüsse
ERARBEITEN	10	113	erarbeiten
GEHOLT	6	113	geholt
GEZIELTE	8	113	gezielte
GROSSMUTTER	11	113	Großmutter
ISOLIERT	8	113	isoliert
KERAMIK	7	113	Keramik
KIRCHTURM	9	113	Kirchturm
KRITERIUM	9	113	Kriterium
NACHMITTAGS	11	113	Nachmittags
NEUANFANG	9	113	Neuanfang
NUERNBERGER	11	113	Nürnberger
POLITIKERN	10	113	Politikern
PROBLEMATIK	11	113	Problematik
PROBLEMS	8	113	Problems
RATEN	5	113	raten
STREBEN	7	113	streben
TRASSE	6	113	Trasse
TRICK	5	113	Trick
WUNDERBARE	10	113	wunderbare
ANWESENHEIT	11	112	Anwesenheit
ATELIER	7	112	Atelier
BEWAEHRT	8	112	bewährt
BUCHEN	6	112	buchen
EFFIZIENZ	9	112	Effizienz
ENTWENDET	9	112	entwendet
EPOCHE	6	112	Epoche
ERLERNTE	8	112	erlernte
FESTHALTEN	10	112	festhalten
FRONTEN	7	112	Fronten
GARAGE	6	112	Garage
GEGESSEN	8	112	gegessen
GESPRAECHEN	11	112	Gesprächen
GEUEBT	6	112	geübt
GEWAEHLTEN	10	112	gewählten
GLEIS	5	112	Gleis
GRAZ	4	112	Graz
HAMAS	5	112	Hamas
KOMFORT	7	112	Komfort
KOMPLEXEN	9	112	komplexen
LANGES	6	112	langes
LEINWAND	8	112	Leinwand
LIPPEN	6	112	Lippen
MAILAND	7	112	Mailand
MISSTRAUEN	10	112	Misstrauen
NAH	3	112	nah
OBDUKTION	9	112	Obduktion
PREISGELD	9	112	Preisgeld
REKTOR	6	112	Rektor
RESERVE	7	112	Reserve
SCHULDIG	8	112	schuldig
STARTSEITE	10	112	Startseite
STUDIOS	7	112	Studios
SUEDKOREA	9	112	Südkorea
TIPP	4	112	Tipp
TOLERANZ	8	112	Toleranz
TRENDS	6	112	Trends
TRINKWASSER	11	112	Trinkwasser
TYPS	4	112	Typs
UEBERWINDEN	11	112	überwinden
VERFOLGTE	9	112	verfolgte
VERKEHREN	9	112	verkehren
VERSORGEN	9	112	versorgen
VORLEGEN	8	112	vorlegen
WANDERUNG	9	112	Wanderung
WEHT	4	112	weht
WELTEN	6	112	Welten
ABWESENHEIT	11	111	Abwesenheit
ANONYM	6	111	anonym
DICKEN	6	111	dicken
ENTFUEHRT	9	111	entführt
ERINNERTE	9	111	erinnerte
EUROPAWEIT	10	111	europaweit
FRAGEBOGEN	10	111	Fragebogen
HERRSCHEN	9	111	herrschen
HINTERE	7	111	hintere
KOFFER	6	111	Koffer
KRONEN	6	111	Kronen
KUENSTLICHE	11	111	künstliche
KULISSEN	8	111	Kulissen
MEDAILLEN	9	111	Medaillen
MOENCHE	7	111	Mönche
NORMEN	6	111	Normen
NOTFALLS	8	111	Notfalls
ORGAN	5	111	Organ
OSTSEE	6	111	Ostsee
PASSANTEN	9	111	Passanten
PORTRAET	8	111	Porträt
PROFESSOREN	11	111	Professoren
REGIME	6	111	Regime
RESULTATE	9	111	Resultate
SCHAUSPIEL	10	111	Schauspiel
SCHEIDEN	8	111	scheiden
SCHOTTLAND	10	111	Schottland
STRENGEN	8	111	strengen
UEBERZOGEN	10	111	überzogen
UMWANDLUNG	10	111	Umwandlung
VERFALL	7	111	Verfall
VERSPRACH	9	111	versprach
VERTRETUNG	10	111	Vertretung
VORFAHREN	9	111	Vorfahren
VORRANGIG	9	111	vorrangig
WAELDERN	8	111	Wäldern
WARTE	5	111	warte
WECHSELTEN	10	111	wechselten
ANALOG	6	110	analog
ANNAEHERUNG	11	110	Annäherung
AUGSBURGER	10	110	Augsburger
BANNER	6	110	Banner
BEINHALTEN	10	110	beinhalten
BERUHIGT	8	110	beruhigt
BILLIG	6	110	billig
DEMO	4	110	Demo
DURCHGEHEND	11	110	durchgehend
ERGRIFFEN	9	110	ergriffen
FLUSSES	7	110	Flusses
FRUEHESTENS	11	110	frühestens
GEISTLICHEN	11	110	Geistlichen
ISLAMISCHEN	11	110	islamischen
KAEMPFER	8	110	Kämpfer
KEHREN	6	110	kehren
KUENSTE	7	110	Künste
LANGHAUS	8	110	Langhaus
MALEN	5	110	malen
MALTE	5	110	malte
MUENCHENER	10	110	Münchener
NEUERUNG	8	110	Neuerung
RIECHT	6	110	riecht
SCHIEF	6	110	schief
SCHWEIGT	8	110	schweigt
THAILAND	8	110	Thailand
TRADITIONEN	11	110	Traditionen
UMFANGREICH	11	110	umfangreich
UNSCHULD	8	110	Unschuld
VERMERKT	8	110	vermerkt
WERKZEUGE	9	110	Werkzeuge
ZENSUR	6	110	Zensur
ZUNEHMENDER	11	110	zunehmender
ZUSCHUESSE	10	110	Zuschüsse
ABGEHOLT	8	109	abgeholt
ABSEHBAR	8	109	absehbar
BAUREIHE	8	109	Baureihe
BEIRAT	6	109	Beirat
BELEUCHTET	10	109	beleuchtet
BEZIRKSAMT	10	109	Bezirksamt
BISWEILEN	9	109	bisweilen
CHEMISCHEN	10	109	chemischen
EPISODE	7	109	Episode
ERMITTLUNG	10	109	Ermittlung
ERWEITERTEN	11	109	erweiterten
FELDERN	7	109	Feldern
FLASCHEN	8	109	Flaschen
FLIESSEND	9	109	fließend
FOTOGRAFEN	10	109	Fotografen
FUEHLE	6	109	fühle
GEISTIGE	8	109	geistige
HEIZUNG	7	109	Heizung
HERUNTER	8	109	herunter
HESSISCHE	9	109	hessische
INFORMIERTE	11	109	informierte
INTENSIVER	10	109	intensiver
KNAPPEN	7	109	knappen
KOENIGE	7	109	Könige
LUFTHANSA	9	109	Lufthansa
MAERKTEN	8	109	Märkten
MOMENTE	7	109	Momente
NAEHEREN	8	109	näheren
OHR	3	109	Ohr
ORGANE	6	109	Organe
PLATZIERT	9	109	platziert
REICHTEN	8	109	reichten
SCHULUNG	8	109	Schulung
SEGEN	5	109	Segen
SICHERER	8	109	sicherer
STARTSCHUSS	11	109	Startschuss
THUERINGER	10	109	Thüringer
TODESOPFER	10	109	Todesopfer
UMFASSENDES	11	109	umfassendes
UNRECHT	7	109	Unrecht
VERLEGUNG	9	109	Verlegung
VERTRETERN	10	109	Vertretern
VERWEIGERTE	11	109	verweigerte
WAHLGANG	8	109	Wahlgang
ZUEGEN	6	109	Zügen
ZUORDNUNG	9	109	Zuordnung
ABSOLUTER	9	108	absoluter
ANSCHLAEGE	10	108	Anschläge
BANDBREITE	10	108	Bandbreite
BEHAELT	7	108	behält
BEINEN	6	108	Beinen
BERUEHRT	8	108	berührt
DEINEM	6	108	deinem
ETABLIERTE	10	108	etablierte
EUPHORIE	8	108	Euphorie
EXPERIMENTE	11	108	Experimente
FAVORIT	7	108	Favorit
FINANZAMT	9	108	Finanzamt
FLUGHAEFEN	10	108	Flughäfen
GEBIETES	8	108	Gebietes
GEFECHT	7	108	Gefecht
GELITTEN	8	108	gelitten
GENE	4	108	Gene
GIFT	4	108	Gift
HAHN	4	108	Hahn
KOMPOSITION	11	108	Komposition
KRIEGEN	7	108	kriegen
KUENSTLICH	10	108	künstlich
NATIONALER	10	108	nationaler
NOTARZT	7	108	Notarzt
PORTRAETS	9	108	Porträts
PRAKTIKUM	9	108	Praktikum
PROMINENTE	10	108	prominente
QUALITAETEN	11	108	Qualitäten
REALISIEREN	11	108	realisieren
ROMANS	6	108	Romans
SPEICHERN	9	108	speichern
TAKTIK	6	108	Taktik
UEBT	4	108	übt
VERFOLGTEN	10	108	verfolgten
VIELERORTS	10	108	vielerorts
VORLAGEN	8	108	Vorlagen
WILLE	5	108	Wille
ABGABE	6	107	Abgabe
ACHTE	5	107	achte
ANFAENGER	9	107	Anfänger
AUGENMERK	9	107	Augenmerk
AUSSTERBEN	10	107	Aussterben
AUTOBAUER	9	107	Autobauer
BAENDEN	7	107	Bänden
BERECHNEN	9	107	berechnen
BESIEGT	7	107	besiegt
DEMENTIERT	10	107	dementiert
ECHTES	6	107	echtes
EINGEPLANT	10	107	eingeplant
ERNENNUNG	9	107	Ernennung
EXIL	4	107	Exil
EXTERNEN	8	107	externen
FAHNE	5	107	Fahne
FESTPLATTE	10	107	Festplatte
GEWECKT	7	107	geweckt
GLIEDERT	8	107	gliedert
HAERTER	7	107	härter
HALTESTELLE	11	107	Haltestelle
INDIANER	8	107	Indianer
INSOWEIT	8	107	insoweit
IRRTUM	6	107	Irrtum
KIELER	6	107	Kieler
KLAGT	5	107	klagt
KOMMUNISTEN	11	107	Kommunisten
LIEFERBAR	9	107	lieferbar
MAINZER	7	107	Mainzer
MOBILEN	7	107	mobilen
MONSTER	7	107	Monster
MOTIVIERT	9	107	motiviert
OFFIZIELLER	11	107	offizieller
SAECHSISCHE	11	107	sächsische
SCHWANKT	8	107	schwankt
SINNVOLLE	9	107	sinnvolle
SOMMERPAUSE	11	107	Sommerpause
SORTEN	6	107	Sorten
STIFT	5	107	Stift
STILLSTAND	10	107	Stillstand
THEORIEN	8	107	Theorien
TRAGE	5	107	trage
TROPISCHEN	10	107	tropischen
UEBERZEUGTE	11	107	überzeugte
URTEILE	7	107	Urteile
VERFASSER	9	107	Verfasser
VERRUECKT	9	107	verrückt
WINKT	5	107	winkt
ZWEIEINHALB	11	107	zweieinhalb
AEHNLICHER	10	106	ähnlicher
ANGESPANNT	10	106	angespannt
ANGRIFFEN	9	106	Angriffen
ANSTOSS	7	106	Anstoß
AUSGEZAHLT	10	106	ausgezahlt
AUSWEG	6	106	Ausweg
BEFRISTET	9	106	befristet
BINDUNG	7	106	Bindung
CENTS	5	106	Cents
DEFINIEREN	10	106	definieren
DISZIPLINEN	11	106	Disziplinen
DOPPELTEN	9	106	doppelten
DREISSIG	8	106	dreißig
EINBERUFEN	10	106	einberufen
ERBRACHT	8	106	erbracht
ERSETZTE	8	106	ersetzte
EVENTUELLE	10	106	eventuelle
FLACHE	6	106	flache
FREIEM	6	106	freiem
GEDENKTAFEL	11	106	Gedenktafel
GELDES	6	106	Geldes
GESTIMMT	8	106	gestimmt
GRAEBER	7	106	Gräber
GRAUE	5	106	graue
HEBEN	5	106	heben
HIERVON	7	106	hiervon
HOCHWASSER	10	106	Hochwasser
HOEFE	5	106	Höfe
HORIZONT	8	106	Horizont
JEMALS	6	106	jemals
KANTONS	7	106	Kantons
KLAEGERIN	9	106	Klägerin
LEHREN	6	106	Lehren
MASKE	5	106	Maske
MECHANISCHE	11	106	mechanische
MODELLEN	8	106	Modellen
NEUZEIT	7	106	Neuzeit
OPTIONAL	8	106	optional
PRAESENZ	8	106	Präsenz
RUNDGANG	8	106	Rundgang
SCHRAEG	7	106	schräg
SCHUESSE	8	106	Schüsse
STREBT	6	106	strebt
VERBAUT	7	106	verbaut
VERDRAENGT	10	106	verdrängt
VERWORFEN	9	106	verworfen
VERZOEGERT	10	106	verzögert
VORDERE	7	106	vordere
VORWORT	7	106	Vorwort
WERKES	6	106	Werkes
WIRKTEN	7	106	wirkten
WOHLSTAND	9	106	Wohlstand
WORAN	5	106	Woran
ZUNGE	5	106	Zunge
ALARM	5	105	Alarm
ALLEMAL	7	105	allemal
AMTES	5	105	Amtes
BAUERNHOF	9	105	Bauernhof
BEKAEMPFT	9	105	bekämpft
BELEGTEN	8	105	belegten
BEVORZUGEN	10	105	bevorzugen
ERHOLT	6	105	erholt
FAIR	4	105	fair
FEINDE	6	105	Feinde
GATTUNGEN	9	105	Gattungen
GEDRUECKT	9	105	gedrückt
GESTUERZT	9	105	gestürzt
GUELTIGKEIT	11	105	Gültigkeit
HIGHLIGHT	9	105	Highlight
INNOVATIVE	10	105	innovative
JUBEL	5	105	Jubel
KLIMAWANDEL	11	105	Klimawandel
KOMMUNE	7	105	Kommune
KONSUM	6	105	Konsum
KREATIVE	8	105	kreative
KUBA	4	105	Kuba
KUPPEL	6	105	Kuppel
LANDESLIGA	10	105	Landesliga
LEXIKON	7	105	Lexikon
LOESTEN	7	105	lösten
MODERATOR	9	105	Moderator
MODERN	6	105	modern
MODERNES	8	105	modernes
NACHLASS	8	105	Nachlass
OSNABRUECK	10	105	Osnabrück
RASSE	5	105	Rasse
RHEIN	5	105	Rhein
RUECKGABE	9	105	Rückgabe
RUECKRUNDE	10	105	Rückrunde
RUECKSICHT	10	105	Rücksicht
SAMMELTE	8	105	sammelte
SCHAFE	6	105	Schafe
SCHATZ	6	105	Schatz
SONSTIGE	8	105	sonstige
STUDENT	7	105	Student
THRON	5	105	Thron
VERMARKTUNG	11	105	Vermarktung
VERMIETER	9	105	Vermieter
VERNOMMEN	9	105	vernommen
VERSAGEN	8	105	Versagen
VERSTEHE	8	105	verstehe
WAHNSINN	8	105	Wahnsinn
WERFT	5	105	Werft
WORIN	5	105	Worin
ZAUN	4	105	Zaun
ZUGEWIESEN	10	105	zugewiesen
ADEL	4	104	Adel
ANHOERUNG	9	104	Anhörung
BEANTRAGTE	10	104	beantragte
BEKLAGTEN	9	104	Beklagten
BEWAEHRUNG	10	104	Bewährung
BITTER	6	104	bitter
BUDAPEST	8	104	Budapest
DEFIZIT	7	104	Defizit
EINGEFUEGT	10	104	eingefügt
ERRECHNET	9	104	errechnet
FLUGPLATZ	9	104	Flugplatz
GEAEUSSERT	10	104	geäußert
HEREIN	6	104	herein
HIT	3	104	Hit
HOECHSTER	9	104	höchster
INNERN	6	104	Innern
JUENGER	7	104	jünger
KRAEFTIGE	9	104	kräftige
LADUNG	6	104	Ladung
LAENGSTE	8	104	längste
LEBENDIG	8	104	lebendig
LEICHNAM	8	104	Leichnam
MAJOR	5	104	Major
MOBILITAET	10	104	Mobilität
MONATLICHE	10	104	monatliche
NACHGEHOLT	10	104	nachgeholt
NEUAUFLAGE	10	104	Neuauflage
OPFERS	6	104	Opfers
OPTIK	5	104	Optik
PALETTE	7	104	Palette
PECH	4	104	Pech
RECHTLICHEN	11	104	rechtlichen
RIO	3	104	Rio
SENATS	6	104	Senats
SKLAVEN	7	104	Sklaven
STATISTIKEN	11	104	Statistiken
STREICHEN	9	104	streichen
TODESSTRAFE	11	104	Todesstrafe
VERBUNDENEN	11	104	verbundenen
VERSICHERER	11	104	Versicherer
VERWICKELT	10	104	verwickelt
VERWIRRUNG	10	104	Verwirrung
WAHLKREIS	9	104	Wahlkreis
ZUHOERER	8	104	Zuhörer
ZUTATEN	7	104	Zutaten
ABGELAUFEN	10	103	abgelaufen
ABGRENZUNG	10	103	Abgrenzung
ANFANGEN	8	103	anfangen
APOTHEKE	8	103	Apotheke
AUFZUNEHMEN	11	103	aufzunehmen
BAHNHOFS	8	103	Bahnhofs
BATTERIE	8	103	Batterie
BEGUENSTIGT	11	103	begünstigt
BEWIRKEN	8	103	bewirken
BOERSENGANG	11	103	Börsengang
EREIGNISSEN	11	103	Ereignissen
FESTLEGEN	9	103	festlegen
FILIALEN	8	103	Filialen
FLUECHTEN	9	103	flüchten
FUSSBALLER	10	103	Fußballer
GAENGIGEN	9	103	gängigen
GEFIEL	6	103	gefiel
GELUNGENE	9	103	gelungene
GRATIS	6	103	gratis
HERAUSGABE	10	103	Herausgabe
HOBBY	5	103	Hobby
INDISCHE	8	103	indische
INGENIEUR	9	103	Ingenieur
KANZEL	6	103	Kanzel
KAPUTT	6	103	kaputt
LEBENSLANGE	11	103	lebenslange
LEDER	5	103	Leder
PERFORMANCE	11	103	Performance
PFERDEN	7	103	Pferden
PISTOLE	7	103	Pistole
RUECKBLICK	10	103	Rückblick
SCHIESST	8	103	schießt
SCHILDERT	9	103	schildert
SITZPLAETZE	11	103	Sitzplätze
SOCKEL	6	103	Sockel
SONNTAGS	8	103	sonntags
SONSTIGEN	9	103	sonstigen
SPENDE	6	103	Spende
TAUFE	5	103	Taufe
ULM	3	103	Ulm
UMGERECHNET	11	103	umgerechnet
VEGETATION	10	103	Vegetation
VERLEIHT	8	103	verleiht
VERMARKTET	10	103	vermarktet
VERSTECKEN	10	103	verstecken
VERURSACHTE	11	103	verursachte
WARTUNG	7	103	Wartung
WILDEN	6	103	wilden
ANGEREGT	8	102	angeregt
AUTORITAET	10	102	Autorität
BASS	4	102	Bass
BESICHTIGEN	11	102	besichtigen
BILDES	6	102	Bildes
BLUES	5	102	Blues
BUNTEN	6	102	bunten
DATENSCHUTZ	11	102	Datenschutz
EROBERN	7	102	erobern
FAECHER	7	102	Fächer
FERN	4	102	fern
FRISCHEN	8	102	frischen
GELANDET	8	102	gelandet
GESCHAEFTEN	11	102	Geschäften
GEWALTIGEN	10	102	gewaltigen
GOTTESHAUS	10	102	Gotteshaus
HALBINSEL	9	102	Halbinsel
HEILUNG	7	102	Heilung
HOEHERER	8	102	höherer
ILLUSION	8	102	Illusion
KABINE	6	102	Kabine
KARNEVAL	8	102	Karneval
KOLLISION	9	102	Kollision
KOMOEDIE	8	102	Komödie
KRAEFTEN	8	102	Kräften
KURZARBEIT	10	102	Kurzarbeit
LACHT	5	102	lacht
LARVEN	6	102	Larven
LUECKEN	7	102	Lücken
MINISTERIN	10	102	Ministerin
NEUBAUTEN	9	102	Neubauten
NEUREGELUNG	11	102	Neuregelung
REALE	5	102	reale
RICHTIGER	9	102	richtiger
ROBOTER	7	102	Roboter
SAGTEN	6	102	sagten
SCHAEDEL	8	102	Schädel
SCHMALE	7	102	schmale
SCHNELLSTE	10	102	schnellste
STEIL	5	102	steil
TANTE	5	102	Tante
VERSTOSS	8	102	Verstoß
VERURSACHEN	11	102	verursachen
WIEDERHOLTE	11	102	wiederholte
WIRT	4	102	Wirt
ZENSUS	6	102	Zensus
ABSTAMMUNG	10	101	Abstammung
AENGSTE	7	101	Ängste
ANSAESSIG	9	101	ansässig
AUFPRALL	8	101	Aufprall
AUSSCHUSSES	11	101	Ausschusses
BELASTEN	8	101	belasten
BELIEFEN	8	101	beliefen
BETREUER	8	101	Betreuer
DRINGT	6	101	dringt
EINSTIGEN	9	101	einstigen
ENKEL	5	101	Enkel
ERBAUTE	7	101	erbaute
ERSCHOEPFT	10	101	erschöpft
FLUT	4	101	Flut
FREISPRUCH	10	101	Freispruch
GANZER	6	101	ganzer
GEKAEMPFT	9	101	gekämpft
GEMARKUNG	9	101	Gemarkung
GEREINIGT	9	101	gereinigt
GESUNGEN	8	101	gesungen
GRAFIKEN	8	101	Grafiken
HAFTRICHTER	11	101	Haftrichter
HALB	4	101	halb
IMMOBILIE	9	101	Immobilie
KARLSRUHER	10	101	Karlsruher
KRANKEN	7	101	Kranken
LOCKEN	6	101	locken
NEUNTEN	7	101	neunten
PARTNERN	8	101	Partnern
RAKETE	6	101	Rakete
RENAULT	7	101	Renault
RUHEN	5	101	ruhen
RUHIGEN	7	101	ruhigen
SCHREIBE	8	101	schreibe
SIEGEL	6	101	Siegel
STOEREN	7	101	stören
TAUCHTE	7	101	tauchte
TECHNIKER	9	101	Techniker
UMGELEITET	10	101	umgeleitet
UNTERGANG	9	101	Untergang
VERAERGERT	10	101	verärgert
VERLAENGERN	11	101	verlängern
VERTIEFT	8	101	vertieft
WANDERER	8	101	Wanderer
WIDMEN	6	101	widmen
WIDMET	6	101	widmet
WIRBT	5	101	wirbt
WRACK	5	101	Wrack
ZAHLTE	6	101	zahlte
ZEREMONIE	9	101	Zeremonie
ZUSCHUSS	8	101	Zuschuss
ABTEI	5	100	Abtei
AMTLICHEN	9	100	amtlichen
ANFAENGLICH	11	100	anfänglich
ANSIEDLUNG	10	100	Ansiedlung
AUFWAERTS	9	100	aufwärts
AUSGESPIELT	11	100	ausgespielt
BEFINDLICHE	11	100	befindliche
BEHAUPTUNG	10	100	Behauptung
BEKAEMPFEN	10	100	bekämpfen
BLICKE	6	100	Blicke
BOERSIANER	10	100	Börsianer
BRUDERS	7	100	Bruders
DECKT	5	100	deckt
ERFAHRENEN	10	100	erfahrenen
ERZAEHLER	9	100	Erzähler
EVENT	5	100	Event
FEDERN	6	100	Federn
FILIALE	7	100	Filiale
FILTER	6	100	Filter
FORTBILDUNG	11	100	Fortbildung
FOTOGRAFIEN	11	100	Fotografien
FURCHT	6	100	Furcht
FUTTER	6	100	Futter
GESCHNITTEN	11	100	geschnitten
HANSESTADT	10	100	Hansestadt
HAUPTSACHE	10	100	Hauptsache
HERSTELLEN	10	100	herstellen
IRAK	4	100	Irak
KOMPONIERTE	11	100	komponierte
LIEFERANTEN	11	100	Lieferanten
MINDESTLOHN	11	100	Mindestlohn
MODEL	5	100	Model
OPTISCHE	8	100	optische
PFARRHAUS	9	100	Pfarrhaus
PLATZES	7	100	Platzes
PUBLIZIERTE	11	100	publizierte
RADIKALE	8	100	radikale
RUINEN	6	100	Ruinen
SANKT	5	100	Sankt
SCHWABEN	8	100	Schwaben
SEXUELLE	8	100	sexuelle
STRAHLEN	8	100	Strahlen
TANKSTELLE	10	100	Tankstelle
TEILUNG	7	100	Teilung
TRENDWENDE	10	100	Trendwende
VERWUNDET	9	100	verwundet
WALL	4	100	Wall
WITTERUNG	9	100	Witterung
ZUVIEL	6	100	zuviel
AMPEL	5	99	Ampel
ANFAENGE	8	99	Anfänge
ATTRAKTIVEN	11	99	attraktiven
BELIEBTHEIT	11	99	Beliebtheit
BENUTZTE	8	99	benutzte
BENZIN	6	99	Benzin
BERGBAU	7	99	Bergbau
BESTIMMTER	10	99	bestimmter
BRASILIANER	11	99	Brasilianer
BRILLE	6	99	Brille
BUTTON	6	99	Button
CAMPUS	6	99	Campus
DATENBANKEN	11	99	Datenbanken
DICHTUNG	8	99	Dichtung
ERHOB	5	99	erhob
ERLEBTEN	8	99	erlebten
EROBERUNG	9	99	Eroberung
ERWARTETEN	10	99	erwarteten
FREQUENZ	8	99	Frequenz
FRUST	5	99	Frust
GEMEINSAMER	11	99	gemeinsamer
GESENDET	8	99	gesendet
GETRIEBE	8	99	Getriebe
GEWALTIGE	9	99	gewaltige
HARMLOS	7	99	harmlos
INFEKTION	9	99	Infektion
KAUFT	5	99	kauft
KONZERTEN	9	99	Konzerten
KUNSTSTOFF	10	99	Kunststoff
KURZERHAND	10	99	kurzerhand
LANGEM	6	99	langem
LEHRTE	6	99	lehrte
LOKOMOTIVE	10	99	Lokomotive
MAESSIG	7	99	mäßig
MELODIE	7	99	Melodie
OSTEUROPA	9	99	Osteuropa
PASTOR	6	99	Pastor
PERIODE	7	99	Periode
PFLEGEN	7	99	pflegen
PRAEZISE	8	99	präzise
RUECKFAHRT	10	99	Rückfahrt
SAMMLER	7	99	Sammler
SCHEIN	6	99	Schein
SPIELFELD	9	99	Spielfeld
THEATERS	8	99	Theaters
TIERARZT	8	99	Tierarzt
UMLAND	6	99	Umland
VERGEHEN	8	99	Vergehen
VORLAEUFIGE	11	99	vorläufige
VORWUERFEN	10	99	Vorwürfen
VORZEICHEN	10	99	Vorzeichen
WETTBEWERBE	11	99	Wettbewerbe
ZENTRALES	9	99	zentrales
ZOLL	4	99	Zoll
ZUBEHOER	8	99	Zubehör
AEUSSERT	8	98	äußert
ANREISE	7	98	Anreise
ANWEISUNGEN	11	98	Anweisungen
ASCHE	5	98	Asche
BAER	4	98	Bär
BAUTEILE	8	98	Bauteile
BEHERRSCHEN	11	98	beherrschen
BESEITIGEN	10	98	beseitigen
DEFIZITE	8	98	Defizite
ERMORDUNG	9	98	Ermordung
EROBERT	7	98	erobert
FESTNAHMEN	10	98	Festnahmen
FLECK	5	98	Fleck
FRAGLICH	8	98	fraglich
GEFALLENEN	10	98	Gefallenen
HAENGE	6	98	hänge
HANDYS	6	98	Handys
INDIREKT	8	98	indirekt
JOURNAL	7	98	Journal
KONSTRUIERT	11	98	konstruiert
LAGERN	6	98	Lagern
LINZ	4	98	Linz
MASSSTAEBE	10	98	Maßstäbe
NACHWEISBAR	11	98	nachweisbar
NOTE	4	98	Note
ORDENTLICHE	11	98	ordentliche
RECHNE	6	98	rechne
RUNDET	6	98	rundet
SCHULZEIT	9	98	Schulzeit
SOZIALES	8	98	soziales
SPORTPLATZ	10	98	Sportplatz
TEXAS	5	98	Texas
THEORETISCH	11	98	theoretisch
TOPF	4	98	Topf
UMBRUCH	7	98	Umbruch
UMSTRITTENE	11	98	umstrittene
VERBLEIB	8	98	Verbleib
VERBRAUCHT	10	98	verbraucht
VERGUETUNG	10	98	Vergütung
VERKLEIDET	10	98	verkleidet
VERNETZUNG	10	98	Vernetzung
VERWANDTE	9	98	Verwandte
WAENDEN	7	98	Wänden
WILDE	5	98	wilde
WOHNTEN	7	98	wohnten
ZUEGIG	6	98	zügig
BEDACHT	7	97	bedacht
BEFRAGTEN	9	97	Befragten
BERUEHMTE	9	97	berühmte
BOMBEN	6	97	Bomben
CORPS	5	97	Corps
CREW	4	97	Crew
DAUERHAFTE	10	97	dauerhafte
DIMENSIONEN	11	97	Dimensionen
EINNAHME	8	97	Einnahme
ENTWARF	7	97	entwarf
FESTLAND	8	97	Festland
FUERST	6	97	Fürst
GEWINNERN	9	97	Gewinnern
JUNGTIERE	9	97	Jungtiere
KAESE	5	97	Käse
KAROSSERIE	10	97	Karosserie
KLINIKEN	8	97	Kliniken
KOLONIEN	8	97	Kolonien
KONFLIKTEN	10	97	Konflikten
MIETEN	6	97	Mieten
ORANGE	6	97	Orange
ORTSKERN	8	97	Ortskern
REGULAERE	9	97	reguläre
RELIGIONEN	10	97	Religionen
ROHR	4	97	Rohr
SAEULE	6	97	Säule
SCHALE	6	97	Schale
SENKRECHT	9	97	senkrecht
SPITAL	6	97	Spital
STAERKEREN	10	97	stärkeren
SUBSTANZEN	10	97	Substanzen
SUMMEN	6	97	Summen
TASTATUR	8	97	Tastatur
UEBEL	5	97	übel
UEBERGAB	8	97	übergab
VERKUENDETE	11	97	verkündete
VORLESUNG	9	97	Vorlesung
WEHR	4	97	Wehr
WEHRT	5	97	wehrt
WIEDERSEHEN	11	97	Wiedersehen
WIRKUNGEN	9	97	Wirkungen
AERZTLICHE	10	96	ärztliche
AESTHETIK	9	96	Ästhetik
ANFORDERN	9	96	anfordern
ATTRAKTION	10	96	Attraktion
AUFGEKLAERT	11	96	aufgeklärt
AUFSCHLAG	9	96	Aufschlag
AUSFUEHREN	10	96	ausführen
BEKANNTESTE	11	96	bekannteste
BELIEBTE	8	96	beliebte
BELIEBTER	9	96	beliebter
BEMUEHTE	8	96	bemühte
BLICKTE	7	96	blickte
DIGITAL	7	96	digital
DOMINIEREN	10	96	dominieren
DORTMUNDER	10	96	Dortmunder
EIGNEN	6	96	eignen
EINSAMKEIT	10	96	Einsamkeit
ELEKTRONIK	10	96	Elektronik
ENGAGEMENTS	11	96	Engagements
ERFAHRENE	9	96	erfahrene
FASSTE	6	96	fasste
FEEDBACK	8	96	Feedback
FLOH	4	96	floh
GETRUNKEN	9	96	getrunken
HAKEN	5	96	Haken
HEILBRONN	9	96	Heilbronn
HINDERNIS	9	96	Hindernis
HOELZERNE	9	96	hölzerne
HOELZERNEN	10	96	hölzernen
KOLLEGE	7	96	Kollege
LAENGERER	9	96	längerer
LANDRATSAMT	11	96	Landratsamt
LEBENDE	7	96	lebende
LEITERIN	8	96	Leiterin
LEVEL	5	96	Level
LIEFERTEN	9	96	lieferten
MADONNA	7	96	Madonna
MAECHTIG	8	96	mächtig
MAEDCHENS	9	96	Mädchens
MELDETEN	8	96	meldeten
MENUE	5	96	Menü
NIEDRIGSTE	10	96	niedrigste
RECHERCHE	9	96	Recherche
SALZBURGER	10	96	Salzburger
SCHEMA	6	96	Schema
SPORTARTEN	10	96	Sportarten
SPUERT	6	96	spürt
STICHWORT	9	96	Stichwort
STUETZT	7	96	stützt
SYDNEY	6	96	Sydney
TABELLEN	8	96	Tabellen
TOETUNG	7	96	Tötung
UEBRIGE	7	96	übrige
UMBENENNUNG	11	96	Umbenennung
UNI	3	96	Uni
VERDECKT	8	96	verdeckt
VERLAGERT	9	96	verlagert
WARSCHAU	8	96	Warschau
ZIELT	5	96	zielt
ANGENEHME	9	95	angenehme
AUFGETRETEN	11	95	aufgetreten
AUSSPRACHE	10	95	Aussprache
AUSSTELLER	10	95	Aussteller
BEFESTIGUNG	11	95	Befestigung
BEFINDE	7	95	befinde
BELAGERUNG	10	95	Belagerung
BELANGE	7	95	Belange
BILDHAUER	9	95	Bildhauer
BOESEN	6	95	bösen
BOOMT	5	95	boomt
BOXEN	5	95	Boxen
DRACHEN	7	95	Drachen
DUNKELN	7	95	Dunkeln
ENDETEN	7	95	endeten
ETABLIEREN	10	95	etablieren
FARM	4	95	Farm
FEINEN	6	95	feinen
FESTES	6	95	festes
GEKNUEPFT	9	95	geknüpft
GELOBT	6	95	gelobt
GELOHNT	7	95	gelohnt
GENUEGEN	8	95	genügen
GESTUETZT	9	95	gestützt
GESUNDEN	8	95	gesunden
GEWEBE	6	95	Gewebe
GROSSZUEGIG	11	95	großzügig
HAUPTSCHULE	11	95	Hauptschule
HUBRAUM	7	95	Hubraum
HUERDE	6	95	Hürde
INFORMATIK	10	95	Informatik
INSZENIERT	10	95	inszeniert
KOENIGLICHE	11	95	königliche
LEUCHTEN	8	95	leuchten
MITTELSTAND	11	95	Mittelstand
MONTAGABEND	11	95	Montagabend
PARALLELEN	10	95	Parallelen
PIRATEN	7	95	Piraten
PRIMAER	7	95	primär
PROGRAMMEN	10	95	Programmen
SCHWANGER	9	95	schwanger
SEKRETAER	9	95	Sekretär
SPAZIERGANG	11	95	Spaziergang
STATISTISCH	11	95	statistisch
STRAHLT	7	95	strahlt
SUPERMARKT	10	95	Supermarkt
TELEFONISCH	11	95	telefonisch
UNZUFRIEDEN	11	95	unzufrieden
VERANLASST	10	95	veranlasst
WAHRZEICHEN	11	95	Wahrzeichen
WANDERUNGEN	11	95	Wanderungen
WARTETEN	8	95	warteten
WEITHIN	7	95	weithin
ZAHN	4	95	Zahn
ZUSEHENDS	9	95	zusehends
ABSOLVENTEN	11	94	Absolventen
AELTERER	8	94	älterer
ALUMINIUM	9	94	Aluminium
ANGERUFEN	9	94	angerufen
ANGETRETEN	10	94	angetreten
AUFWEIST	8	94	aufweist
AUSWEICHEN	10	94	ausweichen
BENACHBARTE	11	94	benachbarte
BEWAELTIGEN	11	94	bewältigen
CONTAINER	9	94	Container
EINGEHOLT	9	94	eingeholt
ENDRUNDE	8	94	Endrunde
ENTFUEHRUNG	11	94	Entführung
ENTSCHLOSS	10	94	entschloss
FAUST	5	94	Faust
FEUERWEHREN	11	94	Feuerwehren
FEUERWERK	9	94	Feuerwerk
FUENDIG	7	94	fündig
GEGOSSEN	8	94	gegossen
GELIEBTE	8	94	Geliebte
GENIAL	6	94	genial
GETRENNTE	9	94	getrennte
GEWAESSERN	10	94	Gewässern
GNADE	5	94	Gnade
HINRICHTUNG	11	94	Hinrichtung
INTENSITAET	11	94	Intensität
KASTEN	6	94	Kasten
KIRCHLICHE	10	94	kirchliche
KONKRETER	9	94	konkreter
LIBERALE	8	94	liberale
OFEN	4	94	Ofen
PLANTE	6	94	plante
PROZESSES	9	94	Prozesses
SAUERSTOFF	10	94	Sauerstoff
SCHREIBER	9	94	Schreiber
SCHUPPEN	8	94	Schuppen
SCHWEBT	7	94	schwebt
SENKT	5	94	senkt
SKULPTUR	8	94	Skulptur
SPIELPLATZ	10	94	Spielplatz
TALFAHRT	8	94	Talfahrt
TROPFEN	7	94	Tropfen
TYPISCHES	9	94	typisches
VERGANGENE	10	94	vergangene
VERSENKT	8	94	versenkt
ZEUGNIS	7	94	Zeugnis
AERZTEN	7	93	Ärzten
ANGELAUFEN	10	93	angelaufen
ANTWORTETE	10	93	antwortete
AUSGEFUELLT	11	93	ausgefüllt
AUSGELIEHEN	11	93	ausgeliehen
BEITRAEGEN	10	93	Beiträgen
BESUCHE	7	93	Besuche
BRAUNE	6	93	braune
BRAUT	5	93	Braut
CHRISTENTUM	11	93	Christentum
COVER	5	93	Cover
DRUCKER	7	93	Drucker
EFFEKTIV	8	93	effektiv
ERLERNEN	8	93	erlernen
EROERTERT	9	93	erörtert
ERTEILTE	8	93	erteilte
ETHIK	5	93	Ethik
EWIG	4	93	ewig
FAHRZEUGS	9	93	Fahrzeugs
FREIGABE	8	93	Freigabe
GREMIEN	7	93	Gremien
GRUENES	7	93	grünes
GULDEN	6	93	Gulden
INGENIEURE	10	93	Ingenieure
KANTEN	6	93	Kanten
KARTOFFELN	10	93	Kartoffeln
KOMMUNALE	9	93	kommunale
KONTRAST	8	93	Kontrast
LANDESWEIT	10	93	landesweit
LOEHNE	6	93	Löhne
MARS	4	93	Mars
MODULE	6	93	Module
MONATLICHEN	11	93	monatlichen
OFFENES	7	93	offenes
PRAEGT	6	93	prägt
QUERSCHNITT	11	93	Querschnitt
SAMMELT	7	93	sammelt
SELTENEN	8	93	seltenen
SEPARATEN	9	93	separaten
SERBEN	6	93	Serben
SOUVERAEN	9	93	souverän
SPONTAN	7	93	spontan
STUERZEN	8	93	stürzen
SYMBOLE	7	93	Symbole
TAGT	4	93	tagt
TATSACHEN	9	93	Tatsachen
TOLLEN	6	93	tollen
TOLLER	6	93	toller
UEBERS	6	93	übers
UNBEKANNTER	11	93	unbekannter
UNGEBROCHEN	11	93	ungebrochen
UNHEIMLICH	10	93	unheimlich
VERDAMMT	8	93	verdammt
VERTRAGES	9	93	Vertrages
VISIONEN	8	93	Visionen
VORIGEN	7	93	vorigen
WEITERS	7	93	Weiters
WIEVIEL	7	93	Wieviel
ZUKUENFTIG	10	93	zukünftig
ANSTALT	7	92	Anstalt
AUFGESETZT	10	92	aufgesetzt
BEGEHRT	7	92	begehrt
BUNDESTAGES	11	92	Bundestages
COTTBUS	7	92	Cottbus
DERART	6	92	derart
DROHE	5	92	drohe
DYNAMISCHE	10	92	dynamische
EHRLICH	7	92	ehrlich
EINLASS	7	92	Einlass
EINTRAEGEN	10	92	Einträgen
ERHEBLICHER	11	92	erheblicher
EXPEDITION	10	92	Expedition
EXPORTIERT	10	92	exportiert
FREIGELEGT	10	92	freigelegt
GEDAUERT	8	92	gedauert
GEFORMT	7	92	geformt
GEWISSER	8	92	gewisser
GLAUBTE	7	92	glaubte
GROSSARTIGE	11	92	großartige
GRUESSEN	8	92	grüßen
HAEUFIGSTE	10	92	häufigste
HOEHEPUNKTE	11	92	Höhepunkte
IDEOLOGIE	9	92	Ideologie
JAHRESTAG	9	92	Jahrestag
KAMERADEN	9	92	Kameraden
KOMITEE	7	92	Komitee
KOPIEN	6	92	Kopien
LINK	4	92	Link
LOGO	4	92	Logo
OLYMPISCHE	10	92	olympische
OPTIMIERUNG	11	92	Optimierung
ORIGINALE	9	92	Originale
RAST	4	92	rast
REALSCHULE	10	92	Realschule
REGT	4	92	regt
REINES	6	92	reines
REMIS	5	92	Remis
REZEPTION	9	92	Rezeption
SCHALTET	8	92	schaltet
SILBERNEN	9	92	silbernen
SOZIAL	6	92	sozial
SPEZIFISCHE	11	92	spezifische
STICH	5	92	Stich
STRAFTATEN	10	92	Straftaten
TAFELN	6	92	Tafeln
TRIBUENE	8	92	Tribüne
TRICKS	6	92	Tricks
TURNIERS	8	92	Turniers
UMSTAND	7	92	Umstand
VEHEMENT	8	92	vehement
VISIER	6	92	Visier
VIZEMEISTER	11	92	Vizemeister
WARFEN	6	92	warfen
ZEITWEILIG	10	92	zeitweilig
ZIVILEN	7	92	zivilen
ZUFAHRT	7	92	Zufahrt
AKTIVER	7	91	aktiver
ANLEIHEN	8	91	Anleihen
AUSGEUEBT	9	91	ausgeübt
BEHAUPTETE	10	91	behauptete
BEMERKBAR	9	91	bemerkbar
BEZIRKE	7	91	Bezirke
CAMP	4	91	Camp
EMPORE	6	91	Empore
ENTFERNTE	9	91	entfernte
ERFASSUNG	9	91	Erfassung
FESTLEGUNG	10	91	Festlegung
GEMALT	6	91	gemalt
GERISSEN	8	91	gerissen
GESONDERT	9	91	gesondert
GLAUBENS	8	91	Glaubens
GRUENER	7	91	grüner
HAUPTORT	8	91	Hauptort
HEFTIGER	8	91	heftiger
HINDURCH	8	91	hindurch
ILLEGALE	8	91	illegale
INNSBRUCK	9	91	Innsbruck
KEHRTEN	7	91	kehrten
KLETTERN	8	91	klettern
KREDIT	6	91	Kredit
LANDE	5	91	Lande
LANDSTRASSE	11	91	Landstraße
LEITUNGEN	9	91	Leitungen
MANCHER	7	91	mancher
MINIMUM	7	91	Minimum
NORM	4	91	Norm
PRINZIPIELL	11	91	prinzipiell
PROFITIERTE	11	91	profitierte
REDUKTION	9	91	Reduktion
REISENDE	8	91	Reisende
RESULTIERT	10	91	resultiert
RINGE	5	91	Ringe
ROHSTOFFE	9	91	Rohstoffe
ROLLT	5	91	rollt
SACHVERHALT	11	91	Sachverhalt
SCHAETZUNG	10	91	Schätzung
SCHULUNGEN	10	91	Schulungen
SEITLICHEN	10	91	seitlichen
SPORTHALLE	10	91	Sporthalle
STEIGERTE	9	91	steigerte
SZENARIO	8	91	Szenario
TALENTE	7	91	Talente
TARIFE	6	91	Tarife
TAXI	4	91	Taxi
TORWART	7	91	Torwart
TRANSFER	8	91	Transfer
TRENNTE	7	91	trennte
TRIUMPH	7	91	Triumph
UMSETZEN	8	91	umsetzen
VERPACKUNG	10	91	Verpackung
VORBILDER	9	91	Vorbilder
VOTUM	5	91	Votum
WAHLRECHT	9	91	Wahlrecht
WEINEN	6	91	Weinen
WOLLT	5	91	wollt
ZERTIFIKAT	10	91	Zertifikat
ZUWEILEN	8	91	zuweilen
ANGEBOTENEN	11	90	angebotenen
ANGEDEUTET	10	90	angedeutet
ANGESCHAFFT	11	90	angeschafft
ANHANG	6	90	Anhang
ATTACKE	7	90	Attacke
BAROCKE	7	90	barocke
BEHINDERTE	10	90	Behinderte
BESTEHEND	9	90	bestehend
BIOGRAPHIE	10	90	Biographie
BOOM	4	90	Boom
BULGARIEN	9	90	Bulgarien
ENTDECKTEN	10	90	entdeckten
ERWAEHNTE	9	90	erwähnte
ETAGEN	6	90	Etagen
FAHRRAEDER	10	90	Fahrräder
FERTIGE	7	90	fertige
FUENFTEL	8	90	Fünftel
GEISELN	7	90	Geiseln
GENAUIGKEIT	11	90	Genauigkeit
GESCHOSS	8	90	Geschoss
GEWAEHLTE	9	90	gewählte
GEWUENSCHT	10	90	gewünscht
GLAEUBIGEN	10	90	Gläubigen
HAERTE	6	90	Härte
HERRENHAUS	10	90	Herrenhaus
HING	4	90	hing
INSCHRIFTEN	11	90	Inschriften
JAHRZEHNT	9	90	Jahrzehnt
KOBLENZ	7	90	Koblenz
KOMMANDEUR	10	90	Kommandeur
KONSUMENTEN	11	90	Konsumenten
KURVEN	6	90	Kurven
KURZES	6	90	kurzes
LAUTE	5	90	Laute
LEBZEITEN	9	90	Lebzeiten
LOGISCHE	8	90	logische
MARBURG	7	90	Marburg
MISCHEN	7	90	mischen
MITNEHMEN	9	90	mitnehmen
NEUIGKEITEN	11	90	Neuigkeiten
OBST	4	90	Obst
PERMANENT	9	90	permanent
PRAEGTE	7	90	prägte
REISENDEN	9	90	Reisenden
RIEFEN	6	90	riefen
ROMANISCHEN	11	90	romanischen
SCHLAGZEUG	10	90	Schlagzeug
SCHNELLES	9	90	schnelles
SEXUELLEN	9	90	sexuellen
SPRECHE	7	90	spreche
STANDPUNKT	10	90	Standpunkt
TOILETTE	8	90	Toilette
VERDIENTE	9	90	verdiente
VEREINIGT	9	90	vereinigt
VERKEHRT	8	90	verkehrt
VERLEGER	8	90	Verleger
VERTREIBEN	10	90	vertreiben
WETTKAEMPFE	11	90	Wettkämpfe
WUSSTEN	7	90	wussten
ABGABEN	7	89	Abgaben
ABGETRENNT	10	89	abgetrennt
ABKUERZUNG	10	89	Abkürzung
AUSLEGUNG	9	89	Auslegung
AUSWAEHLEN	10	89	auswählen
BAEREN	6	89	Bären
BEARBEITEN	10	89	bearbeiten
BUNT	4	89	bunt
DARLEHEN	8	89	Darlehen
DIEJENIGEN	10	89	diejenigen
DIESEL	6	89	Diesel
EINGEHEN	8	89	eingehen
EINGELASSEN	11	89	eingelassen
EINKAUFEN	9	89	Einkaufen
EINNEHMEN	9	89	einnehmen
ERNANNTE	8	89	ernannte
ERPROBT	7	89	erprobt
EXAKTE	6	89	exakte
FLUGHAFENS	10	89	Flughafens
FORMATION	9	89	Formation
FROH	4	89	froh
GANGE	5	89	Gange
GELIEBTEN	9	89	Geliebten
GENF	4	89	Genf
GEPAECK	7	89	Gepäck
GESTEHT	7	89	gesteht
HALLEN	6	89	Hallen
ILLEGALEN	9	89	illegalen
JUENGERER	9	89	jüngerer
KAEMPFTEN	9	89	kämpften
KLEID	5	89	Kleid
KNEIPE	6	89	Kneipe
KUENSTLERS	10	89	Künstlers
LEBEWESEN	9	89	Lebewesen
MANGELT	7	89	mangelt
MITSPIELER	10	89	Mitspieler
MITTIG	6	89	mittig
NIEDRIGEREN	11	89	niedrigeren
NOMINIERUNG	11	89	Nominierung
NORDKOREA	9	89	Nordkorea
OPTISCH	7	89	optisch
PFEILER	7	89	Pfeiler
PLAKATE	7	89	Plakate
PROTOTYPEN	10	89	Prototypen
RESOLUTION	10	89	Resolution
SCHLIMMSTEN	11	89	schlimmsten
SCHMAL	6	89	schmal
SCHWERSTE	9	89	schwerste
SEPARATE	8	89	separate
SPALTUNG	8	89	Spaltung
STADTTEILE	10	89	Stadtteile
STEILEN	7	89	steilen
STRASSBURG	10	89	Straßburg
STROEMUNG	9	89	Strömung
SUPPE	5	89	Suppe
TICKS	5	89	Ticks
UMDENKEN	8	89	Umdenken
VERLEGTE	8	89	verlegte
VERNEHMUNG	10	89	Vernehmung
WECHSELNDEN	11	89	wechselnden
WURF	4	89	Wurf
ZEHNTEN	7	89	zehnten
ZENTREN	7	89	Zentren
ZURECHT	7	89	zurecht
ABSICHERUNG	11	88	Absicherung
AGENDA	6	88	Agenda
ANGELEGTEN	10	88	angelegten
ANHALTEN	8	88	anhalten
ANMERKUNGEN	11	88	Anmerkungen
AUFZUG	6	88	Aufzug
AUSGEBUCHT	10	88	ausgebucht
AUSWAERTIGE	11	88	Auswärtige
BEHINDERUNG	11	88	Behinderung
BESCHAFFT	9	88	beschafft
BESIEGELT	9	88	besiegelt
BETRAEGE	8	88	Beträge
BISCHOEFE	9	88	Bischöfe
BRUEDERN	8	88	Brüdern
BUNDESBANK	10	88	Bundesbank
DEFINITIV	9	88	definitiv
DEMSELBEN	9	88	demselben
DEUTUNG	7	88	Deutung
EFFEKTIVE	9	88	effektive
EINBRINGEN	10	88	einbringen
EINLEGEN	8	88	einlegen
ENTHIELTEN	10	88	enthielten
ERFASSEN	8	88	erfassen
GEBIRGE	7	88	Gebirge
GEWAEHREN	9	88	gewähren
GRAS	4	88	Gras
HERSTELLERN	11	88	Herstellern
HOSPITAL	8	88	Hospital
INHALTEN	8	88	Inhalten
KESSEL	6	88	Kessel
KRANKE	6	88	Kranke
KUEHL	5	88	kühl
LASST	5	88	Lasst
LEHRERN	7	88	Lehrern
NEUGIERIG	9	88	neugierig
NIX	3	88	nix
ORTSNAMEN	9	88	Ortsnamen
PLAEDIERTE	10	88	plädierte
PROMOVIERT	10	88	promoviert
RATE	4	88	Rate
SCHLAEFT	8	88	schläft
SCHLECHTEM	10	88	schlechtem
SCHLUEPFEN	10	88	schlüpfen
SCHWANKEN	9	88	schwanken
SPERRUNG	8	88	Sperrung
STADIUM	7	88	Stadium
STUECKEN	8	88	Stücken
TENDENZEN	9	88	Tendenzen
TROCKENE	8	88	trockene
VERLOST	7	88	verlost
VERRINGERN	10	88	verringern
VORBEREITEN	11	88	vorbereiten
VORHERIGE	9	88	vorherige
WEICHE	6	88	weiche
ZEITLICHEN	10	88	zeitlichen
ZETTEL	6	88	Zettel
AACHENER	8	87	Aachener
ANDERTHALB	10	87	anderthalb
ANGERECHNET	11	87	angerechnet
ANGEZOGEN	9	87	angezogen
ANHEBUNG	8	87	Anhebung
BAGDAD	6	87	Bagdad
BEHAELTER	9	87	Behälter
BEKANNTHEIT	11	87	Bekanntheit
BETRACHT	8	87	Betracht
BETREUEN	8	87	betreuen
DOMAIN	6	87	Domain
DUMM	4	87	dumm
ERNSTHAFT	9	87	ernsthaft
ERTEILEN	8	87	erteilen
EXPONATE	8	87	Exponate
FAHRWERK	8	87	Fahrwerk
FASSADEN	8	87	Fassaden
FLUCH	5	87	Fluch
FORMAL	6	87	formal
FUNGIERT	8	87	fungiert
GELANGTEN	9	87	gelangten
GEREDET	7	87	geredet
GESTALTETEN	11	87	gestalteten
GLAEUBIGER	10	87	Gläubiger
GUELTIGE	8	87	gültige
HINSPIEL	8	87	Hinspiel
KOMMANDANT	10	87	Kommandant
KRIEGER	7	87	Krieger
LOEWE	5	87	Löwe
MAMA	4	87	Mama
MOTORS	6	87	Motors
NEBST	5	87	nebst
NIEDRIGERE	10	87	niedrigere
OPTIMALEN	9	87	optimalen
PUR	3	87	pur
REFERENDUM	10	87	Referendum
REPARATUREN	11	87	Reparaturen
SEHT	4	87	seht
SELTSAME	8	87	seltsame
SPANISCH	8	87	Spanisch
SPARTE	6	87	Sparte
SPEKULIERT	10	87	spekuliert
SPRINT	6	87	Sprint
TEIG	4	87	Teig
TEPPICH	7	87	Teppich
VERFALLEN	9	87	verfallen
VERFUEGTEN	10	87	verfügten
VERLAGE	7	87	Verlage
VERSCHOLLEN	11	87	verschollen
WEICHT	6	87	weicht
WETTBEWERBS	11	87	Wettbewerbs
WOCHENENDEN	11	87	Wochenenden
WUCHT	5	87	Wucht
WUERFEL	7	87	Würfel
ATTRAKTIVER	11	86	attraktiver
AUFFALLEND	10	86	auffallend
AUFGETAUCHT	11	86	aufgetaucht
AUFGETRAGEN	11	86	aufgetragen
AUSBREITUNG	11	86	Ausbreitung
AUSLOSUNG	9	86	Auslosung
BEGRENZUNG	10	86	Begrenzung
BEGRUENDEN	10	86	begründen
BESETZEN	8	86	besetzen
BESTIMMTES	10	86	bestimmtes
BETAETIGTE	10	86	betätigte
BINDEN	6	86	binden
COCKPIT	7	86	Cockpit
EINGESEHEN	10	86	eingesehen
EISBAEREN	9	86	Eisbären
ERSTENS	7	86	Erstens
ERZEUGUNG	9	86	Erzeugung
FALTER	6	86	Falter
FEDER	5	86	Feder
FLOSS	5	86	floss
FORMULARE	9	86	Formulare
GANZJAEHRIG	11	86	ganzjährig
GEFAEHRDUNG	11	86	Gefährdung
GEN	3	86	gen
GEWANDELT	9	86	gewandelt
HAEFEN	6	86	Häfen
HARMONIE	8	86	Harmonie
HEIMSPIELE	10	86	Heimspiele
HINBLICK	8	86	Hinblick
HINUNTER	8	86	hinunter
HOERER	6	86	Hörer
KLAPPTE	7	86	klappte
KUBIKMETER	10	86	Kubikmeter
KUERZERE	8	86	kürzere
KULISSE	7	86	Kulisse
LAEDEN	6	86	Läden
LEIB	4	86	Leib
LESUNGEN	8	86	Lesungen
MARKIERTE	9	86	markierte
MATT	4	86	Matt
MILLIMETERN	11	86	Millimetern
MITWIRKUNG	10	86	Mitwirkung
MODERIERT	9	86	moderiert
MOTIVEN	7	86	Motiven
MUSIKERN	8	86	Musikern
NIEMANDEN	9	86	niemanden
OBERST	6	86	Oberst
RECHNUNGEN	10	86	Rechnungen
RETTET	6	86	rettet
SCHALTER	8	86	Schalter
TREPPENHAUS	11	86	Treppenhaus
TUCH	4	86	Tuch
UEBERREICHT	11	86	überreicht
UNFAELLEN	9	86	Unfällen
VARIABEL	8	86	variabel
VERMUTUNG	9	86	Vermutung
WACH	4	86	wach
WARMEN	6	86	warmen
WEISSES	7	86	weißes
ZIVILE	6	86	zivile
ANZUTREFFEN	11	85	anzutreffen
AUFBRUCH	8	85	Aufbruch
AUFHALTEN	9	85	aufhalten
BEBAUT	6	85	bebaut
BERUFT	6	85	beruft
BERUHEN	7	85	beruhen
BEZIRKSLIGA	11	85	Bezirksliga
DUENNEN	7	85	dünnen
EINGETRETEN	11	85	eingetreten
EINTREFFEN	10	85	Eintreffen
ERGING	6	85	erging
ERKRANKTE	9	85	erkrankte
ERTRAG	6	85	Ertrag
FADEN	5	85	Faden
FINANZWERTE	11	85	Finanzwerte
FLUGZEUGEN	10	85	Flugzeugen
FRUCHT	6	85	Frucht
GEIL	4	85	geil
GESTRIGEN	9	85	gestrigen
GETAUFT	7	85	getauft
GITARRIST	9	85	Gitarrist
GOEPPINGEN	10	85	Göppingen
GRAEFIN	7	85	Gräfin
GROBE	5	85	grobe
GROSSARTIG	10	85	großartig
HEBEL	5	85	Hebel
INTERN	6	85	intern
IRANISCHEN	10	85	iranischen
ISLAMISCHE	10	85	islamische
KLIMAANLAGE	11	85	Klimaanlage
KORREKTUREN	11	85	Korrekturen
LAGERUNG	8	85	Lagerung
LAYOUT	6	85	Layout
MANUELL	7	85	manuell
MATERIALS	9	85	Materials
MEISTE	6	85	meiste
MISSBRAUCHT	11	85	missbraucht
MUSIKVIDEO	10	85	Musikvideo
NEIGUNG	7	85	Neigung
OELPREISE	9	85	Ölpreise
PRIVATLEBEN	11	85	Privatleben
RAEUMTE	7	85	räumte
RATGEBER	8	85	Ratgeber
REGELRECHT	10	85	regelrecht
REIF	4	85	reif
RICHTLINIE	10	85	Richtlinie
RUECKWEG	8	85	Rückweg
SCHEITERT	9	85	scheitert
SCHOEPFUNG	10	85	Schöpfung
SCHWERIN	8	85	Schwerin
SICHTLICH	9	85	sichtlich
STERNEN	7	85	Sternen
STRAFMASS	9	85	Strafmaß
TOTALE	6	85	totale
TRANSPARENT	11	85	transparent
TRUEMMERN	9	85	Trümmern
UEBEREIN	8	85	überein
UNTERSUCHTE	11	85	untersuchte
VERSPAETUNG	11	85	Verspätung
VIELSEITIG	10	85	vielseitig
WAHRLICH	8	85	wahrlich
WARB	4	85	warb
WEIGERTE	8	85	weigerte
WUCHSEN	7	85	wuchsen
ABSTIMMEN	9	84	abstimmen
ANGEHOEREN	10	84	angehören
ANGEMESSENE	11	84	angemessene
ARABISCHE	9	84	arabische
AUFZUBAUEN	10	84	aufzubauen
AUSLOESEN	9	84	auslösen
BAROCKEN	8	84	barocken
BEREITETE	9	84	bereitete
BERIEF	6	84	berief
BERUEHRUNG	10	84	Berührung
DENSELBEN	9	84	denselben
DRAMATISCHE	11	84	dramatische
DRAUF	5	84	drauf
EINGESPIELT	11	84	eingespielt
ENTFIELEN	9	84	entfielen
ENTSTEHENDE	11	84	entstehende
ETAT	4	84	Etat
EUREN	5	84	euren
EXPERTE	7	84	Experte
EXTREMEN	8	84	extremen
FOLTER	6	84	Folter
FRANZOSE	8	84	Franzose
GEBUERTIGE	10	84	gebürtige
GEWUERDIGT	10	84	gewürdigt
GLEICHFALLS	11	84	gleichfalls
GROB	4	84	grob
HAFTET	6	84	haftet
HEIMISCHE	9	84	heimische
KAMMERN	7	84	Kammern
KEHLE	5	84	Kehle
KLEINERER	9	84	kleinerer
KOEPFEN	7	84	Köpfen
KOPENHAGEN	10	84	Kopenhagen
KREISTAG	8	84	Kreistag
LOECHER	7	84	Löcher
MAECHTIGE	9	84	mächtige
MATERIE	7	84	Materie
MERKEN	6	84	merken
MUSIKSCHULE	11	84	Musikschule
PADERBORN	9	84	Paderborn
PEINLICH	8	84	peinlich
POPULAER	8	84	populär
POSTBANK	8	84	Postbank
RELEVANTEN	10	84	relevanten
RENTEN	6	84	Renten
RENTENMARKT	11	84	Rentenmarkt
ROTEM	5	84	rotem
RUHIGE	6	84	ruhige
SCHEUNE	7	84	Scheune
SPARKURS	8	84	Sparkurs
STATTFAND	9	84	stattfand
STOCKHOLM	9	84	Stockholm
SYSTEMEN	8	84	Systemen
TERRITORIUM	11	84	Territorium
TERRORISMUS	11	84	Terrorismus
TIEFGARAGE	10	84	Tiefgarage
TURMES	6	84	Turmes
UNTERART	8	84	Unterart
UNWEIT	6	84	unweit
VERBLEIBEN	10	84	verbleiben
VEREHRT	7	84	verehrt
VOLLENDUNG	10	84	Vollendung
VORNAMEN	8	84	Vornamen
WACHE	5	84	Wache
WELCH	5	84	Welch
WENIGSTEN	9	84	wenigsten
WIEDERWAHL	10	84	Wiederwahl
ABRUFBAR	8	83	abrufbar
AKZENTE	7	83	Akzente
ANTWORTET	9	83	antwortet
AUSTRITT	8	83	Austritt
AUTONOMIE	9	83	Autonomie
BEDEUTE	7	83	bedeute
BEIGELEGT	9	83	beigelegt
BEKLEIDET	9	83	bekleidet
BERUFE	6	83	Berufe
BEWAFFNETEN	11	83	bewaffneten
BEWERBEN	8	83	bewerben
BRINGE	6	83	bringe
BUNDESLAND	10	83	Bundesland
COMMUNITY	9	83	Community
DIPLOM	6	83	Diplom
DIPLOMATEN	10	83	Diplomaten
DOMINIERTE	10	83	dominierte
DURCHLAUFEN	11	83	durchlaufen
ELBE	4	83	Elbe
ETABLIERTEN	11	83	etablierten
EXPORTE	7	83	Exporte
FLORA	5	83	Flora
FLOSSEN	7	83	flossen
FUENFZEHN	9	83	fünfzehn
GEHEIRATET	10	83	geheiratet
GEKLAPPT	8	83	geklappt
GEKOPPELT	9	83	gekoppelt
GERAEUSCH	9	83	Geräusch
GESTIFTET	9	83	gestiftet
GUNSTEN	7	83	Gunsten
HERZINFARKT	11	83	Herzinfarkt
KUNSTWERKE	10	83	Kunstwerke
KUPFER	6	83	Kupfer
LIEBSTEN	8	83	liebsten
LUEBECKER	9	83	Lübecker
LUEGE	5	83	Lüge
MANTEL	6	83	Mantel
MITTELMEER	10	83	Mittelmeer
NEUERDINGS	10	83	neuerdings
PENSION	7	83	Pension
PERSONELLE	10	83	personelle
PLANMAESSIG	11	83	planmäßig
PREDIGT	7	83	Predigt
PRINZEN	7	83	Prinzen
QUARTIER	8	83	Quartier
RADIKALEN	9	83	radikalen
REITEN	6	83	Reiten
RESIDENZ	8	83	Residenz
ROTES	5	83	rotes
SCHRUMPFTE	10	83	schrumpfte
SICHTBARE	9	83	sichtbare
SPRUCH	6	83	Spruch
STAENDIGER	10	83	ständiger
TOEDLICHE	9	83	tödliche
UEBERFALLEN	11	83	überfallen
UNENDLICH	9	83	unendlich
UNTERWORFEN	11	83	unterworfen
VERBUCHT	8	83	verbucht
WONACH	6	83	wonach
AGGRESSIV	9	82	aggressiv
AMBIENTE	8	82	Ambiente
ANGEHALTEN	10	82	angehalten
ANSTELLUNG	10	82	Anstellung
ANSTRENGEND	11	82	anstrengend
AUFLISTUNG	10	82	Auflistung
AUFSTELLEN	10	82	aufstellen
AUKTION	7	82	Auktion
AUTOBAHNEN	10	82	Autobahnen
BEKLAGT	7	82	beklagt
BEMERKTE	8	82	bemerkte
BESIEGEN	8	82	besiegen
DEBUETALBUM	11	82	Debütalbum
DEMZUFOLGE	10	82	demzufolge
DESIGNER	8	82	Designer
DIEBE	5	82	Diebe
DOKTOR	6	82	Doktor
EINTRETEN	9	82	eintreten
ELEKTRISCH	10	82	elektrisch
ERNAEHREN	9	82	ernähren
ERREGTE	7	82	erregte
EWIGKEIT	8	82	Ewigkeit
EXPLODIERT	10	82	explodiert
FAEHRE	6	82	Fähre
FERTIGTE	8	82	fertigte
FIRST	5	82	First
GESPRENGT	9	82	gesprengt
GESTIEGENEN	11	82	gestiegenen
GEWOELBE	8	82	Gewölbe
GLOCKENTURM	11	82	Glockenturm
HERZSTUECK	10	82	Herzstück
KLASSISCHER	11	82	klassischer
KONTINENT	9	82	Kontinent
KRIMINELLE	10	82	kriminelle
LANGEWEILE	10	82	Langeweile
MODUL	5	82	Modul
NAECHTE	7	82	Nächte
NETTOGEWINN	11	82	Nettogewinn
PAPA	4	82	Papa
PROFESSUR	9	82	Professur
PUENKTLICH	10	82	pünktlich
REIFE	5	82	Reife
REZEPTE	7	82	Rezepte
SENDERS	7	82	Senders
SOZIALISTEN	11	82	Sozialisten
STAB	4	82	Stab
STAENDE	7	82	Stände
TYPISCHER	9	82	typischer
VERGAB	6	82	vergab
VERLEGEN	8	82	verlegen
VERMISSEN	9	82	vermissen
VORLIEGENDE	11	82	vorliegende
WEICH	5	82	weich
WESTLICHER	10	82	westlicher
WIDERSPRACH	11	82	widersprach
ZUSPRUCH	8	82	Zuspruch
ZWECKEN	7	82	Zwecken
ZYKLUS	6	82	Zyklus
ABGESPERRT	10	81	abgesperrt
AHNUNG	6	81	Ahnung
ANWEISUNG	9	81	Anweisung
AUFHOEREN	9	81	aufhören
AUSGEMACHT	10	81	ausgemacht
AVANCIERTE	10	81	avancierte
BAHNSTEIG	9	81	Bahnsteig
BEGRENZTE	9	81	begrenzte
BEHEIMATET	10	81	beheimatet
BETRAUT	7	81	betraut
BETRITT	7	81	betritt
BIOLOGISCHE	11	81	biologische
BLITZ	5	81	Blitz
BOEGEN	6	81	Bögen
BRENNEN	7	81	brennen
BRUTAL	6	81	brutal
BUCHE	5	81	Buche
BUEHNEN	7	81	Bühnen
DELEGATION	10	81	Delegation
DRAHT	5	81	Draht
DRUECKTE	8	81	drückte
EINRICHTEN	10	81	einrichten
EINSTIGE	8	81	einstige
ERKRANKT	8	81	erkrankt
ERTRAGEN	8	81	ertragen
EWIGE	5	81	ewige
FAKTISCH	8	81	faktisch
FLEISSIG	8	81	fleißig
FLEXIBLE	8	81	flexible
FREISTAAT	9	81	Freistaat
FUELLT	6	81	füllt
GEBILLIGT	9	81	gebilligt
GEHEIME	7	81	geheime
GELTENDEN	9	81	geltenden
GERADEN	7	81	geraden
GESCHALTET	10	81	geschaltet
GESETZEN	8	81	Gesetzen
GROSSSTADT	10	81	Großstadt
HAEUFIGKEIT	11	81	Häufigkeit
HANDHABUNG	10	81	Handhabung
INTELLIGENZ	11	81	Intelligenz
ITALIENISCH	11	81	Italienisch
JEANS	5	81	Jeans
KATHOLISCH	10	81	katholisch
KEINES	6	81	keines
KERL	4	81	Kerl
KLEINSTADT	10	81	Kleinstadt
KOMA	4	81	Koma
KOMPONIERT	10	81	komponiert
KROATIEN	8	81	Kroatien
LAECHERLICH	11	81	lächerlich
LEHRGANG	8	81	Lehrgang
LOGISTIK	8	81	Logistik
MODERATION	10	81	Moderation
MORALISCHE	10	81	moralische
NEUTRAL	7	81	neutral
ORGANISCHE	10	81	organische
PFEIL	5	81	Pfeil
POSITIVER	9	81	positiver
PROMINENTEN	11	81	prominenten
PSYCHISCHE	10	81	psychische
RAPIDE	6	81	rapide
RAUMES	6	81	Raumes
RENNENS	7	81	Rennens
SIEBTE	6	81	siebte
SILBERNE	8	81	silberne
SOUNDTRACK	10	81	Soundtrack
SPITZ	5	81	spitz
SPITZNAMEN	10	81	Spitznamen
SPORTS	6	81	Sports
STADIEN	7	81	Stadien
STIFTUNGEN	10	81	Stiftungen
SURFEN	6	81	Surfen
SYRIEN	6	81	Syrien
TAETERN	7	81	Tätern
TITELN	6	81	Titeln
UNBERUEHRT	10	81	unberührt
VERGIBT	7	81	vergibt
VERSTOSSEN	10	81	verstoßen
VERWECHSELT	11	81	verwechselt
VORVERKAUF	10	81	Vorverkauf
WORKSHOP	8	81	Workshop
WORTES	6	81	Wortes
ZUSATZ	6	81	Zusatz
AEHNELN	7	80	ähneln
AKTE	4	80	Akte
AKTUELLER	9	80	aktueller
ALTERS	6	80	Alters
ANSCHLAEGEN	11	80	Anschlägen
ATTENTAT	8	80	Attentat
BEDEUTEND	9	80	bedeutend
BEERDIGUNG	10	80	Beerdigung
BEFEHLE	7	80	Befehle
BEKRAEFTIGT	11	80	bekräftigt
BELEG	5	80	Beleg
BESCHUSS	8	80	Beschuss
BEWEIST	7	80	beweist
CHARME	6	80	Charme
DAHEIM	6	80	daheim
DEBUETIERTE	11	80	debütierte
DRUCKEN	7	80	drucken
DUENNE	6	80	dünne
ERLEDIGEN	9	80	erledigen
ERWARTUNG	9	80	Erwartung
FREUNDLICHE	11	80	freundliche
FROEHLICH	9	80	fröhlich
FUENFTER	8	80	Fünfter
GASTHAUS	8	80	Gasthaus
GEFAEHRDEN	10	80	gefährden
GEISTIGEN	9	80	geistigen
GERUECKT	8	80	gerückt
GESCHRUMPFT	11	80	geschrumpft
GEWISS	6	80	gewiss
GEWITTER	8	80	Gewitter
HANDSCHRIFT	11	80	Handschrift
HAUSTUER	8	80	Haustür
HILFSMITTEL	11	80	Hilfsmittel
HINDERNISSE	11	80	Hindernisse
ILLEGAL	7	80	illegal
INDESSEN	8	80	indessen
INTENSIVEN	10	80	intensiven
JUNIOR	6	80	Junior
KANADISCHE	10	80	kanadische
KNAPPER	7	80	knapper
KONSTANZ	8	80	Konstanz
KONTROVERS	10	80	kontrovers
KUEHE	5	80	Kühe
LEIBLICHE	9	80	leibliche
LOBT	4	80	lobt
LOK	3	80	Lok
LYRIK	5	80	Lyrik
MAUERWERK	9	80	Mauerwerk
NUTZBAR	7	80	nutzbar
OFFENHEIT	9	80	Offenheit
PRAEVENTION	11	80	Prävention
REGULIERUNG	11	80	Regulierung
REPORTER	8	80	Reporter
RICHTETEN	9	80	richteten
SATELLITEN	10	80	Satelliten
SEHENSWERT	10	80	sehenswert
SERVIEREN	9	80	servieren
SPEKTAKEL	9	80	Spektakel
SPORTART	8	80	Sportart
STARKEM	7	80	starkem
STECKTE	7	80	steckte
STILLEN	7	80	stillen
TOOL	4	80	Tool
TROST	5	80	Trost
VERANLASSTE	11	80	veranlasste
VERKAEUFE	9	80	Verkäufe
VERKLEINERT	11	80	verkleinert
VERSCHONT	9	80	verschont
VORWAERTS	9	80	vorwärts
WAGENS	6	80	Wagens
WIRKLICHEN	10	80	wirklichen
ABSCHLAG	8	79	Abschlag
AEUSSERLICH	11	79	äußerlich
ANNAHMEN	8	79	Annahmen
ARBEITSAMT	10	79	Arbeitsamt
ARBEITSLOS	10	79	arbeitslos
AUSGEDEHNTE	11	79	ausgedehnte
BART	4	79	Bart
BEAUFTRAGTE	11	79	beauftragte
BEFUND	6	79	Befund
BELGISCHE	9	79	belgische
BERGUNG	7	79	Bergung
BUNTES	6	79	buntes
CENTRAL	7	79	Central
DOZENT	6	79	Dozent
EINGRIFFE	9	79	Eingriffe
EINSICHT	8	79	Einsicht
ENTFERNTEN	10	79	entfernten
ERWAEHNTEN	10	79	erwähnten
FAHRE	5	79	fahre
FOYER	5	79	Foyer
FREIBURGER	10	79	Freiburger
GEDENKEN	8	79	Gedenken
GEFLOHEN	8	79	geflohen
GEFLUECHTET	11	79	geflüchtet
HOEHLEN	7	79	Höhlen
IDEALEN	7	79	idealen
IRISCHEN	8	79	irischen
KANAELE	7	79	Kanäle
KANNTEN	7	79	kannten
KORPS	5	79	Korps
KRITIKERN	9	79	Kritikern
KUERZUNGEN	10	79	Kürzungen
LAGERS	6	79	Lagers
LEKTUERE	8	79	Lektüre
OPTISCHEN	9	79	optischen
OXFORD	6	79	Oxford
PFOSTEN	7	79	Pfosten
PRAECHTIG	9	79	prächtig
RAET	4	79	rät
RASANT	6	79	rasant
RASSISMUS	9	79	Rassismus
ROLLSTUHL	9	79	Rollstuhl
SAKRISTEI	9	79	Sakristei
SCHRIEBEN	9	79	schrieben
SEGMENT	7	79	Segment
SENATOR	7	79	Senator
SIEHST	6	79	siehst
STALL	5	79	Stall
SUSPENDIERT	11	79	suspendiert
TURMS	5	79	Turms
UEBERWACHEN	11	79	überwachen
UNGERECHT	9	79	ungerecht
VARIABLE	8	79	Variable
VERLEIHEN	9	79	verleihen
VERNICHTUNG	11	79	Vernichtung
ANHOEHE	7	78	Anhöhe
AUTOMATEN	9	78	Automaten
BEGEBEN	7	78	begeben
BEGRUESSTEN	11	78	begrüßten
BEKENNTNIS	10	78	Bekenntnis
BERGWERK	8	78	Bergwerk
BERUEHREN	9	78	berühren
BERUFLICH	9	78	beruflich
BESEITIGUNG	11	78	Beseitigung
BLIND	5	78	blind
BRITISH	7	78	British
DAUMEN	6	78	Daumen
EMPFAENGT	9	78	empfängt
EMPFINDLICH	11	78	empfindlich
ERHOLEN	7	78	erholen
ERWACHT	7	78	erwacht
FAHRERIN	8	78	Fahrerin
GEDRAENGT	9	78	gedrängt
GYMNASIUMS	10	78	Gymnasiums
HEIMSPIEL	9	78	Heimspiel
HELLIGKEIT	10	78	Helligkeit
INEINANDER	10	78	ineinander
JACKE	5	78	Jacke
JURIST	6	78	Jurist
KANZLEI	7	78	Kanzlei
KLINISCHEN	10	78	klinischen
KLOESTER	8	78	Klöster
KREISLAUF	9	78	Kreislauf
KUEMMERTE	9	78	kümmerte
KUGELN	6	78	Kugeln
KURSGEWINNE	11	78	Kursgewinne
KUSS	4	78	Kuss
LAIEN	5	78	Laien
MANCHES	7	78	manches
MUEHLEN	7	78	Mühlen
MUEHSAM	7	78	mühsam
MUESST	6	78	müsst
NACKEN	6	78	Nacken
NETZE	5	78	Netze
NETZWERKE	9	78	Netzwerke
OFFENBACH	9	78	Offenbach
RATES	5	78	Rates
SAUNA	5	78	Sauna
SCHARFEN	8	78	scharfen
SCHUETZE	8	78	Schütze
SCHWERES	8	78	schweres
SENSATION	9	78	Sensation
SICHTWEISE	10	78	Sichtweise
SOLLTEST	8	78	solltest
SPALTE	6	78	Spalte
SPANNENDES	10	78	spannendes
TAXIFAHRER	10	78	Taxifahrer
TELLER	6	78	Teller
THEMATIK	8	78	Thematik
TIGER	5	78	Tiger
UEBERTRUG	9	78	übertrug
VERBINDLICH	11	78	verbindlich
VERSCHIEBEN	11	78	verschieben
VORSORGLICH	11	78	vorsorglich
VORURTEILE	10	78	Vorurteile
WARME	5	78	warme
WOHNORT	7	78	Wohnort
ZUGEHOERIGE	11	78	zugehörige
ZUSAGE	6	78	Zusage
ZWEIFELLOS	10	78	zweifellos
ACHSEN	6	77	Achsen
ANFAENGEN	9	77	Anfängen
ANGEWACHSEN	11	77	angewachsen
ANHALTENDEN	11	77	anhaltenden
ANREGUNG	8	77	Anregung
AUFSAETZE	9	77	Aufsätze
BARON	5	77	Baron
BEAMTER	7	77	Beamter
CHAT	4	77	Chat
CHILE	5	77	Chile
CONTINENTAL	11	77	Continental
DEBATTEN	8	77	Debatten
DECK	4	77	Deck
DIALEKT	7	77	Dialekt
EINSEITIG	9	77	einseitig
EINTRAGUNG	10	77	Eintragung
ERFUELLTE	9	77	erfüllte
EROEFFNETEN	11	77	eröffneten
FUENFZIG	8	77	fünfzig
GEKLAGT	7	77	geklagt
GEKUERT	7	77	gekürt
GELBLICH	8	77	gelblich
GEWAEHR	7	77	Gewähr
GIBTS	5	77	gibts
GRABUNGEN	9	77	Grabungen
HITS	4	77	Hits
HONGKONG	8	77	Hongkong
IMMENS	6	77	immens
INHAFTIERT	10	77	inhaftiert
KISTE	5	77	Kiste
KONKURS	7	77	Konkurs
KORREKTE	8	77	korrekte
KUNDGEBUNG	10	77	Kundgebung
LIEBEVOLL	9	77	liebevoll
MAGEN	5	77	Magen
MAGIE	5	77	Magie
MILLIARDE	9	77	Milliarde
MUSICAL	7	77	Musical
OEFTERS	7	77	öfters
OEKONOMIE	9	77	Ökonomie
OFFENBART	9	77	offenbart
PFENNIG	7	77	Pfennig
PROBIEREN	9	77	Probieren
RAGT	4	77	ragt
REIS	4	77	Reis
RICHTIGKEIT	11	77	Richtigkeit
SCHLICHTWEG	11	77	schlichtweg
SCHREI	6	77	Schrei
SIGNATUR	8	77	Signatur
SPIEGELN	8	77	spiegeln
STAU	4	77	Stau
TARIF	5	77	Tarif
TEHERAN	7	77	Teheran
TEXTES	6	77	Textes
UHREN	5	77	Uhren
UNBEMERKT	9	77	unbemerkt
VATIKAN	7	77	Vatikan
VERARBEITEN	11	77	verarbeiten
VERBLIEBEN	10	77	verblieben
VERMISSTEN	10	77	Vermissten
VERSCHAFFT	10	77	verschafft
VERTRAULICH	11	77	vertraulich
WINTERPAUSE	11	77	Winterpause
WUNDE	5	77	Wunde
WUNDEN	6	77	Wunden
ZONEN	5	77	Zonen
ABFALL	6	76	Abfall
ABWECHSELND	11	76	abwechselnd
AGIEREN	7	76	agieren
ANBIETERN	9	76	Anbietern
ANSPRACHE	9	76	Ansprache
ANZUNEHMEN	10	76	anzunehmen
AUSUEBEN	8	76	ausüben
AUSZAHLUNG	10	76	Auszahlung
BELIEBIGE	9	76	beliebige
BERUHIGEN	9	76	beruhigen
BETEN	5	76	beten
BETRAF	6	76	betraf
BETREUTE	8	76	betreute
BEVORZUGTE	10	76	bevorzugte
BIOGRAFIE	9	76	Biografie
BOEING	6	76	Boeing
COMICS	6	76	Comics
DOKUMENTEN	10	76	Dokumenten
EHRUNGEN	8	76	Ehrungen
EINGEKLEMMT	11	76	eingeklemmt
EINKUENFTE	10	76	Einkünfte
EINWAENDE	9	76	Einwände
ELITE	5	76	Elite
ERLASS	6	76	Erlass
FEIERLICH	9	76	feierlich
FLORENZ	7	76	Florenz
FRUEHERER	9	76	früherer
FUENFMAL	8	76	fünfmal
GEHEIMNISSE	11	76	Geheimnisse
GENOSS	6	76	genoss
GERAEUSCHE	10	76	Geräusche
GERINGEM	8	76	geringem
GESPENDET	9	76	gespendet
GEWONNENEN	10	76	gewonnenen
GLUECKLICHE	11	76	glückliche
HEIMATLAND	10	76	Heimatland
HIERAUS	7	76	Hieraus
HOLOCAUST	9	76	Holocaust
IRANISCHE	9	76	iranische
KOMISCH	7	76	komisch
KOMMENTIERT	11	76	kommentiert
KONTRAKT	8	76	Kontrakt
LEBER	5	76	Leber
MINIMAL	7	76	minimal
ORGANISMUS	10	76	Organismus
PASSTE	6	76	passte
PREISLISTE	10	76	Preisliste
PRUEFSTAND	10	76	Prüfstand
RUSSISCHER	10	76	russischer
SCHAFFTEN	9	76	schafften
SCHILDER	8	76	Schilder
SCHLAEGE	8	76	Schläge
SCHRECKLICH	11	76	schrecklich
SEINERSEITS	11	76	seinerseits
STEIGE	6	76	steige
TEILLISTE	9	76	Teilliste
TIROL	5	76	Tirol
TOEDLICHEN	10	76	tödlichen
TRAEUMT	7	76	träumt
TRAURIGE	8	76	traurige
UMGEBRACHT	10	76	umgebracht
UNNOETIG	8	76	unnötig
VERBIRGT	8	76	verbirgt
VERGLEICHE	10	76	Vergleiche
VERLIEH	7	76	verlieh
VIEHZUCHT	9	76	Viehzucht
WAEHLTEN	8	76	wählten
WATT	4	76	Watt
WIRBEL	6	76	Wirbel
WOHNSITZ	8	76	Wohnsitz
ZEUGNISSE	9	76	Zeugnisse
ZUVERSICHT	10	76	Zuversicht
AGENTEN	7	75	Agenten
ANPASSEN	8	75	anpassen
ANPFIFF	7	75	Anpfiff
ARZTES	6	75	Arztes
AUSGEHEN	8	75	ausgehen
AUSGELOST	9	75	ausgelost
AUTORS	6	75	Autors
BATTERIEN	9	75	Batterien
BEDUERFNIS	10	75	Bedürfnis
BEERDIGT	8	75	beerdigt
BEGRENZTEN	10	75	begrenzten
BESCHULDIGT	11	75	beschuldigt
BEWAEHRTE	9	75	bewährte
BEWALDET	8	75	bewaldet
BRAENDE	7	75	Brände
BRESLAU	7	75	Breslau
BUNDESAMT	9	75	Bundesamt
DESASTER	8	75	Desaster
DIENER	6	75	Diener
EHRGEIZ	7	75	Ehrgeiz
ELEND	5	75	Elend
ENTWENDETEN	11	75	entwendeten
ERFINDER	8	75	Erfinder
ERMITTELTEN	11	75	ermittelten
FABRIKEN	8	75	Fabriken
FLANKEN	7	75	Flanken
GEBAUTE	7	75	gebaute
GEHTS	5	75	gehts
GEORGIEN	8	75	Georgien
GESTE	5	75	Geste
GLATTE	6	75	glatte
HIERUEBER	9	75	Hierüber
HOLTEN	6	75	holten
HUETTEN	7	75	Hütten
JUGENDAMT	9	75	Jugendamt
KLAGTE	6	75	klagte
KLEIDER	7	75	Kleider
KLETTERT	8	75	klettert
LATEINISCHE	11	75	lateinische
MEDIKAMENT	10	75	Medikament
NACHGEDACHT	11	75	nachgedacht
NEUORDNUNG	10	75	Neuordnung
NEUSTART	8	75	Neustart
NIRGENDWO	9	75	nirgendwo
POTSDAMER	9	75	Potsdamer
PSYCHIATRIE	11	75	Psychiatrie
RAUPEN	6	75	Raupen
RECHERCHEN	10	75	Recherchen
RUEHRT	6	75	rührt
SEKRETAERIN	11	75	Sekretärin
SPALTEN	7	75	Spalten
STADTBILD	9	75	Stadtbild
STEG	4	75	Steg
STUDIENGANG	11	75	Studiengang
TISCHE	6	75	Tische
TOETETE	7	75	tötete
UNSINN	6	75	Unsinn
UNTERHALT	9	75	Unterhalt
VERBRINGT	9	75	verbringt
VERSTECK	8	75	Versteck
VERTEILTE	9	75	verteilte
VERURSACHER	11	75	Verursacher
WARTEZEITEN	11	75	Wartezeiten
WECKT	5	75	weckt
WOHNRAUM	8	75	Wohnraum
ZIELSETZUNG	11	75	Zielsetzung
ZUCHT	5	75	Zucht
ZWINGT	6	75	zwingt
ABFLUSS	7	74	Abfluss
ABSOLUTES	9	74	absolutes
ACKERBAU	8	74	Ackerbau
ANGEBLICHEN	11	74	angeblichen
ANGEBUNDEN	10	74	angebunden
ANSCHAFFUNG	11	74	Anschaffung
ANSCHAUEN	9	74	anschauen
ANSTEHENDEN	11	74	anstehenden
ARTILLERIE	10	74	Artillerie
ATMEN	5	74	atmen
AUFGEGANGEN	11	74	aufgegangen
AUGENZEUGEN	11	74	Augenzeugen
BAENDER	7	74	Bänder
BALANCE	7	74	Balance
BAROCK	6	74	Barock
BLAUER	6	74	blauer
BOSS	4	74	Boss
BUTTER	6	74	Butter
DEKAN	5	74	Dekan
DRAENGTE	8	74	drängte
DROHTEN	7	74	drohten
DROHUNG	7	74	Drohung
DUFT	4	74	Duft
DUSCHE	6	74	Dusche
EINGEGEBEN	10	74	eingegeben
EINIGES	7	74	einiges
EINKAUF	7	74	Einkauf
EINSAM	6	74	einsam
EINZIEHEN	9	74	einziehen
EMPFINDEN	9	74	empfinden
ENTSCHEID	9	74	Entscheid
ERGEBNISLOS	11	74	ergebnislos
ERLOSCH	7	74	erlosch
EXPLIZIT	8	74	explizit
FLOGEN	6	74	flogen
FOLGEJAHR	9	74	Folgejahr
GLOBAL	6	74	global
HAUPTGRUND	10	74	Hauptgrund
HERSTELLERS	11	74	Herstellers
HOEHENLAGEN	11	74	Höhenlagen
JAHRESZAHL	10	74	Jahreszahl
JUGOSLAWIEN	11	74	Jugoslawien
KAHL	4	74	kahl
KASERNE	7	74	Kaserne
LAECHELT	8	74	lächelt
MILDE	5	74	milde
MODELLS	7	74	Modells
MORDE	5	74	Morde
NACHBAR	7	74	Nachbar
OBJEKTEN	8	74	Objekten
ORIENTIERTE	11	74	orientierte
PARKETT	7	74	Parkett
PATENT	6	74	Patent
PLANET	6	74	Planet
PLASTIK	7	74	Plastik
PLATZIEREN	10	74	platzieren
PREMIER	7	74	Premier
PROTESTIERT	11	74	protestiert
RADIKAL	7	74	radikal
RADSTAND	8	74	Radstand
RAEUMLICHE	10	74	räumliche
REICHSTAG	9	74	Reichstag
REISSEN	7	74	reißen
RUFE	4	74	Rufe
RUNTER	6	74	runter
SCHADET	7	74	schadet
SCHALTEN	8	74	schalten
SCHULLEITER	11	74	Schulleiter
SEIL	4	74	Seil
SELTENHEIT	10	74	Seltenheit
SHANGHAI	8	74	Shanghai
SODANN	6	74	sodann
SOFORTIGEN	10	74	sofortigen
SPAETE	6	74	späte
SPENDER	7	74	Spender
SPONSOR	7	74	Sponsor
STAERKT	7	74	stärkt
STATTFINDET	11	74	stattfindet
STEIGERT	8	74	steigert
STUERZTEN	9	74	stürzten
TURNIERE	8	74	Turniere
TURNIEREN	9	74	Turnieren
UNTERBUNDEN	11	74	unterbunden
VEREINIGTE	10	74	Vereinigte
VERSCHAFFEN	11	74	verschaffen
VORDERSEITE	11	74	Vorderseite
VORGABE	7	74	Vorgabe
VORSCHRIFT	10	74	Vorschrift
WEIDEN	6	74	Weiden
WELTCUP	7	74	Weltcup
WETTE	5	74	Wette
ZYLINDER	8	74	Zylinder
ABSTEIGEN	9	73	absteigen
ANIMATION	9	73	Animation
AUFSATZ	7	73	Aufsatz
BAHNHOEFE	9	73	Bahnhöfe
BAULICHE	8	73	bauliche
BAYREUTH	8	73	Bayreuth
BEFAHRBAR	9	73	befahrbar
BEHINDERTEN	11	73	behinderten
BELGISCHEN	10	73	belgischen
BELIEBTEN	9	73	beliebten
BEMERKUNGEN	11	73	Bemerkungen
BIOLOGIE	8	73	Biologie
BRUTZEIT	8	73	Brutzeit
BUNDESWEITE	11	73	bundesweite
CHEFTRAINER	11	73	Cheftrainer
DEPRESSION	10	73	Depression
DIAGNOSTIK	10	73	Diagnostik
EIERN	5	73	Eiern
EINSTEIGEN	10	73	einsteigen
ENTSETZEN	9	73	Entsetzen
ERLANGT	7	73	erlangt
ERLIEGEN	8	73	Erliegen
FASZINATION	11	73	Faszination
FINNISCHEN	10	73	finnischen
FREMD	5	73	fremd
FREUTE	6	73	freute
GEBILDETEN	10	73	gebildeten
GENRES	6	73	Genres
GERICHTS	8	73	Gerichts
GESCHENKT	9	73	geschenkt
GESCHWAECHT	11	73	geschwächt
GETOETETEN	10	73	getöteten
GRUNDMAUERN	11	73	Grundmauern
HAAREN	6	73	Haaren
HUELLE	6	73	Hülle
INITIIERT	9	73	initiiert
INTAKT	6	73	intakt
IRRE	4	73	Irre
JUEDISCHER	10	73	jüdischer
KAISERS	7	73	Kaisers
KOMPANIE	8	73	Kompanie
LANDEBAHN	9	73	Landebahn
LITERN	6	73	Litern
NERVOSITAET	11	73	Nervosität
PAVILLON	8	73	Pavillon
RAKETEN	7	73	Raketen
RALLYE	6	73	Rallye
REFERENTEN	10	73	Referenten
REICHER	7	73	reicher
REVIER	6	73	Revier
SANFT	5	73	sanft
SICHTBAREN	10	73	sichtbaren
SOGENANNTER	11	73	sogenannter
SOGLEICH	8	73	sogleich
SPARKASSEN	10	73	Sparkassen
STAATLICH	9	73	staatlich
STOCKWERKE	10	73	Stockwerke
STOLLEN	7	73	Stollen
TAIWAN	6	73	Taiwan
UNFALLS	7	73	Unfalls
URSPRUENGE	10	73	Ursprünge
VAETER	6	73	Väter
VERBIETEN	9	73	verbieten
VERBREITEN	10	73	verbreiten
VERHAFTUNG	10	73	Verhaftung
VERSTECKTE	10	73	versteckte
VERSTEIGERT	11	73	versteigert
VORGESEHENE	11	73	vorgesehene
WAHLWEISE	9	73	wahlweise
WEIMARER	8	73	Weimarer
WERDET	6	73	werdet
ZEUGT	5	73	zeugt
ZIGARETTEN	10	73	Zigaretten
ZIRKUS	6	73	Zirkus
ZORN	4	73	Zorn
ABSCHNEIDEN	11	72	Abschneiden
ANSETZEN	8	72	ansetzen
ANSTURM	7	72	Ansturm
AUFTRITTEN	10	72	Auftritten
AUFWAENDIG	10	72	aufwändig
AUSFAELLE	9	72	Ausfälle
BAMBERG	7	72	Bamberg
BEGRUENDER	10	72	Begründer
BELGRAD	7	72	Belgrad
BESAGT	6	72	besagt
DAMM	4	72	Damm
DANKTE	6	72	dankte
DICHTEN	7	72	dichten
DREIECK	7	72	Dreieck
DUESTER	7	72	düster
EINSEHEN	8	72	einsehen
EMPFUNDEN	9	72	empfunden
ENTZIEHEN	9	72	entziehen
ERFORDERTE	10	72	erforderte
ERKLAERTEN	10	72	erklärten
ERWEIST	7	72	erweist
EWIGEN	6	72	ewigen
FANTASIE	8	72	Fantasie
FINGERN	7	72	Fingern
GELIEBT	7	72	geliebt
GLICH	5	72	glich
HALTEPUNKT	10	72	Haltepunkt
HAUPTMANN	9	72	Hauptmann
HERZENS	7	72	Herzens
HILFLOS	7	72	hilflos
HUERDEN	7	72	Hürden
INTEGRIEREN	11	72	integrieren
INVASION	8	72	Invasion
KAMIN	5	72	Kamin
KASSIERT	8	72	kassiert
KREUZES	7	72	Kreuzes
KUEHLER	7	72	kühler
KUNSTWERK	9	72	Kunstwerk
KURZEM	6	72	kurzem
LITTEN	6	72	litten
LUENEBURG	9	72	Lüneburg
MAUL	4	72	Maul
MAXIMUM	7	72	Maximum
MUSLIME	7	72	Muslime
NAGEL	5	72	Nagel
NEUNTE	6	72	neunte
NIRGENDS	8	72	nirgends
PENCE	5	72	Pence
PFAD	4	72	Pfad
PROPAGANDA	10	72	Propaganda
QUARTETT	8	72	Quartett
RADWEG	6	72	Radweg
REDNER	6	72	Redner
REEDEREI	8	72	Reederei
REGELFALL	9	72	Regelfall
RESERVEN	8	72	Reserven
RISSE	5	72	Risse
ROSEN	5	72	Rosen
ROUTINE	7	72	Routine
SENDET	6	72	sendet
SENSOREN	8	72	Sensoren
SIMULATION	10	72	Simulation
SOEHNEN	7	72	Söhnen
SOZIOLOGIE	10	72	Soziologie
SPAERLICH	9	72	spärlich
SPEKULATION	11	72	Spekulation
STEIGENDER	10	72	steigender
STICHWAHL	9	72	Stichwahl
TAUSCHEN	8	72	tauschen
THEMAS	6	72	Themas
TRIKOT	6	72	Trikot
UEBERLEBTEN	11	72	überlebten
UEBERQUEREN	11	72	überqueren
UMSONST	7	72	umsonst
UNFALLORT	9	72	Unfallort
UNIVERSUM	9	72	Universum
UNTERM	6	72	unterm
VERBAENDEN	10	72	Verbänden
VERBREITERT	11	72	verbreitert
VERDIENST	9	72	Verdienst
VERKOERPERT	11	72	verkörpert
VERTEILTEN	10	72	verteilten
VERWANDELTE	11	72	verwandelte
VIERZIG	7	72	vierzig
WAHRES	6	72	wahres
WANGEN	6	72	Wangen
WEHRPFLICHT	11	72	Wehrpflicht
WIEGEN	6	72	wiegen
WUPPERTAL	9	72	Wuppertal
ZEHNTE	6	72	zehnte
ZENTRUMS	8	72	Zentrums
ZERSTOERER	10	72	Zerstörer
ZUNEHMENDEM	11	72	zunehmendem
ZWEIG	5	72	Zweig
ABSURD	6	71	absurd
ABWAERTS	8	71	abwärts
ANZUG	5	71	Anzug
APFEL	5	71	Apfel
ATLANTIK	8	71	Atlantik
AUSFLUEGE	9	71	Ausflüge
AUSGERUFEN	10	71	ausgerufen
BAGGER	6	71	Bagger
BEGAB	5	71	begab
BESTUECKT	9	71	bestückt
BETRACHTETE	11	71	betrachtete
BEWACHT	7	71	bewacht
BEZEUGT	7	71	bezeugt
BEZIFFERTE	10	71	bezifferte
BOARD	5	71	Board
BREMERHAVEN	11	71	Bremerhaven
BRIEFEN	7	71	Briefen
BUEROKRATIE	11	71	Bürokratie
CHIP	4	71	Chip
DEMENTIERTE	11	71	dementierte
DERBY	5	71	Derby
DESWEITEREN	11	71	Desweiteren
EINDRINGEN	10	71	Eindringen
ERGREIFEN	9	71	ergreifen
ERKUNDEN	8	71	erkunden
ERSPART	7	71	erspart
FEHLERN	7	71	Fehlern
FISCHEN	7	71	Fischen
GABE	4	71	Gabe
GEFUEHLEN	9	71	Gefühlen
GEISTES	7	71	Geistes
GEMIETET	8	71	gemietet
GENERIERT	9	71	generiert
GENETISCHE	10	71	genetische
GESPEIST	8	71	gespeist
GINGE	5	71	ginge
GROSSELTERN	11	71	Großeltern
HERAB	5	71	herab
ISOLATION	9	71	Isolation
JUNGES	6	71	junges
KUERZESTER	10	71	kürzester
LATEIN	6	71	Latein
MACHTKAMPF	10	71	Machtkampf
MANUSKRIPT	10	71	Manuskript
MIETVERTRAG	11	71	Mietvertrag
MODIFIZIERT	11	71	modifiziert
NACHDRUCK	9	71	Nachdruck
NOTFALL	7	71	Notfall
OFFERTE	7	71	Offerte
PERFEKTEN	9	71	perfekten
PRAEMIE	7	71	Prämie
PYRAMIDE	8	71	Pyramide
RECHTSLAGE	10	71	Rechtslage
REFLEKTIERT	11	71	reflektiert
RETTETE	7	71	rettete
SCHOCKIERT	10	71	schockiert
SCHOKOLADE	10	71	Schokolade
SINGAPUR	8	71	Singapur
SOZIALISMUS	11	71	Sozialismus
SPIELFILM	9	71	Spielfilm
STEINBRUCH	10	71	Steinbruch
TAENZER	7	71	Tänzer
TAETIGEN	8	71	tätigen
UNWETTER	8	71	Unwetter
VERSOEHNUNG	11	71	Versöhnung
VERWUESTET	10	71	verwüstet
VOEGELN	7	71	Vögeln
VORJAHRES	9	71	Vorjahres
WASCHEN	7	71	waschen
WECHSELNDE	10	71	wechselnde
WOANDERS	8	71	woanders
WOHNGEBIET	10	71	Wohngebiet
WOHNUNGSBAU	11	71	Wohnungsbau
ZEITDRUCK	9	71	Zeitdruck
ZEUGIN	6	71	Zeugin
ZIGARETTE	9	71	Zigarette
ZUGESTELLT	10	71	zugestellt
ANGEFAHREN	10	70	angefahren
ANLEHNUNG	9	70	Anlehnung
ANRICHTEN	9	70	anrichten
ANRUFEN	7	70	anrufen
ANSCHLUESSE	11	70	Anschlüsse
AUFBRINGEN	10	70	aufbringen
AUFGEREGT	9	70	aufgeregt
AUSGEDEHNT	10	70	ausgedehnt
AUSGELAUFEN	11	70	ausgelaufen
AUSMASSE	8	70	Ausmaße
BAUMEISTER	10	70	Baumeister
BEKANNTGABE	11	70	Bekanntgabe
BENANNTEN	9	70	benannten
BUSSEN	6	70	Bussen
DRANG	5	70	drang
DUENNER	7	70	dünner
ENTHUELLT	9	70	enthüllt
EXISTIERTEN	11	70	existierten
FAIRE	5	70	faire
FLUEGELN	8	70	Flügeln
FOTOGRAF	8	70	Fotograf
GEBAUTEN	8	70	gebauten
GEBURTSORT	10	70	Geburtsort
GEKLETTERT	10	70	geklettert
GENUTZTE	8	70	genutzte
GEPLATZT	8	70	geplatzt
GESCHOSSE	9	70	Geschosse
GOTISCHEN	9	70	gotischen
HOERE	5	70	höre
INDONESIEN	10	70	Indonesien
INGOLSTADT	10	70	Ingolstadt
INTERAKTIVE	11	70	interaktive
KAERNTEN	8	70	Kärnten
KLINGE	6	70	Klinge
KUENDIGTEN	10	70	kündigten
LEISTETEN	9	70	leisteten
LIEBTE	6	70	liebte
LINDE	5	70	Linde
LOSGEHEN	8	70	losgehen
MARKANTE	8	70	markante
MEHRKOSTEN	10	70	Mehrkosten
MEILEN	6	70	Meilen
MERKT	5	70	merkt
MUENDLICHE	10	70	mündliche
NACHGEGEBEN	11	70	nachgegeben
NUETZLICH	9	70	nützlich
OPERATIVEN	10	70	operativen
PARALLELE	9	70	parallele
PASSIVE	7	70	passive
PFEIFEN	7	70	Pfeifen
REGIEREN	8	70	regieren
ROEHRE	6	70	Röhre
SCHWELLE	8	70	Schwelle
SERBISCHEN	10	70	serbischen
STREITET	8	70	streitet
SUENDE	6	70	Sünde
TREIBER	7	70	Treiber
UEBERLEGT	9	70	überlegt
VERFEHLTE	9	70	verfehlte
VERFIEL	7	70	verfiel
VERSTREUT	9	70	verstreut
VORBILDLICH	11	70	vorbildlich
VORSORGE	8	70	Vorsorge
WEISHEIT	8	70	Weisheit
ZERSCHLAGEN	11	70	zerschlagen
ABGANG	6	69	Abgang
ANGEBEN	7	69	angeben
ANGELEGTE	9	69	angelegte
ANHALTENDE	10	69	anhaltende
ATTENTAETER	11	69	Attentäter
BARREL	6	69	Barrel
BAUART	6	69	Bauart
BEACHTLICHE	11	69	beachtliche
BEENDETEN	9	69	beendeten
BEGINNE	7	69	beginne
BESETZTE	8	69	besetzte
BESORGEN	8	69	besorgen
BISS	4	69	Biss
BRAUCH	6	69	Brauch
BUCHUNG	7	69	Buchung
DIALOGE	7	69	Dialoge
DIESELBEN	9	69	dieselben
EHRUNG	6	69	Ehrung
ELTERNHAUS	10	69	Elternhaus
ENSEMBLES	9	69	Ensembles
ENTFIEL	7	69	entfiel
ERBTE	5	69	erbte
ERHOFFT	7	69	erhofft
ERZAEHLTE	9	69	erzählte
EVAKUIERUNG	11	69	Evakuierung
EXKLUSIV	8	69	exklusiv
FAHRPLAN	8	69	Fahrplan
FEIERLICHE	10	69	feierliche
FEUCHTEN	8	69	feuchten
FORMULIEREN	11	69	formulieren
FORTLAUFEND	11	69	fortlaufend
FRESKEN	7	69	Fresken
GEGNERN	7	69	Gegnern
GELTEND	7	69	geltend
GESAMMELTEN	11	69	gesammelten
GEWAHRT	7	69	gewahrt
GEWERBLICHE	11	69	gewerbliche
GEWOEHNT	8	69	gewöhnt
GITTER	6	69	Gitter
HANDLE	6	69	handle
HAUPTSITZ	9	69	Hauptsitz
HAUPTWERK	9	69	Hauptwerk
HINRUNDE	8	69	Hinrunde
IMPORTIERT	10	69	importiert
KROENUNG	8	69	Krönung
LAECHELTE	9	69	lächelte
LEBENDIGE	9	69	lebendige
LEHRSTUHL	9	69	Lehrstuhl
MAHLZEITEN	10	69	Mahlzeiten
MECHANISMEN	11	69	Mechanismen
NASS	4	69	nass
NEAPEL	6	69	Neapel
NOVELLE	7	69	Novelle
OBJEKTIV	8	69	objektiv
ORDNER	6	69	Ordner
ORIGINALEN	10	69	originalen
ORTSTEILEN	10	69	Ortsteilen
PLAGEN	6	69	plagen
PLANE	5	69	plane
PSEUDONYM	9	69	Pseudonym
PUBLIC	6	69	Public
RITUAL	6	69	Ritual
RUHM	4	69	Ruhm
SAETZEN	7	69	Sätzen
SCHIENE	7	69	Schiene
SCHLEPPEND	10	69	schleppend
SORTE	5	69	Sorte
SOWAS	5	69	Sowas
TAKTISCHE	9	69	taktische
TAUCHER	7	69	Taucher
TERMINAL	8	69	Terminal
TIEFPUNKT	9	69	Tiefpunkt
TREPPEN	7	69	Treppen
TUE	3	69	tue
TUGEND	6	69	Tugend
VERBIETET	9	69	verbietet
VERBORGEN	9	69	verborgen
VERPASSEN	9	69	verpassen
VORHANG	7	69	Vorhang
WELTREKORD	10	69	Weltrekord
WERTVOLLEN	10	69	wertvollen
ZIFFERN	7	69	Ziffern
ZITTERN	7	69	zittern
ABSCHNITTEN	11	68	Abschnitten
AELTESTER	9	68	ältester
AKADEMISCHE	11	68	akademische
AKTIVIEREN	10	68	aktivieren
AMTLICHE	8	68	amtliche
ANGRENZENDE	11	68	angrenzende
ANKNUEPFEN	10	68	anknüpfen
AUFGEHAENGT	11	68	aufgehängt
AUSSCHNITT	10	68	Ausschnitt
BAUPHASE	8	68	Bauphase
BAUVORHABEN	11	68	Bauvorhaben
BAUWERKE	8	68	Bauwerke
BENUTZTEN	9	68	benutzten
BERGES	6	68	Berges
BESCHAFFUNG	11	68	Beschaffung
BESTAENDIG	10	68	beständig
BLASS	5	68	blass
BLOCKADE	8	68	Blockade
BRAUNEN	7	68	braunen
DAECHER	7	68	Dächer
DAMPF	5	68	Dampf
DEFEKTE	7	68	defekte
EINBUSSEN	9	68	Einbußen
EINSATZES	9	68	Einsatzes
ENGAGIEREN	10	68	engagieren
ENTGEHEN	8	68	entgehen
ENTSPROCHEN	11	68	entsprochen
ERHALTE	7	68	erhalte
ERLOSCHEN	9	68	erloschen
ERREGER	7	68	Erreger
ETAPPEN	7	68	Etappen
EURER	5	68	eurer
FAHRZEUGES	10	68	Fahrzeuges
FLORIDA	7	68	Florida
FOLIE	5	68	Folie
FREITAGS	8	68	freitags
GAENGE	6	68	Gänge
GASTHOF	7	68	Gasthof
GEAHNDET	8	68	geahndet
GEGENDEN	8	68	Gegenden
GENUTZTEN	9	68	genutzten
GERUESTET	9	68	gerüstet
GEWEHR	6	68	Gewehr
GEWOLLT	7	68	gewollt
GOTISCHE	8	68	gotische
HEIL	4	68	Heil
HERRLICHE	9	68	herrliche
INSPIRIERT	10	68	inspiriert
IRONIE	6	68	Ironie
JEGLICHER	9	68	jeglicher
KOERPERLICH	11	68	körperlich
KOFFERRAUM	10	68	Kofferraum
KOLLEGIN	8	68	Kollegin
KOPIERT	7	68	kopiert
KUH	3	68	Kuh
KURSEN	6	68	Kursen
LAMPEN	6	68	Lampen
LOSE	4	68	lose
LUEGEN	6	68	Lügen
MANDATE	7	68	Mandate
MASSAKER	8	68	Massaker
MINISTERIEN	11	68	Ministerien
MUSIKVEREIN	11	68	Musikverein
MUSKELN	7	68	Muskeln
NORMALES	8	68	normales
OBENDREIN	9	68	obendrein
ORDENS	6	68	Ordens
PAUSEN	6	68	Pausen
POPULATION	10	68	Population
PUBLIKUMS	9	68	Publikums
RENTIERTEN	10	68	rentierten
RIESEN	6	68	Riesen
RUCKSACK	8	68	Rucksack
SAHNE	5	68	Sahne
SCHENKEN	8	68	schenken
SEITLICHE	9	68	seitliche
STANGE	6	68	Stange
STILLLEGUNG	11	68	Stilllegung
STUETZE	7	68	Stütze
TANK	4	68	Tank
TASCHEN	7	68	Taschen
TONNE	5	68	Tonne
TREFFERN	8	68	Treffern
UEBERQUERT	10	68	überquert
UEBERTRAEGT	11	68	überträgt
UMLAUF	6	68	Umlauf
VERDACHTS	9	68	Verdachts
VERWIRRT	8	68	verwirrt
VORLAEUFER	10	68	Vorläufer
WOERTERBUCH	11	68	Wörterbuch
WOERTLICH	9	68	wörtlich
ZUGESCHICKT	11	68	zugeschickt
ABGEDRUCKT	10	67	abgedruckt
ABSAGEN	7	67	absagen
AKTUALITAET	11	67	Aktualität
ANGREIFEN	9	67	angreifen
ANHAENGERN	10	67	Anhängern
APOTHEKER	9	67	Apotheker
AUFPREIS	8	67	Aufpreis
AUSGEGRABEN	11	67	ausgegraben
AUSGENUTZT	10	67	ausgenutzt
AUSSENSEITE	11	67	Außenseite
BEFREUNDET	10	67	befreundet
BEGIBT	6	67	begibt
BELIEBIGEN	10	67	beliebigen
BOSTON	6	67	Boston
DEUTLICHES	10	67	deutliches
DIEB	4	67	Dieb
DREIZEHN	8	67	dreizehn
ENDERGEBNIS	11	67	Endergebnis
ENTSORGT	8	67	entsorgt
ENTSORGUNG	10	67	Entsorgung
ENTZUENDET	10	67	entzündet
ERFRAGEN	8	67	erfragen
ERNSTHAFTE	10	67	ernsthafte
ERSICHTLICH	11	67	ersichtlich
ERSTAUNT	8	67	erstaunt
ERWOGEN	7	67	erwogen
FARBGEBUNG	10	67	Farbgebung
FLUECHTET	9	67	flüchtet
FOLGEND	7	67	folgend
GEBANNT	7	67	gebannt
GEDICHTEN	9	67	Gedichten
GELISTET	8	67	gelistet
GEMUETLICH	10	67	gemütlich
GEPFLANZT	9	67	gepflanzt
GEPRAEGTEN	10	67	geprägten
GESCHAEDIGT	11	67	geschädigt
GESCHUETZE	10	67	Geschütze
GLAENZEND	9	67	glänzend
GLETSCHER	9	67	Gletscher
GRAEBEN	7	67	Gräben
HAUPTRUNDE	10	67	Hauptrunde
HINTERLEGT	10	67	hinterlegt
HOSEN	5	67	Hosen
IRAKISCHEN	10	67	irakischen
JAGT	4	67	jagt
KANADIER	8	67	Kanadier
KONKRETES	9	67	konkretes
KONSEQUENTE	11	67	konsequente
KREDITKARTE	11	67	Kreditkarte
KRISEN	6	67	Krisen
LANDTAGS	8	67	Landtags
LIGEN	5	67	Ligen
MACHER	6	67	Macher
MOEGE	5	67	möge
NACKT	5	67	nackt
NIEDRIGSTEN	11	67	niedrigsten
OZEAN	5	67	Ozean
PASSAGEN	8	67	Passagen
PFLEGT	6	67	pflegt
POSTAMT	7	67	Postamt
PRIVATES	8	67	privates
QUEEN	5	67	Queen
REGULIERT	9	67	reguliert
ROETLICH	8	67	rötlich
SCHRIFTZUG	10	67	Schriftzug
SCHUETTELT	10	67	schüttelt
SCHWARZEM	9	67	schwarzem
SEGELN	6	67	Segeln
SEKRETARIAT	11	67	Sekretariat
SOEBEN	6	67	soeben
STAPEL	6	67	Stapel
STUNDENLANG	11	67	stundenlang
TIEFSTEN	8	67	tiefsten
TONTRAEGER	10	67	Tonträger
VERBUND	7	67	Verbund
VERLORENEN	10	67	verlorenen
VERWEHRT	8	67	verwehrt
VERWEILEN	9	67	Verweilen
VIREN	5	67	Viren
VORBEHALTE	10	67	Vorbehalte
WEINBAU	7	67	Weinbau
WEITERFAHRT	11	67	Weiterfahrt
WIDERLEGT	9	67	widerlegt
ZAEHNEN	7	67	Zähnen
ZERLEGT	7	67	zerlegt
ZITATE	6	67	Zitate
ZUZUEGLICH	10	67	zuzüglich
ABENDKASSE	10	66	Abendkasse
ABKUEHLUNG	10	66	Abkühlung
ABLEGEN	7	66	ablegen
AKZENT	6	66	Akzent
ALKOHOLTEST	11	66	Alkoholtest
ANGEDACHT	9	66	angedacht
AUFTRIEB	8	66	Auftrieb
BABYS	5	66	Babys
BEMALT	6	66	bemalt
BEVORZUGTEN	11	66	bevorzugten
BIENEN	6	66	Bienen
BRAUCHTEN	9	66	brauchten
DONAU	5	66	Donau
DRINNEN	7	66	Drinnen
DUTZENDE	8	66	Dutzende
EIFOERMIG	9	66	eiförmig
ELEFANTEN	9	66	Elefanten
ENTFUEHRER	10	66	Entführer
ERRINGEN	8	66	erringen
ERSCHIENENE	11	66	erschienene
ERSCHLAGEN	10	66	erschlagen
ERSTELLTE	9	66	erstellte
ERSTFLUG	8	66	Erstflug
ERWAEGT	7	66	erwägt
EXPLODIERTE	11	66	explodierte
FREIBAD	7	66	Freibad
FREUNDINNEN	11	66	Freundinnen
GEEINIGT	8	66	geeinigt
GEFUEHRTE	9	66	geführte
GELAENDES	9	66	Geländes
GENRE	5	66	Genre
GEPACKT	7	66	gepackt
GESICHTET	9	66	gesichtet
GIEBEL	6	66	Giebel
HALBIERT	8	66	halbiert
HIGHWAY	7	66	Highway
ILLUSTRIERT	11	66	illustriert
INFANTERIE	10	66	Infanterie
KANONEN	7	66	Kanonen
KENNST	6	66	Kennst
KRAGEN	6	66	Kragen
KREATIVEN	9	66	kreativen
LEHRBUCH	8	66	Lehrbuch
LIEBHABER	9	66	Liebhaber
MANOEVER	8	66	Manöver
MAXIMALEN	9	66	maximalen
MISCHT	6	66	mischt
OMA	3	66	Oma
PLAYOFFS	8	66	Playoffs
POOL	4	66	Pool
PRAKTIZIERT	11	66	praktiziert
RATHAUSES	9	66	Rathauses
REFORMIERT	10	66	reformiert
RETTER	6	66	Retter
RICHTIGES	9	66	richtiges
RINDER	6	66	Rinder
SALAT	5	66	Salat
SCHIEBT	7	66	schiebt
SCHLANGEN	9	66	Schlangen
SCHMALER	8	66	schmaler
SCHUELERIN	10	66	Schülerin
SCHUETTELTE	11	66	schüttelte
SCHWIERIGES	11	66	schwieriges
SCHWIMMBAD	10	66	Schwimmbad
SECHSTER	8	66	Sechster
SPEZIELLER	10	66	spezieller
STABILEN	8	66	stabilen
STAUS	5	66	Staus
STEINERNE	9	66	steinerne
TAGS	4	66	Tags
TASTEN	6	66	Tasten
TEILCHEN	8	66	Teilchen
TIP	3	66	Tip
TOBT	4	66	tobt
TORHUETER	9	66	Torhüter
TRIEBWERK	9	66	Triebwerk
UEBERSETZEN	11	66	übersetzen
UNERKANNT	9	66	unerkannt
VERSAMMELT	10	66	versammelt
VORLETZTEN	10	66	vorletzten
VORM	4	66	vorm
WENNGLEICH	10	66	wenngleich
ZITAT	5	66	Zitat
ABGRUND	7	65	Abgrund
ABSETZEN	8	65	absetzen
AGENT	5	65	Agent
ANSCHRIFT	9	65	Anschrift
AUFATMEN	8	65	aufatmen
AUFGEWERTET	11	65	aufgewertet
AUFSTOCKUNG	11	65	Aufstockung
AUSLAUFEN	9	65	Auslaufen
BAUSTELLEN	10	65	Baustellen
BEOBACHTETE	11	65	beobachtete
BETAETIGT	9	65	betätigt
BOCHUMER	8	65	Bochumer
BURGEN	6	65	Burgen
DISKURS	7	65	Diskurs
DRASTISCHE	10	65	drastische
DREIEINHALB	11	65	dreieinhalb
EINBLICKE	9	65	Einblicke
EINIGTEN	8	65	einigten
EINORDNUNG	10	65	Einordnung
EINWANDERER	11	65	Einwanderer
EINWEISUNG	10	65	Einweisung
EINZUSETZEN	11	65	einzusetzen
ENTSCHAERFT	11	65	entschärft
ERGRIFF	7	65	ergriff
ERZEUGTE	8	65	erzeugte
ESSAYS	6	65	Essays
FESTSCHRIFT	11	65	Festschrift
FEUERS	6	65	Feuers
FORMATE	7	65	Formate
FRISCHER	8	65	frischer
GEACHTET	8	65	geachtet
GEEIGNETER	10	65	geeigneter
GELEHRTEN	9	65	Gelehrten
GESCHOCKT	9	65	geschockt
GOETTIN	7	65	Göttin
GOLDPREIS	9	65	Goldpreis
HARZ	4	65	Harz
HAUPTTEIL	9	65	Hauptteil
HEXE	4	65	Hexe
KIRCHENBAU	10	65	Kirchenbau
KLINISCHE	9	65	klinische
KOMPLIMENT	10	65	Kompliment
KOMPROMISSE	11	65	Kompromisse
KONTROVERSE	11	65	Kontroverse
KOSTUEME	8	65	Kostüme
LANDWIRT	8	65	Landwirt
LEHRT	5	65	lehrt
LEUTNANT	8	65	Leutnant
MAGISCHE	8	65	magische
MONARCHIE	9	65	Monarchie
NATIONALRAT	11	65	Nationalrat
NORWEGISCHE	11	65	norwegische
OSCAR	5	65	Oscar
PAECHTER	8	65	Pächter
PAEDAGOGIK	10	65	Pädagogik
PART	4	65	Part
PLATEAU	7	65	Plateau
PROMOVIERTE	11	65	promovierte
PROTOKOLLE	10	65	Protokolle
PROVOKATION	11	65	Provokation
REGES	5	65	reges
REIBUNGSLOS	11	65	reibungslos
SCHREITET	9	65	schreitet
SCHULHAUS	9	65	Schulhaus
SPARTEN	7	65	Sparten
SPIELERISCH	11	65	spielerisch
STADTHALLE	10	65	Stadthalle
STOCKWERK	9	65	Stockwerk
STRATEGISCH	11	65	strategisch
SYNONYM	7	65	Synonym
SZENARIEN	9	65	Szenarien
TEILSTUECK	10	65	Teilstück
TODESTAG	8	65	Todestag
TRAILER	7	65	Trailer
TROCKNEN	8	65	Trocknen
UNZULAESSIG	11	65	unzulässig
VERLANGTEN	10	65	verlangten
VERLIERERN	10	65	Verlierern
VORARBEITEN	11	65	Vorarbeiten
VORBEHALT	9	65	Vorbehalt
VORMARSCH	9	65	Vormarsch
WAHRER	6	65	wahrer
WARTEZEIT	9	65	Wartezeit
WIEDERGABE	10	65	Wiedergabe
WINKEN	6	65	winken
ZAUBERWORT	10	65	Zauberwort
ZELTE	5	65	Zelte
ZUGESANDT	9	65	zugesandt
ZULASSEN	8	65	zulassen
ALLZU	5	64	allzu
AMBULANT	8	64	ambulant
ANGEBLICHE	10	64	angebliche
ANGETAN	7	64	angetan
ANSAESSIGEN	11	64	ansässigen
BEDANKEN	8	64	bedanken
BENENNUNG	9	64	Benennung
BESIEGTE	8	64	besiegte
BETREFFENDE	11	64	betreffende
BEWAFFNETE	10	64	bewaffnete
BEWILLIGT	9	64	bewilligt
BLOSSE	6	64	bloße
BRAUCHST	8	64	brauchst
BUNDESSTAAT	11	64	Bundesstaat
CHAMPIONS	9	64	Champions
DANKESCHOEN	11	64	Dankeschön
DECKUNG	7	64	Deckung
DIOEZESE	8	64	Diözese
DIRIGENT	8	64	Dirigent
DUNKELBRAUN	11	64	dunkelbraun
EMOTIONALE	10	64	emotionale
EMPFAHL	7	64	empfahl
ENGEREN	7	64	engeren
ENTFALTEN	9	64	entfalten
ENTSTAMMTE	10	64	entstammte
FEATURES	8	64	Features
FELS	4	64	Fels
FEUCHT	6	64	feucht
FINNISCHE	9	64	finnische
FLANKIERT	9	64	flankiert
GEBOTE	6	64	Gebote
GEFUNDENEN	10	64	gefundenen
GELERNTE	8	64	gelernte
GEMISCHTEN	10	64	gemischten
GENERELLE	9	64	generelle
GESCHAEFTS	10	64	Geschäfts
HAENDLERN	9	64	Händlern
HAEUFIGE	8	64	häufige
HEUTIGER	8	64	heutiger
HIERIN	6	64	Hierin
INDIZIEN	8	64	Indizien
INWIEWEIT	9	64	Inwieweit
ISRAELIS	8	64	Israelis
JENEM	5	64	jenem
JENEN	5	64	jenen
KERZEN	6	64	Kerzen
KIEFER	6	64	Kiefer
KLAUSUR	7	64	Klausur
KOMFORTABEL	11	64	komfortabel
KOMMISSAR	9	64	Kommissar
KOMPLEXER	9	64	komplexer
KONFERENZEN	11	64	Konferenzen
KRAEFTIGER	10	64	kräftiger
LIMOUSINE	9	64	Limousine
LIQUIDITAET	11	64	Liquidität
MACHST	6	64	machst
MALERS	6	64	Malers
MERKLICH	8	64	merklich
MITHALTEN	9	64	mithalten
MUENZE	6	64	Münze
NAHVERKEHR	10	64	Nahverkehr
NOTIZEN	7	64	Notizen
PAKETE	6	64	Pakete
PLAKAT	6	64	Plakat
PORTO	5	64	Porto
PRAEMIERT	9	64	prämiert
RADIUS	6	64	Radius
RELIEF	6	64	Relief
SALON	5	64	Salon
SIEDELTEN	9	64	siedelten
SINKENDE	8	64	sinkende
SPIELPLAN	9	64	Spielplan
STEIERMARK	10	64	Steiermark
STRAHLUNG	9	64	Strahlung
TAGESLICHT	10	64	Tageslicht
UMKREIS	7	64	Umkreis
UNANGENEHM	10	64	unangenehm
UNBEGRENZT	10	64	unbegrenzt
UNGARISCHE	10	64	ungarische
UPDATES	7	64	Updates
VAGE	4	64	vage
VERBUCHTE	9	64	verbuchte
VERBUNDENE	10	64	verbundene
WACHEN	6	64	Wachen
WALDES	6	64	Waldes
WANDERWEGE	10	64	Wanderwege
WESWEGEN	8	64	weswegen
WURZEL	6	64	Wurzel
ZAHNARZT	8	64	Zahnarzt
ABMESSUNGEN	11	63	Abmessungen
ANDERSWO	8	63	anderswo
ASPEKTEN	8	63	Aspekten
ATTACKEN	8	63	Attacken
AULA	4	63	Aula
AUSFUELLEN	10	63	ausfüllen
AUSGELASTET	11	63	ausgelastet
BALKEN	6	63	Balken
BAUARBEITER	11	63	Bauarbeiter
BEFUNDE	7	63	Befunde
BEFUNDEN	8	63	befunden
BEGEISTERN	10	63	begeistern
BELASSEN	8	63	belassen
BESITZUNGEN	11	63	Besitzungen
BESORGTE	8	63	besorgte
BETRIEBES	9	63	Betriebes
BEWEGTEN	8	63	bewegten
BEZIRKEN	8	63	Bezirken
BLOECKE	7	63	Blöcke
DATIERUNG	9	63	Datierung
DAUERHAFTEN	11	63	dauerhaften
DERARTIGEN	10	63	derartigen
DICKER	6	63	dicker
DIENSTEN	8	63	Diensten
DIENSTES	8	63	Dienstes
DOMINIERTEN	11	63	dominierten
ERBEUTETEN	10	63	erbeuteten
ERHEBUNGEN	10	63	Erhebungen
ESKALIERT	9	63	eskaliert
FACHBEREICH	11	63	Fachbereich
FACHLICHE	9	63	fachliche
FAEDEN	6	63	Fäden
FAHNEN	6	63	Fahnen
FLIEHT	6	63	flieht
FORMALE	7	63	formale
FROST	5	63	Frost
GEDROHT	7	63	gedroht
GERUECHT	8	63	Gerücht
GESAMTZAHL	10	63	Gesamtzahl
GESCHOBEN	9	63	geschoben
GESCHULT	8	63	geschult
GEWUSST	7	63	gewusst
GRAUSAM	7	63	grausam
GUNST	5	63	Gunst
HALFEN	6	63	halfen
HALTER	6	63	Halter
HEIMGESUCHT	11	63	heimgesucht
HOCHALTAR	9	63	Hochaltar
JAHRTAUSEND	11	63	Jahrtausend
KAUFLEUTE	9	63	Kaufleute
KLAPPEN	7	63	klappen
KOENIGSBERG	11	63	Königsberg
KRIMINELLEN	11	63	kriminellen
KUEHLEN	7	63	kühlen
KUERZUNG	8	63	Kürzung
LEHEN	5	63	Lehen
LETZTEREN	9	63	letzteren
LIMITIERT	9	63	limitiert
LIVERPOOL	9	63	Liverpool
MARMOR	6	63	Marmor
MAUSKLICK	9	63	Mausklick
MECHANISMUS	11	63	Mechanismus
MIKROFON	8	63	Mikrofon
MITTLERER	9	63	mittlerer
MOTORRAEDER	11	63	Motorräder
NACHLESEN	9	63	nachlesen
NACHWORT	8	63	Nachwort
NUETZLICHE	10	63	nützliche
OBJEKTIVE	9	63	objektive
OEFFNUNGEN	10	63	Öffnungen
PROVIDER	8	63	Provider
REFERENT	8	63	Referent
REFERENZEN	10	63	Referenzen
REINIGEN	8	63	reinigen
RUNDUM	6	63	rundum
SCHALTETE	9	63	schaltete
SCHLACHTEN	10	63	Schlachten
SCHNELLERE	10	63	schnellere
SCHREIT	7	63	schreit
SEGEL	5	63	Segel
SINKENDEN	9	63	sinkenden
SOZIALHILFE	11	63	Sozialhilfe
STOPP	5	63	Stopp
STUEHLE	7	63	Stühle
SUESS	5	63	süß
TECHNISCHES	11	63	technisches
UEBERTRAF	9	63	übertraf
VERDANKEN	9	63	verdanken
VERKEHRTEN	10	63	verkehrten
VERMINDERT	10	63	vermindert
VORRAETE	8	63	Vorräte
WEISSLICH	9	63	weißlich
ZUKAEUFE	8	63	Zukäufe
ZULAUF	6	63	Zulauf
ACHTER	6	62	Achter
AHNEN	5	62	ahnen
ALARMIERTEN	11	62	alarmierten
AMBITIONEN	10	62	Ambitionen
ANRUFER	7	62	Anrufer
ANTENNE	7	62	Antenne
BAUS	4	62	Baus
BEBEN	5	62	Beben
BEDROHTE	8	62	bedrohte
BEHIELTEN	9	62	behielten
BEIDSEITIG	10	62	beidseitig
BEIFAHRER	9	62	Beifahrer
BEITRITT	8	62	Beitritt
BELGIER	7	62	Belgier
BEMERKUNG	9	62	Bemerkung
BITTERE	7	62	bittere
BREMSE	6	62	Bremse
BUECHEREI	9	62	Bücherei
DEKORATION	10	62	Dekoration
DERER	5	62	derer
DIKTATUR	8	62	Diktatur
DUSCHEN	7	62	Duschen
EINGAENGE	9	62	Eingänge
ELFMETER	8	62	Elfmeter
ENTLASTEN	9	62	entlasten
ENTSPRINGT	10	62	entspringt
ERLIESS	7	62	erließ
ERMITTELTE	10	62	ermittelte
ERSTRECKTE	10	62	erstreckte
ESKALATION	10	62	Eskalation
FAECHERN	8	62	Fächern
FAHNDET	7	62	fahndet
FEIERTAGEN	10	62	Feiertagen
FOERSTER	8	62	Förster
GATTIN	6	62	Gattin
GEBRAUCHEN	10	62	gebrauchen
GEKROENT	8	62	gekrönt
GESCHILDERT	11	62	geschildert
GESONDERTE	10	62	gesonderte
GESTAND	7	62	gestand
GETANZT	7	62	getanzt
HEILEN	6	62	heilen
HIERARCHIE	10	62	Hierarchie
INITIATOREN	11	62	Initiatoren
INLAND	6	62	Inland
JAGEN	5	62	jagen
KANTE	5	62	Kante
LABELS	6	62	Labels
LAENGSTEN	9	62	längsten
LANDESAMT	9	62	Landesamt
LOGISCH	7	62	logisch
MELODIEN	8	62	Melodien
MONITOR	7	62	Monitor
OBERKOERPER	11	62	Oberkörper
OFFIZIELLES	11	62	offizielles
PAARUNG	7	62	Paarung
PASSAGE	7	62	Passage
RAEUMT	6	62	räumt
RAUCHVERBOT	11	62	Rauchverbot
REKORDE	7	62	Rekorde
ROLLER	6	62	Roller
ROMANTIK	8	62	Romantik
SACK	4	62	Sack
SCHAETZE	8	62	Schätze
SEELEN	6	62	Seelen
SIGNIFIKANT	11	62	signifikant
SLOWENIEN	9	62	Slowenien
SPRENGSATZ	10	62	Sprengsatz
STOCKEN	7	62	Stocken
STOPPTE	7	62	stoppte
STUETZPUNKT	11	62	Stützpunkt
TENDENZIELL	11	62	tendenziell
TREIBSTOFF	10	62	Treibstoff
UMGEBENDEN	10	62	umgebenden
UNTERHIELT	10	62	unterhielt
UNTERTITEL	10	62	Untertitel
VERBUCHEN	9	62	verbuchen
VERRECHNET	10	62	verrechnet
VERTREIBT	9	62	vertreibt
VIETNAM	7	62	Vietnam
VORMALS	7	62	vormals
WEISSEM	7	62	weißem
WEISST	6	62	weißt
WICHTIGSTER	11	62	Wichtigster
WITZIG	6	62	witzig
WORAUS	6	62	woraus
ZIERT	5	62	ziert
ZUBEREITET	10	62	zubereitet
ZUGAENGE	8	62	Zugänge
ZUGERECHNET	11	62	zugerechnet
ABNEHMEN	8	61	abnehmen
AEMTERN	7	61	Ämtern
AERZTIN	7	61	Ärztin
ANEINANDER	10	61	aneinander
ANERKANNTE	10	61	anerkannte
ANSPRECHEN	10	61	ansprechen
AUFGEFUELLT	11	61	aufgefüllt
AUSWEIS	7	61	Ausweis
BAUHERR	7	61	Bauherr
BAUSUBSTANZ	11	61	Bausubstanz
BEDAUERTE	9	61	bedauerte
BESESSEN	8	61	besessen
BESTELLTE	9	61	bestellte
BEUNRUHIGT	10	61	beunruhigt
BEWAELTIGT	10	61	bewältigt
BEWAFFNET	9	61	bewaffnet
BREITERE	8	61	breitere
BRITISCHER	10	61	britischer
CENTRE	6	61	Centre
DEUTETE	7	61	deutete
DIVERSER	8	61	diverser
DROHUNGEN	9	61	Drohungen
DRUCKEREI	9	61	Druckerei
EINGEWIESEN	11	61	eingewiesen
EINLADUNGEN	11	61	Einladungen
ENTSCHLUSS	10	61	Entschluss
ERFOLGES	8	61	Erfolges
ERFURTER	8	61	Erfurter
ERSCHIESST	10	61	erschießt
FAHRZEIT	8	61	Fahrzeit
FAX	3	61	Fax
FOLGENDES	9	61	folgendes
FRIEDLICHE	10	61	friedliche
FRISST	6	61	frisst
FUNDAMENTE	10	61	Fundamente
GEHOBEN	7	61	gehoben
GEMISCHTE	9	61	gemischte
GENAUES	7	61	genaues
GNADENLOS	9	61	gnadenlos
HAPPY	5	61	Happy
HAUFEN	6	61	Haufen
HAUSHERREN	10	61	Hausherren
HUEBSCHE	8	61	hübsche
INDIKATOREN	11	61	Indikatoren
INDIVIDUUM	10	61	Individuum
INDIZES	7	61	Indizes
INTERNETS	9	61	Internets
IRAKISCHE	9	61	irakische
JUBELN	6	61	jubeln
KANZLERAMT	10	61	Kanzleramt
KINDERGELD	10	61	Kindergeld
KINOSTART	9	61	Kinostart
KLUG	4	61	klug
KLUGE	5	61	kluge
LUD	3	61	lud
MAROKKO	7	61	Marokko
MEDITATION	10	61	Meditation
MINE	4	61	Mine
NOTRUF	6	61	Notruf
PACKT	5	61	packt
PARKHAUS	8	61	Parkhaus
PASSEND	7	61	passend
PERMANENTE	10	61	permanente
PERSONALIEN	11	61	Personalien
PERU	4	61	Peru
PREISES	7	61	Preises
PRIVILEGIEN	11	61	Privilegien
PROZEDUR	8	61	Prozedur
PSYCHISCHEN	11	61	psychischen
RASCHEN	7	61	raschen
REALISMUS	9	61	Realismus
RENNER	6	61	Renner
ROEMISCHER	10	61	römischer
ROUTEN	6	61	Routen
SATT	4	61	satt
SECHSMAL	8	61	sechsmal
SELTSAM	7	61	seltsam
SPAETERER	9	61	späterer
SPRUECHE	8	61	Sprüche
STAATLICHER	11	61	staatlicher
STAMMPLATZ	10	61	Stammplatz
STRAFTAT	8	61	Straftat
TAENZERIN	9	61	Tänzerin
TERRAIN	7	61	Terrain
THEMATISCH	10	61	thematisch
TRENNTEN	8	61	trennten
TSCHECHEN	9	61	Tschechen
TURNER	6	61	Turner
UNTREUE	7	61	Untreue
URLAUBER	8	61	Urlauber
VERALTET	8	61	veraltet
VERBERGEN	9	61	verbergen
VERSCHLUSS	10	61	Verschluss
VIEH	4	61	Vieh
VORFAELLE	9	61	Vorfälle
VULKAN	6	61	Vulkan
WAGT	4	61	wagt
WAHLPERIODE	11	61	Wahlperiode
WAHNSINNIG	10	61	wahnsinnig
WAHRNEHMEN	10	61	wahrnehmen
WANDERT	7	61	wandert
WANDERTE	8	61	wanderte
WANDERWEG	9	61	Wanderweg
WARST	5	61	warst
WECKEN	6	61	wecken
ZUSAGEN	7	61	Zusagen
ABWEICHUNG	10	60	Abweichung
ANDRANG	7	60	Andrang
ANGEHOERT	9	60	angehört
AUFBEREITET	11	60	aufbereitet
AUFTAUCHEN	10	60	auftauchen
AUSSTEIGEN	10	60	aussteigen
AUTOUNFALL	10	60	Autounfall
BEFASSEN	8	60	befassen
BEGEISTERTE	11	60	begeisterte
BELIEBEN	8	60	Belieben
BEZUEGE	7	60	Bezüge
BRUESSELER	10	60	Brüsseler
CRASH	5	60	Crash
DEUTSCHEM	9	60	deutschem
DOSIS	5	60	Dosis
DYNASTIE	8	60	Dynastie
EINGEBEN	8	60	eingeben
EINGEBETTET	11	60	eingebettet
EINIG	5	60	einig
EINSETZBAR	10	60	einsetzbar
ENTSTAMMT	9	60	entstammt
ERREGT	6	60	erregt
EXTREMISTEN	11	60	Extremisten
FALSCHES	8	60	falsches
FEHLENDER	9	60	fehlender
FEUCHTE	7	60	feuchte
FLUESSEN	8	60	Flüssen
FOLGENDER	9	60	folgender
FORMALEN	8	60	formalen
GEDENKSTEIN	11	60	Gedenkstein
GEDIENT	7	60	gedient
GESTEIN	7	60	Gestein
GETRENNTEN	10	60	getrennten
GEWIRKT	7	60	gewirkt
GLEISEN	7	60	Gleisen
GRUNDSAETZE	11	60	Grundsätze
HIERHER	7	60	hierher
HIGHLIGHTS	10	60	Highlights
HOFES	5	60	Hofes
HUNDEN	6	60	Hunden
INNENSEITE	10	60	Innenseite
IRIS	4	60	Iris
KANINCHEN	9	60	Kaninchen
KOMFORTABLE	11	60	komfortable
KONSTANTE	9	60	konstante
LUNGE	5	60	Lunge
MARATHON	8	60	Marathon
MARKIEREN	9	60	markieren
MODERNSTEN	10	60	modernsten
MONTAGS	7	60	montags
NENNE	5	60	nenne
NIGERIA	7	60	Nigeria
NISCHE	6	60	Nische
NORWEGER	8	60	Norweger
OFFENKUNDIG	11	60	offenkundig
PACKEN	6	60	packen
POESIE	6	60	Poesie
PRAGER	6	60	Prager
PROZESSEN	9	60	Prozessen
QUOTEN	6	60	Quoten
RAN	3	60	ran
RIPPEN	6	60	Rippen
ROBUST	6	60	robust
RUDER	5	60	Ruder
SCHILLING	9	60	Schilling
SCHLAEGER	9	60	Schläger
SCHUB	5	60	Schub
SCHWARZES	9	60	schwarzes
SCHWIEG	7	60	schwieg
SET	3	60	Set
SEXUALITAET	11	60	Sexualität
SLOWAKEI	8	60	Slowakei
SOLO	4	60	Solo
SPANNENDER	10	60	spannender
SPIELERS	8	60	Spielers
STELLUNGEN	10	60	Stellungen
STRITTIG	8	60	strittig
SYNTHESE	8	60	Synthese
TEENAGER	8	60	Teenager
TORONTO	7	60	Toronto
TREFFE	6	60	treffe
UEBERSTAND	10	60	überstand
UNTERFANGEN	11	60	Unterfangen
UNTERLEGT	9	60	unterlegt
VERBANNT	8	60	verbannt
VERFUEGE	8	60	verfüge
VERHALTENS	10	60	Verhaltens
VERLAUFENDE	11	60	verlaufende
VERRAT	6	60	Verrat
WAAGE	5	60	Waage
WARNTEN	7	60	warnten
WEIZEN	6	60	Weizen
WESTKUESTE	10	60	Westküste
WICH	4	60	wich
ZEHEN	5	60	Zehen
ZIELGRUPPEN	11	60	Zielgruppen
ABREISE	7	59	Abreise
ALKOTEST	8	59	Alkotest
ANGELANGT	9	59	angelangt
ANLEGERN	8	59	Anlegern
APP	3	59	App
ARBEITERN	9	59	Arbeitern
ARTIKELN	8	59	Artikeln
AUFGEDECKT	10	59	aufgedeckt
AUFGEZEIGT	10	59	aufgezeigt
AUSGEHEND	9	59	ausgehend
AUSPROBIERT	11	59	ausprobiert
AUSSENWELT	10	59	Außenwelt
BAELLE	6	59	Bälle
BEDAUERN	8	59	Bedauern
BEIGEFUEGT	10	59	beigefügt
BEISPIELEN	10	59	Beispielen
BENENNEN	8	59	benennen
BERNER	6	59	Berner
BESTZEIT	8	59	Bestzeit
BETRUEGER	9	59	Betrüger
BEWERTUNGEN	11	59	Bewertungen
BEZAHLTE	8	59	bezahlte
BLUEHT	6	59	blüht
BOYKOTT	7	59	Boykott
CAMBRIDGE	9	59	Cambridge
DREIFACHE	9	59	dreifache
EILT	4	59	eilt
EINGEBAUTE	10	59	eingebaute
EINMALIGEN	10	59	einmaligen
EINMUENDUNG	11	59	Einmündung
EINSCHNITTE	11	59	Einschnitte
FAMILIAERE	10	59	familiäre
FARBIGEN	8	59	farbigen
FASS	4	59	Fass
FISCHEREI	9	59	Fischerei
FLENSBURG	9	59	Flensburg
FLUECHTIGEN	11	59	flüchtigen
GAERTNER	8	59	Gärtner
GEFAESSE	8	59	Gefäße
GEFORDERTE	10	59	geforderte
GERADEAUS	9	59	geradeaus
GEWINNSPIEL	11	59	Gewinnspiel
GRUNDWASSER	11	59	Grundwasser
HAB	3	59	Hab
HAUCH	5	59	Hauch
HINAB	5	59	hinab
HOEHERES	8	59	höheres
IMPFSTOFF	9	59	Impfstoff
JUNGVOEGEL	10	59	Jungvögel
KAISERLICHE	11	59	kaiserliche
KATER	5	59	Kater
KETTEN	6	59	Ketten
KILLER	6	59	Killer
KLAMMERN	8	59	Klammern
KLEINWAGEN	10	59	Kleinwagen
KOMPETENTE	10	59	kompetente
LACKIERT	8	59	lackiert
LEGENDEN	8	59	Legenden
LIESSE	6	59	ließe
MASSIVER	8	59	massiver
MILD	4	59	mild
MINEN	5	59	Minen
MITLEID	7	59	Mitleid
MOSKAUER	8	59	Moskauer
MUTIG	5	59	mutig
NACHGEFRAGT	11	59	nachgefragt
NORDAFRIKA	10	59	Nordafrika
PFLEGTE	7	59	pflegte
PRAEMIEN	8	59	Prämien
PREISWERTE	10	59	preiswerte
QUALITATIV	10	59	qualitativ
RELATIVE	8	59	relative
RIESIGER	8	59	riesiger
ROHRE	5	59	Rohre
SCHENKTE	8	59	schenkte
SCHLAEGEREI	11	59	Schlägerei
SCHLEUSE	8	59	Schleuse
SCHLICHTE	9	59	schlichte
SCHLICHTEN	10	59	schlichten
SCHOB	5	59	schob
SCHWEISS	8	59	Schweiß
SENIOR	6	59	Senior
SERBISCHE	9	59	serbische
SKIZZE	6	59	Skizze
SPIELREGELN	11	59	Spielregeln
SPRANGEN	8	59	sprangen
TERMINIERT	10	59	terminiert
THESEN	6	59	Thesen
TOILETTEN	9	59	Toiletten
UEBERFLUTET	11	59	überflutet
UNBESTIMMTE	11	59	unbestimmte
UTOPIE	6	59	Utopie
VERBRACHTEN	11	59	verbrachten
VERDIENTEN	10	59	verdienten
VEREIDIGT	9	59	vereidigt
VERMUTETE	9	59	vermutete
VERWALTEN	9	59	verwalten
VIERZEHN	8	59	vierzehn
VOLLZOG	7	59	vollzog
WANDELTE	8	59	wandelte
WARNSTREIKS	11	59	Warnstreiks
WICHTIGKEIT	11	59	Wichtigkeit
WINDE	5	59	Winde
WOLKE	5	59	Wolke
ZAHLREICH	9	59	zahlreich
ZULIEFERER	10	59	Zulieferer
ZUTIEFST	8	59	zutiefst
ZUTRITT	7	59	Zutritt
ABGESTUERZT	11	58	abgestürzt
ABGEWARTET	10	58	abgewartet
AERMSTEN	8	58	ärmsten
AMERIKANERN	11	58	Amerikanern
ANPASSUNGEN	11	58	Anpassungen
ANSTEIGEN	9	58	ansteigen
ASPHALT	7	58	Asphalt
AUSWEISUNG	10	58	Ausweisung
BACKEN	6	58	backen
BAECKER	7	58	Bäcker
BASLER	6	58	Basler
BEGEHEN	7	58	begehen
BEHEBEN	7	58	beheben
BELASTETE	9	58	belastete
BELEBT	6	58	belebt
BETONEN	7	58	betonen
BEZIRKS	7	58	Bezirks
BLASE	5	58	Blase
BLOG	4	58	Blog
BOEHMEN	7	58	Böhmen
BUSSGELD	8	58	Bußgeld
CHIPS	5	58	Chips
CHORES	6	58	Chores
DISCO	5	58	Disco
DOWNLOADS	9	58	Downloads
DOZENTEN	8	58	Dozenten
DURST	5	58	Durst
ENTHALTENEN	11	58	enthaltenen
EPOCHEN	7	58	Epochen
ERBAUTEN	8	58	erbauten
ERWISCHTE	9	58	erwischte
EVANGELISCH	11	58	evangelisch
FERNEN	6	58	fernen
FOERDERER	9	58	Förderer
FRUECHTEN	9	58	Früchten
FUEGT	5	58	fügt
GEBIETS	7	58	Gebiets
GEHAELTER	9	58	Gehälter
GELACHT	7	58	gelacht
GEOGRAPHIE	10	58	Geographie
GESCHAETZTE	11	58	geschätzte
GRUBEN	6	58	Gruben
HAUBE	5	58	Haube
HEILIG	6	58	heilig
HEIMREISE	9	58	Heimreise
HERDE	5	58	Herde
JUENGSTER	9	58	jüngster
JURISTISCH	10	58	juristisch
KLAPPE	6	58	Klappe
KONSORTIUM	10	58	Konsortium
KORN	4	58	Korn
KUENDIGEN	9	58	kündigen
KUESSEN	7	58	küssen
KUNDSCHAFT	10	58	Kundschaft
LIEFERUNGEN	11	58	Lieferungen
LUPE	4	58	Lupe
LUZERN	6	58	Luzern
METROPOLE	9	58	Metropole
MINIMIERT	9	58	minimiert
MITHIN	6	58	mithin
NENNUNG	7	58	Nennung
NOERDLICHER	11	58	nördlicher
NUETZT	6	58	nützt
OEKOLOGIE	9	58	Ökologie
PATENTE	7	58	Patente
PISTE	5	58	Piste
PRELLUNGEN	10	58	Prellungen
RAR	3	58	rar
REGIERTE	8	58	regierte
RELIEFS	7	58	Reliefs
RENDITEN	8	58	Renditen
SAARLAND	8	58	Saarland
SAFT	4	58	Saft
SCANNER	7	58	Scanner
SCHAUE	6	58	schaue
SCHLAGARTIG	11	58	schlagartig
SCHWERSTEN	10	58	schwersten
SEMINARS	8	58	Seminars
SESSION	7	58	Session
SORGENKIND	10	58	Sorgenkind
STIPENDIEN	10	58	Stipendien
SYMBOLISCHE	11	58	symbolische
TALIBAN	7	58	Taliban
TRINKT	6	58	trinkt
UMLEITUNG	9	58	Umleitung
UNNOETIGE	9	58	unnötige
VENEZUELA	9	58	Venezuela
VERBLIEBENE	11	58	verbliebene
VERFLOGEN	9	58	verflogen
VERKEHRTE	9	58	verkehrte
VERMEIDUNG	10	58	Vermeidung
VERSTOESSE	10	58	Verstöße
VOELLIGE	8	58	völlige
WACKER	6	58	Wacker
WERKS	5	58	Werks
WERTVOLL	8	58	wertvoll
WESTERN	7	58	Western
WISSENS	7	58	Wissens
ZAUBER	6	58	Zauber
ZINSSATZ	8	58	Zinssatz
ABBRECHEN	9	57	abbrechen
ABLAEUFE	8	57	Abläufe
AERZTLICHEN	11	57	ärztlichen
AKZEPTABEL	10	57	akzeptabel
AMTIERTE	8	57	amtierte
ANGEBOTS	8	57	Angebots
ANKLANG	7	57	Anklang
AUFSCHLUSS	10	57	Aufschluss
AURA	4	57	Aura
AUSFAHRT	8	57	Ausfahrt
AUSRICHTEN	10	57	ausrichten
AUSUEBUNG	9	57	Ausübung
BADEZIMMER	10	57	Badezimmer
BATAILLON	9	57	Bataillon
BESCHAFFEN	10	57	beschaffen
BOEHMISCHEN	11	57	böhmischen
BRANNTEN	8	57	brannten
BRENNENDEN	10	57	brennenden
BRETT	5	57	Brett
CLIENT	6	57	Client
DACHSTUHL	9	57	Dachstuhl
DEMONTIERT	10	57	demontiert
DEPOT	5	57	Depot
EFFIZIENTER	11	57	effizienter
EHEN	4	57	Ehen
EINFACHSTE	10	57	einfachste
EINSEITIGE	10	57	einseitige
EINSTUFUNG	10	57	Einstufung
ERHOLTE	7	57	erholte
ERWAERMUNG	10	57	Erwärmung
FACHKRAEFTE	11	57	Fachkräfte
FAIREN	6	57	fairen
FARBIGE	7	57	farbige
FEHL	4	57	fehl
FLIEGER	7	57	Flieger
FORMELL	7	57	formell
FRAGMENTE	9	57	Fragmente
FREIES	6	57	freies
FREQUENZEN	10	57	Frequenzen
FREUNDES	8	57	Freundes
FURCHTBAR	9	57	furchtbar
GALA	4	57	Gala
GEFUNDENE	9	57	gefundene
GEGEBENEN	9	57	gegebenen
GEGENSAETZE	11	57	Gegensätze
GELTUNG	7	57	Geltung
GENESUNG	8	57	Genesung
GEWAHRSAM	9	57	Gewahrsam
GEWORDENEN	10	57	gewordenen
GIER	4	57	Gier
GITARRISTEN	11	57	Gitarristen
GREIFSWALD	10	57	Greifswald
GUCKEN	6	57	gucken
GUERTEL	7	57	Gürtel
GUETE	5	57	Güte
HANDELNS	8	57	Handelns
HASSE	5	57	hasse
HAUPTFIGUR	10	57	Hauptfigur
HEISSER	7	57	heißer
HERZLICHE	9	57	Herzliche
HOERTEN	7	57	hörten
INTERNAT	8	57	Internat
INVENTAR	8	57	Inventar
IRRITIERT	9	57	irritiert
KABUL	5	57	Kabul
KALKULIERT	10	57	kalkuliert
KANTONE	7	57	Kantone
KLAGENFURT	10	57	Klagenfurt
KLASSISCH	9	57	klassisch
KNIE	4	57	Knie
KOMPENSIERT	11	57	kompensiert
KOREA	5	57	Korea
LACHTE	6	57	lachte
LAENDEREIEN	11	57	Ländereien
LAMPE	5	57	Lampe
LISSABON	8	57	Lissabon
LOSWERDEN	9	57	loswerden
MAIS	4	57	Mais
MANKO	5	57	Manko
MARSCH	6	57	Marsch
MATRIX	6	57	Matrix
MECHANISCH	10	57	mechanisch
MISERE	6	57	Misere
MOBIL	5	57	mobil
MORGIGEN	8	57	morgigen
NEBENAN	7	57	nebenan
NETTER	6	57	netter
NORMALFALL	10	57	Normalfall
ORDNET	6	57	ordnet
OSLO	4	57	Oslo
PFARRE	6	57	Pfarre
PULVER	6	57	Pulver
PUMPE	5	57	Pumpe
RANGLISTE	9	57	Rangliste
RATTEN	6	57	Ratten
REBELLION	9	57	Rebellion
RECHTECKIGE	11	57	rechteckige
RIESIGES	8	57	riesiges
RIVALEN	7	57	Rivalen
SCHEIDET	8	57	scheidet
SCHICKE	7	57	schicke
SCHRAUBEN	9	57	Schrauben
SIMULIERT	9	57	simuliert
STROEMEN	8	57	strömen
STROEMUNGEN	11	57	Strömungen
SUEDLICHER	10	57	südlicher
SUIZID	6	57	Suizid
SYMBOLISCH	10	57	symbolisch
TEILNAHMEN	10	57	teilnahmen
UEBERSEE	8	57	Übersee
UEBERSETZER	11	57	Übersetzer
UEBERWIEGT	10	57	überwiegt
UMSCHLAG	8	57	Umschlag
UNIFORM	7	57	Uniform
VERBLEIBT	9	57	verbleibt
VERBRECHER	10	57	Verbrecher
VERDANKT	8	57	verdankt
VERFOLGER	9	57	Verfolger
VERTRAGLICH	11	57	vertraglich
VERUEBT	7	57	verübt
VERZOEGERTE	11	57	verzögerte
VOLKSMUND	9	57	Volksmund
VORSCHEIN	9	57	Vorschein
WARNUNGEN	9	57	Warnungen
WEGES	5	57	Weges
WICHTIGSTES	11	57	wichtigstes
ZAEHLE	6	57	zähle
ZEUG	4	57	Zeug
ZIEHE	5	57	ziehe
ZWILLINGE	9	57	Zwillinge
ABGELIEFERT	11	56	abgeliefert
AESTE	5	56	Äste
AEUSSERSTEN	11	56	äußersten
AGENTUREN	9	56	Agenturen
AKUTE	5	56	akute
ANSPANNUNG	10	56	Anspannung
APPELL	6	56	Appell
ARTIKELS	8	56	Artikels
AUFFAELLIGE	11	56	auffällige
AUFGEHOERT	10	56	aufgehört
AUSGEDRUCKT	11	56	ausgedruckt
BEACHTLICH	10	56	beachtlich
BEFESTIGTE	10	56	befestigte
BEGRUESSUNG	11	56	Begrüßung
BEINHALTETE	11	56	beinhaltete
BELASTETEN	10	56	belasteten
BENOETIGE	9	56	benötige
BETAETIGUNG	11	56	Betätigung
BETONUNG	8	56	Betonung
BEWORBEN	8	56	beworben
BOTSCHAFTEN	11	56	Botschaften
COLUMBIA	8	56	Columbia
COUP	4	56	Coup
DENKMAELER	10	56	Denkmäler
DROHENDEN	9	56	drohenden
DYNAMISCHEN	11	56	dynamischen
EMISSIONEN	10	56	Emissionen
EMPIRISCHE	10	56	empirische
ERHOFFTE	8	56	erhoffte
ERNEUTER	8	56	erneuter
ERZOGEN	7	56	erzogen
EUROPEAN	8	56	European
FACHMANN	8	56	Fachmann
FEINDLICHE	10	56	feindliche
FILMEMACHER	11	56	Filmemacher
FOERMLICH	9	56	förmlich
FRIEDHOFS	9	56	Friedhofs
FUSSBALLS	9	56	Fußballs
FUSSE	5	56	Fuße
GEDEUTET	8	56	gedeutet
GEFUEHRTEN	10	56	geführten
GEGENSEITE	10	56	Gegenseite
GEHOER	6	56	Gehör
GEHOERENDEN	11	56	gehörenden
GENEHMIGTE	10	56	genehmigte
GESCHONT	8	56	geschont
GESUNDES	8	56	gesundes
GETAETIGT	9	56	getätigt
GETAEUSCHT	10	56	getäuscht
GEZIELTEN	9	56	gezielten
GOLDEN	6	56	Golden
GRUENDLICHE	11	56	gründliche
HANDARBEIT	10	56	Handarbeit
HAUSTIERE	9	56	Haustiere
HEFTE	5	56	Hefte
HEIRATET	8	56	heiratet
HEKTIK	6	56	Hektik
HOBBYS	6	56	Hobbys
IMBISS	6	56	Imbiss
IMPFUNGEN	9	56	Impfungen
IMPULS	6	56	Impuls
INFIZIERT	9	56	infiziert
INITIIERTE	10	56	initiierte
KAPELLEN	8	56	Kapellen
KOMBINIEREN	11	56	kombinieren
KOORDINATEN	11	56	Koordinaten
KOSMOS	6	56	Kosmos
LEGE	4	56	lege
LENKEN	6	56	lenken
LEUCHTET	8	56	leuchtet
LIEDES	6	56	Liedes
LIZENZEN	8	56	Lizenzen
MAHNTE	6	56	mahnte
NACHFAHREN	10	56	Nachfahren
NACHHER	7	56	nachher
NEFFEN	6	56	Neffen
NIEMANDEM	9	56	niemandem
OBERGRENZE	10	56	Obergrenze
ORGANISCHEN	11	56	organischen
PAUSCHALE	9	56	pauschale
PEST	4	56	Pest
PORTFOLIO	9	56	Portfolio
PUNKTZAHL	9	56	Punktzahl
RAECHEN	7	56	rächen
RAPPER	6	56	Rapper
RATSCHLAEGE	11	56	Ratschläge
REGNET	6	56	regnet
SANDSTEIN	9	56	Sandstein
SCHACH	6	56	Schach
SCHANDE	7	56	Schande
SCHLANK	7	56	schlank
SCHOSSEN	8	56	schossen
SCHULHOF	8	56	Schulhof
SCHWACHER	9	56	schwacher
SCHWEINE	8	56	Schweine
SCHWIMMT	8	56	schwimmt
SIEB	4	56	Sieb
SPIELZEUG	9	56	Spielzeug
TABAK	5	56	Tabak
TAETERS	7	56	Täters
TAGESTIEF	9	56	Tagestief
TENDIERT	8	56	tendiert
TODESFAELLE	11	56	Todesfälle
UEBERLIESS	10	56	überließ
UNTERZIEHEN	11	56	unterziehen
URHEBER	7	56	Urheber
VERWALTER	9	56	Verwalter
VORWEISEN	9	56	vorweisen
WEITERGABE	10	56	Weitergabe
WETTEN	6	56	Wetten
WIRKSAME	8	56	wirksame
WIRKSTOFF	9	56	Wirkstoff
ZOEGERN	7	56	Zögern
ZWEIKAMPF	9	56	Zweikampf
ABHANDLUNG	10	55	Abhandlung
ABNEHMER	8	55	Abnehmer
ABWANDERUNG	11	55	Abwanderung
ANDAUERN	8	55	andauern
ANDERWEITIG	11	55	anderweitig
APSIS	5	55	Apsis
ARABER	6	55	Araber
AUFNAHM	7	55	aufnahm
AUFTRAT	7	55	auftrat
AUFWENDIGE	10	55	aufwendige
AUSCHWITZ	9	55	Auschwitz
AUSGLEICHEN	11	55	ausgleichen
BEFAHL	6	55	befahl
BEFESTIGTEN	11	55	befestigten
BEGRIFFS	8	55	Begriffs
BEKLEIDUNG	10	55	Bekleidung
BERLINALE	9	55	Berlinale
BESONDEREM	10	55	besonderem
BESPRECHEN	10	55	besprechen
BESTRAFUNG	10	55	Bestrafung
BEWUNDERN	9	55	bewundern
BEZWEIFELT	10	55	bezweifelt
BOCK	4	55	Bock
BOSNIEN	7	55	Bosnien
COPYRIGHT	9	55	Copyright
DAENEN	6	55	Dänen
DARSTELLTE	10	55	darstellte
DRECK	5	55	Dreck
EICHE	5	55	Eiche
EILE	4	55	Eile
EINGEBUESST	11	55	eingebüßt
EINWANDFREI	11	55	einwandfrei
ENTNAHME	8	55	Entnahme
ERGAENZTE	9	55	ergänzte
ERKRANKTEN	10	55	erkrankten
ERSCHIESSEN	11	55	erschießen
ERWAEHNEN	9	55	erwähnen
ERZIEHER	8	55	Erzieher
FELDES	6	55	Feldes
FISCHFANG	9	55	Fischfang
FLOHEN	6	55	flohen
FREIHEITEN	10	55	Freiheiten
FRUEHESTEN	10	55	frühesten
GEGNERISCHE	11	55	gegnerische
GELOCKERT	9	55	gelockert
GETROCKNET	10	55	getrocknet
GLAESER	7	55	Gläser
GOETTLICHEN	11	55	göttlichen
GRABSTEIN	9	55	Grabstein
GRABSTEINE	10	55	Grabsteine
GRENZWERTE	10	55	Grenzwerte
HALTBAR	7	55	haltbar
HERRLICH	8	55	herrlich
HERZOGTUM	9	55	Herzogtum
HONORAR	7	55	Honorar
HUEHNER	7	55	Hühner
IMPORTE	7	55	Importe
INDIKATOR	9	55	Indikator
INDIREKTE	9	55	indirekte
INTERESSES	10	55	Interesses
INVESTMENT	10	55	Investment
KANDIDIERTE	11	55	kandidierte
KENNER	6	55	Kenner
KICKERS	7	55	Kickers
KLASSIK	7	55	Klassik
KNAPPE	6	55	knappe
KOENIGLICH	10	55	Königlich
KOMMEND	7	55	kommend
KONVOI	6	55	Konvoi
LAEGE	5	55	läge
LAENGS	6	55	längs
LANDKARTE	9	55	Landkarte
LANDKREISE	10	55	Landkreise
LEBENSSTIL	10	55	Lebensstil
LIST	4	55	List
LOKFUEHRER	10	55	Lokführer
MANIPULIERT	11	55	manipuliert
MEHL	4	55	Mehl
MEIDEN	6	55	meiden
MOECHTEST	9	55	Möchtest
MOTORSPORT	10	55	Motorsport
NEUTRALEN	9	55	neutralen
OBERSTUFE	9	55	Oberstufe
PAAREN	6	55	Paaren
PATCH	5	55	Patch
PLAEDOYER	9	55	Plädoyer
REGELWERK	9	55	Regelwerk
REICHSTEN	9	55	reichsten
ROMANTISCHE	11	55	romantische
SACHLICHE	9	55	sachliche
SARG	4	55	Sarg
SCHAETZTE	9	55	schätzte
SCHMUTZ	7	55	Schmutz
SCHRANK	7	55	Schrank
SCHUH	5	55	Schuh
SEUCHE	6	55	Seuche
SIMPEL	6	55	simpel
SKLAVEREI	9	55	Sklaverei
STAGNIERT	9	55	stagniert
STAUNEN	7	55	staunen
STEINERNEN	10	55	steinernen
STEUERTE	8	55	steuerte
STUERMEN	8	55	stürmen
STUMPF	6	55	stumpf
TANZT	5	55	tanzt
TAUBE	5	55	Taube
TOENEN	6	55	Tönen
TRAINIERTE	10	55	trainierte
TRAKTOR	7	55	Traktor
TRAUEN	6	55	trauen
UEBTEN	6	55	übten
UNTERARTEN	10	55	Unterarten
VERMUTUNGEN	11	55	Vermutungen
VERNUENFTIG	11	55	vernünftig
VERSICHERTE	11	55	versicherte
VERSTORBENE	11	55	verstorbene
VORLIEBE	8	55	Vorliebe
VORUEBER	8	55	vorüber
VORZUEGE	8	55	Vorzüge
WALDGEBIET	10	55	Waldgebiet
WEITGEHENDE	11	55	weitgehende
ZIEGEN	6	55	Ziegen
ZIMMERN	7	55	Zimmern
ZUGABE	6	55	Zugabe
ZULAESSIGE	10	55	zulässige
ZUWANDERUNG	11	55	Zuwanderung
ZWEIFELN	8	55	zweifeln
ABFAELLE	8	54	Abfälle
ABGEGEBENEN	11	54	abgegebenen
ABSTEIGER	9	54	Absteiger
AERGERT	7	54	ärgert
AKTIVISTEN	10	54	Aktivisten
ALLGEMEINER	11	54	allgemeiner
ANALYSIEREN	11	54	analysieren
ANFAHRT	7	54	Anfahrt
ANFALLENDEN	11	54	anfallenden
ANGENEHMEN	10	54	angenehmen
ANMERKUNG	9	54	Anmerkung
APPETIT	7	54	Appetit
ASSISTENTEN	11	54	Assistenten
AUFGESUCHT	10	54	aufgesucht
AUSBEUTUNG	10	54	Ausbeutung
AUSGEDIENT	10	54	ausgedient
AUSGELASSEN	11	54	ausgelassen
AUSMACHEN	9	54	ausmachen
BANGKOK	7	54	Bangkok
BANKER	6	54	Banker
BEANSPRUCHT	11	54	beansprucht
BEHERRSCHTE	11	54	beherrschte
BETROGEN	8	54	betrogen
BIEGEN	6	54	biegen
BINDET	6	54	bindet
BLOCKIEREN	10	54	blockieren
BRIGADE	7	54	Brigade
CHEFS	5	54	Chefs
CITIGROUP	9	54	Citigroup
DEVISE	6	54	Devise
DOMINANZ	8	54	Dominanz
DYNAMISCH	9	54	dynamisch
EDELSTAHL	9	54	Edelstahl
EFFEKTIVER	10	54	effektiver
EINBINDUNG	10	54	Einbindung
EINFUEHREN	10	54	einführen
EINGESPART	10	54	eingespart
ENDPUNKT	8	54	Endpunkt
ENTEIGNET	9	54	enteignet
ERBRINGEN	9	54	erbringen
ERLERNT	7	54	erlernt
ERNAEHRT	8	54	ernährt
ERSTRECKEN	10	54	erstrecken
FAHRERN	7	54	Fahrern
FAKULTAETEN	11	54	Fakultäten
FEINSTEN	8	54	Feinsten
FLUGVERKEHR	11	54	Flugverkehr
FRISCHES	8	54	frisches
FRUSTRIERT	10	54	frustriert
FUEGTE	6	54	fügte
FUNDORT	7	54	Fundort
GEFESSELT	9	54	gefesselt
GEGENWEHR	9	54	Gegenwehr
GESAMTHEIT	10	54	Gesamtheit
GESCHEHENS	10	54	Geschehens
GESCHUETZTE	11	54	geschützte
GESICHTERN	10	54	Gesichtern
GEWINNUNG	9	54	Gewinnung
GEZEIGTEN	9	54	gezeigten
GRAEBERN	8	54	Gräbern
GRANDE	6	54	Grande
GRIPPE	6	54	Grippe
HAFTSTRAFEN	11	54	Haftstrafen
HELIKOPTER	10	54	Helikopter
HELSINKI	8	54	Helsinki
HONIG	5	54	Honig
HONORIERT	9	54	honoriert
INDIZ	5	54	Indiz
JUBELT	6	54	jubelt
KABINEN	7	54	Kabinen
KANDIDIEREN	11	54	kandidieren
KILO	4	54	Kilo
KUEHLUNG	8	54	Kühlung
LANDESBANK	10	54	Landesbank
LANDETEN	8	54	landeten
LANGSAME	8	54	langsame
LATERNE	7	54	Laterne
LOBBY	5	54	Lobby
LOGOS	5	54	Logos
MACHBAR	7	54	machbar
MAFIA	5	54	Mafia
MATERIELLEN	11	54	materiellen
MECHANIK	8	54	Mechanik
MEILENSTEIN	11	54	Meilenstein
MIGRATION	9	54	Migration
MITTWOCHS	9	54	mittwochs
MOENCH	6	54	Mönch
NACHBARIN	9	54	Nachbarin
NACKTE	6	54	nackte
NAHT	4	54	naht
NETZES	6	54	Netzes
NEUZUGANG	9	54	Neuzugang
NOTENBANK	9	54	Notenbank
OBERSTES	8	54	oberstes
PANNE	5	54	Panne
PASSAU	6	54	Passau
PFLASTER	8	54	Pflaster
PLATTFORMEN	11	54	Plattformen
PRAEZISION	10	54	Präzision
PSYCHE	6	54	Psyche
RAUMSCHIFF	10	54	Raumschiff
REGIONALER	10	54	regionaler
REPARIEREN	10	54	reparieren
SACKTE	6	54	sackte
SCHAUPLATZ	10	54	Schauplatz
SCHERZ	6	54	Scherz
SCHNELLSTEN	11	54	schnellsten
SCHWEIN	7	54	Schwein
SCHWINGEN	9	54	Schwingen
SCHWINGT	8	54	schwingt
SOFA	4	54	Sofa
SONNIG	6	54	sonnig
SPANISCHER	10	54	spanischer
SPERREN	7	54	sperren
STECHEN	7	54	Stechen
STIEL	5	54	Stiel
STOPPT	6	54	stoppt
SYSTEMATIK	10	54	Systematik
TIERES	6	54	Tieres
TITELS	6	54	Titels
TURBULENZEN	11	54	Turbulenzen
UEBERREDEN	10	54	überreden
UEBERWIESEN	11	54	überwiesen
UMZUSETZEN	10	54	umzusetzen
UNGEEIGNET	10	54	ungeeignet
VEREHRUNG	9	54	Verehrung
VERFASSEN	9	54	verfassen
VERSTECKTEN	11	54	versteckten
VERWEIGERN	10	54	verweigern
VERWUNDETE	10	54	Verwundete
VOLLZUG	7	54	Vollzug
VORARLBERG	10	54	Vorarlberg
VORGEGANGEN	11	54	vorgegangen
VORGETRAGEN	11	54	vorgetragen
VORSTELLBAR	11	54	vorstellbar
WEITESTEN	9	54	weitesten
ZEITGEMAESS	11	54	zeitgemäß
ZUWAECHSE	9	54	Zuwächse
ZWINGEN	7	54	zwingen
ABSICHTLICH	11	53	absichtlich
ACKER	5	53	Acker
AFGHANISCHE	11	53	afghanische
ALLEINIGE	9	53	alleinige
ALLERLEI	8	53	allerlei
ALLGEMEINES	11	53	allgemeines
ANERKANNTEN	11	53	anerkannten
ATTACKIERT	10	53	attackiert
AUSGEHENDEN	11	53	ausgehenden
AUSGERAEUMT	11	53	ausgeräumt
AUSGESUCHT	10	53	ausgesucht
AUSNAHMSLOS	11	53	ausnahmslos
BAUMATERIAL	11	53	Baumaterial
BEGRENZEN	9	53	begrenzen
BISCHOFS	8	53	Bischofs
BRANDES	7	53	Brandes
BUNKER	6	53	Bunker
BURGANLAGE	10	53	Burganlage
CHANCENLOS	10	53	chancenlos
DORFKIRCHE	10	53	Dorfkirche
DREHMOMENT	10	53	Drehmoment
EICHEL	6	53	Eichel
EINGEBAUTEN	11	53	eingebauten
EINGEFROREN	11	53	eingefroren
EINGESETZTE	11	53	eingesetzte
EINHALTEN	9	53	einhalten
EINIGKEIT	9	53	Einigkeit
EMBEDDEN	8	53	Embedden
ENTWAESSERT	11	53	entwässert
ERFORSCHEN	10	53	erforschen
EROBERTE	8	53	eroberte
ERPRESSUNG	10	53	Erpressung
ERRUNGEN	8	53	errungen
ERZWINGEN	9	53	erzwingen
ESSENER	7	53	Essener
ETHNISCHEN	10	53	ethnischen
EXPLOSIONEN	11	53	Explosionen
FOEDERATION	11	53	Föderation
FRIEDENS	8	53	Friedens
GALERIEN	8	53	Galerien
GEBOGEN	7	53	gebogen
GERINGSTE	9	53	geringste
GETAUSCHT	9	53	getauscht
GLEICHEM	8	53	gleichem
GOERLITZ	8	53	Görlitz
GRAMMATIK	9	53	Grammatik
GRUENDET	8	53	gründet
GRUPPIERUNG	11	53	Gruppierung
HAFTEN	6	53	haften
HAMM	4	53	Hamm
HANDELS	7	53	Handels
HARTES	6	53	hartes
HAUPT	5	53	Haupt
HISTORIE	8	53	Historie
HOEHENFLUG	10	53	Höhenflug
INNENAUSBAU	11	53	Innenausbau
INSZENIERTE	11	53	inszenierte
JUNGFRAU	8	53	Jungfrau
KELLNER	7	53	Kellner
KNOPFDRUCK	10	53	Knopfdruck
KOMMERZIELL	11	53	kommerziell
KOMPLEXES	9	53	komplexes
KONTEN	6	53	Konten
KOOPERIEREN	11	53	kooperieren
KORB	4	53	Korb
KRITISCHER	10	53	kritischer
KUMPEL	6	53	Kumpel
KURSES	6	53	Kurses
LEBENSWERK	10	53	Lebenswerk
LESE	4	53	lese
LOHNEN	6	53	lohnen
MAGDEBURGER	11	53	Magdeburger
MAGISTRAT	9	53	Magistrat
MAST	4	53	Mast
MEDIZINISCH	11	53	medizinisch
MISSERFOLG	10	53	Misserfolg
MOOR	4	53	Moor
MYTHEN	6	53	Mythen
NEIGEN	6	53	neigen
NOTAR	5	53	Notar
PFANNE	6	53	Pfanne
PHYSISCHE	9	53	physische
PILZE	5	53	Pilze
PIXEL	5	53	Pixel
PLAYER	6	53	Player
PODIUM	6	53	Podium
QUAL	4	53	Qual
RANKING	7	53	Ranking
REDUZIERTEN	11	53	reduzierten
REGENFAELLE	11	53	Regenfälle
RICHTERIN	9	53	Richterin
ROMANISCHE	10	53	romanische
SAUBERE	7	53	saubere
SCHIEBEN	8	53	schieben
SCHILDERN	9	53	schildern
SCHLAMM	7	53	Schlamm
SOFORTIGER	10	53	sofortiger
SPARSAM	7	53	sparsam
SPUERTE	7	53	spürte
STADTTEILS	10	53	Stadtteils
STAGNATION	10	53	Stagnation
TIERHEIM	8	53	Tierheim
TIROLER	7	53	Tiroler
TRAINERS	8	53	Trainers
UEBERFUELLT	11	53	überfüllt
UMHER	5	53	umher
UNERWARTETE	11	53	unerwartete
UNGUELTIG	9	53	ungültig
VERMISCHT	9	53	vermischt
VERMISSE	8	53	vermisse
VERPACKT	8	53	verpackt
VERSE	5	53	Verse
VERTIEFUNG	10	53	Vertiefung
VERTRAGEN	9	53	vertragen
VERTREIBUNG	11	53	Vertreibung
VERWUNDERT	10	53	verwundert
VORGEZOGEN	10	53	vorgezogen
VORHALLE	8	53	Vorhalle
VORTEILHAFT	11	53	vorteilhaft
VORTRAEGEN	10	53	Vorträgen
WANDELT	7	53	wandelt
WASSERSTAND	11	53	Wasserstand
WENDEPUNKT	10	53	Wendepunkt
WESTEUROPA	10	53	Westeuropa
WINTERS	7	53	Winters
WORTLAUT	8	53	Wortlaut
ZUKOMMEN	8	53	zukommen
ZWEIFELHAFT	11	53	zweifelhaft
ABGEGRENZT	10	52	abgegrenzt
ABLOESUNG	9	52	Ablösung
ABSTRAKTE	9	52	abstrakte
ACHTZIGER	9	52	achtziger
ANGEHOERTE	10	52	angehörte
ANKER	5	52	Anker
ANSPIELUNG	10	52	Anspielung
AUFGEFANGEN	11	52	aufgefangen
AUFSTEIGEN	10	52	aufsteigen
BAECKEREI	9	52	Bäckerei
BANGEN	6	52	bangen
BANN	4	52	Bann
BASIERTE	8	52	basierte
BEFALLEN	8	52	befallen
BEFRAGEN	8	52	befragen
BEINAMEN	8	52	Beinamen
BILLIONEN	9	52	Billionen
BINDEND	7	52	bindend
BLANK	5	52	blank
BREISGAU	8	52	Breisgau
BREITEREN	9	52	breiteren
BRIEFMARKEN	11	52	Briefmarken
BUDDHISMUS	10	52	Buddhismus
BUG	3	52	Bug
BUSLINIEN	9	52	Buslinien
CHIEF	5	52	Chief
DAEMPFER	8	52	Dämpfer
DARM	4	52	Darm
DROHENDE	8	52	drohende
EIFERSUCHT	10	52	Eifersucht
EINDEUTIGEN	11	52	eindeutigen
ENTRICHTEN	10	52	entrichten
ERDBODEN	8	52	Erdboden
ERFOLGS	7	52	Erfolgs
ERHITZT	7	52	erhitzt
ERLAUBTEN	9	52	erlaubten
EROTIK	6	52	Erotik
ERSCHAFFEN	10	52	erschaffen
ETWAIGE	7	52	etwaige
FESTAKT	7	52	Festakt
GEILE	5	52	geile
GELENKT	7	52	gelenkt
GENAUERES	9	52	Genaueres
GESAEUMT	8	52	gesäumt
GESCHLAFEN	10	52	geschlafen
GEWISSES	8	52	gewisses
GRABMAL	7	52	Grabmal
GREAT	5	52	Great
GROBEN	6	52	groben
GROESSTES	9	52	größtes
HAERTERE	8	52	härtere
HEMD	4	52	Hemd
HERD	4	52	Herd
HIERAUF	7	52	Hierauf
HOTLINE	7	52	Hotline
IDEALER	7	52	idealer
IMMUNSYSTEM	11	52	Immunsystem
INVOLVIERT	10	52	involviert
JUNIOREN	8	52	Junioren
KAEFIG	6	52	Käfig
KLAERT	6	52	klärt
KLISCHEES	9	52	Klischees
KOLUMBIEN	9	52	Kolumbien
KOMMST	6	52	kommst
KRATER	6	52	Krater
KUEHLE	6	52	kühle
KURDEN	6	52	Kurden
KURZFILM	8	52	Kurzfilm
LEBENSLAUF	10	52	Lebenslauf
LEBENSZEIT	10	52	Lebenszeit
LEGAL	5	52	legal
LOKALER	7	52	lokaler
MAENNLICH	9	52	männlich
MARKANTEN	9	52	markanten
MASKEN	6	52	Masken
MITGEMACHT	10	52	mitgemacht
MODERAT	7	52	moderat
MUENDLICHEN	11	52	mündlichen
NACHFRAGEN	10	52	Nachfragen
NOTIEREN	8	52	notieren
OBDUZIERT	9	52	obduziert
OBERHAUSEN	10	52	Oberhausen
OBHUT	5	52	Obhut
OBIGEN	6	52	obigen
PALAIS	6	52	Palais
PAPSTES	7	52	Papstes
PARKEN	6	52	Parken
PARTEICHEF	10	52	Parteichef
PATER	5	52	Pater
PFARRERS	8	52	Pfarrers
PHILOSOPHEN	11	52	Philosophen
PILGER	6	52	Pilger
PRAEGTEN	8	52	prägten
PREDIGER	8	52	Prediger
PRIVILEG	8	52	Privileg
PSYCHOLOGEN	11	52	Psychologen
PUPPEN	6	52	Puppen
RAGEN	5	52	ragen
RAMPE	5	52	Rampe
RECHNETE	8	52	rechnete
REFERAT	7	52	Referat
REFLEXION	9	52	Reflexion
RESTLOS	7	52	restlos
ROHBAU	6	52	Rohbau
RUSSISCH	8	52	Russisch
SAITEN	6	52	Saiten
SAMSTAGS	8	52	Samstags
SCHENKT	7	52	schenkt
SCHIFFFAHRT	11	52	Schifffahrt
SCHLIMME	8	52	schlimme
SCHLUCHT	8	52	Schlucht
SCHORNSTEIN	11	52	Schornstein
SCHOTTEN	8	52	Schotten
SCHRAUBE	8	52	Schraube
SCHWEBEN	8	52	schweben
SHOWS	5	52	Shows
SICHERTEN	9	52	sicherten
SOHLE	5	52	Sohle
SPATENSTICH	11	52	Spatenstich
SPITZNAME	9	52	Spitzname
SPRACHLICHE	11	52	sprachliche
STABILER	8	52	stabiler
STAMMENDEN	10	52	stammenden
STIPENDIUM	10	52	Stipendium
TEUERSTE	8	52	teuerste
TEUREN	6	52	teuren
TIERARTEN	9	52	Tierarten
TUERMEN	7	52	Türmen
UEBERGRIFFE	11	52	Übergriffe
UMLIEGENDE	10	52	umliegende
UNGEACHTET	10	52	Ungeachtet
UNGUENSTIG	10	52	ungünstig
VERMEHRUNG	10	52	Vermehrung
VERMESSEN	9	52	vermessen
VERMITTLER	10	52	Vermittler
VERNICHTEN	10	52	vernichten
VERPACHTET	10	52	verpachtet
VERSCHENKT	10	52	verschenkt
VERSENDEN	9	52	versenden
VIELFACHES	10	52	Vielfaches
VORHERIGER	10	52	vorheriger
VORSTANDS	9	52	Vorstands
WAECHTER	8	52	Wächter
WAEHRTE	7	52	währte
WAEHRUNGEN	10	52	Währungen
WAESCHE	7	52	Wäsche
WEITRAEUMIG	11	52	weiträumig
WELPEN	6	52	Welpen
WORUM	5	52	Worum
ZUWENDUNG	9	52	Zuwendung
ZWEIGEN	7	52	Zweigen
ABBAUEN	7	51	abbauen
ABENDBLATT	10	51	Abendblatt
ABGESENKT	9	51	abgesenkt
ABSCHIEBUNG	11	51	Abschiebung
AEPFEL	6	51	Äpfel
AKZEPTIERTE	11	51	akzeptierte
AMBULANTE	9	51	ambulante
ANDERN	6	51	andern
ANONYME	7	51	anonyme
APOTHEKEN	9	51	Apotheken
ARCHIVE	7	51	Archive
AUSRICHTER	10	51	Ausrichter
BASILIKA	8	51	Basilika
BAUSTEIN	8	51	Baustein
BECHER	6	51	Becher
BEFLUEGELT	10	51	beflügelt
BEHANDELTE	10	51	behandelte
BEHINDERN	9	51	behindern
BELADEN	7	51	beladen
BELIEFERT	9	51	beliefert
BESCHIMPFT	10	51	beschimpft
BESTEUERUNG	11	51	Besteuerung
BETRAT	6	51	betrat
BLICKWINKEL	11	51	Blickwinkel
BOHRUNGEN	9	51	Bohrungen
COUSIN	6	51	Cousin
DIVISIONEN	10	51	Divisionen
DREIER	6	51	dreier
DURCHZOGEN	10	51	durchzogen
ERNSTE	6	51	ernste
EXAMEN	6	51	Examen
FAMILIAEREN	11	51	familiären
FEIERABEND	10	51	Feierabend
FREMDER	7	51	fremder
FRIEDE	6	51	Friede
FROEHLICHE	10	51	fröhliche
FUEHLTEN	8	51	fühlten
FUSSBODEN	9	51	Fußboden
GARNISON	8	51	Garnison
GASSE	5	51	Gasse
GEDENKTAG	9	51	Gedenktag
GEFAELLIG	9	51	gefällig
GEFIEDER	8	51	Gefieder
GEFOLGE	7	51	Gefolge
GEFREUT	7	51	gefreut
GEGNERS	7	51	Gegners
GEHOBENEN	9	51	gehobenen
GELDGEBER	9	51	Geldgeber
GELEHRT	7	51	gelehrt
GELUNGENER	10	51	gelungener
GEPLUENDERT	11	51	geplündert
GESTRITTEN	10	51	gestritten
GOETTLICHE	10	51	göttliche
GOLDENER	8	51	goldener
GRAFISCHE	9	51	grafische
HALBER	6	51	halber
HANAU	5	51	Hanau
INNEHATTE	9	51	innehatte
KAMPFES	7	51	Kampfes
KARDINAL	8	51	Kardinal
KERZE	5	51	Kerze
KLIENTEN	8	51	Klienten
KNABEN	6	51	Knaben
LAEUFE	6	51	Läufe
LECKER	6	51	lecker
LEITLINIEN	10	51	Leitlinien
LETZTEREM	9	51	letzterem
LEUCHTTURM	10	51	Leuchtturm
MIAMI	5	51	Miami
MOUNT	5	51	Mount
NEID	4	51	Neid
NEUWAHL	7	51	Neuwahl
OBIGE	5	51	obige
ORTSRAND	8	51	Ortsrand
PAESSE	6	51	Pässe
PARTNERIN	9	51	Partnerin
PENSIONEN	9	51	Pensionen
POLNISCHER	10	51	polnischer
PROPHETEN	9	51	Propheten
PRUEFER	7	51	Prüfer
PURE	4	51	pure
RADIOSENDER	11	51	Radiosender
RATLOS	6	51	ratlos
REGTE	5	51	regte
RUECKGRAT	9	51	Rückgrat
RUFNUMMER	9	51	Rufnummer
SAUCE	5	51	Sauce
SCHADENS	8	51	Schadens
SCHALTUNG	9	51	Schaltung
SCHMECKEN	9	51	schmecken
SCHMERZHAFT	11	51	schmerzhaft
SCHUTT	6	51	Schutt
SENATOREN	9	51	Senatoren
SKALA	5	51	Skala
SOGENANNTES	11	51	sogenanntes
SPRENGSTOFF	11	51	Sprengstoff
SPUERE	6	51	spüre
STAMMENDE	9	51	stammende
STEILE	6	51	steile
STEMPEL	7	51	Stempel
SUCHAKTION	10	51	Suchaktion
TAENZE	6	51	Tänze
TAGUNGEN	8	51	Tagungen
TALER	5	51	Taler
TASTE	5	51	Taste
TELEFONIERT	11	51	telefoniert
TOTSCHLAGS	10	51	Totschlags
TRACK	5	51	Track
TRAININGS	9	51	Trainings
TRESOR	6	51	Tresor
TUECKEN	7	51	Tücken
UEBERFAHREN	11	51	überfahren
ULMER	5	51	Ulmer
ULTIMATUM	9	51	Ultimatum
UNRUHIG	7	51	unruhig
UNTERTANEN	10	51	Untertanen
VARIATIONEN	11	51	Variationen
VERDOPPELTE	11	51	verdoppelte
VERGEBENS	9	51	vergebens
VERKEHRS	8	51	Verkehrs
VERLORENE	9	51	verlorene
VERMISSTE	9	51	vermisste
VERTIKALEN	10	51	vertikalen
VERWANDELN	10	51	verwandeln
VOLLENDS	8	51	vollends
WANNE	5	51	Wanne
WASSERFALL	10	51	Wasserfall
WEGFALL	7	51	Wegfall
WEGWEISER	9	51	Wegweiser
WEIBLICH	8	51	weiblich
WOG	3	51	wog
WUEST	5	51	wüst
ZUFLUSS	7	51	Zufluss
ZUNEHMEN	8	51	zunehmen
ZUNEIGUNG	9	51	Zuneigung
ZWECKS	6	51	zwecks
ZWEIGE	6	51	Zweige
ABHOLEN	7	50	abholen
ABSPALTUNG	10	50	Abspaltung
ABWEICHENDE	11	50	abweichende
AERGERLICH	10	50	ärgerlich
AFFEN	5	50	Affen
AKTIENKURSE	11	50	Aktienkurse
AKTIONAEREN	11	50	Aktionären
AMTIERENDEN	11	50	amtierenden
ANGELN	6	50	Angeln
ANGEPEILT	9	50	angepeilt
ANONYMEN	8	50	anonymen
ANSCHAULICH	11	50	anschaulich
ANSPRUECHEN	11	50	Ansprüchen
ANSTRENGUNG	11	50	Anstrengung
ANZIEHEN	8	50	anziehen
ASTRONOMIE	10	50	Astronomie
AUFGEBOT	8	50	Aufgebot
AUFGELADEN	10	50	aufgeladen
AUFPASSEN	9	50	aufpassen
AUFSCHRIFT	10	50	Aufschrift
AUFWERTUNG	10	50	Aufwertung
AUSFINDIG	9	50	ausfindig
AUSTRAGUNG	10	50	Austragung
AUSVERKAUF	10	50	Ausverkauf
BAHNLINIE	9	50	Bahnlinie
BARS	4	50	Bars
BEDEUTSAM	9	50	bedeutsam
BEFRAGTE	8	50	befragte
BEGINNENDEN	11	50	beginnenden
BEIEINANDER	11	50	beieinander
BEMAENGELT	10	50	bemängelt
BEMESSEN	8	50	bemessen
BERGLEUTE	9	50	Bergleute
BESTATTUNG	10	50	Bestattung
BESTEHENS	9	50	Bestehens
BONUS	5	50	Bonus
BOTANISCHEN	11	50	Botanischen
BREITET	7	50	breitet
BUCHMESSE	9	50	Buchmesse
BUSFAHRER	9	50	Busfahrer
DIEBSTAHLS	10	50	Diebstahls
DIENE	5	50	diene
ECHTHEIT	8	50	Echtheit
EFFIZIENT	9	50	effizient
EFFIZIENTE	10	50	effiziente
EHRENAMT	8	50	Ehrenamt
EINBRUECHE	10	50	Einbrüche
ELEGANT	7	50	elegant
ELFTEN	6	50	elften
EMDEN	5	50	Emden
ENGAGIERTEN	11	50	engagierten
EREIGNET	8	50	ereignet
ERLAEUTERTE	11	50	erläuterte
ERMESSEN	8	50	Ermessen
ERWACHSEN	9	50	erwachsen
ERZEUGTEN	9	50	erzeugten
ETLICHEN	8	50	etlichen
FANTASTISCH	11	50	fantastisch
FESTZELT	8	50	Festzelt
FUELLUNG	8	50	Füllung
GASSEN	6	50	Gassen
GEBRANNT	8	50	gebrannt
GEBREMST	8	50	gebremst
GEFORDERTEN	11	50	geforderten
GEFUETTERT	10	50	gefüttert
GEHWEG	6	50	Gehweg
GELEGE	6	50	Gelege
GEMUETLICHE	11	50	gemütliche
GENETISCHEN	11	50	genetischen
GENFER	6	50	Genfer
GERINGSTEN	10	50	geringsten
GESICHERTE	10	50	gesicherte
GESICHERTEN	11	50	gesicherten
HOLLAENDER	10	50	Holländer
INFEKTIONEN	11	50	Infektionen
KAUTION	7	50	Kaution
KEEPER	6	50	Keeper
KICK	4	50	Kick
KNALL	5	50	Knall
KONFESSION	10	50	Konfession
KRAN	4	50	Kran
KRIEGT	6	50	kriegt
KURATORIUM	10	50	Kuratorium
KURFUERSTEN	11	50	Kurfürsten
LAENGEN	7	50	Längen
LAENGEREM	9	50	längerem
LEBENSENDE	10	50	Lebensende
LEHM	4	50	Lehm
LEINE	5	50	Leine
LIEFERZEIT	10	50	Lieferzeit
LIPPE	5	50	Lippe
MANGELNDER	10	50	mangelnder
MUNTER	6	50	munter
NEFFE	5	50	Neffe
NORDSEE	7	50	Nordsee
NOTIERTEN	9	50	notierten
OEKOSTEUER	10	50	Ökosteuer
PANNEN	6	50	Pannen
PODEST	6	50	Podest
PRIMA	5	50	prima
PSYCHISCH	9	50	psychisch
RAUSCH	6	50	Rausch
REGELRECHTE	11	50	regelrechte
RESIGNATION	11	50	Resignation
RUECKWAERTS	11	50	rückwärts
RUTSCHTEN	9	50	rutschten
SAEMTLICHEN	11	50	sämtlichen
SAEURE	6	50	Säure
SATELLIT	8	50	Satellit
SCHEINE	7	50	Scheine
SCHIESSEREI	11	50	Schießerei
SCHMIEDE	8	50	Schmiede
SECHZIGER	9	50	sechziger
SEKT	4	50	Sekt
SEKTIONEN	9	50	Sektionen
SIEGESZUG	9	50	Siegeszug
SPANNENDEN	10	50	spannenden
SPERRTE	7	50	sperrte
SPEZIES	7	50	Spezies
SPIELTAGEN	10	50	Spieltagen
SPORTLICHER	11	50	sportlicher
STADTARCHIV	11	50	Stadtarchiv
STADTRECHT	10	50	Stadtrecht
STADTTEILEN	11	50	Stadtteilen
STATUEN	7	50	Statuen
STROH	5	50	Stroh
STUENDE	7	50	stünde
SUESSE	6	50	süße
SULTAN	6	50	Sultan
TIEFSTE	7	50	tiefste
TRIEBWERKE	10	50	Triebwerke
UEBERDACHT	10	50	überdacht
UMKAEMPFT	9	50	umkämpft
UNANGENEHME	11	50	unangenehme
UNTERRICHTS	11	50	Unterrichts
VERHEEREND	10	50	verheerend
VERHOERT	8	50	verhört
VERSCHLEPPT	11	50	verschleppt
VERWEIS	7	50	Verweis
VOLKSBANK	9	50	Volksbank
VOLLES	6	50	volles
VORFUEHRUNG	11	50	Vorführung
VORORT	6	50	Vorort
VORRAT	6	50	Vorrat
WANDERTEN	9	50	wanderten
WEBSITES	8	50	Websites
WEITEM	6	50	weitem
ABHEBEN	7	49	abheben
ABLEITUNG	9	49	Ableitung
ABSCHAFFEN	10	49	abschaffen
ADDIERT	7	49	addiert
AKUTEN	6	49	akuten
ALGEN	5	49	Algen
ANALOGE	7	49	analoge
ANGEREIST	9	49	angereist
ARIE	4	49	Arie
AUE	3	49	Aue
AUFGEZOGEN	10	49	aufgezogen
AUSBILDEN	9	49	ausbilden
AUSDAUER	8	49	Ausdauer
AUSDRUECKEN	11	49	ausdrücken
BAECHE	6	49	Bäche
BAULICHEN	9	49	baulichen
BEHERBERGTE	11	49	beherbergte
BELEIDIGUNG	11	49	Beleidigung
BESCHOSSEN	10	49	beschossen
BESPRECHUNG	11	49	Besprechung
BESTELLTEN	10	49	bestellten
BEWAFFNUNG	10	49	Bewaffnung
BIETER	6	49	Bieter
BILLIGTE	8	49	billigte
BIT	3	49	Bit
BLICKPUNKT	10	49	Blickpunkt
BLUTDRUCK	9	49	Blutdruck
BOOTEN	6	49	Booten
BRUECHE	7	49	Brüche
BUCHSTABE	9	49	Buchstabe
CLANS	5	49	Clans
DEAKTIVIERT	11	49	deaktiviert
DEFINIERTE	10	49	definierte
DELEGIERTE	10	49	Delegierte
DRINGEN	7	49	dringen
ECKPUNKTE	9	49	Eckpunkte
EDINBURGH	9	49	Edinburgh
EINGEHEND	9	49	eingehend
EINGESPERRT	11	49	eingesperrt
ELEKTRONEN	10	49	Elektronen
EMISSION	8	49	Emission
ENTSPRACHEN	11	49	entsprachen
ENTSTAMMEN	10	49	entstammen
ENTZUENDUNG	11	49	Entzündung
ERGEBE	6	49	ergebe
ERHITZEN	8	49	erhitzen
ERHOBENEN	9	49	erhobenen
ERMORDETEN	10	49	ermordeten
FAHRSTUHL	9	49	Fahrstuhl
FASERN	6	49	Fasern
FESTNEHMEN	10	49	festnehmen
GEGLUECKT	9	49	geglückt
GEJAGT	6	49	gejagt
GELDBEUTEL	10	49	Geldbeutel
GELDPOLITIK	11	49	Geldpolitik
GEMUETER	8	49	Gemüter
GERAETES	8	49	Gerätes
GERUEST	7	49	Gerüst
GEWAEHRTE	9	49	gewährte
GEWISSHEIT	10	49	Gewissheit
GEWONNENE	9	49	gewonnene
GYMNASIEN	9	49	Gymnasien
HAEUSCHEN	9	49	Häuschen
HAITI	5	49	Haiti
HOCHHAUS	8	49	Hochhaus
IRISCHE	7	49	irische
JEDESMAL	8	49	jedesmal
KAMERAMANN	10	49	Kameramann
KAUFMANNS	9	49	Kaufmanns
KERNSTUECK	10	49	Kernstück
KIPPE	5	49	Kippe
KLASSISCHES	11	49	klassisches
KLINGELT	8	49	klingelt
KOPFES	6	49	Kopfes
KREISSTADT	10	49	Kreisstadt
KUNSTHALLE	10	49	Kunsthalle
LATTE	5	49	Latte
LAUERN	6	49	lauern
LIEB	4	49	lieb
LINEAR	6	49	linear
MACHTLOS	8	49	machtlos
MAGAZINS	8	49	Magazins
MANNHEIMER	10	49	Mannheimer
MARGEN	6	49	Margen
MATERIELLE	10	49	materielle
METZGER	7	49	Metzger
MITSAMT	7	49	mitsamt
MODERNSTE	9	49	modernste
MONATELANG	10	49	monatelang
MYTHOLOGIE	10	49	Mythologie
NAMHAFTEN	9	49	namhaften
NISCHEN	7	49	Nischen
OEKOLOGISCH	11	49	ökologisch
OHIO	4	49	Ohio
ORTSLAGE	8	49	Ortslage
PAEDAGOGEN	10	49	Pädagogen
PAERCHEN	8	49	Pärchen
PFEFFER	7	49	Pfeffer
QUALIFYING	10	49	Qualifying
REBOUNDS	8	49	Rebounds
RELEASE	7	49	Release
RELIGIOESER	11	49	religiöser
RUHRGEBIET	10	49	Ruhrgebiet
SACHLICH	8	49	sachlich
SATTEL	6	49	Sattel
SCHNAUZE	8	49	Schnauze
SCHWANGERE	10	49	schwangere
SCHWULE	7	49	Schwule
SINNLOS	7	49	sinnlos
SPANNE	6	49	Spanne
SPORTVEREIN	11	49	Sportverein
SPRENGUNG	9	49	Sprengung
STADIONS	8	49	Stadions
STADTBEZIRK	11	49	Stadtbezirk
STARTER	7	49	Starter
STARTS	6	49	Starts
STUMM	5	49	stumm
TAEUSCHT	8	49	täuscht
TAGESHOCH	9	49	Tageshoch
TENDIERTEN	10	49	tendierten
TITELGEWINN	11	49	Titelgewinn
TOTALEN	7	49	totalen
TRANSPORTER	11	49	Transporter
TUNNELS	7	49	Tunnels
UEBERBAUT	9	49	überbaut
UEBERDECKT	10	49	überdeckt
UEBERLASTET	11	49	überlastet
UNGENUTZT	9	49	ungenutzt
VERERBT	7	49	vererbt
VERKRAFTEN	10	49	verkraften
VERKUERZEN	10	49	verkürzen
VERKUERZUNG	11	49	Verkürzung
VERLETZEN	9	49	verletzen
VERMOEGENS	10	49	Vermögens
VERNETZT	8	49	vernetzt
VERPASSTEN	10	49	verpassten
VERPUTZT	8	49	verputzt
VISUM	5	49	Visum
VOLT	4	49	Volt
WEHRTE	6	49	wehrte
WEIGERT	7	49	weigert
WEITET	6	49	weitet
WOLFSBURGER	11	49	Wolfsburger
WUERZBURGER	11	49	Würzburger
ZEITLEBENS	10	49	zeitlebens
ZEITSPANNE	10	49	Zeitspanne
ZWANZIGER	9	49	zwanziger
ZWEIGT	6	49	zweigt
ABGESEGNET	10	48	abgesegnet
ABLEHNEN	8	48	ablehnen
AGIERTE	7	48	agierte
AKKU	4	48	Akku
ALPTRAUM	8	48	Alptraum
ANDAUERNDEN	11	48	andauernden
ANFORDERUNG	11	48	Anforderung
ANGELEHNT	9	48	angelehnt
ANLIEGER	8	48	Anlieger
APOSTEL	7	48	Apostel
AUFBAUTEN	9	48	Aufbauten
AUFGEHALTEN	11	48	aufgehalten
AUSBILDER	9	48	Ausbilder
AUSDRUCKEN	10	48	ausdrucken
AUSSCHUESSE	11	48	Ausschüsse
AUSTRALIER	10	48	Australier
AUSZUEGE	8	48	Auszüge
BAHNHOEFEN	10	48	Bahnhöfen
BAHNSTEIGE	10	48	Bahnsteige
BEARBEITETE	11	48	bearbeitete
BEGREIFEN	9	48	begreifen
BELEBUNG	8	48	Belebung
BESTENFALLS	11	48	bestenfalls
BEWARB	6	48	bewarb
BRITE	5	48	Brite
DAEMONEN	8	48	Dämonen
DENKENS	7	48	Denkens
DIAMANTEN	9	48	Diamanten
DIENSTZEIT	10	48	Dienstzeit
DOSE	4	48	Dose
DOSEN	5	48	Dosen
DOUBLE	6	48	Double
DRAENGTEN	9	48	drängten
DUERFTIG	8	48	dürftig
EINFACHSTEN	11	48	einfachsten
EINGEFAHREN	11	48	eingefahren
ELEGANZ	7	48	Eleganz
EMOTIONAL	9	48	emotional
ENERGISCH	9	48	energisch
ERHEBLICHES	11	48	erhebliches
ERLEIDET	8	48	erleidet
EROBERTEN	9	48	eroberten
ERSTATTETE	10	48	erstattete
FEINDLICHEN	11	48	feindlichen
FELDZUG	7	48	Feldzug
FELLE	5	48	Felle
FLAIR	5	48	Flair
FLANKE	6	48	Flanke
FREISTOSS	9	48	Freistoß
FRUEHSOMMER	11	48	Frühsommer
GAENGIGE	8	48	gängige
GEFILMT	7	48	gefilmt
GEMAELDEN	9	48	Gemälden
GESCHICK	8	48	Geschick
GESCHLECHTS	11	48	Geschlechts
GESUCHTE	8	48	gesuchte
GLATTEN	7	48	glatten
GLEICHHEIT	10	48	Gleichheit
GOLFPLATZ	9	48	Golfplatz
GRATULIEREN	11	48	gratulieren
GRAVIERENDE	11	48	gravierende
GROSSBANK	9	48	Großbank
GUENSTIGERE	11	48	günstigere
GUETERN	7	48	Gütern
HALLENBAD	9	48	Hallenbad
HAUSARZT	8	48	Hausarzt
HERRLICHEN	10	48	herrlichen
HOEFEN	6	48	Höfen
HOFFTE	6	48	hoffte
HOTELZIMMER	11	48	Hotelzimmer
HUNDES	6	48	Hundes
IMPORT	6	48	Import
INITIATOR	9	48	Initiator
INTERPRETEN	11	48	Interpreten
IRGENDWAS	9	48	Irgendwas
ISST	4	48	isst
JEMANDEN	8	48	jemanden
KANTINE	7	48	Kantine
KASSIERTE	9	48	kassierte
KOMPAKT	7	48	kompakt
KOMPLIZEN	9	48	Komplizen
KONTUREN	8	48	Konturen
KURSWECHSEL	11	48	Kurswechsel
LAGERFEUER	10	48	Lagerfeuer
LAUERT	6	48	lauert
LECK	4	48	Leck
LEHRKRAEFTE	11	48	Lehrkräfte
LEHRLINGE	9	48	Lehrlinge
LEITZINS	8	48	Leitzins
LINKER	6	48	linker
MAEDELS	7	48	Mädels
MARKANT	7	48	markant
METHODIK	8	48	Methodik
MISSIONEN	9	48	Missionen
MITTAGS	7	48	Mittags
MOCHTE	6	48	mochte
MODERATEN	9	48	moderaten
MOTORHAUBE	10	48	Motorhaube
MUENDLICH	9	48	mündlich
NACHHINEIN	10	48	Nachhinein
NACHSEHEN	9	48	Nachsehen
NAMENSGEBER	11	48	Namensgeber
NONNEN	6	48	Nonnen
NOVUM	5	48	Novum
NUTZERN	7	48	Nutzern
OFFIZIEREN	10	48	Offizieren
OSTKUESTE	9	48	Ostküste
PARADE	6	48	Parade
PENIS	5	48	Penis
PERMANENTEN	11	48	permanenten
PILZ	4	48	Pilz
PLANER	6	48	Planer
PLENUM	6	48	Plenum
PREDIGTEN	9	48	Predigten
PROSPEKT	8	48	Prospekt
PROVOZIERT	10	48	provoziert
RABATT	6	48	Rabatt
RADSPORT	8	48	Radsport
RAUB	4	48	Raub
RENOMMIERTE	11	48	renommierte
RESULTIERTE	11	48	resultierte
RINDE	5	48	Rinde
ROSTOCKER	9	48	Rostocker
RUBRIKEN	8	48	Rubriken
RUMAENISCHE	11	48	rumänische
SATZES	6	48	Satzes
SECHZEHN	8	48	sechzehn
SIEBZIGER	9	48	siebziger
SITZEND	7	48	sitzend
SKIZZEN	7	48	Skizzen
SOMMERS	7	48	Sommers
SPEICHERUNG	11	48	Speicherung
SPIELBEGINN	11	48	Spielbeginn
SPONTANE	8	48	spontane
SPOREN	6	48	Sporen
STAEMMEN	8	48	Stämmen
STAENDEN	8	48	Ständen
STATISCHE	9	48	statische
STIFTETE	8	48	stiftete
STILE	5	48	Stile
TAUSCH	6	48	Tausch
TRAUERFEIER	11	48	Trauerfeier
TROCKENHEIT	11	48	Trockenheit
UEBERRAGT	9	48	überragt
UHRZEIT	7	48	Uhrzeit
UMGEZOGEN	9	48	umgezogen
UMZIEHEN	8	48	umziehen
UNGEMEIN	8	48	ungemein
UNGLEICH	8	48	ungleich
VENUS	5	48	Venus
VERABREICHT	11	48	verabreicht
VERSORGER	9	48	Versorger
VORABEND	8	48	Vorabend
VORLETZTE	9	48	vorletzte
WAGTE	5	48	wagte
WERFER	6	48	Werfer
WIKIPEDIA	9	48	Wikipedia
WILDER	6	48	wilder
WITZE	5	48	Witze
WUERDIGUNG	10	48	Würdigung
ZEICHNER	8	48	Zeichner
ZERTIFIKATE	11	48	Zertifikate
ZULAESSIGEN	11	48	zulässigen
ABGEFUEHRT	10	47	abgeführt
ABKUEHLEN	9	47	abkühlen
ABONNIEREN	10	47	abonnieren
ABSETZUNG	9	47	Absetzung
ABSPRACHEN	10	47	Absprachen
ADELS	5	47	Adels
ADLIGEN	7	47	Adligen
AEGYPTER	8	47	Ägypter
AGIERT	6	47	agiert
AKKUS	5	47	Akkus
AKUT	4	47	akut
AMTSINHABER	11	47	Amtsinhaber
ANBERAUMT	9	47	anberaumt
ANFAELLIG	9	47	anfällig
ANGETROFFEN	11	47	angetroffen
ANLEIHE	7	47	Anleihe
AQUARIUM	8	47	Aquarium
AROMA	5	47	Aroma
ATTRIBUTE	9	47	Attribute
AUFHOLJAGD	10	47	Aufholjagd
AUSGIEBIG	9	47	ausgiebig
AUTONOMEN	9	47	autonomen
BALDIGE	7	47	baldige
BAUMBESTAND	11	47	Baumbestand
BEGONNENE	9	47	begonnene
BEIDERSEITS	11	47	beiderseits
BEIHILFE	8	47	Beihilfe
BESTEHENDER	11	47	bestehender
BETRUNKEN	9	47	betrunken
BEUTEL	6	47	Beutel
BLIEBE	6	47	bliebe
BLINDE	6	47	Blinde
BRAEUNLICH	10	47	bräunlich
CHEFIN	6	47	Chefin
CHRONISCHEN	11	47	chronischen
DANKBARKEIT	11	47	Dankbarkeit
DATIEREN	8	47	datieren
DRASTISCHEN	11	47	drastischen
DREHBUECHER	11	47	Drehbücher
DROGE	5	47	Droge
DUBLIN	6	47	Dublin
DURCHLIEF	9	47	durchlief
EINSAME	7	47	einsame
EINSTECKEN	10	47	einstecken
EKLAT	5	47	Eklat
ENTSANDT	8	47	entsandt
ERFAHRENER	10	47	erfahrener
ERLAEUTERN	10	47	erläutern
ERPROBUNG	9	47	Erprobung
ERSCHWEREN	10	47	erschweren
ERSTICKT	8	47	erstickt
EUREM	5	47	eurem
EUROZONE	8	47	Eurozone
FAHRVERBOT	10	47	Fahrverbot
FASSUNGSLOS	11	47	fassungslos
FAVORISIERT	11	47	favorisiert
FEIERLICHEN	11	47	feierlichen
FEINER	6	47	feiner
FIKTIVE	7	47	fiktive
FIKTIVEN	8	47	fiktiven
FINANZIERTE	11	47	finanzierte
FRAME	5	47	Frame
GARDE	5	47	Garde
GEFAHNDET	9	47	gefahndet
GELUNGENEN	10	47	gelungenen
GENERVT	7	47	genervt
GENIE	5	47	Genie
GEREIZT	7	47	gereizt
GERICHTLICH	11	47	gerichtlich
GERMAN	6	47	German
GESAMTWERT	10	47	Gesamtwert
GEWALTSAM	9	47	gewaltsam
GIRLS	5	47	Girls
GLOBUS	6	47	Globus
GRUFT	5	47	Gruft
GRUNDBESITZ	11	47	Grundbesitz
GRUNDFARBE	10	47	Grundfarbe
HASEN	5	47	Hasen
HYGIENE	7	47	Hygiene
IGNORIEREN	10	47	ignorieren
ISLAMISTEN	10	47	Islamisten
JEDERMANN	9	47	jedermann
JUDE	4	47	Jude
KAUFTEN	7	47	kauften
KINDERLOS	9	47	kinderlos
KIPPTE	6	47	kippte
KOMPLETTES	10	47	komplettes
KONSOLE	7	47	Konsole
KORRIGIEREN	11	47	korrigieren
KURSGEBUEHR	11	47	Kursgebühr
LASER	5	47	Laser
LEICHTERE	9	47	leichtere
LICHTBLICK	10	47	Lichtblick
LICHTER	7	47	Lichter
LIMIT	5	47	Limit
MENSA	5	47	Mensa
MIGRANTEN	9	47	Migranten
MITGEFUEHL	10	47	Mitgefühl
MITTEILEN	9	47	mitteilen
MORALISCHEN	11	47	moralischen
NESTER	6	47	Nester
OKTOBERFEST	11	47	Oktoberfest
OPTIMIEREN	10	47	optimieren
OVAL	4	47	oval
PERSONELL	9	47	personell
PERSONELLEN	11	47	personellen
POTENZIELLE	11	47	potenzielle
PUPPE	5	47	Puppe
QUALITATIVE	11	47	qualitative
RADFAHREN	9	47	Radfahren
RADLER	6	47	Radler
RAEUMUNG	8	47	Räumung
RANDALIERER	11	47	Randalierer
RASANTE	7	47	rasante
RELEVANZ	8	47	Relevanz
RISKANT	7	47	riskant
ROMANEN	7	47	Romanen
RUHTE	5	47	ruhte
SCHERBEN	8	47	Scherben
SCHIFFS	7	47	Schiffs
SCHLEIFE	8	47	Schleife
SCHNUR	6	47	Schnur
SCHOENEM	8	47	schönem
SCHOEPFER	9	47	Schöpfer
SCHREIEN	8	47	schreien
SEOUL	5	47	Seoul
SPANNWEITE	10	47	Spannweite
SPITZT	6	47	spitzt
SPRUENGE	8	47	Sprünge
STADTPLAN	9	47	Stadtplan
STATEMENT	9	47	Statement
STRASSENBAU	11	47	Straßenbau
STROEMT	7	47	strömt
TEMPELS	7	47	Tempels
TESTPHASE	9	47	Testphase
TEXTILIEN	9	47	Textilien
THEOLOGEN	9	47	Theologen
TICKET	6	47	Ticket
TRAGENDE	8	47	tragende
TRAUT	5	47	traut
UNIFORMEN	9	47	Uniformen
VERAEUSSERT	11	47	veräußert
VERORDNET	9	47	verordnet
VORAUSWAHL	10	47	Vorauswahl
VORHERSAGE	10	47	Vorhersage
WASSERSTOFF	11	47	Wasserstoff
WEIHER	6	47	Weiher
WELTLICHEN	10	47	weltlichen
WELTMARKT	9	47	Weltmarkt
WERDEGANG	9	47	Werdegang
WUERDIGTE	9	47	würdigte
WURM	4	47	Wurm
ZUECHTER	8	47	Züchter
ABGERIEGELT	11	46	abgeriegelt
ABWEICHEND	10	46	abweichend
ALLEINIGER	10	46	alleiniger
ANFANGSZEIT	11	46	Anfangszeit
ANGEGANGEN	10	46	angegangen
ANGEGEBENE	10	46	angegebene
ANKARA	6	46	Ankara
ANSINNEN	8	46	Ansinnen
ANTENNEN	8	46	Antennen
APPARTEMENT	11	46	Appartement
ARSENAL	7	46	Arsenal
ASIATISCHE	10	46	asiatische
ATLAS	5	46	Atlas
ATTRAKTIVES	11	46	attraktives
AUSBEUTE	8	46	Ausbeute
AUSKOMMEN	9	46	auskommen
AUSTAUSCHEN	11	46	austauschen
BACHES	6	46	Baches
BAUWERKS	8	46	Bauwerks
BEDUERFE	8	46	bedürfe
BEGING	6	46	beging
BEISEITE	8	46	beiseite
BERUFSLEBEN	11	46	Berufsleben
BESCHEINIGT	11	46	bescheinigt
BESITZE	7	46	besitze
BEWIRTUNG	9	46	Bewirtung
BIBLISCHEN	10	46	biblischen
BINDUNGEN	9	46	Bindungen
BISTUMS	7	46	Bistums
BUFFET	6	46	Buffet
CELLE	5	46	Celle
DANZIG	6	46	Danzig
DICKES	6	46	dickes
DUNKLES	7	46	dunkles
EIABLAGE	8	46	Eiablage
EINGANGS	8	46	Eingangs
EINGEORDNET	11	46	eingeordnet
EINHUNDERT	10	46	einhundert
EISZEIT	7	46	Eiszeit
ENGERE	6	46	engere
ENTFALTET	9	46	entfaltet
ERDOEL	6	46	Erdöl
ERKANNTEN	9	46	erkannten
ERKENNE	7	46	erkenne
ERWACHEN	8	46	Erwachen
ESTLAND	7	46	Estland
FUSSWEG	7	46	Fußweg
GARTENS	7	46	Gartens
GEFAELLE	8	46	Gefälle
GEHAENGT	8	46	gehängt
GEHALTENEN	10	46	gehaltenen
GELDERN	7	46	Geldern
GENTECHNIK	10	46	Gentechnik
GEPRESST	8	46	gepresst
GERA	4	46	Gera
GERICHTEN	9	46	Gerichten
GESTOHLENEN	11	46	gestohlenen
GHANA	5	46	Ghana
GUCKT	5	46	guckt
HALTBARKEIT	11	46	Haltbarkeit
HASE	4	46	Hase
HINREICHEND	11	46	hinreichend
HUMANITAERE	11	46	humanitäre
INFIZIERTEN	11	46	infizierten
INTERAKTION	11	46	Interaktion
INVESTIERTE	11	46	investierte
JUDENTUM	8	46	Judentum
JUENGST	7	46	jüngst
KAUFKRAFT	9	46	Kaufkraft
KISTEN	6	46	Kisten
KONVENTION	10	46	Konvention
KREISLIGA	9	46	Kreisliga
KROATEN	7	46	Kroaten
KURZFILME	9	46	Kurzfilme
LANGHAUSES	10	46	Langhauses
LAUTSTAERKE	11	46	Lautstärke
LEHRGAENGE	10	46	Lehrgänge
LINDEN	6	46	Linden
LINKLISTE	9	46	Linkliste
LOESEGELD	9	46	Lösegeld
MALAYSIA	8	46	Malaysia
MALT	4	46	malt
MASSGEBEND	10	46	maßgebend
MILIEU	6	46	Milieu
MITSPIELEN	10	46	mitspielen
MITTELTEIL	10	46	Mittelteil
MODERATOREN	11	46	Moderatoren
MONACO	6	46	Monaco
NACHRUF	7	46	Nachruf
NACHSCHUB	9	46	Nachschub
NERVT	5	46	nervt
NEUGIER	7	46	Neugier
NEUNZIGER	9	46	neunziger
NICHTE	6	46	Nichte
NORDISCHEN	10	46	nordischen
NOTSTAND	8	46	Notstand
NUETZEN	7	46	nützen
ORCHESTERS	10	46	Orchesters
PASSAGIEREN	11	46	Passagieren
PEGEL	5	46	Pegel
PFERDES	7	46	Pferdes
PIPELINE	8	46	Pipeline
PLATZT	6	46	platzt
POLE	4	46	Pole
POLO	4	46	Polo
POSTKARTE	9	46	Postkarte
PUMPEN	6	46	Pumpen
RABATTE	7	46	Rabatte
RASSEN	6	46	Rassen
RAUCHER	7	46	Raucher
RECHNETEN	9	46	rechneten
REFORMIERTE	11	46	reformierte
RITUALE	7	46	Rituale
ROEMERN	7	46	Römern
ROTTERDAM	9	46	Rotterdam
RUECKENWIND	11	46	Rückenwind
RUSSE	5	46	Russe
SATIRE	6	46	Satire
SCHLIMMERES	11	46	Schlimmeres
SCHLOESSER	10	46	Schlösser
SCHLOSSPARK	11	46	Schlosspark
SCHNEIDET	9	46	schneidet
SCHROTT	7	46	Schrott
SCHUBLADE	9	46	Schublade
SCHWAGER	8	46	Schwager
SEGMENTE	8	46	Segmente
SICHERES	8	46	sicheres
SIEGT	5	46	siegt
SLAWISCHEN	10	46	slawischen
SOLCH	5	46	solch
SONDERPREIS	11	46	Sonderpreis
SPEISEKARTE	11	46	Speisekarte
SPEKULIEREN	11	46	spekulieren
SPEYER	6	46	Speyer
SPORADISCH	10	46	sporadisch
STEHEND	7	46	stehend
STEIGUNG	8	46	Steigung
STREITPUNKT	11	46	Streitpunkt
SUKZESSIVE	10	46	sukzessive
SYMPATHIE	9	46	Sympathie
TAUCHTEN	8	46	tauchten
TIEFERE	7	46	tiefere
TORCHANCEN	10	46	Torchancen
TUERE	5	46	Türe
UEBERWIEGEN	11	46	überwiegen
UNDENKBAR	9	46	undenkbar
UNERHEBLICH	11	46	unerheblich
UNGEHEUER	9	46	ungeheuer
UNTERLEGEN	10	46	unterlegen
UNTERSTAND	10	46	unterstand
UNVERSEHRT	10	46	unversehrt
VERBUENDETE	11	46	Verbündete
VERHOER	7	46	Verhör
VERKUENDEN	10	46	verkünden
VERKUERZTE	10	46	verkürzte
VERLESEN	8	46	verlesen
VERNISSAGE	10	46	Vernissage
VERTEUERTE	10	46	verteuerte
VOELKERN	8	46	Völkern
VORWOCHE	8	46	Vorwoche
VORZEITIGE	10	46	vorzeitige
WIEGE	5	46	Wiege
ZAHLTEN	7	46	zahlten
ZELTEN	6	46	Zelten
ZERBRACH	8	46	zerbrach
ZERFALL	7	46	Zerfall
ZUZUORDNEN	10	46	zuzuordnen
ABGEFRAGT	9	45	abgefragt
ABGESCHOBEN	11	45	abgeschoben
ABRUFEN	7	45	abrufen
ABSICHTEN	9	45	Absichten
ABSTRAKTEN	10	45	abstrakten
AENDERTEN	9	45	änderten
AEUSSERUNG	10	45	Äußerung
ALLTAGS	7	45	Alltags
AMTLICH	7	45	amtlich
ANGERICHTET	11	45	angerichtet
ANGEZUENDET	11	45	angezündet
ANREIZE	7	45	Anreize
ANSTRICH	8	45	Anstrich
ANWOHNERN	9	45	Anwohnern
ARRANGIERT	10	45	arrangiert
AUFLOESEN	9	45	auflösen
AUFZUGEBEN	10	45	aufzugeben
AUSLAENDERN	11	45	Ausländern
BALDIGEN	8	45	baldigen
BANDES	6	45	Bandes
BANKROTT	8	45	Bankrott
BASTELN	7	45	basteln
BAUHERREN	9	45	Bauherren
BAUMWOLLE	9	45	Baumwolle
BEFOHLEN	8	45	befohlen
BEIFAHRERIN	11	45	Beifahrerin
BERGAUF	7	45	bergauf
BEWOHNTEN	9	45	bewohnten
BILDENDEN	9	45	bildenden
BLONDINE	8	45	Blondine
BLUTIGEN	8	45	blutigen
BRUCHTEIL	9	45	Bruchteil
CAFETERIA	9	45	Cafeteria
CLAN	4	45	Clan
DANKT	5	45	dankt
DEKLARIERT	10	45	deklariert
DISPOSITION	11	45	Disposition
DUBAI	5	45	Dubai
EINIGTE	7	45	einigte
EISERNEN	8	45	Eisernen
ENTBRANNT	9	45	entbrannt
ENTEIGNUNG	10	45	Enteignung
ENTSPRAECHE	11	45	entspräche
ERDREICH	8	45	Erdreich
ERLOESUNG	9	45	Erlösung
EROTISCHE	9	45	erotische
ERWAERMT	8	45	erwärmt
ERWARBEN	8	45	erwarben
ESEL	4	45	Esel
ESSAY	5	45	Essay
FARMER	6	45	Farmer
FEIERTAG	8	45	Feiertag
FINNEN	6	45	Finnen
FINSTERNIS	10	45	Finsternis
FOCUS	5	45	Focus
FRAGEBOEGEN	11	45	Fragebögen
GEBUENDELT	10	45	gebündelt
GELOGEN	7	45	gelogen
GELTENDE	8	45	geltende
GEOMETRIE	9	45	Geometrie
GERECHTE	8	45	gerechte
GESAMTES	8	45	gesamtes
GEWALTSAMEN	11	45	gewaltsamen
GEWASCHEN	9	45	gewaschen
GEZUENDET	9	45	gezündet
GLAEUBIGE	9	45	Gläubige
GRINSEN	7	45	Grinsen
HAUPTTHEMA	10	45	Hauptthema
HEKTISCH	8	45	hektisch
HORIZONTAL	10	45	horizontal
HUFEN	5	45	Hufen
INSTAND	7	45	instand
IRGENDETWAS	11	45	irgendetwas
KAIRO	5	45	Kairo
KARTON	6	45	Karton
KAUFVERTRAG	11	45	Kaufvertrag
KIOSK	5	45	Kiosk
KIRCHENRAUM	11	45	Kirchenraum
KOMITEES	8	45	Komitees
KOMMUNISMUS	11	45	Kommunismus
KONGRESSES	10	45	Kongresses
KONKURRENT	10	45	Konkurrent
KONSERVATIV	11	45	konservativ
KOPIEREN	8	45	Kopieren
KOSOVO	6	45	Kosovo
KREUZER	7	45	Kreuzer
LEHRERS	7	45	Lehrers
LEITFADEN	9	45	Leitfaden
LIONS	5	45	Lions
MAECHTE	7	45	Mächte
MARKENNAMEN	11	45	Markennamen
MEISTERIN	9	45	Meisterin
MITSCHUELER	11	45	Mitschüler
MUSIKVIDEOS	11	45	Musikvideos
NATIONALES	10	45	nationales
NEIGT	5	45	neigt
OPERN	5	45	Opern
OSMANISCHEN	11	45	osmanischen
PANTHER	7	45	Panther
PATIENTIN	9	45	Patientin
PENDELTE	8	45	pendelte
PROBANDEN	9	45	Probanden
PROZESSOREN	11	45	Prozessoren
RAEUMLICHEN	11	45	räumlichen
REAKTOR	7	45	Reaktor
REGENZEIT	9	45	Regenzeit
RENNSTRECKE	11	45	Rennstrecke
RUTSCHEN	8	45	rutschen
SACKGASSE	9	45	Sackgasse
SCHAERFE	8	45	Schärfe
SCHAERFER	9	45	schärfer
SCHLEIER	8	45	Schleier
SCHLESIEN	9	45	Schlesien
SCHLIEF	7	45	schlief
SCHLITTEN	9	45	Schlitten
SCHWAECHERE	11	45	schwächere
SCHWEINFURT	11	45	Schweinfurt
SECHZIG	7	45	sechzig
SEMINAREN	9	45	Seminaren
SIEDELTE	8	45	siedelte
SOLLTET	7	45	solltet
SPEZIALIST	10	45	Spezialist
STADTKIRCHE	11	45	Stadtkirche
STARTPLATZ	10	45	Startplatz
STRANG	6	45	Strang
STRENGER	8	45	strenger
STUDENTIN	9	45	Studentin
SZENERIE	8	45	Szenerie
TAEUSCHUNG	10	45	Täuschung
TANKSTELLEN	11	45	Tankstellen
TAUSENDEN	9	45	Tausenden
THEKE	5	45	Theke
THEMATISCHE	11	45	thematische
TORSCHUETZE	11	45	Torschütze
TRAGISCHEN	10	45	tragischen
UEBERGAENGE	11	45	Übergänge
UEBERHOLEN	10	45	überholen
UEBERNEHME	10	45	übernehme
UMGANGEN	8	45	umgangen
UNBRAUCHBAR	11	45	unbrauchbar
UNSCHULDIG	10	45	unschuldig
UNSICHTBAR	10	45	unsichtbar
UNWIRKSAM	9	45	unwirksam
URTEILEN	8	45	urteilen
VERBRENNEN	10	45	verbrennen
VERGIFTET	9	45	vergiftet
VERGRIFFEN	10	45	vergriffen
VERLAGERUNG	11	45	Verlagerung
VERMARKTEN	10	45	vermarkten
VERSCHAFFTE	11	45	verschaffte
VERSCHENKEN	11	45	verschenken
VERTRAUTEN	10	45	Vertrauten
VOLKSPARTEI	11	45	Volkspartei
VORBEUGUNG	10	45	Vorbeugung
VORSCHAU	8	45	Vorschau
WEIHE	5	45	Weihe
WELTBILD	8	45	Weltbild
WIRKE	5	45	wirke
WUENSCHTE	9	45	wünschte
WUNDERT	7	45	wundert
ZEITZEUGEN	10	45	Zeitzeugen
ZERSTREUT	9	45	zerstreut
ZUGES	5	45	Zuges
ZUGVERKEHR	10	45	Zugverkehr
ZUHOEREN	8	45	zuhören
ABFOLGE	7	44	Abfolge
ABFRAGE	7	44	Abfrage
ABGEHAKT	8	44	abgehakt
ABLEITEN	8	44	ableiten
ABRUPT	6	44	abrupt
ABSCHLOSS	9	44	abschloss
ABTRANSPORT	11	44	Abtransport
ACKERLAND	9	44	Ackerland
ADVENT	6	44	Advent
AKTIVES	7	44	aktives
ANONYMITAET	11	44	Anonymität
APPLIKATION	11	44	Applikation
ARTGENOSSEN	11	44	Artgenossen
AST	3	44	Ast
AUSLAEUFER	10	44	Ausläufer
AUSWIRKUNG	10	44	Auswirkung
BADISCHEN	9	44	badischen
BALLETT	7	44	Ballett
BAUERNHAUS	10	44	Bauernhaus
BELEIDIGT	9	44	beleidigt
BESCHERTE	9	44	bescherte
BESTICHT	8	44	besticht
BIERGARTEN	10	44	Biergarten
BILLIGEN	8	44	billigen
BLUEHEN	7	44	blühen
BODENS	6	44	Bodens
BOHNEN	6	44	Bohnen
BRAEUCHTEN	10	44	bräuchten
BROSCHUEREN	11	44	Broschüren
BULLEN	6	44	Bullen
CHRONISCHE	10	44	chronische
DEKRET	6	44	Dekret
DREHUNG	7	44	Drehung
DSCHUNGEL	9	44	Dschungel
DUMME	5	44	dumme
EINFAHRT	8	44	Einfahrt
EINGABEN	8	44	Eingaben
EINLAGEN	8	44	Einlagen
EINREISE	8	44	Einreise
ERBRACHTE	9	44	erbrachte
ETIKETT	7	44	Etikett
FAEHIG	6	44	fähig
FINALRUNDE	10	44	Finalrunde
FIX	3	44	fix
FORMELN	7	44	Formeln
FRISTEN	7	44	Fristen
GEDULDET	8	44	geduldet
GEKLEIDET	9	44	gekleidet
GELAECHTER	10	44	Gelächter
GELEHRTE	8	44	Gelehrte
GEMEIN	6	44	gemein
GETRAENK	8	44	Getränk
GETRAENKEN	10	44	Getränken
GIGANTISCHE	11	44	gigantische
GLAENZENDE	10	44	glänzende
GRANIT	6	44	Granit
HAEUFIGEN	9	44	häufigen
HANDTUCH	8	44	Handtuch
HEERES	6	44	Heeres
HELFE	5	44	helfe
HELFERN	7	44	Helfern
HEROIN	6	44	Heroin
HINGELEGT	9	44	hingelegt
HOEFLICH	8	44	höflich
IDYLLE	6	44	Idylle
IMPRESSUM	9	44	Impressum
INNOVATIVEN	11	44	innovativen
INSPIRATION	11	44	Inspiration
JAHRELANGE	10	44	jahrelange
KIRCHSPIEL	10	44	Kirchspiel
KISSEN	6	44	Kissen
KLAENGE	7	44	Klänge
KLAERANLAGE	11	44	Kläranlage
KNOPF	5	44	Knopf
KONSTANTEN	10	44	konstanten
KONVENT	7	44	Konvent
KOSTENPUNKT	11	44	Kostenpunkt
KRIMI	5	44	Krimi
KROATISCHEN	11	44	kroatischen
KUERZEREN	9	44	kürzeren
KUESTEN	7	44	Küsten
LEITENDEN	9	44	leitenden
LICHTS	6	44	Lichts
LYON	4	44	Lyon
MALEREIEN	9	44	Malereien
MANGELHAFT	10	44	mangelhaft
MEISTERN	8	44	meistern
MERKWUERDIG	11	44	merkwürdig
MINISTERRAT	11	44	Ministerrat
MISSHANDELT	11	44	misshandelt
MISSLANG	8	44	misslang
MITGEWIRKT	10	44	mitgewirkt
MUENDEN	7	44	münden
NAEHERN	7	44	nähern
NARREN	6	44	Narren
NEBENHER	8	44	Nebenher
NEUHEITEN	9	44	Neuheiten
NEUSS	5	44	Neuss
NEUTRALE	8	44	neutrale
NOTEBOOKS	9	44	Notebooks
OBERHAUPT	9	44	Oberhaupt
OEFTEREN	8	44	Öfteren
ORDNUNGSAMT	11	44	Ordnungsamt
PARTYS	6	44	Partys
PHAENOMENE	10	44	Phänomene
PLATT	5	44	platt
PLATZIERTE	10	44	platzierte
PORZELLAN	9	44	Porzellan
PROBEZEIT	9	44	Probezeit
PUTZ	4	44	Putz
RAEDERN	7	44	Rädern
RASANTEN	8	44	rasanten
RAUMFAHRT	9	44	Raumfahrt
RAZZIA	6	44	Razzia
REICHSBAHN	10	44	Reichsbahn
RELEVANT	8	44	relevant
REUE	4	44	Reue
REVOLTE	7	44	Revolte
RHEINISCHEN	11	44	Rheinischen
RHETORIK	8	44	Rhetorik
RICHTFEST	9	44	Richtfest
RIECHEN	7	44	riechen
RISSEN	6	44	rissen
ROTATION	8	44	Rotation
RUECKSPIELE	11	44	Rückspiele
SCHAERFERE	10	44	schärfere
SCHOTTISCHE	11	44	schottische
SCHRECKT	8	44	schreckt
SCHULISCHEN	11	44	schulischen
SIEBTER	7	44	Siebter
SLALOM	6	44	Slalom
SOFIA	5	44	Sofia
SOLARZELLEN	11	44	Solarzellen
SPRUNGHAFT	10	44	sprunghaft
STADE	5	44	Stade
STAMME	6	44	stamme
STATIONAERE	11	44	stationäre
STIEFEL	7	44	Stiefel
STILISTISCH	11	44	stilistisch
STOLZE	6	44	stolze
STRAFBAR	8	44	strafbar
STREITS	7	44	Streits
STROMNETZ	9	44	Stromnetz
TRUEMMER	8	44	Trümmer
UEBERDACHTE	11	44	überdachte
UEBERWINDET	11	44	überwindet
UKRAINISCHE	11	44	ukrainische
UMRAHMT	7	44	umrahmt
UNENDLICHE	10	44	unendliche
UNZAEHLIGEN	11	44	unzähligen
VERFILMT	8	44	verfilmt
VERKLEIDUNG	11	44	Verkleidung
VERSCHLEISS	11	44	Verschleiß
VERSETZTE	9	44	versetzte
VERZERRT	8	44	verzerrt
VOLLZIEHT	9	44	vollzieht
VORLIEGT	8	44	vorliegt
VORNEHMEN	9	44	vornehmen
WACHSENDER	10	44	wachsender
WEIDE	5	44	Weide
WERKTAGS	8	44	werktags
WERTETE	7	44	wertete
WINTERTHUR	10	44	Winterthur
WOELFE	6	44	Wölfe
WOERTERN	8	44	Wörtern
ZIVILDIENST	11	44	Zivildienst
ZUGESPITZT	10	44	zugespitzt
ABGEWENDET	10	43	abgewendet
ABWEICHEN	9	43	abweichen
AEGYPTISCHE	11	43	ägyptische
ALLEINGANG	10	43	Alleingang
ANDENKEN	8	43	Andenken
ANGEHEN	7	43	angehen
ANGEPFIFFEN	11	43	angepfiffen
ANSAETZEN	9	43	Ansätzen
ANTIBIOTIKA	11	43	Antibiotika
ARBEITSTAG	10	43	Arbeitstag
ATMUNG	6	43	Atmung
AUFKLAEREN	10	43	aufklären
AUFRUHR	7	43	Aufruhr
AUFSUCHEN	9	43	aufsuchen
AUFWAENDIGE	11	43	aufwändige
AUSNUTZEN	9	43	ausnutzen
BAEDER	6	43	Bäder
BEFOERDERN	10	43	befördern
BEGABUNG	8	43	Begabung
BEISETZUNG	10	43	Beisetzung
BEKENNEN	8	43	bekennen
BEMERKEN	8	43	bemerken
BEREINIGTE	10	43	bereinigte
BERGAB	6	43	bergab
BESORGNIS	9	43	Besorgnis
BEWIES	6	43	bewies
BEWUSSTE	8	43	bewusste
BIEGT	5	43	biegt
BLOED	5	43	blöd
CASTING	7	43	Casting
CHRIST	6	43	Christ
DETROIT	7	43	Detroit
DIABETES	8	43	Diabetes
DIAET	5	43	Diät
DORFPLATZ	9	43	Dorfplatz
DOSIERUNG	9	43	Dosierung
DURCHFAHRT	10	43	Durchfahrt
DURCHSUCHEN	11	43	durchsuchen
EID	3	43	Eid
EINKLANG	8	43	Einklang
EINSCHNITT	10	43	Einschnitt
EINSTEIGER	10	43	Einsteiger
EINZELNES	9	43	einzelnes
EISERNE	7	43	eiserne
ENORMES	7	43	enormes
ENTE	4	43	Ente
ENTSCHEIDE	10	43	entscheide
ERINNERE	8	43	erinnere
ERLISCHT	8	43	erlischt
ERWEISEN	8	43	erweisen
ETHNISCHE	9	43	ethnische
EVALUATION	10	43	Evaluation
EVENTS	6	43	Events
FANG	4	43	Fang
FASCHISMUS	10	43	Faschismus
FERNSEHENS	10	43	Fernsehens
FINNE	5	43	Finne
FLAMME	6	43	Flamme
FLIESSENDEN	11	43	fließenden
FOKUSSIERT	10	43	fokussiert
FOSSILIEN	9	43	Fossilien
FRACHT	6	43	Fracht
FUEGEN	6	43	fügen
FUERCHTETE	10	43	fürchtete
FUGEN	5	43	Fugen
GEBILDE	7	43	Gebilde
GEBRAUCHTE	10	43	gebrauchte
GEFLOSSEN	9	43	geflossen
GELAENDER	9	43	Geländer
GEMISCH	7	43	Gemisch
GEOEFFNETEN	11	43	geöffneten
GEOPFERT	8	43	geopfert
GEORGIA	7	43	Georgia
GERUNDET	8	43	gerundet
GESTIEGENE	10	43	gestiegene
GESUCHTEN	9	43	gesuchten
GEWALTTATEN	11	43	Gewalttaten
GROESSEREM	10	43	größerem
HACKER	6	43	Hacker
HALTET	6	43	haltet
HEIRATETEN	10	43	heirateten
HIESIGEN	8	43	hiesigen
HUNGRIG	7	43	hungrig
INFORMATIV	10	43	informativ
INFRAGE	7	43	infrage
IREN	4	43	Iren
JEHER	5	43	jeher
JURASTUDIUM	11	43	Jurastudium
KAMPAGNEN	9	43	Kampagnen
KICKER	6	43	Kicker
KINN	4	43	Kinn
KOLLAPS	7	43	Kollaps
KOLLEKTION	10	43	Kollektion
KOLLEKTIVE	10	43	kollektive
KREUZEN	7	43	kreuzen
KRYPTA	6	43	Krypta
LANDHAUS	8	43	Landhaus
LANDTAGES	9	43	Landtages
LEBENSWEG	9	43	Lebensweg
LESERN	6	43	Lesern
LIQUIDATOR	10	43	Liquidator
LUFTFAHRT	9	43	Luftfahrt
LUSTIGE	7	43	lustige
MAGIER	6	43	Magier
MAGISCHEN	9	43	magischen
MANUELLE	8	43	manuelle
MANUSKRIPTE	11	43	Manuskripte
MEGAWATT	8	43	Megawatt
MELBOURNE	9	43	Melbourne
MENSCHLICH	10	43	menschlich
MERKMALEN	9	43	Merkmalen
MINIMIEREN	10	43	minimieren
MUSKULATUR	10	43	Muskulatur
NACHNAMEN	9	43	Nachnamen
NEUNKIRCHEN	11	43	Neunkirchen
NORMALITAET	11	43	Normalität
OBGLEICH	8	43	Obgleich
OHNMACHT	8	43	Ohnmacht
ORTHODOXEN	10	43	orthodoxen
PASSE	5	43	passe
PASSION	7	43	Passion
PIANO	5	43	Piano
PLATZEN	7	43	platzen
POSTHUM	7	43	posthum
PROSA	5	43	Prosa
PUTSCH	6	43	Putsch
PUTZEN	6	43	putzen
REIZT	5	43	reizt
RELATION	8	43	Relation
RENNT	5	43	rennt
RESSORTS	8	43	Ressorts
RESULTIEREN	11	43	resultieren
ROHSTOFFEN	10	43	Rohstoffen
RUEHREN	7	43	rühren
SANFTE	6	43	sanfte
SATTELDACH	10	43	Satteldach
SAUBERKEIT	10	43	Sauberkeit
SCHAFFE	7	43	schaffe
SCHEU	5	43	scheu
SCHIER	6	43	schier
SCHNITTEN	9	43	schnitten
SCHUESSEL	9	43	Schüssel
SCHWEREM	8	43	schwerem
SCHWIMMER	9	43	Schwimmer
SELBSTHILFE	11	43	Selbsthilfe
SEXUELL	7	43	sexuell
SEXUELLER	9	43	sexueller
SKELETT	7	43	Skelett
SONDERLICH	10	43	sonderlich
SPANDAU	7	43	Spandau
SPARPAKET	9	43	Sparpaket
SPORTWAGEN	10	43	Sportwagen
STADTRAND	9	43	Stadtrand
STEUERLICHE	11	43	steuerliche
STICHTAG	8	43	Stichtag
STOEBERN	8	43	Stöbern
STUERMT	7	43	stürmt
SUBJEKTIVE	10	43	subjektive
TABLETTEN	9	43	Tabletten
TATZEIT	7	43	Tatzeit
TERRITORIEN	11	43	Territorien
THERAPEUTEN	11	43	Therapeuten
TOECHTERN	9	43	Töchtern
TURIN	5	43	Turin
ULTIMATIVE	10	43	ultimative
UMFASSENDER	11	43	umfassender
UNGLUECKS	9	43	Unglücks
VERABREDET	10	43	verabredet
VERDRAENGEN	11	43	verdrängen
VEREINBAR	9	43	vereinbar
VEREINZELTE	11	43	vereinzelte
VERFILMUNG	10	43	Verfilmung
VERGEHT	7	43	vergeht
VERLAUFE	8	43	verlaufe
VERLAUTETE	10	43	verlautete
VERLOBTEN	9	43	Verlobten
VERLOSEN	8	43	verlosen
VERSTOSSE	9	43	verstoße
VERZEHR	7	43	Verzehr
VIELSEITIGE	11	43	vielseitige
VIOLETT	7	43	violett
VOGELGRIPPE	11	43	Vogelgrippe
VOLLVERSION	11	43	Vollversion
VORMITTAGS	10	43	Vormittags
WELTRAUM	8	43	Weltraum
WERFTEN	7	43	Werften
WIRKUNGSLOS	11	43	wirkungslos
WISSE	5	43	wisse
YACHT	5	43	Yacht
ZEITRAHMEN	10	43	Zeitrahmen
ZUFLUCHT	8	43	Zuflucht
ZUWENDUNGEN	11	43	Zuwendungen
ZWEIERLEI	9	43	zweierlei
ABDECKUNG	9	42	Abdeckung
ABGEFLACHT	10	42	abgeflacht
ABLAUFEN	8	42	ablaufen
ABSTRICHE	9	42	Abstriche
ADLIGE	6	42	Adlige
ANGEWANDTE	10	42	angewandte
AUFSCHREI	9	42	Aufschrei
AUFZUHALTEN	11	42	aufzuhalten
AUSPRAEGUNG	11	42	Ausprägung
AUSZEIT	7	42	Auszeit
BAENKE	6	42	Bänke
BAUFORM	7	42	Bauform
BEGRAEBNIS	10	42	Begräbnis
BEKOMMST	8	42	bekommst
BEREICHERT	10	42	bereichert
BESCHERT	8	42	beschert
BESCHWERT	9	42	beschwert
BEWAEHRTEN	10	42	bewährten
BEWERBERN	9	42	Bewerbern
BEWUSSTLOS	10	42	bewusstlos
BRENNER	7	42	Brenner
BRUETEN	7	42	brüten
BUBEN	5	42	Buben
BURGENLAND	10	42	Burgenland
BUSLINIE	8	42	Buslinie
COMPUTERN	9	42	Computern
DAMPFER	7	42	Dampfer
DELIKTE	7	42	Delikte
DENKMALS	8	42	Denkmals
EINGESPEIST	11	42	eingespeist
EINHOLEN	8	42	einholen
EINJAEHRIGE	11	42	einjährige
EINMARSCH	9	42	Einmarsch
EINWAND	7	42	Einwand
ENDSPURT	8	42	Endspurt
ENTERPRISE	10	42	Enterprise
ENTKAM	6	42	entkam
ENTZUG	6	42	Entzug
ERFRAGT	7	42	erfragt
ERFUELLTEN	10	42	erfüllten
ERGEHT	6	42	ergeht
ERHOFFTEN	9	42	erhofften
ERMAESSIGT	10	42	ermäßigt
ERNSTFALL	9	42	Ernstfall
ERNTEN	6	42	Ernten
ERSATZTEILE	11	42	Ersatzteile
FAHNDER	7	42	Fahnder
FARCE	5	42	Farce
FATAL	5	42	fatal
FERIENHAUS	10	42	Ferienhaus
FETTE	5	42	Fette
FLAGGEN	7	42	Flaggen
FLEXIBLEN	9	42	flexiblen
FLOHMARKT	9	42	Flohmarkt
GEBETE	6	42	Gebete
GEDRUCKTE	9	42	gedruckte
GEFASSTE	8	42	gefasste
GEISTLICHER	11	42	Geistlicher
GEKOCHT	7	42	gekocht
GELDBUSSE	9	42	Geldbuße
GENUEGTE	8	42	genügte
GESCHADET	9	42	geschadet
GESTEINE	8	42	Gesteine
GESTEN	6	42	Gesten
GESUNDER	8	42	gesunder
GEWICHTE	8	42	Gewichte
GOTHA	5	42	Gotha
HEIMLICHE	9	42	heimliche
HEIMWEG	7	42	Heimweg
HIRN	4	42	Hirn
HISBOLLAH	9	42	Hisbollah
HOERNER	7	42	Hörner
HOFFENHEIM	10	42	Hoffenheim
INDER	5	42	Inder
KAISERIN	8	42	Kaiserin
KAVALLERIE	10	42	Kavallerie
KIEW	4	42	Kiew
KOLBEN	6	42	Kolben
KOLLIDIERTE	11	42	kollidierte
KOMPLETTER	10	42	kompletter
KONDITION	9	42	Kondition
KOOPERIERT	10	42	kooperiert
KOSTENLOSER	11	42	kostenloser
KULTURELLER	11	42	kultureller
KUPPLUNG	8	42	Kupplung
LAENDLICHE	10	42	ländliche
LAUFZEITEN	10	42	Laufzeiten
LEGENDAERE	10	42	legendäre
LEHRPLAN	8	42	Lehrplan
LEITENDE	8	42	leitende
LENKER	6	42	Lenker
LETZTMALS	9	42	letztmals
LIEBLING	8	42	Liebling
LUDWIGSBURG	11	42	Ludwigsburg
LUFTANGRIFF	11	42	Luftangriff
MAEUSE	6	42	Mäuse
MEDIALE	7	42	mediale
MEISSEN	7	42	Meißen
MEMBRAN	7	42	Membran
MINIMALE	8	42	minimale
MIST	4	42	Mist
MOEGLICHES	10	42	mögliches
NACHGESAGT	10	42	nachgesagt
NEONAZIS	8	42	Neonazis
NEUERLICHE	10	42	neuerliche
NORDWAND	8	42	Nordwand
ORTSMITTE	9	42	Ortsmitte
PERSONALS	9	42	Personals
PEUGEOT	7	42	Peugeot
PHYSIKER	8	42	Physiker
PLACE	5	42	Place
PLOETZLICHE	11	42	plötzliche
PORTALE	7	42	Portale
PRAEPARATE	10	42	Präparate
PRAKTIKEN	9	42	Praktiken
PRAKTISCHER	11	42	praktischer
PRIMAERE	8	42	primäre
PROBIERT	8	42	probiert
PROTAGONIST	11	42	Protagonist
PROVOZIEREN	11	42	provozieren
PROZESSOR	9	42	Prozessor
RAENGEN	7	42	Rängen
RAETE	5	42	Räte
RECHTER	7	42	rechter
REGIERENDEN	11	42	regierenden
REGISSEURIN	11	42	Regisseurin
REGULAER	8	42	regulär
ROEHREN	7	42	Röhren
SCHIEFLAGE	10	42	Schieflage
SCHIRM	6	42	Schirm
SEELEUTE	8	42	Seeleute
SEKTE	5	42	Sekte
SELTSAMEN	9	42	seltsamen
SENKTE	6	42	senkte
SOLIDEN	7	42	soliden
SONNENLICHT	11	42	Sonnenlicht
SPINNEN	7	42	Spinnen
SPRENGEN	8	42	sprengen
STARREN	7	42	starren
STATIONAER	10	42	stationär
STICHT	6	42	sticht
STILLER	7	42	stiller
STRALSUND	9	42	Stralsund
STRIKTE	7	42	strikte
STROPHEN	8	42	Strophen
STUECKS	7	42	Stücks
SYMBOLIK	8	42	Symbolik
SYMMETRISCH	11	42	symmetrisch
TALSOHLE	8	42	Talsohle
TANKS	5	42	Tanks
TERRASSEN	9	42	Terrassen
TISCHEN	7	42	Tischen
TOMATEN	7	42	Tomaten
TOMBOLA	7	42	Tombola
TOPIX	5	42	Topix
TRACKS	6	42	Tracks
TRAUUNG	7	42	Trauung
TRIEBE	6	42	Triebe
TUERKISCHER	11	42	türkischer
UEBRIGES	8	42	Übriges
UMGERUESTET	11	42	umgerüstet
UNABDINGBAR	11	42	unabdingbar
UNGEHEURE	9	42	ungeheure
UNTERSTEN	9	42	untersten
UNTERSTRICH	11	42	unterstrich
URUGUAY	7	42	Uruguay
VAMPIRE	7	42	Vampire
VERBRANNTEN	11	42	verbrannten
VEREINBARTE	11	42	vereinbarte
VERKLAGT	8	42	verklagt
VERLAGES	8	42	Verlages
VERLAGS	7	42	Verlags
VERSIEGELT	10	42	versiegelt
VERSORGTE	9	42	versorgte
VERTRAUTE	9	42	vertraute
VERWERTUNG	10	42	Verwertung
VERWOEHNT	9	42	verwöhnt
VERZWEIGT	9	42	verzweigt
WACHT	5	42	wacht
WASSERKRAFT	11	42	Wasserkraft
WEGGELASSEN	11	42	weggelassen
WELTLICHE	9	42	weltliche
WESTENS	7	42	Westens
WETTLAUF	8	42	Wettlauf
WITTENBERG	10	42	Wittenberg
ZOEGERLICH	10	42	zögerlich
ZUFLUESSE	9	42	Zuflüsse
ABDECKEN	8	41	abdecken
ABGEBRANNT	10	41	abgebrannt
ABMAHNUNG	9	41	Abmahnung
ABWASSER	8	41	Abwasser
ADRESSBUCH	10	41	Adressbuch
AKUSTISCHE	10	41	akustische
ALBANIEN	8	41	Albanien
ANERKENNEN	10	41	anerkennen
ANGEBOTENE	10	41	angebotene
ANGEFUEGT	9	41	angefügt
ANKAUF	6	41	Ankauf
ANRUFE	6	41	Anrufe
ANZUPASSEN	10	41	anzupassen
ARHEILGEN	9	41	Arheilgen
ASYL	4	41	Asyl
AUSSCHLAG	9	41	Ausschlag
AUSWAERTS	9	41	auswärts
AUSZUGEHEN	10	41	auszugehen
AUTHENTISCH	11	41	authentisch
AUTOHAUS	8	41	Autohaus
AUTOMOBILE	10	41	Automobile
BAUSTEINE	9	41	Bausteine
BEDRAENGNIS	11	41	Bedrängnis
BEGEHBAR	8	41	begehbar
BEHEIZT	7	41	beheizt
BEKENNT	7	41	bekennt
BELAUFE	7	41	belaufe
BEREINIGT	9	41	bereinigt
BETRIEBENE	10	41	betriebene
BEWALDETEN	10	41	bewaldeten
BEWEGLICHEN	11	41	beweglichen
BLAUEM	6	41	blauem
BLICKFELD	9	41	Blickfeld
BOESES	6	41	böses
BUNDESRATES	11	41	Bundesrates
BUNTER	6	41	bunter
CHEMIKALIEN	11	41	Chemikalien
DACHBODEN	9	41	Dachboden
DASEIN	6	41	Dasein
DEFINIERTEN	11	41	definierten
DEKORIERT	9	41	dekoriert
DERJENIGE	9	41	derjenige
DETAILLIERT	11	41	detailliert
DISKUTIERTE	11	41	diskutierte
DOMAENE	7	41	Domäne
DRANGEN	7	41	drangen
DRINGENDEN	10	41	dringenden
DUESTERE	8	41	düstere
EDELMETALL	10	41	Edelmetall
EDLE	4	41	edle
EICHEN	6	41	Eichen
EINBERUFUNG	11	41	Einberufung
EINSETZTE	9	41	einsetzte
ENTSPANNTE	10	41	entspannte
EPIDEMIE	8	41	Epidemie
ERFREUTE	8	41	erfreute
ERNEUERTE	9	41	erneuerte
ERROR	5	41	error
ERSTEM	6	41	erstem
FAELSCHUNG	10	41	Fälschung
FALTEN	6	41	Falten
FAUNA	5	41	Fauna
FESTPLATTEN	11	41	Festplatten
FINALEN	7	41	finalen
FLEXIBLER	9	41	flexibler
FLOP	4	41	Flop
FOREN	5	41	Foren
FORMIERTE	9	41	formierte
GABS	4	41	gabs
GANGSTER	8	41	Gangster
GEAENDERTEN	11	41	geänderten
GEDRAENGE	9	41	Gedränge
GEDRUCKTEN	10	41	gedruckten
GEHANDHABT	10	41	gehandhabt
GEHORSAM	8	41	Gehorsam
GEMIEDEN	8	41	gemieden
GEOLOGISCHE	11	41	geologische
GESCHAUT	8	41	geschaut
GLEICHSAM	9	41	gleichsam
GROSSTEILS	10	41	großteils
GRUENEM	7	41	grünem
GRUNDRECHTE	11	41	Grundrechte
GUTHABEN	8	41	Guthaben
HANDELSTAG	10	41	Handelstag
HERBEI	6	41	herbei
HEXEN	5	41	Hexen
HINTERACHSE	11	41	Hinterachse
HINTERLAND	10	41	Hinterland
HIRTEN	6	41	Hirten
INTELLIGENT	11	41	intelligent
INTERFACE	9	41	Interface
KALTER	6	41	kalter
KELCH	5	41	Kelch
KEMPTEN	7	41	Kempten
KENIA	5	41	Kenia
KNACKPUNKT	10	41	Knackpunkt
KNUEPFT	7	41	knüpft
KOKAIN	6	41	Kokain
KOMMANDOS	9	41	Kommandos
KONFLIKTS	9	41	Konflikts
KREML	5	41	Kreml
KUEKEN	6	41	Küken
LABYRINTH	9	41	Labyrinth
LEBHAFT	7	41	lebhaft
LEGION	6	41	Legion
LENKT	5	41	lenkt
LENKTE	6	41	lenkte
LIGASPIELEN	11	41	Ligaspielen
LOCKERER	8	41	lockerer
LOCKTE	6	41	lockte
LOYALITAET	10	41	Loyalität
MAGNETFELD	10	41	Magnetfeld
MANCHERORTS	11	41	mancherorts
MBYTE	5	41	MByte
MELDE	5	41	melde
MITSTREITER	11	41	Mitstreiter
MODELS	6	41	Models
MOOS	4	41	Moos
MOTIVIEREN	10	41	motivieren
MUEDIGKEIT	10	41	Müdigkeit
MULDE	5	41	Mulde
MUSLIMISCHE	11	41	muslimische
NADELN	6	41	Nadeln
NAHTLOS	7	41	nahtlos
NEUARTIGE	9	41	neuartige
NEUBEGINN	9	41	Neubeginn
OFFENEM	7	41	offenem
PHILIPPINEN	11	41	Philippinen
PILLE	5	41	Pille
PIONIER	7	41	Pionier
PORTUGIESEN	11	41	Portugiesen
PROFITIERE	10	41	profitiere
PROTEINE	8	41	Proteine
RANNTE	6	41	rannte
RENNFAHRER	10	41	Rennfahrer
RHEINISCHE	10	41	Rheinische
RISKIEREN	9	41	riskieren
RITTERGUT	9	41	Rittergut
RUTSCHT	7	41	rutscht
SCHIRMHERR	10	41	Schirmherr
SCHRUMPFEN	10	41	schrumpfen
SCHULISCHE	10	41	schulische
SCHWINDET	9	41	schwindet
SEKTOREN	8	41	Sektoren
SELEKTION	9	41	Selektion
SLOGAN	6	41	Slogan
STADTRAETE	10	41	Stadträte
STAENGEL	8	41	Stängel
STEHLEN	7	41	stehlen
STIFTER	7	41	Stifter
STRAENDE	8	41	Strände
STREICHT	8	41	streicht
STUENDLICH	10	41	stündlich
STUETZTE	8	41	stützte
SUBJEKT	7	41	Subjekt
SWISS	5	41	Swiss
TAGTE	5	41	tagte
TALSPERRE	9	41	Talsperre
TATWAFFE	8	41	Tatwaffe
TAUBEN	6	41	Tauben
TENDIERTE	9	41	tendierte
TERMINALS	9	41	Terminals
TESTET	6	41	testet
THERAPIEN	9	41	Therapien
THERMOMETER	11	41	Thermometer
TIEFES	6	41	tiefes
TIERPARK	8	41	Tierpark
TRANK	5	41	trank
TREFFENS	8	41	Treffens
TRILOGIE	8	41	Trilogie
UEBERGIBT	9	41	übergibt
UMSTEIGEN	9	41	umsteigen
URTEILS	7	41	Urteils
VARIATION	9	41	Variation
VERANKERUNG	11	41	Verankerung
VERB	4	41	Verb
VERBEN	6	41	Verben
VERLANGSAMT	11	41	verlangsamt
VERNEINT	8	41	verneint
VERSPERRT	9	41	versperrt
VERSPIELT	9	41	verspielt
VERSTOESST	10	41	verstößt
VILLEN	6	41	Villen
VISUELLE	8	41	visuelle
VORFREUDE	9	41	Vorfreude
VORLAUF	7	41	Vorlauf
WACHSTUMS	9	41	Wachstums
WERDENDEN	9	41	werdenden
WOHNWAGEN	9	41	Wohnwagen
ZAHLENWERK	10	41	Zahlenwerk
ZAHLLOSE	8	41	zahllose
ZAPFEN	6	41	Zapfen
ZAUBERER	8	41	Zauberer
ZEHNTAUSEND	11	41	zehntausend
ZIFFER	6	41	Ziffer
ZUGESICHERT	11	41	zugesichert
ZUORDNEN	8	41	zuordnen
ZWEISTELLIG	11	41	zweistellig
ABFINDUNG	9	40	Abfindung
ABGEKUERZT	10	40	abgekürzt
ABONNENTEN	10	40	Abonnenten
ABSPIELEN	9	40	Abspielen
ACH	3	40	Ach
ACHTZEHN	8	40	achtzehn
ADELIGEN	8	40	Adeligen
AERZTLICHER	11	40	ärztlicher
ALLERGIEN	9	40	Allergien
ANGRIFFS	8	40	Angriffs
ANLAESSE	8	40	Anlässe
ANNIMMT	7	40	annimmt
ANWENDEN	8	40	anwenden
ANWESENS	8	40	Anwesens
ARG	3	40	arg
ATOMKRAFT	9	40	Atomkraft
AUGES	5	40	Auges
AUSSCHALTEN	11	40	ausschalten
BAHNVERKEHR	11	40	Bahnverkehr
BANKNOTEN	9	40	Banknoten
BEDENKLICH	10	40	bedenklich
BEGRUESSE	9	40	begrüße
BERNSTEIN	9	40	Bernstein
BESIEDELUNG	11	40	Besiedelung
BESTSELLER	10	40	Bestseller
BEWOHNTE	8	40	bewohnte
BILANZSUMME	11	40	Bilanzsumme
BILDNIS	7	40	Bildnis
BLUME	5	40	Blume
BROETCHEN	9	40	Brötchen
BROWSERS	8	40	Browsers
BRUEHL	6	40	Brühl
BRUTALE	7	40	brutale
BUEHNENBILD	11	40	Bühnenbild
BUENDEL	7	40	Bündel
BUERGERHAUS	11	40	Bürgerhaus
CHRONOLOGIE	11	40	Chronologie
COOLE	5	40	coole
DELTA	5	40	Delta
DERARTIGER	10	40	derartiger
DIENSTAGS	9	40	dienstags
DIPLOMATIE	10	40	Diplomatie
DORN	4	40	Dorn
DRITTENS	8	40	Drittens
EINHELLIG	9	40	einhellig
ENGSTEN	7	40	engsten
EXKLUSIVE	9	40	exklusive
FEIERTAGE	9	40	Feiertage
FESTIGKEIT	10	40	Festigkeit
FLACHER	7	40	flacher
FLUGBETRIEB	11	40	Flugbetrieb
FRAGMENT	8	40	Fragment
FRIEDLICHEN	11	40	friedlichen
FRUCHTBAREN	11	40	fruchtbaren
GABEL	5	40	Gabel
GEBT	4	40	Gebt
GEBUEHRT	8	40	gebührt
GEEIGNETES	10	40	geeignetes
GEGENSTUECK	11	40	Gegenstück
GEHEILT	7	40	geheilt
GESTAPO	7	40	Gestapo
GESTRIGE	8	40	gestrige
GLASGOW	7	40	Glasgow
GLUECKSFALL	11	40	Glücksfall
GRAFISCHEN	10	40	grafischen
GRENZWERT	9	40	Grenzwert
GRUESST	7	40	grüßt
HAEUFEN	7	40	häufen
HAWAII	6	40	Hawaii
HEILIGER	8	40	Heiliger
HORROR	6	40	Horror
ILLUSIONEN	10	40	Illusionen
INNERER	7	40	innerer
KAPITELN	8	40	Kapiteln
KEYBOARD	8	40	Keyboard
KIPPEN	6	40	kippen
KLOPFEN	7	40	Klopfen
KNAST	5	40	Knast
KOMPAKTE	8	40	kompakte
KONZESSION	10	40	Konzession
KOSTE	5	40	koste
KRACH	5	40	Krach
KRAFTWERKE	10	40	Kraftwerke
KRALLEN	7	40	Krallen
KRANZ	5	40	Kranz
LANDESWEITE	11	40	landesweite
LASTER	6	40	Laster
LEISTE	6	40	Leiste
LEITBILD	8	40	Leitbild
LIGASPIELE	10	40	Ligaspiele
LIMA	4	40	Lima
LISTET	6	40	listet
MEISTERS	8	40	Meisters
MEISTERWERK	11	40	Meisterwerk
MITSCHULD	9	40	Mitschuld
MITWIRKEN	9	40	mitwirken
MOBILISIERT	11	40	mobilisiert
MODERIERTE	10	40	moderierte
MONOPOL	7	40	Monopol
NEBENKOSTEN	11	40	Nebenkosten
NETTEN	6	40	netten
NEUERLICHEN	11	40	neuerlichen
PAZIFIK	7	40	Pazifik
PERSISCHEN	10	40	persischen
PFORTE	6	40	Pforte
PHILOSOPH	9	40	Philosoph
PLAEDIEREN	10	40	plädieren
POTENTIELLE	11	40	potentielle
REGER	5	40	reger
RELIGIOES	9	40	religiös
REPORTAGE	9	40	Reportage
RESERVIEREN	11	40	reservieren
REVANCHE	8	40	Revanche
RIGA	4	40	Riga
RINGS	5	40	Rings
RITT	4	40	Ritt
ROTBRAUN	8	40	rotbraun
RUCK	4	40	Ruck
RUESTUNG	8	40	Rüstung
RUINIERT	8	40	ruiniert
SAMMELTEN	9	40	sammelten
SCHADSTOFFE	11	40	Schadstoffe
SCHAEDLICH	10	40	schädlich
SCHALKER	8	40	Schalker
SCHARFER	8	40	scharfer
SCHAUTEN	8	40	schauten
SCHICKTEN	9	40	schickten
SCHLESWIG	9	40	Schleswig
SCHRANKEN	9	40	Schranken
SCHULSYSTEM	11	40	Schulsystem
SCHWAEBISCH	11	40	Schwäbisch
SESSEL	6	40	Sessel
SILBERNER	9	40	silberner
SKEPTIKER	9	40	Skeptiker
SONNIGEN	8	40	sonnigen
SOUNDS	6	40	Sounds
SPIELWEISE	10	40	Spielweise
SPRITZE	7	40	Spritze
SPURLOS	7	40	spurlos
STALLUNGEN	10	40	Stallungen
STEIF	5	40	steif
STERBLICHEN	11	40	sterblichen
STUDIENZEIT	11	40	Studienzeit
SYMPATHISCH	11	40	sympathisch
TAELER	6	40	Täler
TAGESABLAUF	11	40	Tagesablauf
TAPFER	6	40	tapfer
TELEFONE	8	40	Telefone
TRANSPORTE	10	40	Transporte
TROMMELN	8	40	Trommeln
TURBINE	7	40	Turbine
UMGIBT	6	40	umgibt
UNTERBINDEN	11	40	unterbinden
VAKUUM	6	40	Vakuum
VERDICHTUNG	11	40	Verdichtung
VERFAELLT	9	40	verfällt
VERMUTETEN	10	40	vermuteten
VERZEHRT	8	40	verzehrt
VIOLINE	7	40	Violine
VORBESTRAFT	11	40	vorbestraft
WAEHLBAR	8	40	wählbar
WANDLUNG	8	40	Wandlung
WARENKORB	9	40	Warenkorb
WEINGUT	7	40	Weingut
WENDETE	7	40	wendete
WERTET	6	40	wertet
WESER	5	40	Weser
WIDERSTANDS	11	40	Widerstands
WILDNIS	7	40	Wildnis
WINZER	6	40	Winzer
WIRKENDE	8	40	wirkende
WOCHENLANG	10	40	wochenlang
WRESTLING	9	40	Wrestling
WUNDERN	7	40	wundern
ZEITGEIST	9	40	Zeitgeist
ZUCKT	5	40	zuckt
ZUFRIEDENE	10	40	zufriedene
ZUGREIFEN	9	40	zugreifen
ZWOELFTEN	9	40	zwölften
ABSCHWUNG	9	39	Abschwung
AFRIKANER	9	39	Afrikaner
ALGERIEN	8	39	Algerien
ALSBALD	7	39	alsbald
ALTENHEIM	9	39	Altenheim
AMATEURE	8	39	Amateure
AMOKLAUF	8	39	Amoklauf
AMTIERENDE	10	39	amtierende
ANALOGEN	8	39	analogen
ANREIZ	6	39	Anreiz
ANSPRECHEND	11	39	ansprechend
APPARAT	7	39	Apparat
ARISTOTELES	11	39	Aristoteles
ASTRONAUTEN	11	39	Astronauten
AUFSTEHEN	9	39	Aufstehen
AUSGEBEN	8	39	ausgeben
AUSGEWOGENE	11	39	ausgewogene
BASISPUNKTE	11	39	Basispunkte
BAUHOF	6	39	Bauhof
BAUMES	6	39	Baumes
BAUTEIL	7	39	Bauteil
BEDINGTEN	9	39	bedingten
BEDROHTEN	9	39	bedrohten
BEGINNEND	9	39	beginnend
BELEBEN	7	39	beleben
BESIEDELTEN	11	39	besiedelten
BETAETIGEN	10	39	betätigen
BETREFFEND	10	39	betreffend
BEZUSCHUSST	11	39	bezuschusst
BLUTIGE	7	39	blutige
BRONZEZEIT	10	39	Bronzezeit
BUCHUNGEN	9	39	Buchungen
CAESAR	6	39	Caesar
CHEFARZT	8	39	Chefarzt
CHIRURGIE	9	39	Chirurgie
COMPUTERS	9	39	Computers
DARBIETUNG	10	39	Darbietung
DEBAKEL	7	39	Debakel
DEZENTRALE	10	39	dezentrale
DISTRIKTS	9	39	Distrikts
DOMAINS	7	39	Domains
DRAMATIK	8	39	Dramatik
DREHTEN	7	39	drehten
DREHZAHL	8	39	Drehzahl
DUERRE	6	39	Dürre
EIGNUNG	7	39	Eignung
EMIGRATION	10	39	Emigration
ENTSENDEN	9	39	entsenden
ERFASSTE	8	39	erfasste
ERFREULICHE	11	39	erfreuliche
ERFUHREN	8	39	erfuhren
ERHOEHTER	9	39	erhöhter
ERMAESSIGTE	11	39	ermäßigte
ERNSTHAFTEN	11	39	ernsthaften
EROSION	7	39	Erosion
ERSTMALIG	9	39	erstmalig
ERTOENT	7	39	ertönt
EXPO	4	39	Expo
EXTRAS	6	39	Extras
FACHGEBIET	10	39	Fachgebiet
FACHLEUTEN	10	39	Fachleuten
FACHWERK	8	39	Fachwerk
FALSCHER	8	39	falscher
FARBIG	6	39	farbig
FARBLICH	8	39	farblich
FASSUNGEN	9	39	Fassungen
FILMES	6	39	Filmes
FINANZLAGE	10	39	Finanzlage
FINANZTITEL	11	39	Finanztitel
FINGEN	6	39	fingen
FORCIERT	8	39	forciert
FUENFZIGER	10	39	fünfziger
FUNDEN	6	39	Funden
FUNKE	5	39	Funke
GAESTEHAUS	10	39	Gästehaus
GEDEIHT	7	39	gedeiht
GEFAESS	7	39	Gefäß
GEHEIMER	8	39	geheimer
GELADENEN	9	39	geladenen
GEMEISTERT	10	39	gemeistert
GENAUEREN	9	39	genaueren
GENEHMIGEN	10	39	genehmigen
GEPASST	7	39	gepasst
GEPFLASTERT	11	39	gepflastert
GEPFLEGTE	9	39	gepflegte
GEPRAEGTE	9	39	geprägte
GEPROBT	7	39	geprobt
GESCHICKTE	10	39	geschickte
GESCHWIEGEN	11	39	geschwiegen
GESELLEN	8	39	Gesellen
GESIEGT	7	39	gesiegt
GESONDERTEN	11	39	gesonderten
GIPFELS	7	39	Gipfels
GRILLEN	7	39	Grillen
HAEFTLINGEN	11	39	Häftlingen
HARMONISCH	10	39	harmonisch
HELLBLAU	8	39	hellblau
HELLBRAUN	9	39	hellbraun
HUEFTE	6	39	Hüfte
HYMNE	5	39	Hymne
INSTANZEN	9	39	Instanzen
KALIBER	7	39	Kaliber
KALK	4	39	Kalk
KANTONEN	8	39	Kantonen
KASTELL	7	39	Kastell
KEHRTWENDE	10	39	Kehrtwende
KNUEPFEN	8	39	knüpfen
KOERNER	7	39	Körner
KONTAKTEN	9	39	Kontakten
KRUG	4	39	Krug
KURFUERST	9	39	Kurfürst
LAMELLEN	8	39	Lamellen
LEGISLATIVE	11	39	Legislative
LEISER	6	39	leiser
LERNTEN	7	39	lernten
LINSE	5	39	Linse
LOBTEN	6	39	lobten
MAHLZEIT	8	39	Mahlzeit
MARBURGER	9	39	Marburger
MASSAGE	7	39	Massage
MESSWERTE	9	39	Messwerte
MITGEFUEHRT	11	39	mitgeführt
NADEL	5	39	Nadel
NARBE	5	39	Narbe
NARBEN	6	39	Narben
OBERLAUF	8	39	Oberlauf
OBERSCHICHT	11	39	Oberschicht
OBERSCHULE	10	39	Oberschule
ORGELN	6	39	Orgeln
ORTHODOXE	9	39	orthodoxe
PAARWEISE	9	39	paarweise
PALAESTINA	10	39	Palästina
PANORAMA	8	39	Panorama
PHILOLOGIE	10	39	Philologie
PHYSISCHEN	10	39	physischen
PLATZTE	7	39	platzte
POPULAEREN	10	39	populären
POSEN	5	39	Posen
POSTER	6	39	Poster
PRAECHTIGE	10	39	prächtige
PREISWERT	9	39	preiswert
PROFILE	7	39	Profile
RAENDER	7	39	Ränder
RELATIVEN	9	39	relativen
RELEGATION	10	39	Relegation
RESTEN	6	39	Resten
RIEGEL	6	39	Riegel
RUMAENEN	8	39	Rumänen
SAEUGLING	9	39	Säugling
SAISONSTART	11	39	Saisonstart
SCHAUER	7	39	Schauer
SCHEISSE	8	39	Scheiße
SCHLANKEN	9	39	schlanken
SCHLIESSE	9	39	schließe
SCHNITTE	8	39	Schnitte
SCHOEPFEN	9	39	schöpfen
SCHRAENKE	9	39	Schränke
SCHWAERMEN	10	39	Schwärmen
SCHWAN	6	39	Schwan
SEELSORGE	9	39	Seelsorge
SENSOR	6	39	Sensor
SINNVOLLER	10	39	sinnvoller
SITTEN	6	39	Sitten
SIZILIEN	8	39	Sizilien
SOKRATES	8	39	Sokrates
SOLLST	6	39	sollst
SPEICHERT	9	39	speichert
STAETTEN	8	39	Stätten
STAGNIERTE	10	39	stagnierte
STARRE	6	39	starre
STATISCHEN	10	39	statischen
SYMBOLEN	8	39	Symbolen
TAEUSCHEN	9	39	täuschen
TARNUNG	7	39	Tarnung
TEICHE	6	39	Teiche
TOURTE	6	39	tourte
TRAUBEN	7	39	Trauben
TRETE	5	39	trete
UEBERREDET	10	39	überredet
UEBERSPANNT	11	39	überspannt
UEBERSTEHEN	11	39	überstehen
UMRUESTUNG	10	39	Umrüstung
UNBEHAGEN	9	39	Unbehagen
UNTERBRACH	10	39	unterbrach
UNTERNIMMT	10	39	unternimmt
UNTERWELT	9	39	Unterwelt
VERGANGENER	11	39	vergangener
VERHEERENDE	11	39	verheerende
VERLOSUNG	9	39	Verlosung
VERMEIDET	9	39	vermeidet
VERMELDET	9	39	vermeldet
VERRIET	7	39	verriet
VERSCHULDET	11	39	verschuldet
VERWUNDETEN	11	39	Verwundeten
VOGELARTEN	10	39	Vogelarten
VORBEUGEN	9	39	vorbeugen
VORHERSAGEN	11	39	Vorhersagen
VORQUARTAL	10	39	Vorquartal
WAHLLOKALE	10	39	Wahllokale
WALDRAND	8	39	Waldrand
WALDSTUECK	10	39	Waldstück
WETTERLAGE	10	39	Wetterlage
WIDERSTEHEN	11	39	widerstehen
WILLOW	6	39	Willow
WIRKENDEN	9	39	wirkenden
WIRTSHAUS	9	39	Wirtshaus
WOHLHABENDE	11	39	wohlhabende
WUERDIGEN	9	39	würdigen
WUNDERBAREN	11	39	wunderbaren
ZERSTRITTEN	11	39	zerstritten
ZIEGEL	6	39	Ziegel
ZOOS	4	39	Zoos
ZUBEREITUNG	11	39	Zubereitung
ZUGESETZT	9	39	zugesetzt
ZUGESTANDEN	11	39	zugestanden
ZUSCHAUEN	9	39	zuschauen
AALEN	5	38	Aalen
ABBILD	6	38	Abbild
ABENDE	6	38	Abende
ABHALTEN	8	38	abhalten
ABSCHLUESSE	11	38	Abschlüsse
ADAPTER	7	38	Adapter
ADMIRAL	7	38	Admiral
AEUSSERES	9	38	Äußeres
AEUSSERSTE	10	38	äußerste
ALTEM	5	38	altem
ANGENEHMES	10	38	angenehmes
ANGESCHAUT	10	38	angeschaut
ANGESTOSSEN	11	38	angestoßen
ANKOMMT	7	38	ankommt
ANSTEHENDE	10	38	anstehende
ANZUBIETEN	10	38	anzubieten
ANZUSEHEN	9	38	anzusehen
ARCHIVEN	8	38	Archiven
ARCHIVIERT	10	38	archiviert
ARMEEN	6	38	Armeen
ATHLET	6	38	Athlet
AUFFINDEN	9	38	Auffinden
AUFRUFEN	8	38	aufrufen
AUFTRAEGEN	10	38	Aufträgen
AUSBEZAHLT	10	38	ausbezahlt
AUSGETRETEN	11	38	ausgetreten
AUSREICHEN	10	38	ausreichen
BASIEREND	9	38	basierend
BASSISTEN	9	38	Bassisten
BAUTZEN	7	38	Bautzen
BEDAUERT	8	38	bedauert
BEDROHLICH	10	38	bedrohlich
BEEREN	6	38	Beeren
BEHANDELTEN	11	38	behandelten
BEISST	6	38	beißt
BEIWAGEN	8	38	Beiwagen
BEREUT	6	38	bereut
BERGISCHEN	10	38	Bergischen
BETREUTEN	9	38	betreuten
BETRIEBENEN	11	38	betriebenen
BETTWAESCHE	11	38	Bettwäsche
BEWEGLICH	9	38	beweglich
BEWUNDERT	9	38	bewundert
BEWUNDERUNG	11	38	Bewunderung
BLINDEN	7	38	blinden
BREAK	5	38	Break
BUCHHANDEL	10	38	Buchhandel
CONTROLLER	10	38	Controller
DACHREITER	10	38	Dachreiter
DAHINGEHEND	11	38	dahingehend
DEMONTAGE	9	38	Demontage
DIDAKTISCHE	11	38	didaktische
DIEBESGUT	9	38	Diebesgut
DISKRETION	10	38	Diskretion
DISTANZIERT	11	38	distanziert
DRAMATURGIE	11	38	Dramaturgie
DRUECKTEN	9	38	drückten
DUISBURGER	10	38	Duisburger
DURCHQUERT	10	38	durchquert
EHELEUTE	8	38	Eheleute
EHEMALIGES	10	38	ehemaliges
EIFRIG	6	38	eifrig
EINGEFASST	10	38	eingefasst
EINGELOEST	10	38	eingelöst
EINLEITEN	9	38	einleiten
ELTERLICHEN	11	38	elterlichen
ENTFALTUNG	10	38	Entfaltung
ENTFUEHREN	10	38	entführen
ERARBEITUNG	11	38	Erarbeitung
ERBEUTET	8	38	erbeutet
ERSCHLIESST	11	38	erschließt
ERWACHSENER	11	38	Erwachsener
ESTNISCHEN	10	38	estnischen
ETABLIERUNG	11	38	Etablierung
EXAKTEN	7	38	exakten
EXZELLENTE	10	38	exzellente
FACHWISSEN	10	38	Fachwissen
FACTO	5	38	facto
FEINDEN	7	38	Feinden
FESTUNGEN	9	38	Festungen
FIND	4	38	find
FRIEDBERG	9	38	Friedberg
FUEHRENDER	10	38	führender
FUERTH	6	38	Fürth
FUNDIERTE	9	38	fundierte
GASE	4	38	Gase
GEBILDETE	9	38	gebildete
GEBUESCH	8	38	Gebüsch
GEERNTET	8	38	geerntet
GEFAELSCHT	10	38	gefälscht
GEFESTIGT	9	38	gefestigt
GEFEUERT	8	38	gefeuert
GEGENTOR	8	38	Gegentor
GEGLAUBT	8	38	geglaubt
GEIGE	5	38	Geige
GEKIPPT	7	38	gekippt
GELUNGENES	10	38	gelungenes
GENAEHT	7	38	genäht
GEORDERT	8	38	geordert
GESAMTRANG	10	38	Gesamtrang
GESCHULDET	10	38	geschuldet
GESTELLTEN	10	38	gestellten
GESTREUT	8	38	gestreut
GEZUECHTET	10	38	gezüchtet
GIFTIG	6	38	giftig
GIPS	4	38	Gips
GLIEDMASSEN	11	38	Gliedmaßen
GOETTERN	8	38	Göttern
GRABKAMMER	10	38	Grabkammer
GRAVIEREND	10	38	gravierend
GRIECHISCH	10	38	Griechisch
HAFENS	6	38	Hafens
HAUPTROLLEN	11	38	Hauptrollen
HAUPTZIEL	9	38	Hauptziel
HAUSEN	6	38	Hausen
HAUSMEISTER	11	38	Hausmeister
HOCHZEITEN	10	38	Hochzeiten
HUEGELN	7	38	Hügeln
HYPOTHESE	9	38	Hypothese
INNERES	7	38	Inneres
IRAKER	6	38	Iraker
IRREN	5	38	irren
JOINT	5	38	Joint
KAUFHAUS	8	38	Kaufhaus
KINDESALTER	11	38	Kindesalter
KLUFT	5	38	Kluft
KOMPETENT	9	38	kompetent
KONSOLEN	8	38	Konsolen
KUERZEL	7	38	Kürzel
KURZSCHLUSS	11	38	Kurzschluss
KUTSCHE	7	38	Kutsche
LEGENDAEREN	11	38	legendären
LEHRERINNEN	11	38	Lehrerinnen
LEIDE	5	38	leide
LINEARE	7	38	lineare
LITAUEN	7	38	Litauen
MANGA	5	38	Manga
MEHREN	6	38	mehren
MEHRFACHER	10	38	mehrfacher
MESSBAR	7	38	messbar
MITMENSCHEN	11	38	Mitmenschen
MOSCHEEN	8	38	Moscheen
MUSIZIEREN	10	38	Musizieren
MUSLIMEN	8	38	Muslimen
NEBENSACHE	10	38	Nebensache
NUTZE	5	38	nutze
OERTLICH	8	38	örtlich
ORIENT	6	38	Orient
OSMANEN	7	38	Osmanen
PENTAGON	8	38	Pentagon
PERFEKTES	9	38	perfektes
PFEILE	6	38	Pfeile
PFLEGER	7	38	Pfleger
POMMERN	7	38	Pommern
POSTKARTEN	10	38	Postkarten
PRAEGUNG	8	38	Prägung
PRAKTIKA	8	38	Praktika
PREISNIVEAU	11	38	Preisniveau
PROFIT	6	38	Profit
QUARTALS	8	38	Quartals
QUITTUNG	8	38	Quittung
RASCHER	7	38	rascher
RATING	6	38	Rating
RAUMSTATION	11	38	Raumstation
REGENWASSER	11	38	Regenwasser
REGIERENDE	10	38	regierende
REGISSEURE	10	38	Regisseure
REIBUNG	7	38	Reibung
REISEBUERO	10	38	Reisebüro
REPORTAGEN	10	38	Reportagen
REVIDIERT	9	38	revidiert
REZENSION	9	38	Rezension
RUHR	4	38	Ruhr
SAALE	5	38	Saale
SANDSTRAND	10	38	Sandstrand
SANFTEN	7	38	sanften
SCHAF	5	38	Schaf
SCHAFFENS	9	38	Schaffens
SCHERE	6	38	Schere
SCHIEDEN	8	38	schieden
SCHILDERTE	10	38	schilderte
SCHLANKE	8	38	schlanke
SCHLECHTERE	11	38	schlechtere
SCHRIE	6	38	schrie
SCHWAMM	7	38	schwamm
SCHWARZWALD	11	38	Schwarzwald
SCHWERINER	10	38	Schweriner
SCHWINDEL	9	38	Schwindel
SEATTLE	7	38	Seattle
SEELISCHE	9	38	seelische
SIEBZEHN	8	38	siebzehn
SIEDLERN	8	38	Siedlern
SPULE	5	38	Spule
STADTMUSEUM	11	38	Stadtmuseum
STADTWAPPEN	11	38	Stadtwappen
STAMMTISCH	10	38	Stammtisch
STANDESAMT	10	38	Standesamt
STARRTE	7	38	starrte
STRAHLTE	8	38	strahlte
TAUFSTEIN	9	38	Taufstein
TAXIS	5	38	Taxis
TEILNAHM	8	38	teilnahm
TENOR	5	38	Tenor
TIEFEREN	8	38	tieferen
TOURISTISCH	11	38	touristisch
TOWNSHIP	8	38	Township
TRUMPF	6	38	Trumpf
UEBERSETZTE	11	38	übersetzte
UMBAUEN	7	38	umbauen
UMFASSTEN	9	38	umfassten
UMKEHR	6	38	Umkehr
UNTERMAUERT	11	38	untermauert
VERGLEICHT	10	38	vergleicht
VERMEHREN	9	38	vermehren
VERSANDT	8	38	versandt
VERSTOSSES	10	38	Verstoßes
VERTEUERT	9	38	verteuert
VERWERTET	9	38	verwertet
VOLKSFEST	9	38	Volksfest
VORKOMMT	8	38	vorkommt
WAGGONS	7	38	Waggons
WEITERGEBEN	11	38	weitergeben
WELTBANK	8	38	Weltbank
ZLOTY	5	38	Zloty
ZUSTELLUNG	10	38	Zustellung
ZWICKAU	7	38	Zwickau
ABBIEGEN	8	37	abbiegen
ABGEFAHREN	10	37	abgefahren
ABGELEGENEN	11	37	abgelegenen
ABLEGER	7	37	Ableger
AKQUISITION	11	37	Akquisition
ALBTRAUM	8	37	Albtraum
ALGORITHMUS	11	37	Algorithmus
ANDRE	5	37	Andre
ANEKDOTEN	9	37	Anekdoten
ANERKANNTER	11	37	anerkannter
ANFALLENDE	10	37	anfallende
ASSISTENTIN	11	37	Assistentin
AUFGEROLLT	10	37	aufgerollt
AUFRAEUMEN	10	37	Aufräumen
AUFZAEHLUNG	11	37	Aufzählung
AURICH	6	37	Aurich
AUSZIEHEN	9	37	ausziehen
BARRIERE	8	37	Barriere
BAUE	4	37	baue
BEFREITE	8	37	befreite
BEFRUCHTUNG	11	37	Befruchtung
BEGLICHEN	9	37	beglichen
BEHUTSAM	8	37	behutsam
BEKROENT	8	37	bekrönt
BELEGUNG	8	37	Belegung
BESTELLER	9	37	Besteller
BETRIEBS	8	37	Betriebs
BEWILLIGUNG	11	37	Bewilligung
BEZAHLTEN	9	37	bezahlten
BLECH	5	37	Blech
BOESCHUNG	9	37	Böschung
BOLIVIEN	8	37	Bolivien
BREITETE	8	37	breitete
BRENNSTOFF	10	37	Brennstoff
BRIEFKASTEN	11	37	Briefkasten
BROECKELT	9	37	bröckelt
BRUTALEN	8	37	brutalen
COMMANDER	9	37	Commander
DACHAU	6	37	Dachau
DAEMMERUNG	10	37	Dämmerung
DANKEND	7	37	dankend
DEZENT	6	37	dezent
DICHTERS	8	37	Dichters
DIGITALER	9	37	digitaler
DISCOUNTER	10	37	Discounter
DISKETTE	8	37	Diskette
DIVIDENDEN	10	37	Dividenden
DORFSTRASSE	11	37	Dorfstraße
DRITTELN	8	37	Dritteln
DRUECKE	7	37	Drücke
EFFEKTIVEN	10	37	effektiven
EHRGEIZIG	9	37	ehrgeizig
EIGENTOR	8	37	Eigentor
EINSTURZ	8	37	Einsturz
EINZUNEHMEN	11	37	einzunehmen
ENDES	5	37	Endes
ENDSTATION	10	37	Endstation
ENORMER	7	37	enormer
ENTSPANNEN	10	37	entspannen
ENTZOG	6	37	entzog
ERARBEITETE	11	37	erarbeitete
ERBAUER	7	37	Erbauer
EVANGELIUM	10	37	Evangelium
EXEKUTIVE	9	37	Exekutive
FACHLICHEN	10	37	fachlichen
FEATURE	7	37	Feature
FIELD	5	37	Field
FIKTION	7	37	Fiktion
FINAL	5	37	Final
FLIEGENDEN	10	37	fliegenden
FLYER	5	37	Flyer
FREIBERG	8	37	Freiberg
FRISUR	6	37	Frisur
FRONTAL	7	37	frontal
FRUEHESTE	9	37	früheste
FUNDSTELLE	10	37	Fundstelle
GEBURTSJAHR	11	37	Geburtsjahr
GEDAEMPFT	9	37	gedämpft
GEHOFFT	7	37	gehofft
GEKUEHLT	8	37	gekühlt
GENERAELE	9	37	Generäle
GENERATOR	9	37	Generator
GENUA	5	37	Genua
GEOLOGIE	8	37	Geologie
GEPARKT	7	37	geparkt
GEPFLEGTEN	10	37	gepflegten
GESPRAECHS	10	37	Gesprächs
GESTELLTE	9	37	gestellte
GESTREIFT	9	37	gestreift
GEWORBEN	8	37	geworben
GLAENZT	7	37	glänzt
GLIED	5	37	Glied
GREIFBAR	8	37	greifbar
GRENZGEBIET	11	37	Grenzgebiet
GUETERWAGEN	11	37	Güterwagen
GUTSCHEIN	9	37	Gutschein
HEIMATORT	9	37	Heimatort
HERRSCHTEN	10	37	herrschten
HERZOGTUMS	10	37	Herzogtums
INSPEKTOR	9	37	Inspektor
IRONISCH	8	37	ironisch
ISOLIERUNG	10	37	Isolierung
JEGLICHEN	9	37	jeglichen
KANSAS	6	37	Kansas
KARTELLAMT	10	37	Kartellamt
KATALOGE	8	37	Kataloge
KERNENERGIE	11	37	Kernenergie
KINDERWAGEN	11	37	Kinderwagen
KINOFILM	8	37	Kinofilm
KIRCHHOF	8	37	Kirchhof
KLARTEXT	8	37	Klartext
KLATSCHEN	9	37	klatschen
KOLONISTEN	10	37	Kolonisten
KOMPATIBEL	10	37	kompatibel
KOSTENLOSES	11	37	kostenloses
KREATIV	7	37	kreativ
KREFELD	7	37	Krefeld
KREUZE	6	37	Kreuze
LABORIERT	9	37	laboriert
LAEUTEN	7	37	läuten
LAGERHALLE	10	37	Lagerhalle
LAMM	4	37	Lamm
LANDSHUT	8	37	Landshut
LEBEND	6	37	lebend
LECKERE	7	37	leckere
LEITENDER	9	37	leitender
LETTLAND	8	37	Lettland
LEUCHTENDE	10	37	leuchtende
LIEGEND	7	37	liegend
MAGNA	5	37	Magna
MAUERRESTE	10	37	Mauerreste
MEMOIREN	8	37	Memoiren
MENTALE	7	37	mentale
MILIZEN	7	37	Milizen
MISSACHTET	10	37	missachtet
NAECHTLICHE	11	37	nächtliche
NETTO	5	37	Netto
NEUSTEN	7	37	neusten
NIEDRIGEM	9	37	niedrigem
NINTENDO	8	37	Nintendo
NUTZFLAECHE	11	37	Nutzfläche
OFFENBARUNG	11	37	Offenbarung
ORDER	5	37	Order
ORTSGRUPPE	10	37	Ortsgruppe
OSTDEUTSCHE	11	37	ostdeutsche
OSTENS	6	37	Ostens
OSTPREUSSEN	11	37	Ostpreußen
PALASTES	8	37	Palastes
PLAUSIBEL	9	37	plausibel
POKALSIEGER	11	37	Pokalsieger
POLNISCH	8	37	polnisch
PRAEDIKAT	9	37	Prädikat
PROFESSORIN	11	37	Professorin
PROVISION	9	37	Provision
QUIZ	4	37	Quiz
RAEUMLICH	9	37	räumlich
REFERENZ	8	37	Referenz
RELEVANTE	9	37	relevante
RENTNERIN	9	37	Rentnerin
REZENSIONEN	11	37	Rezensionen
RUECKHALT	9	37	Rückhalt
RUECKLAGEN	10	37	Rücklagen
SACKTEN	7	37	sackten
SANIEREN	8	37	sanieren
SCHALEN	7	37	Schalen
SCHECK	6	37	Scheck
SCHNELLEREN	11	37	schnelleren
SCHUETTELN	10	37	schütteln
SCHULDNER	9	37	Schuldner
SCHWEIGEND	10	37	schweigend
SEELSORGER	10	37	Seelsorger
SEGLER	6	37	Segler
SEIDE	5	37	Seide
SELBSTZWECK	11	37	Selbstzweck
SKRIPT	6	37	Skript
SMARTPHONES	11	37	Smartphones
SPALT	5	37	Spalt
SPOTT	5	37	Spott
STADTKERN	9	37	Stadtkern
STAHLEN	7	37	stahlen
STAMMZELLEN	11	37	Stammzellen
STATTLICHE	10	37	stattliche
STAUSEE	7	37	Stausee
STECKER	7	37	Stecker
STOCKWERKEN	11	37	Stockwerken
STROPHE	7	37	Strophe
SUEDTIROL	9	37	Südtirol
SUEDWAND	8	37	Südwand
SUHRKAMP	8	37	Suhrkamp
SYNODE	6	37	Synode
TABUS	5	37	Tabus
TIBET	5	37	Tibet
TISCHLER	8	37	Tischler
TITELSEITE	10	37	Titelseite
TOUCHSCREEN	11	37	Touchscreen
TRAGISCHE	9	37	tragische
TRIBUT	6	37	Tribut
TROMMEL	7	37	Trommel
TROMPETE	8	37	Trompete
TROPISCHE	9	37	tropische
TUMOR	5	37	Tumor
UMSTELLEN	9	37	umstellen
UNHEIL	6	37	Unheil
UNTERBAU	8	37	Unterbau
VANCOUVER	9	37	Vancouver
VERBOTE	7	37	Verbote
VERBOTENEN	10	37	verbotenen
VERBRANNTE	10	37	verbrannte
VERDICHTET	10	37	verdichtet
VERHAENGNIS	11	37	Verhängnis
VERHALF	7	37	verhalf
VERLAGEN	8	37	Verlagen
VERLASSENEN	11	37	verlassenen
VERMEHRTE	9	37	vermehrte
VERRAETER	9	37	Verräter
VERSETZUNG	10	37	Versetzung
VERTIKAL	8	37	vertikal
VERWEISE	8	37	Verweise
VERZINSUNG	10	37	Verzinsung
VIEREINHALB	11	37	viereinhalb
VOLKSMUSIK	10	37	Volksmusik
WACHSE	6	37	wachse
WADE	4	37	Wade
WAERMER	7	37	wärmer
WEHRDIENST	10	37	Wehrdienst
WEINBERG	8	37	Weinberg
WEITES	6	37	weites
WERTLOS	7	37	wertlos
WESTTURM	8	37	Westturm
WETTERS	7	37	Wetters
WIDERRUF	8	37	Widerruf
WIRKSTOFFE	10	37	Wirkstoffe
ZEITAUFWAND	11	37	Zeitaufwand
ZUMUTUNG	8	37	Zumutung
ZWEIFELT	8	37	zweifelt
ZWEIGETEILT	11	37	zweigeteilt
ABERKANNT	9	36	aberkannt
ABGESTIEGEN	11	36	abgestiegen
ABSCHLAEGE	10	36	Abschläge
ABTREIBUNG	10	36	Abtreibung
ADULTEN	7	36	adulten
AERGERN	7	36	ärgern
AKTEUREN	8	36	Akteuren
ANALYST	7	36	Analyst
ANGEHAENGT	10	36	angehängt
ANGEMIETET	10	36	angemietet
ANNAHM	6	36	annahm
ARBEITENDEN	11	36	arbeitenden
ARCHIVS	7	36	Archivs
ARGENTINIER	11	36	Argentinier
ARIZONA	7	36	Arizona
ARMENIEN	8	36	Armenien
AUFERLEGT	9	36	auferlegt
AUFGEKAUFT	10	36	aufgekauft
AUFREGEND	9	36	aufregend
AUFWENDIGEN	11	36	aufwendigen
AUKTIONEN	9	36	Auktionen
AUSGEZOGEN	10	36	ausgezogen
AUSWEITEN	9	36	ausweiten
AUSWIRKEN	9	36	auswirken
BAUHERRN	8	36	Bauherrn
BAYRISCHEN	10	36	bayrischen
BEKANNTES	9	36	bekanntes
BEREICHERN	10	36	bereichern
BESCHEIDENE	11	36	bescheidene
BESTECHUNG	10	36	Bestechung
BESTEUERT	9	36	besteuert
BILANZEN	8	36	Bilanzen
BLONDE	6	36	blonde
BLOSSEN	7	36	bloßen
BLUTTAT	7	36	Bluttat
BOXER	5	36	Boxer
BROCKEN	7	36	Brocken
BUKAREST	8	36	Bukarest
BUSBAHNHOF	10	36	Busbahnhof
BUTLER	6	36	Butler
CHEMNITZER	10	36	Chemnitzer
CHRONISCH	9	36	chronisch
CLIENTS	7	36	Clients
CODES	5	36	Codes
DAECHERN	8	36	Dächern
DEPORTIERT	10	36	deportiert
DOWNLOADEN	10	36	downloaden
DRAMEN	6	36	Dramen
DUENEN	6	36	Dünen
EHRLICHKEIT	11	36	Ehrlichkeit
EINLADEN	8	36	einladen
EINSEHBAR	9	36	einsehbar
EISENACH	8	36	Eisenach
EMOTIONALEN	11	36	emotionalen
ENTGELT	7	36	Entgelt
ENTWUERFEN	10	36	Entwürfen
ERNEUERBARE	11	36	erneuerbare
ERNEUERN	8	36	erneuern
ERSPARNIS	9	36	Ersparnis
ERWIDERT	8	36	erwidert
ERWORBENEN	10	36	erworbenen
ERZEUGNISSE	11	36	Erzeugnisse
FEHLBETRAG	10	36	Fehlbetrag
FEHLERHAFTE	11	36	fehlerhafte
FERNOST	7	36	Fernost
FERNVERKEHR	11	36	Fernverkehr
FISKUS	6	36	Fiskus
FORMULIERTE	11	36	formulierte
FRACHTER	8	36	Frachter
FREIGESETZT	11	36	freigesetzt
FUEHLER	7	36	Fühler
FUERCHTETEN	11	36	fürchteten
FUNDSTUECKE	11	36	Fundstücke
GEFAEHRDE	9	36	gefährde
GEFAEHRTEN	10	36	Gefährten
GEFRESSEN	9	36	gefressen
GEFUEHLT	8	36	gefühlt
GEHIRNS	7	36	Gehirns
GELAEHMT	8	36	gelähmt
GERUTSCHT	9	36	gerutscht
GESAMTBILD	10	36	Gesamtbild
GESPRUNGEN	10	36	gesprungen
GESTAFFELT	10	36	gestaffelt
GESTRECKT	9	36	gestreckt
GESTUERMT	9	36	gestürmt
GETAUCHT	8	36	getaucht
GEWAGT	6	36	gewagt
GEWICHEN	8	36	gewichen
GEWINNZONE	10	36	Gewinnzone
GLEICHUNG	9	36	Gleichung
GRADE	5	36	Grade
GROSSBRAND	10	36	Großbrand
HANDELNDEN	10	36	handelnden
HOEHENMETER	11	36	Höhenmeter
INWIEFERN	9	36	Inwiefern
JAPANISCHER	11	36	japanischer
KANAELEN	8	36	Kanälen
KASACHSTAN	10	36	Kasachstan
KINDERHEIM	10	36	Kinderheim
KIRCHLICH	9	36	kirchlich
KOCHT	5	36	kocht
KOLLEKTIV	9	36	Kollektiv
KONTER	6	36	Konter
KONZIL	6	36	Konzil
KREISKLASSE	11	36	Kreisklasse
KREUZBERG	9	36	Kreuzberg
KUER	4	36	Kür
KULTURELLES	11	36	kulturelles
LAUFWERK	8	36	Laufwerk
LAUSANNE	8	36	Lausanne
LERNENDEN	9	36	Lernenden
LIMITIERTE	10	36	limitierte
LOBEN	5	36	loben
LOCKEREN	8	36	lockeren
LUFTRAUM	8	36	Luftraum
MARKIERUNG	10	36	Markierung
MARSEILLE	9	36	Marseille
MENTALITAET	11	36	Mentalität
MILDEN	6	36	milden
MINISTERS	9	36	Ministers
MITBEWERBER	11	36	Mitbewerber
MONUMENT	8	36	Monument
MUETZE	6	36	Mütze
NATURPARK	9	36	Naturpark
NEULING	7	36	Neuling
NOTIERUNGEN	11	36	Notierungen
OBERBAYERN	10	36	Oberbayern
OBERHAND	8	36	Oberhand
OEKONOMISCH	11	36	ökonomisch
OPERIEREN	9	36	operieren
OSTTEIL	7	36	Ostteil
PAARUNGEN	9	36	Paarungen
PARTISANEN	10	36	Partisanen
PIANIST	7	36	Pianist
PINSEL	6	36	Pinsel
PLAZIERT	8	36	plaziert
POKALE	6	36	Pokale
POLIZISTIN	10	36	Polizistin
POLLEN	6	36	Pollen
POTOK	5	36	potok
PSYCHIATER	10	36	Psychiater
PUERTO	6	36	Puerto
QUADRAT	7	36	Quadrat
QUATSCH	7	36	Quatsch
RADAR	5	36	Radar
REALISIERTE	11	36	realisierte
REDAKTEURE	10	36	Redakteure
REFRAIN	7	36	Refrain
REGIMENTS	9	36	Regiments
REISTEN	7	36	reisten
REITET	6	36	reitet
REKORDHOCH	10	36	Rekordhoch
RELATIVIERT	11	36	relativiert
RETTETEN	8	36	retteten
RICHTERN	8	36	Richtern
ROST	4	36	Rost
RUEBER	6	36	rüber
RUECKFALL	9	36	Rückfall
RUECKWAND	9	36	Rückwand
RUSS	4	36	Ruß
SAEGEWERK	9	36	Sägewerk
SAEMTLICHER	11	36	sämtlicher
SAISONS	7	36	Saisons
SCHAFT	6	36	Schaft
SCHANZE	7	36	Schanze
SCHMUECKEN	10	36	schmücken
SCHMUECKT	9	36	schmückt
SCHNECKEN	9	36	Schnecken
SCHRECK	7	36	Schreck
SCHRUMPFT	9	36	schrumpft
SCHWANKTE	9	36	schwankte
SELBE	5	36	selbe
SMART	5	36	Smart
SOLINGEN	8	36	Solingen
SOZIALSTAAT	11	36	Sozialstaat
SPAETSOMMER	11	36	Spätsommer
SPEER	5	36	Speer
SPIELES	7	36	Spieles
STAMMES	7	36	Stammes
STERNWARTE	10	36	Sternwarte
STEUERFREI	10	36	steuerfrei
STEUERLICH	10	36	steuerlich
STINKT	6	36	stinkt
STRAFSTOSS	10	36	Strafstoß
SUEDEUROPA	10	36	Südeuropa
TATBESTAND	10	36	Tatbestand
TEAMGEIST	9	36	Teamgeist
TEILHABER	9	36	Teilhaber
TEMPORAERE	10	36	temporäre
TENDIEREN	9	36	tendieren
TEUFE	5	36	Teufe
TIEFGANG	8	36	Tiefgang
TODESURTEIL	11	36	Todesurteil
TROCKENER	9	36	trockener
UEBERSAH	8	36	übersah
UMTAUSCH	8	36	Umtausch
UNBEWOHNT	9	36	unbewohnt
UNGEHINDERT	11	36	ungehindert
UNIVERSUMS	10	36	Universums
UNTERSTEHT	10	36	untersteht
VERDAECHTIG	11	36	verdächtig
VERDERBEN	9	36	verderben
VERFASSTEN	10	36	verfassten
VERHAFTEN	9	36	verhaften
VERHELFEN	9	36	verhelfen
VERLOBTE	8	36	Verlobte
VERSAGTE	8	36	versagte
VERSCHIEBT	10	36	verschiebt
VERTRAEGEN	10	36	Verträgen
VERZOEGERN	10	36	verzögern
VORGAENGERS	11	36	Vorgängers
VORGEBEUGT	10	36	vorgebeugt
VORGELAGERT	11	36	vorgelagert
WAFFENRUHE	10	36	Waffenruhe
WAHLKREISE	10	36	Wahlkreise
ZEHNTEL	7	36	Zehntel
ZERBROCHEN	10	36	zerbrochen
ZWEIGLEISIG	11	36	zweigleisig
ABENDMAHL	9	35	Abendmahl
ABFLUG	6	35	Abflug
ABGEAENDERT	11	35	abgeändert
ABGESPIELT	10	35	abgespielt
ABGEWEHRT	9	35	abgewehrt
ABGEWORFEN	10	35	abgeworfen
ABLEHNTE	8	35	ablehnte
ABLESEN	7	35	ablesen
ABSICHERN	9	35	absichern
ADAPTIERT	9	35	adaptiert
AESTEN	6	35	Ästen
AFTERFLOSSE	11	35	Afterflosse
ALIBI	5	35	Alibi
ALTAERE	7	35	Altäre
ANBIETET	8	35	anbietet
ANDAUERNDE	10	35	andauernde
ANGELIEFERT	11	35	angeliefert
ANGENEHMER	10	35	angenehmer
ANTEILNAHME	11	35	Anteilnahme
ANWESENDE	9	35	anwesende
ARBEITSWELT	11	35	Arbeitswelt
ATLANTA	7	35	Atlanta
ATOMWAFFEN	10	35	Atomwaffen
AUFGELASSEN	11	35	aufgelassen
AUSHANG	7	35	Aushang
BADEWANNE	9	35	Badewanne
BALLON	6	35	Ballon
BANKENWERTE	11	35	Bankenwerte
BARRIKADEN	10	35	Barrikaden
BAUANTRAG	9	35	Bauantrag
BEGLEITENDE	11	35	begleitende
BEGLEITETEN	11	35	begleiteten
BEILAGE	7	35	Beilage
BEISTAND	8	35	Beistand
BELAG	5	35	Belag
BEMERKTEN	9	35	bemerkten
BEQUEME	7	35	bequeme
BEREITETEN	10	35	bereiteten
BERUEHRTE	9	35	berührte
BESTUENDEN	10	35	bestünden
BLAUES	6	35	blaues
BORDEAUX	8	35	Bordeaux
BRAV	4	35	brav
BREMST	6	35	bremst
BRISANZ	7	35	Brisanz
BROOKLYN	8	35	Brooklyn
BUTTONS	7	35	Buttons
CHARAKTERS	10	35	Charakters
CHASSIS	7	35	Chassis
CHOERE	6	35	Chöre
CHORS	5	35	Chors
COTTBUSER	9	35	Cottbuser
DAUERND	7	35	dauernd
DEPONIERT	9	35	deponiert
DESKTOP	7	35	Desktop
DIALEKTE	8	35	Dialekte
DIESELMOTOR	11	35	Dieselmotor
DINOSAURIER	11	35	Dinosaurier
DOMS	4	35	Doms
DOPPELTER	9	35	doppelter
DUMMHEIT	8	35	Dummheit
DUNKELGRAU	10	35	dunkelgrau
ECHTZEIT	8	35	Echtzeit
ECK	3	35	Eck
EDLEN	5	35	edlen
EIDGENOSSEN	11	35	Eidgenossen
EINDEUTIGER	11	35	eindeutiger
EINFACHHEIT	11	35	Einfachheit
EINFUEGEN	9	35	Einfügen
EINGEFANGEN	11	35	eingefangen
EMPIRISCHEN	11	35	empirischen
ERBRECHEN	9	35	Erbrechen
ERKENNUNG	9	35	Erkennung
ERTEILUNG	9	35	Erteilung
EUROSTOXX	9	35	EuroStoxx
FACHHANDEL	10	35	Fachhandel
FANGEMEINDE	11	35	Fangemeinde
FATALE	6	35	fatale
FESTGELEGTE	11	35	festgelegte
FLUSSLAUF	9	35	Flusslauf
FORSCHEN	8	35	forschen
FUERSORGE	9	35	Fürsorge
FUERSTENTUM	11	35	Fürstentum
FUSIONEN	8	35	Fusionen
GATTEN	6	35	Gatten
GAZA	4	35	Gaza
GEANTWORTET	11	35	geantwortet
GEBORENEN	9	35	geborenen
GEFAEHRDETE	11	35	gefährdete
GEGRIFFEN	9	35	gegriffen
GENERELLES	10	35	generelles
GESPUER	7	35	Gespür
GEWOELBT	8	35	gewölbt
GEWORDENE	9	35	gewordene
GITARREN	8	35	Gitarren
GLAUBTEN	8	35	glaubten
GLOSSAR	7	35	Glossar
GOTTHEIT	8	35	Gottheit
GRABES	6	35	Grabes
GRAFISCH	8	35	grafisch
GRAUBRAUN	9	35	graubraun
GRAUER	6	35	grauer
GRENZENLOS	10	35	grenzenlos
GRIFFEL	7	35	Griffel
GRILL	5	35	Grill
GRUENLICH	9	35	grünlich
HANDSCHUHE	10	35	Handschuhe
HAPERT	6	35	hapert
HARTNAECKIG	11	35	hartnäckig
HAUSARREST	10	35	Hausarrest
HAUSHALTS	9	35	Haushalts
HEIKEL	6	35	heikel
HEILBRONNER	11	35	Heilbronner
HEIMKEHR	8	35	Heimkehr
HIERNACH	8	35	Hiernach
HINFAELLIG	10	35	hinfällig
IDEALES	7	35	ideales
INDIKATION	10	35	Indikation
INDIVIDUUMS	11	35	Individuums
INTENTION	9	35	Intention
INTERNIERT	10	35	interniert
JESUITEN	8	35	Jesuiten
JUBILAEUMS	10	35	Jubiläums
KAPSTADT	8	35	Kapstadt
KLAGTEN	7	35	klagten
KONSTRUKTIV	11	35	konstruktiv
KOSTETEN	8	35	kosteten
KRAKAU	6	35	Krakau
KUESST	6	35	küsst
KULTIVIERT	10	35	kultiviert
KURSUS	6	35	Kursus
LACK	4	35	Lack
LAKERS	6	35	Lakers
LANDESLISTE	11	35	Landesliste
LANGSAMEN	9	35	langsamen
LAUTES	6	35	lautes
LEADER	6	35	Leader
LEGITIM	7	35	legitim
LICHTE	6	35	Lichte
LINEAREN	8	35	linearen
LOESCHTE	8	35	löschte
LOGE	4	35	Loge
MASTEN	6	35	Masten
MECHANIKER	10	35	Mechaniker
MINDEN	6	35	Minden
MODEM	5	35	Modem
MODULEN	7	35	Modulen
MONATSENDE	10	35	Monatsende
MOST	4	35	Most
MUSCHELN	8	35	Muscheln
MUSICALS	8	35	Musicals
NACHSPIEL	9	35	Nachspiel
NAMHAFTE	8	35	namhafte
NEBENROLLEN	11	35	Nebenrollen
NEUBAUS	7	35	Neubaus
NEUFASSUNG	10	35	Neufassung
NEULAND	7	35	Neuland
NICKTE	6	35	nickte
NIEDEREN	8	35	niederen
NIKKEI	6	35	Nikkei
NOTBREMSE	9	35	Notbremse
NUDELN	6	35	Nudeln
NUMMERIERT	10	35	nummeriert
ORGANISMEN	10	35	Organismen
OSTERFERIEN	11	35	Osterferien
PAARES	6	35	Paares
PAUSIEREN	9	35	pausieren
PERLEN	6	35	Perlen
PETITION	8	35	Petition
PFIFF	5	35	Pfiff
PINK	4	35	Pink
PIONIERE	8	35	Pioniere
PRENZLAUER	10	35	Prenzlauer
PROZESSION	10	35	Prozession
RADWEGE	7	35	Radwege
RAENDERN	8	35	Rändern
RAUSCHEN	8	35	Rauschen
RECHTSFORM	10	35	Rechtsform
REGENWALD	9	35	Regenwald
REGLEMENT	9	35	Reglement
REINGEWINN	10	35	Reingewinn
RESPEKTIERT	11	35	respektiert
ROHSTOFF	8	35	Rohstoff
ROLLTE	6	35	rollte
RUIN	4	35	Ruin
SANITAETER	10	35	Sanitäter
SCHAETZTEN	10	35	schätzten
SCHEUEN	7	35	scheuen
SCHLAGER	8	35	Schlager
SCHLAUCH	8	35	Schlauch
SCHNECKE	8	35	Schnecke
SCHREIN	7	35	Schrein
SCREENSHOTS	11	35	Screenshots
SEMESTERN	9	35	Semestern
SIBIRIEN	8	35	Sibirien
SILBERNES	9	35	silbernes
SOCKEN	6	35	Socken
SOMMERFEST	10	35	Sommerfest
SOZIALAMT	9	35	Sozialamt
SPANDAUER	9	35	Spandauer
SPIELENDE	9	35	Spielende
SPIELMINUTE	11	35	Spielminute
SPIRITUELLE	11	35	spirituelle
SPUERBARE	9	35	spürbare
SPURENSUCHE	11	35	Spurensuche
STADTMAUERN	11	35	Stadtmauern
STAETTE	7	35	Stätte
STETTIN	7	35	Stettin
SUECHTIG	8	35	süchtig
TANZFLAECHE	11	35	Tanzfläche
TEMPELHOF	9	35	Tempelhof
TREIBENDE	9	35	treibende
TRESEN	6	35	Tresen
UEBERHOLTE	10	35	überholte
UEBERQUERTE	11	35	überquerte
UNGERN	6	35	ungern
UNSTERBLICH	11	35	unsterblich
URIN	4	35	Urin
URNE	4	35	Urne
VERALTETEN	10	35	veralteten
VERBORGENEN	11	35	Verborgenen
VERBRAUCHEN	11	35	verbrauchen
VERDECKTE	9	35	verdeckte
VEREINIGEN	10	35	vereinigen
VEREINSHEIM	11	35	Vereinsheim
VERGELTUNG	10	35	Vergeltung
VERGISST	8	35	vergisst
VERJAEHRT	9	35	verjährt
VERLOBUNG	9	35	Verlobung
VERMACHTE	9	35	vermachte
VERMIETUNG	10	35	Vermietung
VERRUECKTE	10	35	verrückte
VERSAEUMT	9	35	versäumt
VERSETZEN	9	35	versetzen
VERWALTETE	10	35	verwaltete
VERWECHSELN	11	35	verwechseln
VERWOEHNEN	10	35	verwöhnen
VILLAGE	7	35	Village
VOELLIGEN	9	35	völligen
VORFALLS	8	35	Vorfalls
VORSATZ	7	35	Vorsatz
VORWERK	7	35	Vorwerk
WAHRHAFT	8	35	wahrhaft
WERTPAPIERE	11	35	Wertpapiere
WIDERRUFEN	10	35	widerrufen
WINDMUEHLE	10	35	Windmühle
WOGEN	5	35	Wogen
WURST	5	35	Wurst
YARDS	5	35	Yards
ZAHLE	5	35	zahle
ZERBRICHT	9	35	zerbricht
ZERFIEL	7	35	zerfiel
ZWANGEN	7	35	zwangen
ABLEBEN	7	34	Ableben
ABNEIGUNG	9	34	Abneigung
ABREISSEN	9	34	abreißen
ABSCHMECKEN	11	34	abschmecken
ABSENDER	8	34	Absender
AENGSTLICH	10	34	ängstlich
AETHIOPIEN	10	34	Äthiopien
AGGRESSIVE	10	34	aggressive
ALEXANDRIA	10	34	Alexandria
ALPINE	6	34	alpine
ALTARRAUM	9	34	Altarraum
ALTONA	6	34	Altona
AMBULANTEN	10	34	ambulanten
ANFERTIGUNG	11	34	Anfertigung
ANIMATIONEN	11	34	Animationen
ARMINIA	7	34	Arminia
ASIATEN	7	34	Asiaten
ATMET	5	34	atmet
AUFTRETENDE	11	34	auftretende
AUSGEBRANNT	11	34	ausgebrannt
AUSGELAGERT	11	34	ausgelagert
AUSSCHIED	9	34	ausschied
AUSSTAND	8	34	Ausstand
AUSZUBAUEN	10	34	auszubauen
AUTONOME	8	34	autonome
AUTOVERKEHR	11	34	Autoverkehr
BACKOFEN	8	34	Backofen
BANANEN	7	34	Bananen
BANDEN	6	34	Banden
BAUCHSEITE	10	34	Bauchseite
BAUKOERPER	10	34	Baukörper
BAUWERKEN	9	34	Bauwerken
BEDANKTE	8	34	bedankte
BEGEHREN	8	34	Begehren
BEGINNENDE	10	34	beginnende
BEHERBERGEN	11	34	beherbergen
BELUEFTUNG	10	34	Belüftung
BENENNT	7	34	benennt
BENUTZE	7	34	benutze
BERGSTRASSE	11	34	Bergstraße
BEWEISLAST	10	34	Beweislast
BEZIFFERN	9	34	beziffern
BILDE	5	34	bilde
BITTEREN	8	34	bitteren
BRUT	4	34	Brut
BULGARISCHE	11	34	bulgarische
CASINO	6	34	Casino
CHRISTLICH	10	34	christlich
DACHVERBAND	11	34	Dachverband
DEFEKTEN	8	34	defekten
DESSAU	6	34	Dessau
DIAS	4	34	Dias
DISTRIKTE	9	34	Distrikte
DRUEBER	7	34	drüber
DUESTEREN	9	34	düsteren
DURCHWEGS	9	34	durchwegs
EINBEHALTEN	11	34	einbehalten
EINFAHREN	9	34	einfahren
EINGEHENDE	10	34	eingehende
EINMALIGER	10	34	einmaliger
EINSAMEN	8	34	einsamen
ELEGANTE	8	34	elegante
EMPFING	7	34	empfing
EMPOR	5	34	empor
ENTGING	7	34	entging
ENTWERFEN	9	34	entwerfen
ERDBEEREN	9	34	Erdbeeren
ERFASSTEN	9	34	erfassten
ERSPAREN	8	34	ersparen
ERSTERE	7	34	Erstere
ERZBISTUM	9	34	Erzbistum
ERZGEBIRGE	10	34	Erzgebirge
FACHARZT	8	34	Facharzt
FAHRERS	7	34	Fahrers
FALLENDEN	9	34	fallenden
FREIRAUM	8	34	Freiraum
FROSCH	6	34	Frosch
GARANTIEN	9	34	Garantien
GARNIEREN	9	34	garnieren
GEDULDIG	8	34	geduldig
GEERBT	6	34	geerbt
GEFAECHERT	10	34	gefächert
GEFAEHRT	8	34	Gefährt
GEFERTIGTEN	11	34	gefertigten
GEHST	5	34	gehst
GEISELNAHME	11	34	Geiselnahme
GEMEINE	7	34	gemeine
GESESSEN	8	34	gesessen
GEWOEHNEN	9	34	gewöhnen
GIGANTISCH	10	34	gigantisch
GLAENZEN	8	34	glänzen
GLAENZTE	8	34	glänzte
GLIEDER	7	34	Glieder
GLIMPFLICH	10	34	glimpflich
GOUVERNEURS	11	34	Gouverneurs
GRUENLAND	9	34	Grünland
GUENSTIGSTE	11	34	günstigste
GUSS	4	34	Guss
GUTSHAUS	8	34	Gutshaus
GUTSHOF	7	34	Gutshof
HASSEN	6	34	hassen
HAUSTIER	8	34	Haustier
HEAVY	5	34	Heavy
HEIDEN	6	34	Heiden
HIMMELS	7	34	Himmels
HINGABE	7	34	Hingabe
HINGEN	6	34	hingen
HORIZONTALE	11	34	horizontale
HUSTEN	6	34	Husten
INFIZIERTE	10	34	infizierte
INTRIGEN	8	34	Intrigen
KAMPFLOS	8	34	kampflos
KAPSEL	6	34	Kapsel
KASTELLS	8	34	Kastells
KELTEN	6	34	Kelten
KELTISCHEN	10	34	keltischen
KIRMES	6	34	Kirmes
KLEINEM	7	34	kleinem
KLOPFT	6	34	klopft
KNACKEN	7	34	knacken
KNAPPES	7	34	knappes
KONFISZIERT	11	34	konfisziert
KRAFTSTOFF	10	34	Kraftstoff
KULTURELL	9	34	kulturell
KUNDIN	6	34	Kundin
LANDKREISEN	11	34	Landkreisen
LAPPEN	6	34	Lappen
LAUDATIO	8	34	Laudatio
LEBENDER	8	34	lebender
LEGENDAER	9	34	legendär
LENKUNG	7	34	Lenkung
LITURGIE	8	34	Liturgie
LOSEN	5	34	losen
MAHNMAL	7	34	Mahnmal
MANGELTE	8	34	mangelte
MARITIME	8	34	maritime
MEHRFACHE	9	34	mehrfache
MEILE	5	34	Meile
MITTENDRIN	10	34	mittendrin
MOLEKUELE	9	34	Moleküle
MONTREAL	8	34	Montreal
MORDEN	6	34	Morden
MUEHELOS	8	34	mühelos
MUELHEIM	8	34	Mülheim
MYSTERIOESE	11	34	mysteriöse
NACHNAME	8	34	Nachname
NAEGEL	6	34	Nägel
NEUERER	7	34	neuerer
NEUGEBORENE	11	34	Neugeborene
NEUMARKT	8	34	Neumarkt
NORDWEST	8	34	Nordwest
NOTDUERFTIG	11	34	notdürftig
NOTEBOOK	8	34	Notebook
NOTIZ	5	34	Notiz
OBRIGKEIT	9	34	Obrigkeit
OPERATIV	8	34	operativ
OREGON	6	34	Oregon
PAPPE	5	34	Pappe
PARKANLAGE	10	34	Parkanlage
PASSENDES	9	34	passendes
PAUSCHAL	8	34	pauschal
PEDAL	5	34	Pedal
PERFEKTION	10	34	Perfektion
PFARRAMT	8	34	Pfarramt
PFORTEN	7	34	Pforten
POLICE	6	34	Police
PRAEZISIERT	11	34	präzisiert
PRAKTIKER	9	34	Praktiker
PROMINENTER	11	34	prominenter
PRUEFE	6	34	prüfe
PULS	4	34	Puls
RAETSELN	8	34	rätseln
REFERATE	8	34	Referate
REH	3	34	Reh
RELIQUIEN	9	34	Reliquien
RENNWAGEN	9	34	Rennwagen
RICHTE	6	34	richte
ROTWEIN	7	34	Rotwein
SCHAEDIGUNG	11	34	Schädigung
SCHICKSALE	10	34	Schicksale
SCHMELZEN	9	34	schmelzen
SCHNAPS	7	34	Schnaps
SCHWAECHUNG	11	34	Schwächung
SCHWITZEN	9	34	Schwitzen
SENKE	5	34	Senke
SENKRECHTE	10	34	senkrechte
SENKRECHTEN	11	34	senkrechten
SERIOESE	8	34	seriöse
SIEGERIN	8	34	Siegerin
SKIGEBIET	9	34	Skigebiet
SONDE	5	34	Sonde
SPINNE	6	34	Spinne
STAATSOPER	10	34	Staatsoper
STAEDTCHEN	10	34	Städtchen
STARTELF	8	34	Startelf
STATTFANDEN	11	34	stattfanden
STIMMZETTEL	11	34	Stimmzettel
STUR	4	34	stur
TASCHENGELD	11	34	Taschengeld
TESTVERSION	11	34	Testversion
TIMING	6	34	Timing
TRAGISCH	8	34	tragisch
TRIKOTS	7	34	Trikots
UEBERFAHRT	10	34	Überfahrt
UMSCHLOSSEN	11	34	umschlossen
UNTERLAUF	9	34	Unterlauf
UNTERLAUFEN	11	34	unterlaufen
UNVOLLENDET	11	34	unvollendet
VERBILLIGTE	11	34	verbilligte
VERBUCHTEN	10	34	verbuchten
VEREITELT	9	34	vereitelt
VERLIEBEN	9	34	verlieben
VERMINDERN	10	34	vermindern
VERS	4	34	Vers
VERSENKUNG	10	34	Versenkung
VERSTELLT	9	34	verstellt
VERSTUMMT	9	34	verstummt
VERTIKALE	9	34	vertikale
VERWAHRT	8	34	verwahrt
VERWANDLUNG	11	34	Verwandlung
VIDEOKAMERA	11	34	Videokamera
VITA	4	34	Vita
VOLLBRACHT	10	34	vollbracht
VOLLENDETE	10	34	vollendete
WAEHLERN	8	34	Wählern
WAER	4	34	wär
WARMES	6	34	warmes
WEIBLICHER	10	34	weiblicher
WELTALL	7	34	Weltall
WELTREISE	9	34	Weltreise
WINZIGE	7	34	winzige
WIRREN	6	34	Wirren
WOHNHEIM	8	34	Wohnheim
ZAEH	4	34	zäh
ZEICHNETEN	10	34	zeichneten
ZEIGEFINGER	11	34	Zeigefinger
ZINSSENKUNG	11	34	Zinssenkung
ZITADELLE	9	34	Zitadelle
ZOEGERT	7	34	zögert
ZUGEBEN	7	34	zugeben
ZUNFT	5	34	Zunft
ZUTEILUNG	9	34	Zuteilung
ZWERGE	6	34	Zwerge
ZYKLEN	6	34	Zyklen
ABENDEN	7	33	Abenden
ABONNEMENT	10	33	Abonnement
ABPFIFF	7	33	Abpfiff
ABRUF	5	33	Abruf
ABSCHALTEN	10	33	abschalten
ACHTET	6	33	achtet
ALB	3	33	Alb
ALLIIERTE	9	33	alliierte
ALTERSHEIM	10	33	Altersheim
ANBAUTEN	8	33	Anbauten
ANBRINGEN	9	33	anbringen
ANGOLA	6	33	Angola
ANKOMMEN	8	33	ankommen
ANSTALTEN	9	33	Anstalten
ANWENDBAR	9	33	anwendbar
ARABISCH	8	33	Arabisch
ARKADEN	7	33	Arkaden
AUFGEFASST	10	33	aufgefasst
AUGUSTUS	8	33	Augustus
AUSDRUECKE	10	33	Ausdrücke
AUSGEWOGEN	10	33	ausgewogen
AUSLEIHE	8	33	Ausleihe
AUSZUMACHEN	11	33	auszumachen
BAHNT	5	33	bahnt
BATEN	5	33	baten
BEDEUTENDES	11	33	bedeutendes
BEDEUTUNGEN	11	33	Bedeutungen
BELAGERT	8	33	belagert
BEREISTE	8	33	bereiste
BESITZERN	9	33	Besitzern
BIBLISCHE	9	33	biblische
BLAMAGE	7	33	Blamage
BRAEUCHTE	9	33	bräuchte
BRAUEREIEN	10	33	Brauereien
BRUMMT	6	33	brummt
BUDGETS	7	33	Budgets
BUENDELN	8	33	bündeln
COOKIES	7	33	Cookies
COUSINE	7	33	Cousine
DACHTEN	7	33	dachten
DEMOS	5	33	Demos
DEPARTEMENT	11	33	Departement
DICHTUNGEN	10	33	Dichtungen
DIPLOMAT	8	33	Diplomat
DISPLAYS	8	33	Displays
DOMINANTE	9	33	dominante
EINBRACHTE	10	33	einbrachte
EINSTELLBAR	11	33	einstellbar
ELITEN	6	33	Eliten
ENTSPANNTER	11	33	entspannter
ERGAENZEND	10	33	Ergänzend
ERGAENZTEN	10	33	ergänzten
ERHEBLICHEM	11	33	erheblichem
ERKAELTUNG	10	33	Erkältung
ERKUNDET	8	33	erkundet
ERKUNDUNG	9	33	Erkundung
ERLEIDEN	8	33	erleiden
ERMITTLERN	10	33	Ermittlern
ERSTATTUNG	10	33	Erstattung
ERSTELLTEN	10	33	erstellten
ERWECKT	7	33	erweckt
EXPERTISE	9	33	Expertise
EXZELLENTEN	11	33	exzellenten
FACETTEN	8	33	Facetten
FACHSCHULE	10	33	Fachschule
FERTIGT	7	33	fertigt
FILMMUSIK	9	33	Filmmusik
FLAUTE	6	33	Flaute
FORMATEN	8	33	Formaten
FORMATIONEN	11	33	Formationen
FORMELLE	8	33	formelle
FORSCHERN	9	33	Forschern
FORTBESTAND	11	33	Fortbestand
FORTGANG	8	33	Fortgang
FUELLTE	7	33	füllte
FUSIONIERTE	11	33	fusionierte
GANS	4	33	Gans
GEBACKEN	8	33	gebacken
GEBASTELT	9	33	gebastelt
GEFECHTEN	9	33	Gefechten
GELAEUT	7	33	Geläut
GEMELDETEN	10	33	gemeldeten
GEMISCHTES	10	33	gemischtes
GENETISCH	9	33	genetisch
GENUEGE	7	33	Genüge
GERAUMER	8	33	geraumer
GEREIST	7	33	gereist
GERICHTETE	10	33	gerichtete
GERINGES	8	33	geringes
GESCHLEPPT	10	33	geschleppt
GESTAENDIG	10	33	geständig
GETEILTE	8	33	geteilte
GRANATEN	8	33	Granaten
GUETERSLOH	10	33	Gütersloh
GYMNASTIK	9	33	Gymnastik
HAUSFRAU	8	33	Hausfrau
HEILIGTUM	9	33	Heiligtum
HERBER	6	33	herber
HERZOGS	7	33	Herzogs
HIESIGE	7	33	hiesige
HINTERKOPF	10	33	Hinterkopf
HOCHBURG	8	33	Hochburg
HOECHSTEM	9	33	höchstem
HOERSPIEL	9	33	Hörspiel
HUENDIN	7	33	Hündin
HUETE	5	33	Hüte
HYPOTHESEN	10	33	Hypothesen
IDEOLOGISCH	11	33	ideologisch
IMMENSE	7	33	immense
INNENRAEUME	11	33	Innenräume
INNOVATIV	9	33	innovativ
IRGENDEINE	10	33	irgendeine
JETS	4	33	Jets
JOCH	4	33	Joch
KAERNTNER	9	33	Kärntner
KANDIDIERT	10	33	kandidiert
KAPITALS	8	33	Kapitals
KARIBIK	7	33	Karibik
KASSETTE	8	33	Kassette
KLEINERES	9	33	kleineres
KLINGELTE	9	33	klingelte
KOLLEGIUM	9	33	Kollegium
KOMETEN	7	33	Kometen
KONTINENTS	10	33	Kontinents
KORAN	5	33	Koran
KRATZER	7	33	Kratzer
KREDITEN	8	33	Krediten
LANDGUT	7	33	Landgut
LANGWIERIGE	11	33	langwierige
LEBENSALTER	11	33	Lebensalter
LEHNE	5	33	lehne
LEICHTEREN	10	33	leichteren
LEKTION	7	33	Lektion
LESBAR	6	33	lesbar
LIBANON	7	33	Libanon
LIBYEN	6	33	Libyen
LOCKERUNG	9	33	Lockerung
LOGISTISCHE	11	33	logistische
LOT	3	33	Lot
LUETTICH	8	33	Lüttich
LUFTVERKEHR	11	33	Luftverkehr
MAENNLICHER	11	33	männlicher
MANGELNDEN	10	33	mangelnden
MARODE	6	33	marode
MATRATZE	8	33	Matratze
MEISSNER	8	33	Meißner
MITTAGSZEIT	11	33	Mittagszeit
MODERATORIN	11	33	Moderatorin
MOMENTEN	8	33	Momenten
MUTIGE	6	33	mutige
NACHWEISE	9	33	Nachweise
NAEHERTE	8	33	näherte
NEPAL	5	33	Nepal
NORDIRLAND	10	33	Nordirland
OBAMAS	6	33	Obamas
OBDACHLOSE	10	33	Obdachlose
OBERPFALZ	9	33	Oberpfalz
ODYSSEE	7	33	Odyssee
OMEN	4	33	Omen
OPA	3	33	Opa
ORDNEN	6	33	ordnen
ORGANISATOR	11	33	Organisator
PAECKCHEN	9	33	Päckchen
PANZERUNG	9	33	Panzerung
PARKANLAGEN	11	33	Parkanlagen
PASSAGIER	9	33	Passagier
PHOTO	5	33	Photo
POPULAERE	9	33	populäre
PORTLAND	8	33	Portland
PRAEGEND	8	33	prägend
PROFITABEL	10	33	profitabel
RECHTSWEG	9	33	Rechtsweg
REGIMES	7	33	Regimes
REINHEIT	8	33	Reinheit
RICHTERS	8	33	Richters
RIESENGROSS	11	33	riesengroß
RIET	4	33	riet
RINGT	5	33	ringt
ROBUSTE	7	33	robuste
SAEUGETIERE	11	33	Säugetiere
SANGEN	6	33	sangen
SAUBEREN	8	33	sauberen
SCHALL	6	33	Schall
SCHENKUNG	9	33	Schenkung
SCHRANKE	8	33	Schranke
SCHUHEN	7	33	Schuhen
SCHULDIGEN	10	33	Schuldigen
SCHWAERMT	9	33	schwärmt
SCHWINDEN	9	33	schwinden
SEILBAHN	8	33	Seilbahn
SEMESTERS	9	33	Semesters
SENSIBEL	8	33	sensibel
SIEGTEN	7	33	siegten
SINFONIE	8	33	Sinfonie
SITES	5	33	Sites
SORGERECHT	10	33	Sorgerecht
SORTIEREN	9	33	sortieren
SORTIERUNG	10	33	Sortierung
SPANNT	6	33	spannt
SPEZIFISCH	10	33	spezifisch
SPIEGELBILD	11	33	Spiegelbild
STANDBEIN	9	33	Standbein
STARTTERMIN	11	33	Starttermin
STATIK	6	33	Statik
STATTHALTER	11	33	Statthalter
STATUTEN	8	33	Statuten
STEIGEND	8	33	steigend
STRAFRAUM	9	33	Strafraum
STREBTE	7	33	strebte
STUECKZAHL	10	33	Stückzahl
SURFER	6	33	Surfer
SYRISCHEN	9	33	syrischen
TAGELANG	8	33	tagelang
TANGO	5	33	Tango
TEAMARBEIT	10	33	Teamarbeit
TEPPICHE	8	33	Teppiche
TRIEBEN	7	33	trieben
TROPHAEE	8	33	Trophäe
TUMOREN	7	33	Tumoren
UMSAETZEN	9	33	Umsätzen
UMSATZES	8	33	Umsatzes
UMSCHLIESST	11	33	umschließt
UNBESCHADET	11	33	unbeschadet
UNESCO	6	33	UNESCO
UNSICHERE	9	33	unsichere
UNSICHEREN	10	33	unsicheren
VERDREHT	8	33	verdreht
VERFUEGBARE	11	33	verfügbare
VERGEBUNG	9	33	Vergebung
VERGRABEN	9	33	vergraben
VERHARRTE	9	33	verharrte
VERLOCKEND	10	33	verlockend
VERNEHMEN	9	33	vernehmen
VERSINKT	8	33	versinkt
VERSOEHNEN	10	33	versöhnen
VERTRAGS	8	33	Vertrags
VIERTES	7	33	viertes
VORBURG	7	33	Vorburg
VORHABENS	9	33	Vorhabens
VORJAHREN	9	33	Vorjahren
VORRAUM	7	33	Vorraum
VORREITER	9	33	Vorreiter
WACHS	5	33	Wachs
WAISENHAUS	10	33	Waisenhaus
WANKEN	6	33	Wanken
WASSERTURM	10	33	Wasserturm
WEISUNG	7	33	Weisung
WIRKSAMEN	9	33	wirksamen
WIRTE	5	33	Wirte
WOHNGEBIETE	11	33	Wohngebiete
WOHNHAUSES	10	33	Wohnhauses
ZEITNAH	7	33	zeitnah
ZERFAELLT	9	33	zerfällt
ZERFALLEN	9	33	zerfallen
ZUTAGE	6	33	zutage
ABHAENGEN	9	32	abhängen
ABKEHR	6	32	Abkehr
ABLOESE	7	32	Ablöse
ABSENKUNG	9	32	Absenkung
ABSTAENDE	9	32	Abstände
ADERN	5	32	Adern
AGGRESSION	10	32	Aggression
AGGRESSIVEN	11	32	aggressiven
AKTIONAER	9	32	Aktionär
AKTIVIERUNG	11	32	Aktivierung
ALARMIEREND	11	32	alarmierend
ALBANER	7	32	Albaner
ALBANISCHE	10	32	albanische
ALTBAU	6	32	Altbau
AMBULANZ	8	32	Ambulanz
ANATOMIE	8	32	Anatomie
ANGEBOTES	9	32	Angebotes
ANGESTREBTE	11	32	angestrebte
ANSAGE	6	32	Ansage
ANWAELTIN	9	32	Anwältin
ARRANGEMENT	11	32	Arrangement
ARSCH	5	32	Arsch
ASPHALTIERT	11	32	asphaltiert
AUFBAUS	7	32	Aufbaus
AUFENTHALTE	11	32	Aufenthalte
AUSGEHT	7	32	ausgeht
AUSGRABUNG	10	32	Ausgrabung
AUSTRALIAN	10	32	Australian
AUTOFAHREN	10	32	Autofahren
AUTONOM	7	32	autonom
BANGLADESCH	11	32	Bangladesch
BAUERNHOEFE	11	32	Bauernhöfe
BEAT	4	32	Beat
BEATLES	7	32	Beatles
BEDECKEN	8	32	bedecken
BEDIENTE	8	32	bediente
BERECHTIGTE	11	32	berechtigte
BERUHIGUNG	10	32	Beruhigung
BESCHNITTEN	11	32	beschnitten
BESITZERIN	10	32	Besitzerin
BESTRAHLUNG	11	32	Bestrahlung
BESTREICHEN	11	32	bestreichen
BETEUERT	8	32	beteuert
BILDENDE	8	32	bildende
BLATTRAND	9	32	Blattrand
BLICKFANG	9	32	Blickfang
BLOCKS	6	32	Blocks
BOOTES	6	32	Bootes
BRENNENDE	9	32	brennende
BROADWAY	8	32	Broadway
BRUTALITAET	11	32	Brutalität
BUCHHALTUNG	11	32	Buchhaltung
COACHING	8	32	Coaching
DACHES	6	32	Daches
DEAL	4	32	Deal
DEBATTIERT	10	32	debattiert
DECKTE	6	32	deckte
DESIGNS	7	32	Designs
DETEKTIV	8	32	Detektiv
DIGITALES	9	32	digitales
DINGER	6	32	Dinger
DIREKTION	9	32	Direktion
DRUCKE	6	32	Drucke
EINFACHERE	10	32	einfachere
EINFLIESSEN	11	32	einfließen
EINGEHENDEN	11	32	eingehenden
EINGELAGERT	11	32	eingelagert
EINREICHEN	10	32	einreichen
EINZUHALTEN	11	32	einzuhalten
EISKALT	7	32	eiskalt
ENTBUNDEN	9	32	entbunden
ENTEN	5	32	Enten
ENTLOHNUNG	10	32	Entlohnung
EQUIPMENT	9	32	Equipment
ERBAUEN	7	32	erbauen
ERBRACHTEN	10	32	erbrachten
ERHOEHTES	9	32	erhöhtes
ERKUNDIGEN	10	32	erkundigen
ERNEUTES	8	32	erneutes
ERREGUNG	8	32	Erregung
ERSTATTEN	9	32	erstatten
ERSTOCHEN	9	32	erstochen
ERTRAGSLAGE	11	32	Ertragslage
EUROPAWAHL	10	32	Europawahl
EXKURSIONEN	11	32	Exkursionen
EXOTISCHE	9	32	exotische
FACHWELT	8	32	Fachwelt
FALLENDE	8	32	fallende
FALLES	6	32	Falles
FALLSCHIRM	10	32	Fallschirm
FASTEN	6	32	Fasten
FIREWALL	8	32	Firewall
FLUGGAESTE	10	32	Fluggäste
FLUTEN	6	32	Fluten
FOLIEN	6	32	Folien
FORTFUEHREN	11	32	fortführen
FRAGWUERDIG	11	32	fragwürdig
FREMDWORT	9	32	Fremdwort
FUECHSE	7	32	Füchse
GARDEROBE	9	32	Garderobe
GASTGEBERN	10	32	Gastgebern
GAZPROM	7	32	Gazprom
GEFUELLTEN	10	32	gefüllten
GELOCKT	7	32	gelockt
GENEIGT	7	32	geneigt
GENUGTUUNG	10	32	Genugtuung
GEOGRAFIE	9	32	Geografie
GERICHTETEN	11	32	gerichteten
GESAMTWERK	10	32	Gesamtwerk
GESPRITZT	9	32	gespritzt
GEWAND	6	32	Gewand
GLIEDERN	8	32	gliedern
GLOBALER	8	32	globaler
GOETTINGER	10	32	Göttinger
GOLDENES	8	32	goldenes
GRANDIOS	8	32	grandios
GRANDIOSE	9	32	grandiose
GRAT	4	32	Grat
GRATULATION	11	32	Gratulation
GROTTE	6	32	Grotte
HAEFTLING	9	32	Häftling
HAELFTEN	8	32	Hälften
HAFENSTADT	10	32	Hafenstadt
HANDTASCHE	10	32	Handtasche
HARMONISCHE	11	32	harmonische
HAUPTHAUS	9	32	Haupthaus
HEBAMME	7	32	Hebamme
HEIMFAHRT	9	32	Heimfahrt
HEIZOEL	7	32	Heizöl
HERZOGIN	8	32	Herzogin
HINTERHALT	10	32	Hinterhalt
HOCHGRADIG	10	32	hochgradig
HOCHHAEUSER	11	32	Hochhäuser
HOERBAR	7	32	hörbar
HUNGERSNOT	10	32	Hungersnot
IMMENSEN	8	32	immensen
IMMUNITAET	10	32	Immunität
INHALTS	7	32	Inhalts
INSPEKTION	10	32	Inspektion
IRGEND	6	32	irgend
IRRTUEMER	9	32	Irrtümer
JAGUAR	6	32	Jaguar
JORDANIEN	9	32	Jordanien
JUPITER	7	32	Jupiter
KALKULATION	11	32	Kalkulation
KAMM	4	32	Kamm
KANDIDATIN	10	32	Kandidatin
KAPPE	5	32	Kappe
KIRCHENCHOR	11	32	Kirchenchor
KNABE	5	32	Knabe
KOMISCHEN	9	32	komischen
KOMMISSARE	10	32	Kommissare
KOMOEDIEN	9	32	Komödien
KOT	3	32	Kot
KRISENSTAB	10	32	Krisenstab
KUECHEN	7	32	Küchen
KUMMER	6	32	Kummer
KURSIEREN	9	32	kursieren
LAGUNE	6	32	Lagune
LAHM	4	32	lahm
LAHMGELEGT	10	32	lahmgelegt
LASTET	6	32	lastet
LEBENSJAHRE	11	32	Lebensjahre
LENKRAD	7	32	Lenkrad
LOKALISIERT	11	32	lokalisiert
LUSTIGEN	8	32	lustigen
MAERTYRER	9	32	Märtyrer
MANAGEMENTS	11	32	Managements
MANUELLEN	9	32	manuellen
MECKLENBURG	11	32	Mecklenburg
MINERALIEN	10	32	Mineralien
MITBUERGER	10	32	Mitbürger
MITTELWERT	10	32	Mittelwert
MONARCHEN	9	32	Monarchen
MONTIEREN	9	32	montieren
MORALISCH	9	32	moralisch
NAMIBIA	7	32	Namibia
NEBENROLLE	10	32	Nebenrolle
NEGATIVES	9	32	negatives
NEUNTER	7	32	Neunter
NEUZUGAENGE	11	32	Neuzugänge
NUECHTERN	9	32	nüchtern
OBJEKTES	8	32	Objektes
OBLAG	5	32	oblag
OBMANN	6	32	Obmann
OESTLICHER	10	32	östlicher
OFFENSIV	8	32	offensiv
PAKT	4	32	Pakt
PARASITEN	9	32	Parasiten
PAROLEN	7	32	Parolen
PASSIV	6	32	passiv
PENDLER	7	32	Pendler
PISTEN	6	32	Pisten
PLEITEN	7	32	Pleiten
POLEMIK	7	32	Polemik
PROJEKTION	10	32	Projektion
PROZENTSATZ	11	32	Prozentsatz
RAENGE	6	32	Ränge
RATIFIZIERT	11	32	ratifiziert
REEDER	6	32	Reeder
REICHSMARK	10	32	Reichsmark
RESSORT	7	32	Ressort
RIVALITAET	10	32	Rivalität
ROBBEN	6	32	Robben
RUECKREISE	10	32	Rückreise
SAFE	4	32	Safe
SANDTE	6	32	sandte
SCHAUM	6	32	Schaum
SCHEITEL	8	32	Scheitel
SCHLECHTHIN	11	32	schlechthin
SCHLEPPER	9	32	Schlepper
SELTSAMES	9	32	seltsames
SIEGTREFFER	11	32	Siegtreffer
SIMPLE	6	32	simple
SOLARWERTE	10	32	Solarwerte
SPAGAT	6	32	Spagat
SPEISESAAL	10	32	Speisesaal
SPEKULANTEN	11	32	Spekulanten
SPERRT	6	32	sperrt
SPIELRAEUME	11	32	Spielräume
SPUK	4	32	Spuk
STADTBAHN	9	32	Stadtbahn
STADTRATES	10	32	Stadtrates
STEIRISCHEN	11	32	steirischen
STERNS	6	32	Sterns
STREIKEN	8	32	streiken
STRENGERE	9	32	strengere
SUESSEN	7	32	süßen
TANKER	6	32	Tanker
TEAMCHEF	8	32	Teamchef
TEMPERAMENT	11	32	Temperament
TERRA	5	32	Terra
TILGUNG	7	32	Tilgung
TOBTE	5	32	tobte
TODESFALL	9	32	Todesfall
TORNADOS	8	32	Tornados
TORPEDOS	8	32	Torpedos
TRAGENDEN	9	32	tragenden
TRAURIGKEIT	11	32	Traurigkeit
TUERKISCH	9	32	Türkisch
TUNESIEN	8	32	Tunesien
TURNIERSIEG	11	32	Turniersieg
TYPUS	5	32	Typus
UEBELKEIT	9	32	Übelkeit
UEBERFAELLE	11	32	Überfälle
UEBERLAESST	11	32	überlässt
UEBERZIEHEN	11	32	überziehen
UMWEG	5	32	Umweg
UNGEFAEHRE	10	32	ungefähre
UNGESTOERT	10	32	ungestört
UNTERKIEFER	11	32	Unterkiefer
UNTERLASSEN	11	32	unterlassen
UNTRENNBAR	10	32	untrennbar
UNWICHTIG	9	32	unwichtig
VANDALISMUS	11	32	Vandalismus
VERALTETE	9	32	veraltete
VERBRENNUNG	11	32	Verbrennung
VERFEINERT	10	32	verfeinert
VERHARREN	9	32	verharren
VERLANGE	8	32	verlange
VERLEGTEN	9	32	verlegten
VERMESSUNG	10	32	Vermessung
VERSUCHUNG	10	32	Versuchung
VERTIEFEN	9	32	vertiefen
VERURTEILEN	11	32	verurteilen
VETO	4	32	Veto
VORGEGEBENE	11	32	vorgegebene
VORGELEGTEN	11	32	vorgelegten
VORSAISON	9	32	Vorsaison
VORSCHLAGEN	11	32	vorschlagen
VORZUNEHMEN	11	32	vorzunehmen
WALLFAHRT	9	32	Wallfahrt
WANDTEN	7	32	wandten
WASSERBURG	10	32	Wasserburg
WECKTE	6	32	weckte
WEHEN	5	32	Wehen
WEITSPRUNG	10	32	Weitsprung
WELTKRIEGEN	11	32	Weltkriegen
WINKTE	6	32	winkte
WITTERT	7	32	wittert
WORUEBER	8	32	Worüber
WUNDERBARES	11	32	wunderbares
ZAEHLUNG	8	32	Zählung
ZEIGER	6	32	Zeiger
ZIRKEL	6	32	Zirkel
ZUCKTE	6	32	zuckte
ZUGEGEBEN	9	32	zugegeben
ZUGEZOGEN	9	32	zugezogen
ZUTREFFEND	10	32	zutreffend
ZUZUG	5	32	Zuzug
ZWEIFACHE	9	32	zweifache
ZWICKMUEHLE	11	32	Zwickmühle
ZWINGER	7	32	Zwinger
ABGEFEUERT	10	31	abgefeuert
ABLEHNEND	9	31	ablehnend
ABLOESEN	8	31	ablösen
ABSCHUSS	8	31	Abschuss
ABSTECHER	9	31	Abstecher
ABTRENNUNG	10	31	Abtrennung
ACCOUNT	7	31	Account
AFGHANEN	8	31	Afghanen
AKUPUNKTUR	10	31	Akupunktur
AKUSTISCHEN	11	31	akustischen
AMNESTIE	8	31	Amnestie
ANFAHREN	8	31	Anfahren
ANNULLIERT	10	31	annulliert
ANORDNUNGEN	11	31	Anordnungen
ANSCHLOSS	9	31	anschloss
ANTRAT	6	31	antrat
ANTWERPEN	9	31	Antwerpen
ANZAHLUNG	9	31	Anzahlung
ASSOZIIERT	10	31	assoziiert
AUFBRECHEN	10	31	aufbrechen
AUFGEMACHT	10	31	aufgemacht
AUFGERAEUMT	11	31	aufgeräumt
AUFKLEBER	9	31	Aufkleber
AUFRUESTUNG	11	31	Aufrüstung
AUFZULOESEN	11	31	aufzulösen
AUSGEREIFT	10	31	ausgereift
AUSGRENZUNG	11	31	Ausgrenzung
AUSSPRECHEN	11	31	aussprechen
AUSZAHLEN	9	31	auszahlen
AXT	3	31	Axt
BAMBERGER	9	31	Bamberger
BANKIERS	8	31	Bankiers
BECKENS	7	31	Beckens
BEDURFTE	8	31	bedurfte
BEFREITEN	9	31	befreiten
BEGEHRTEN	9	31	begehrten
BELIEBTESTE	11	31	beliebteste
BEMAENGELTE	11	31	bemängelte
BEREITE	7	31	bereite
BESCHIEDEN	10	31	beschieden
BEURLAUBT	9	31	beurlaubt
BIRMINGHAM	10	31	Birmingham
BLEIBENDE	9	31	bleibende
BRAEUTIGAM	10	31	Bräutigam
BREI	4	31	Brei
BUCHTEN	7	31	Buchten
BULGAREN	8	31	Bulgaren
BUNDESTAGS	10	31	Bundestags
BURSCHEN	8	31	Burschen
CABRIO	6	31	Cabrio
CHAMPAGNER	10	31	Champagner
COUNTDOWN	9	31	Countdown
DARFST	6	31	darfst
DATENSAETZE	11	31	Datensätze
DAUERNDEN	9	31	dauernden
DEICH	5	31	Deich
DELLE	5	31	delle
DERJENIGEN	10	31	derjenigen
DIAGRAMM	8	31	Diagramm
DIAKONIE	8	31	Diakonie
DIEBSTAEHLE	11	31	Diebstähle
DOLMETSCHER	11	31	Dolmetscher
DOMIZIL	7	31	Domizil
DONNERSTAGS	11	31	donnerstags
DORNEN	6	31	Dornen
DREIECKIGEN	11	31	dreieckigen
DURCHQUEREN	11	31	durchqueren
ECUADOR	7	31	Ecuador
EHRGEIZIGE	10	31	ehrgeizige
EHRLICHE	8	31	ehrliche
EINBAUEN	8	31	einbauen
EINSPAREN	9	31	einsparen
EINSTAND	8	31	Einstand
EMIGRIERTE	10	31	emigrierte
ERAHNEN	7	31	erahnen
ERBSCHAFT	9	31	Erbschaft
ERFINDEN	8	31	erfinden
ERFREUEN	8	31	erfreuen
ERGREIFT	8	31	ergreift
ERSCHOSS	8	31	erschoss
ERSTICKEN	9	31	ersticken
ERZIEHERIN	10	31	Erzieherin
EUROPACUP	9	31	Europacup
FAHRGAST	8	31	Fahrgast
FEIERSTUNDE	11	31	Feierstunde
FENSTERS	8	31	Fensters
FIRMIERTE	9	31	firmierte
FIXIERUNG	9	31	Fixierung
FLEISCHER	9	31	Fleischer
FLIEGE	6	31	Fliege
FLUECHTIG	9	31	flüchtig
FLUGZEUGS	9	31	Flugzeugs
FORDERE	7	31	fordere
FORMIERT	8	31	formiert
FRAGEND	7	31	fragend
FREUTEN	7	31	freuten
FROHE	5	31	frohe
FRUEHES	7	31	frühes
GBYTE	5	31	GByte
GEAENDERTE	10	31	geänderte
GEGENSTIMME	11	31	Gegenstimme
GEGRILLT	8	31	gegrillt
GEKLEBT	7	31	geklebt
GELENKE	7	31	Gelenke
GEORGISCHE	10	31	georgische
GEPLAGT	7	31	geplagt
GESCHUETZ	9	31	Geschütz
GESCHWADER	10	31	Geschwader
GEWICHTUNG	10	31	Gewichtung
GILDE	5	31	Gilde
GRAEBERFELD	11	31	Gräberfeld
GRAPHISCHE	10	31	graphische
GRAUSAME	8	31	grausame
GRUNDIDEE	9	31	Grundidee
GRUNDREGELN	11	31	Grundregeln
HAFTBEFEHLE	11	31	Haftbefehle
HAUPTPORTAL	11	31	Hauptportal
HEISSES	7	31	heißes
HERBE	5	31	herbe
HINGENOMMEN	11	31	hingenommen
HINUEBER	8	31	hinüber
HOBEN	5	31	hoben
HOCHGEZOGEN	11	31	hochgezogen
HOEHENLAGE	10	31	Höhenlage
HOHLRAUM	8	31	Hohlraum
HOMEPAGES	9	31	Homepages
HOMPAGE	7	31	Hompage
IGEL	4	31	Igel
IMPERIUM	8	31	Imperium
INDIANERN	9	31	Indianern
INDIZIERT	9	31	indiziert
INFORMATIVE	11	31	informative
ISERLOHN	8	31	Iserlohn
JAHRELANGEN	11	31	jahrelangen
JUSOS	5	31	Jusos
KARATE	6	31	Karate
KARFREITAG	10	31	Karfreitag
KASSIEREN	9	31	kassieren
KATALYSATOR	11	31	Katalysator
KENNZAHLEN	10	31	Kennzahlen
KIES	4	31	Kies
KLEINKINDER	11	31	Kleinkinder
KOLLEGINNEN	11	31	Kolleginnen
KOMBINIERTE	11	31	kombinierte
KOMISCHE	8	31	komische
KOMPASS	7	31	Kompass
KREISEL	7	31	Kreisel
KRONROEHRE	10	31	Kronröhre
KUERZEN	7	31	kürzen
KUNSTWERKEN	11	31	Kunstwerken
LANDESEBENE	11	31	Landesebene
LANZETTLICH	11	31	lanzettlich
LAPTOPS	7	31	Laptops
LUKRATIVE	9	31	lukrative
MAECHTIGER	10	31	mächtiger
MAGISTER	8	31	Magister
MAILEN	6	31	mailen
MAKLER	6	31	Makler
MANDANTEN	9	31	Mandanten
MARKTWERT	9	31	Marktwert
MASKOTTCHEN	11	31	Maskottchen
MATROSEN	8	31	Matrosen
MEERE	5	31	Meere
MEHRHEITEN	10	31	Mehrheiten
MEHRWERT	8	31	Mehrwert
MEINST	6	31	meinst
MENUEPUNKT	10	31	Menüpunkt
MEXICO	6	31	Mexico
MISSISSIPPI	11	31	Mississippi
MITNAHME	8	31	Mitnahme
MIXED	5	31	Mixed
MOEBELN	7	31	Möbeln
MONUMENTALE	11	31	monumentale
NACHTEILIG	10	31	Nachteilig
NAHER	5	31	naher
NEIDISCH	8	31	neidisch
NEIGE	5	31	Neige
NIEDERRHEIN	11	31	Niederrhein
NIEREN	6	31	Nieren
NUTZLAST	8	31	Nutzlast
OASE	4	31	Oase
OFFLINE	7	31	offline
OPTIMALER	9	31	optimaler
PALERMO	7	31	Palermo
PANIKMACHE	10	31	Panikmache
PASSIVEN	8	31	passiven
PATENSCHAFT	11	31	Patenschaft
PFORZHEIM	9	31	Pforzheim
PIER	4	31	Pier
PIXELN	6	31	Pixeln
PLAGT	5	31	plagt
PLAKETTE	8	31	Plakette
POKER	5	31	Poker
PRAGMATISCH	11	31	pragmatisch
PREISKAMPF	10	31	Preiskampf
PROPHET	7	31	Prophet
PUBLIZIEREN	11	31	publizieren
QUECKSILBER	11	31	Quecksilber
RAJON	5	31	Rajon
RAMPENLICHT	11	31	Rampenlicht
RECHTSSTAAT	11	31	Rechtsstaat
REGENS	6	31	Regens
ROMANTISCH	10	31	romantisch
ROVER	5	31	Rover
RUBEL	5	31	Rubel
RUECKBAU	8	31	Rückbau
RUESTET	7	31	rüstet
RUNDER	6	31	runder
SACHLAGE	8	31	Sachlage
SCHAERFSTE	10	31	Schärfste
SCHAREN	7	31	Scharen
SCHLEUSEN	9	31	Schleusen
SCHMILZT	8	31	schmilzt
SCHMUNZELN	10	31	Schmunzeln
SCHREIE	7	31	Schreie
SCHUESSEN	9	31	Schüssen
SEEHOEHE	8	31	Seehöhe
SEHNEN	6	31	Sehnen
SENSIBLE	8	31	sensible
SERIOES	7	31	seriös
SEXY	4	31	sexy
SHERIFF	7	31	Sheriff
SHUTTLE	7	31	Shuttle
SIEGREICHEN	11	31	siegreichen
SILBE	5	31	Silbe
SOLISTEN	8	31	Solisten
SOLOALBUM	9	31	Soloalbum
SPECK	5	31	Speck
SPORTLERN	9	31	Sportlern
SPOT	4	31	Spot
SPRINTER	8	31	Sprinter
STADTRATS	9	31	Stadtrats
STANDHALTEN	11	31	standhalten
STETIGE	7	31	stetige
STEUERRECHT	11	31	Steuerrecht
STIER	5	31	Stier
STREICH	7	31	Streich
STREUBESITZ	11	31	Streubesitz
STROMPREISE	11	31	Strompreise
STUECKES	8	31	Stückes
SWISSCOM	8	31	Swisscom
SYMPTOMEN	9	31	Symptomen
TALES	5	31	Tales
TAUGT	5	31	taugt
TERMINEN	8	31	Terminen
THERMISCHE	10	31	thermische
TIERISCHEN	10	31	tierischen
TODESOPFERN	11	31	Todesopfern
TOLERIERT	9	31	toleriert
TORF	4	31	Torf
TRAINERIN	9	31	Trainerin
TRAUMA	6	31	Trauma
TROPEN	6	31	Tropen
TSUNAMI	7	31	Tsunami
TUETE	5	31	Tüte
TURBINEN	8	31	Turbinen
TURNEN	6	31	Turnen
UEBERFLUSS	10	31	Überfluss
UEBERLAGERT	11	31	überlagert
UEBERLEGUNG	11	31	Überlegung
UMGEDREHT	9	31	umgedreht
UMGEKEHRTEN	11	31	umgekehrten
UMGESIEDELT	11	31	umgesiedelt
UNGEAHNTE	9	31	ungeahnte
UNGEBREMST	10	31	ungebremst
UNGENAU	7	31	ungenau
UNSICHTBARE	11	31	unsichtbare
UNTERBRICHT	11	31	unterbricht
UNTERHAUS	9	31	Unterhaus
UNTERSTE	8	31	unterste
VERBOTENE	9	31	verbotene
VERGING	7	31	verging
VERKAEUFEN	10	31	Verkäufen
VERLEIH	7	31	Verleih
VERSCHICKEN	11	31	verschicken
VERSENDET	9	31	versendet
VERSOEHNT	9	31	versöhnt
VERTAN	6	31	vertan
VERWURZELT	10	31	verwurzelt
VIERTELS	8	31	Viertels
VORZUG	6	31	Vorzug
VORZULEGEN	10	31	vorzulegen
WEITEREM	8	31	weiterem
WERKSTOFF	9	31	Werkstoff
WOHLWOLLEND	11	31	wohlwollend
WOHNFLAECHE	11	31	Wohnfläche
ZAESUR	6	31	Zäsur
ZIEGELEI	8	31	Ziegelei
ZINS	4	31	Zins
ZURUECKZOG	10	31	zurückzog
ZUSEHEN	7	31	zusehen
ZUSTAENDEN	10	31	Zuständen
ABGEFANGEN	10	30	abgefangen
ABGEFUELLT	10	30	abgefüllt
ABGELAUFENE	11	30	abgelaufene
ABGELENKT	9	30	abgelenkt
ABSCHALTUNG	11	30	Abschaltung
ABSCHNITTS	10	30	Abschnitts
ABWEGIG	7	30	abwegig
ABWEHREN	8	30	abwehren
ABZUSEHEN	9	30	abzusehen
ACCESSOIRES	11	30	Accessoires
ADELIGE	7	30	Adelige
AGGRESSIVER	11	30	aggressiver
AKTEUR	6	30	Akteur
ALGORITHMEN	11	30	Algorithmen
ALTARBILD	9	30	Altarbild
AMPELN	6	30	Ampeln
AMTS	4	30	Amts
AMTSBLATT	9	30	Amtsblatt
ANFLUG	6	30	Anflug
ANGEFALLEN	10	30	angefallen
ANGEORDNETE	11	30	angeordnete
ANGESEHENEN	11	30	angesehenen
ANGLEICHUNG	11	30	Angleichung
ANHALTEND	9	30	anhaltend
ANIME	5	30	Anime
ANLEITUNGEN	11	30	Anleitungen
ANLIEFERUNG	11	30	Anlieferung
ANLIEGENDEN	11	30	anliegenden
ANTRITT	7	30	Antritt
ARGUMENTEN	10	30	Argumenten
AUFWIND	7	30	Aufwind
AUFZEIGEN	9	30	aufzeigen
AUSGELOBT	9	30	ausgelobt
AUSGEREIZT	10	30	ausgereizt
AUSGESEHEN	10	30	ausgesehen
AUSSCHNITTE	11	30	Ausschnitte
AUSSENWAND	10	30	Außenwand
AUSSTELLEN	10	30	ausstellen
AUSWEISEN	9	30	ausweisen
BALLADEN	8	30	Balladen
BAUBRANCHE	10	30	Baubranche
BAUJAHR	7	30	Baujahr
BAULICH	7	30	baulich
BAUWESEN	8	30	Bauwesen
BEACHTE	7	30	beachte
BEDECKTE	8	30	bedeckte
BEGEBENHEIT	11	30	Begebenheit
BEHAARUNG	9	30	Behaarung
BEHILFLICH	10	30	behilflich
BEIERSDORF	10	30	Beiersdorf
BEIGETRETEN	11	30	beigetreten
BEIRUT	6	30	Beirut
BEISSEN	7	30	beißen
BELASTE	7	30	belaste
BEMALUNG	8	30	Bemalung
BEORDERT	8	30	beordert
BEPFLANZUNG	11	30	Bepflanzung
BERGSTEIGER	11	30	Bergsteiger
BERLINERN	9	30	Berlinern
BERUHIGTE	9	30	beruhigte
BESSERER	8	30	besserer
BETREFFE	8	30	betreffe
BETRIEBSHOF	11	30	Betriebshof
BEWAHRTE	8	30	bewahrte
BEWIRKTE	8	30	bewirkte
BLAEST	6	30	bläst
BLASEN	6	30	Blasen
BOMBER	6	30	Bomber
BRANDSCHUTZ	11	30	Brandschutz
BUNDESBAHN	10	30	Bundesbahn
CONTEST	7	30	Contest
DEMOVERSION	11	30	Demoversion
DILLINGEN	9	30	Dillingen
DISTANZEN	9	30	Distanzen
DRACHE	6	30	Drache
DREITAEGIGE	11	30	dreitägige
DURCHBLICK	10	30	Durchblick
EHEFRAUEN	9	30	Ehefrauen
EINBINDEN	9	30	einbinden
EINSCHALTEN	11	30	einschalten
EINSCHLAFEN	11	30	Einschlafen
EINSETZUNG	10	30	Einsetzung
ELSTER	6	30	Elster
EMIGRANTEN	10	30	Emigranten
EMPFAND	7	30	empfand
ENTLADEN	8	30	entladen
ERBETEN	7	30	erbeten
ERFOLGTER	9	30	erfolgter
ERHALTET	8	30	erhaltet
ERLEBNISSEN	11	30	Erlebnissen
EXPANDIERTE	11	30	expandierte
EXPOSITION	10	30	Exposition
EXTREMER	8	30	extremer
FAHRENDEN	9	30	fahrenden
FAHRGAESTEN	11	30	Fahrgästen
FEINUNZE	8	30	Feinunze
FESTEM	6	30	festem
FLIESEN	7	30	Fliesen
FLUESSIGE	9	30	flüssige
FLUESSIGEN	10	30	flüssigen
FLUGES	6	30	Fluges
FLUKTUATION	11	30	Fluktuation
FORUMS	6	30	Forums
FRECHHEIT	9	30	Frechheit
FRIEDHOEFE	10	30	Friedhöfe
FRISEUR	7	30	Friseur
FUHRPARK	8	30	Fuhrpark
FUSSES	6	30	Fußes
GEBRAUCHTEN	11	30	gebrauchten
GEBRUEDER	9	30	Gebrüder
GEBUNDENE	9	30	gebundene
GEDEIHEN	8	30	gedeihen
GEFOLTERT	9	30	gefoltert
GEKLAUT	7	30	geklaut
GEKNACKT	8	30	geknackt
GELADENE	8	30	geladene
GELBER	6	30	gelber
GELDBETRAG	10	30	Geldbetrag
GELDMANGEL	10	30	Geldmangel
GELUEFTET	9	30	gelüftet
GENIALE	7	30	geniale
GEPLANTER	9	30	geplanter
GERINGEREM	10	30	geringerem
GESCHAFFENE	11	30	geschaffene
GESPROCHENE	11	30	gesprochene
GESPUELT	8	30	gespült
GEWALTIGES	10	30	gewaltiges
GEWOHNTE	8	30	gewohnte
GEWOHNTEN	9	30	gewohnten
GROENLAND	9	30	Grönland
GRUENANLAGE	11	30	Grünanlage
GRUNDZUEGE	10	30	Grundzüge
GUTSCHEINE	10	30	Gutscheine
HAENGENDEN	10	30	hängenden
HAEUFTEN	8	30	häuften
HAEUPTLING	10	30	Häuptling
HAI	3	30	Hai
HANDBALLER	10	30	Handballer
HANDGELENK	10	30	Handgelenk
HANDVOLL	8	30	Handvoll
HEIMRECHT	9	30	Heimrecht
HERBERGE	8	30	Herberge
HERRSCHERS	10	30	Herrschers
HERVORGING	10	30	hervorging
HEU	3	30	Heu
HIERAN	6	30	Hieran
HINGEZOGEN	10	30	hingezogen
HINKT	5	30	hinkt
HOMMAGE	7	30	Hommage
HOMO	4	30	Homo
HOUSTON	7	30	Houston
IDEALFALL	9	30	Idealfall
INOFFIZIELL	11	30	inoffiziell
INTEGRITAET	11	30	Integrität
IRANER	6	30	Iraner
JOKER	5	30	Joker
JUGENDHILFE	11	30	Jugendhilfe
KAEMMERER	9	30	Kämmerer
KAISERZEIT	10	30	Kaiserzeit
KAMMERMUSIK	11	30	Kammermusik
KANTONALEN	10	30	kantonalen
KEIL	4	30	Keil
KERNSTADT	9	30	Kernstadt
KITAS	5	30	Kitas
KLAEGERS	8	30	Klägers
KLEBT	5	30	klebt
KNOEPFE	7	30	Knöpfe
KNUEPFTE	8	30	knüpfte
KOENIGSHOF	10	30	Königshof
KOLLEKTIVEN	11	30	kollektiven
KOMPAKTER	9	30	kompakter
KOMPONIEREN	11	30	komponieren
KONGO	5	30	Kongo
KONSISTENZ	10	30	Konsistenz
KONTAKTIERT	11	30	kontaktiert
KONTRAKTE	9	30	Kontrakte
KONZEPTS	8	30	Konzepts
KORREKTEN	9	30	korrekten
KRAUT	5	30	Kraut
KUEHNE	6	30	Kühne
KUNSTVOLL	9	30	kunstvoll
KURATOR	7	30	Kurator
KURDISCHE	9	30	kurdische
LACKIERUNG	10	30	Lackierung
LADEZEITEN	10	30	Ladezeiten
LAZARETT	8	30	Lazarett
LEBENDIGEN	10	30	lebendigen
LEUCHTENDEN	11	30	leuchtenden
LIBERAL	7	30	liberal
MACHTHABER	10	30	Machthaber
MAHNUNG	7	30	Mahnung
MAUSOLEUM	9	30	Mausoleum
MEERES	6	30	Meeres
METAPHER	8	30	Metapher
MEXIKANER	9	30	Mexikaner
MILDER	6	30	milder
MINIMALEN	9	30	minimalen
MITREDEN	8	30	mitreden
MITTEILTE	9	30	mitteilte
NACHBARLAND	11	30	Nachbarland
NACHBEBEN	9	30	Nachbeben
NAECHTEN	8	30	Nächten
NEBENWERTE	10	30	Nebenwerte
NEHMT	5	30	Nehmt
NETTES	6	30	nettes
NEUAUFBAU	9	30	Neuaufbau
NEULICH	7	30	Neulich
NOTIERUNG	9	30	Notierung
OBDACHLOSEN	11	30	Obdachlosen
OBERFRANKEN	11	30	Oberfranken
OBJEKTIVEN	10	30	objektiven
OBSTBAU	7	30	Obstbau
OKAY	4	30	okay
OLYMPIADE	9	30	Olympiade
OPERETTE	8	30	Operette
ORGELEMPORE	11	30	Orgelempore
OSTUFER	7	30	Ostufer
PALAZZO	7	30	Palazzo
PAPIEREN	8	30	Papieren
PARAGUAY	8	30	Paraguay
PASSTEN	7	30	passten
PERLE	5	30	Perle
PFAND	5	30	Pfand
PFEIFE	6	30	Pfeife
PFLEGEHEIM	10	30	Pflegeheim
PHOTOS	6	30	Photos
PICKNICK	8	30	Picknick
PIZZA	5	30	Pizza
PLAKATEN	8	30	Plakaten
PLAZA	5	30	Plaza
POPMUSIK	8	30	Popmusik
PRAECHTIGEN	11	30	prächtigen
PREISGELDER	11	30	Preisgelder
PUNKTGLEICH	11	30	punktgleich
RASTE	5	30	raste
RATTE	5	30	Ratte
RAVENSBURG	10	30	Ravensburg
REISEBUEROS	11	30	Reisebüros
REISEPASS	9	30	Reisepass
RIESE	5	30	Riese
ROETLICHEN	10	30	rötlichen
RUNDFAHRT	9	30	Rundfahrt
SAATGUT	7	30	Saatgut
SAUERLAND	9	30	Sauerland
SBERBANK	8	30	Sberbank
SCHAFEN	7	30	Schafen
SCHAM	5	30	Scham
SCHEIDE	7	30	Scheide
SCHEUNEN	8	30	Scheunen
SCHICK	6	30	Schick
SCHLEIFEN	9	30	Schleifen
SCHLUCKEN	9	30	schlucken
SCHMECKTE	9	30	schmeckte
SCHMUTZIG	9	30	schmutzig
SCHULBESUCH	11	30	Schulbesuch
SCHULDIENST	11	30	Schuldienst
SENDERN	7	30	Sendern
SHOWDOWN	8	30	Showdown
SIMBABWE	8	30	Simbabwe
SINKE	5	30	sinke
SITZBANK	8	30	Sitzbank
SKANDALE	8	30	Skandale
SOLIDES	7	30	solides
SOLIST	6	30	Solist
SPAETANTIKE	11	30	Spätantike
SPALTET	7	30	spaltet
SPENDETE	8	30	spendete
SPRITZEN	8	30	Spritzen
STADTPARK	9	30	Stadtpark
STADTRECHTE	11	30	Stadtrechte
STAMMSITZ	9	30	Stammsitz
STAUBFAEDEN	11	30	Staubfäden
STEIGERTEN	10	30	steigerten
STIMMRECHT	10	30	Stimmrecht
STREICHER	9	30	Streicher
STREITFALL	10	30	Streitfall
SUBSTRAT	8	30	Substrat
SUITE	5	30	Suite
SUPERLATIVE	11	30	Superlative
TAELERN	7	30	Tälern
TAETERIN	8	30	Täterin
TEDDY	5	30	Teddy
TEILHABE	8	30	Teilhabe
TESTFAHRTEN	11	30	Testfahrten
TEUFELS	7	30	Teufels
THRONT	6	30	thront
TIERGARTEN	10	30	Tiergarten
TIERHALTUNG	11	30	Tierhaltung
TOKYO	5	30	Tokyo
TOULOUSE	8	30	Toulouse
TOURNEEN	8	30	Tourneen
TRACHT	6	30	Tracht
TRAUTE	6	30	traute
TRIBUENEN	9	30	Tribünen
TROESTEN	8	30	trösten
TURBULENT	9	30	turbulent
TURBULENTE	10	30	turbulente
UEPPIG	6	30	üppig
UMGEKEHRTE	10	30	umgekehrte
UMSATZPLUS	10	30	Umsatzplus
UNBELIEBT	9	30	unbeliebt
UNFAIR	6	30	unfair
UNGEDULDIG	10	30	ungeduldig
UNGELOEST	9	30	ungelöst
UNSCHARF	8	30	unscharf
UREINWOHNER	11	30	Ureinwohner
VAKANT	6	30	vakant
VENTIL	6	30	Ventil
VERBLUEFFT	10	30	verblüfft
VERDIENTER	10	30	verdienter
VEREINES	8	30	Vereines
VERFECHTER	10	30	Verfechter
VERFRUEHT	9	30	verfrüht
VERJUENGT	9	30	verjüngt
VERLADEN	8	30	verladen
VERLASSE	8	30	verlasse
VERMINDERTE	11	30	verminderte
VERPRUEGELT	11	30	verprügelt
VERRICHTEN	10	30	verrichten
VERSCHULDEN	11	30	Verschulden
VERSPAETET	10	30	verspätet
VERTRAEGT	9	30	verträgt
VERWACHSEN	10	30	verwachsen
VISUELLEN	9	30	visuellen
VOELLIGER	9	30	völliger
VORDRINGEN	10	30	Vordringen
VORGEHALTEN	11	30	vorgehalten
VORPLATZ	8	30	Vorplatz
WAAGERECHT	10	30	waagerecht
WAHLSIEG	8	30	Wahlsieg
WAHRHEITEN	10	30	Wahrheiten
WEBCAM	6	30	Webcam
WEINT	5	30	weint
WENDUNG	7	30	Wendung
WERKSTOFFE	10	30	Werkstoffe
WERKSTUECK	10	30	Werkstück
WERTES	6	30	Wertes
WESTTEIL	8	30	Westteil
WESTWAND	8	30	Westwand
WIDERWILLIG	11	30	widerwillig
WILLENS	7	30	Willens
WOHLFUEHLEN	11	30	Wohlfühlen
YACHTEN	7	30	Yachten
ZEREMONIEN	10	30	Zeremonien
ZOEGERTE	8	30	zögerte
ZOELLNER	8	30	Zöllner
ZUGEGEN	7	30	zugegen
ZUSCHLAEGE	10	30	Zuschläge
ABDRUCK	7	29	Abdruck
ABLEHNT	7	29	ablehnt
ABLENKUNG	9	29	Ablenkung
ABWERTUNG	9	29	Abwertung
ABZWEIG	7	29	Abzweig
ADAEQUATE	9	29	adäquate
ADIDAS	6	29	Adidas
ADRESSATEN	10	29	Adressaten
AEBTISSIN	9	29	Äbtissin
AEUSSERER	9	29	äußerer
AHNT	4	29	ahnt
AKUSTIK	7	29	Akustik
ALBUMCHARTS	11	29	Albumcharts
ALPINEN	7	29	alpinen
AMEISEN	7	29	Ameisen
ANFASSEN	8	29	Anfassen
ANFERTIGEN	10	29	anfertigen
ANGEPASSTE	10	29	angepasste
ANGESTEUERT	11	29	angesteuert
ANHAENGIG	9	29	anhängig
ANSTECKUNG	10	29	Ansteckung
ANVISIERT	9	29	anvisiert
AREALS	6	29	Areals
ATOMENERGIE	11	29	Atomenergie
AUFREGENDE	10	29	aufregende
AUFTAUCHT	9	29	auftaucht
AUSGEBEUTET	11	29	ausgebeutet
AUSGEROTTET	11	29	ausgerottet
AUSHALTEN	9	29	aushalten
AUSKLANG	8	29	Ausklang
AUSSETZEN	9	29	aussetzen
AUSSUCHEN	9	29	aussuchen
AVANTGARDE	10	29	Avantgarde
BASEN	5	29	Basen
BAUSTIL	7	29	Baustil
BAYERISCHER	11	29	bayerischer
BEDINGTE	8	29	bedingte
BEGEHRTE	8	29	begehrte
BEGUTACHTET	11	29	begutachtet
BESATZER	8	29	Besatzer
BESCHWEREN	10	29	beschweren
BEWEGLICHE	10	29	bewegliche
BINDE	5	29	Binde
BLENDEN	7	29	Blenden
BRAENDEN	8	29	Bränden
BRAUCHTUM	9	29	Brauchtum
BUB	3	29	Bub
BUCHS	5	29	Buchs
CHINESISCH	10	29	Chinesisch
CHIRURGEN	9	29	Chirurgen
CUXHAVEN	8	29	Cuxhaven
DAEMON	6	29	Dämon
DAMASKUS	8	29	Damaskus
DEMUETIGUNG	11	29	Demütigung
DEPORTATION	11	29	Deportation
DERARTIGES	10	29	derartiges
DIKTATOR	8	29	Diktator
DIREKTES	8	29	direktes
DIREKTORIN	10	29	Direktorin
DIVA	4	29	Diva
DREIFACH	8	29	dreifach
DRUCKLUFT	9	29	Druckluft
DUALEN	6	29	dualen
DUETT	5	29	Duett
DURCHLAEUFT	11	29	durchläuft
DURCHSCHAUT	11	29	durchschaut
DURCHSETZT	10	29	durchsetzt
EIFER	5	29	Eifer
EIGNER	6	29	Eigner
EILIG	5	29	eilig
EILTE	5	29	eilte
EINFALL	7	29	Einfall
EINGEKEHRT	10	29	eingekehrt
EINIGEM	7	29	einigem
EINMALIGES	10	29	einmaliges
EINWIRKUNG	10	29	Einwirkung
EINZELHOEFE	11	29	Einzelhöfe
EINZELTEILE	11	29	Einzelteile
EIWEISS	7	29	Eiweiß
ELECTRONIC	10	29	Electronic
ELEKTRODEN	10	29	Elektroden
ELFTE	5	29	elfte
ENDGERAETE	10	29	Endgeräte
ENDUNG	6	29	Endung
ENGES	5	29	enges
ENKELIN	7	29	Enkelin
ENTHALTENE	10	29	enthaltene
ENTKOMMT	8	29	entkommt
ERFINDUNGEN	11	29	Erfindungen
ERFUELLE	8	29	erfülle
ERGAENZENDE	11	29	ergänzende
ERHOFFEN	8	29	erhoffen
ERINNERTEN	10	29	erinnerten
ERLEUCHTET	10	29	erleuchtet
ERMORDEN	8	29	ermorden
ERWIRBT	7	29	erwirbt
ESKALIERTE	10	29	eskalierte
EUPHORISCH	10	29	euphorisch
EXKURSION	9	29	Exkursion
EXPLODIEREN	11	29	explodieren
FEHDE	5	29	Fehde
FEHLERFREI	10	29	fehlerfrei
FEINES	6	29	feines
FESSELN	7	29	Fesseln
FLEISS	6	29	Fleiß
FLIESSENDE	10	29	fließende
FLUEGGE	7	29	flügge
FORMSACHE	9	29	Formsache
FRANCHISE	9	29	Franchise
FUETTERUNG	10	29	Fütterung
GAGE	4	29	Gage
GANGART	7	29	Gangart
GAU	3	29	Gau
GEBURTEN	8	29	Geburten
GEFUERCHTET	11	29	gefürchtet
GEISEL	6	29	Geisel
GERINGERER	10	29	geringerer
GERUEHRT	8	29	gerührt
GESPUERT	8	29	gespürt
GESTRAFFT	9	29	gestrafft
GESUNKENEN	10	29	gesunkenen
GLASHUETTE	10	29	Glashütte
GREMIUMS	8	29	Gremiums
GROSSRAUM	9	29	Großraum
GUMMI	5	29	Gummi
HANSEATEN	9	29	Hanseaten
HAUSAERZTE	10	29	Hausärzte
HAUTFARBE	9	29	Hautfarbe
HERVORRUFEN	11	29	hervorrufen
HEXEREI	7	29	Hexerei
HIESSEN	7	29	hießen
HILFSBEREIT	11	29	hilfsbereit
HINSPIELE	9	29	Hinspiele
HOLZES	6	29	Holzes
HUEBSCH	7	29	hübsch
HUEGELS	7	29	Hügels
HUEPFBURG	9	29	Hüpfburg
HUMAN	5	29	Human
IGNORANZ	8	29	Ignoranz
INSTITUTEN	10	29	Instituten
INSTRUMENTS	11	29	Instruments
INTENSIVES	10	29	intensives
JAHRELANGER	11	29	jahrelanger
JAHRESHOCH	10	29	Jahreshoch
JAHRGAENGE	10	29	Jahrgänge
JAHRZEHNTS	10	29	Jahrzehnts
JAMMERN	7	29	Jammern
JUENGSTES	9	29	Jüngstes
KAISERREICH	11	29	Kaiserreich
KALB	4	29	Kalb
KANALS	6	29	Kanals
KASSIERTEN	10	29	kassierten
KENNWORT	8	29	Kennwort
KLAUSEL	7	29	Klausel
KLEBEN	6	29	kleben
KLEBER	6	29	Kleber
KLEMME	6	29	Klemme
KLERUS	6	29	Klerus
KLEVE	5	29	Kleve
KLIENTEL	8	29	Klientel
KLISCHEE	8	29	Klischee
KNEIPEN	7	29	Kneipen
KOECHIN	7	29	Köchin
KOMIK	5	29	Komik
KOMPETENTEN	11	29	kompetenten
KREATIVES	9	29	Kreatives
KREIST	6	29	kreist
KRIMIS	6	29	Krimis
KROKODIL	8	29	Krokodil
KUBANISCHEN	11	29	kubanischen
KUR	3	29	Kur
LAEHMUNG	8	29	Lähmung
LAGERT	6	29	lagert
LEBHAFTE	8	29	lebhafte
LEERSTAND	9	29	Leerstand
LEICHTEM	8	29	leichtem
LEITSTELLE	10	29	Leitstelle
LOESCHUNG	9	29	Löschung
LOKS	4	29	Loks
LOSLASSEN	9	29	loslassen
MAEUSEN	7	29	Mäusen
MAGER	5	29	mager
MALERIN	7	29	Malerin
MALERISCHE	10	29	malerische
MANAGERN	8	29	Managern
MANIFEST	8	29	Manifest
MASSIVEM	8	29	massivem
MASTERPLAN	10	29	Masterplan
MAZEDONIEN	10	29	Mazedonien
MEDIATION	9	29	Mediation
MERKTE	6	29	merkte
MODERNSTER	10	29	modernster
MOSAIK	6	29	Mosaik
MUNDART	7	29	Mundart
NACHGEHEN	9	29	nachgehen
NACHHOLEN	9	29	nachholen
NACHLASSEN	10	29	nachlassen
NACKTEN	7	29	nackten
NAEHERT	7	29	nähert
NETZTEIL	8	29	Netzteil
NEWCOMER	8	29	Newcomer
NORMANDIE	9	29	Normandie
NOTLAGE	7	29	Notlage
OBERSTER	8	29	oberster
ORGANEN	7	29	Organen
ORIGINALS	9	29	Originals
PARODIE	7	29	Parodie
PARTIKEL	8	29	Partikel
PARZELLEN	9	29	Parzellen
PATEN	5	29	Paten
PEITSCHE	8	29	Peitsche
PERFEKTER	9	29	perfekter
PERIPHERIE	10	29	Peripherie
PFEILERN	8	29	Pfeilern
PLANTAGEN	9	29	Plantagen
PRAESIDIUMS	11	29	Präsidiums
PRIMAEREN	9	29	primären
PROGRESSIVE	11	29	Progressive
PROMINENZ	9	29	Prominenz
RAEUMTEN	8	29	räumten
RANCH	5	29	Ranch
RANGERS	7	29	Rangers
RANNTEN	7	29	rannten
RATSAM	6	29	ratsam
RAUMS	5	29	Raums
REGALE	6	29	Regale
REGULIEREN	10	29	regulieren
RINGMAUER	9	29	Ringmauer
SANDE	5	29	Sande
SCHAR	5	29	Schar
SCHLANKER	9	29	schlanker
SCHLAPPE	8	29	Schlappe
SCHMERZT	8	29	schmerzt
SCHONEN	7	29	schonen
SCHREIBENS	10	29	Schreibens
SCHUFEN	7	29	schufen
SCHULTAG	8	29	Schultag
SCHULWESEN	10	29	Schulwesen
SCHWACHSINN	11	29	Schwachsinn
SCHWEBTE	8	29	schwebte
SEHENSWERTE	11	29	sehenswerte
SEQUENZ	7	29	Sequenz
SERVERN	7	29	Servern
SIERRA	6	29	Sierra
SIGNALEN	8	29	Signalen
SOELDNER	8	29	Söldner
SOEST	5	29	Soest
SOLARANLAGE	11	29	Solaranlage
SOSSE	5	29	Soße
SOUTHERN	8	29	Southern
SPRACHLOS	9	29	sprachlos
STAATLICHES	11	29	staatliches
STAATSRAT	9	29	Staatsrat
STADTWERKEN	11	29	Stadtwerken
STANGEN	7	29	Stangen
STECKDOSE	9	29	Steckdose
STECKE	6	29	stecke
STICKSTOFF	10	29	Stickstoff
STILS	5	29	Stils
STOCKT	6	29	stockt
STRAFRECHT	10	29	Strafrecht
SUBJEKTIV	9	29	subjektiv
SUDAN	5	29	Sudan
SUENDEN	7	29	Sünden
SUMPF	5	29	Sumpf
SUPERSTAR	9	29	Superstar
SUPREME	7	29	Supreme
TANKEN	6	29	Tanken
TARIFRUNDE	10	29	Tarifrunde
TATVERDACHT	11	29	Tatverdacht
TAUZIEHEN	9	29	Tauziehen
TORES	5	29	Tores
TORHAUS	7	29	Torhaus
TRAEGERN	8	29	Trägern
TROCKNUNG	9	29	Trocknung
TRUEB	5	29	trüb
UEBERDENKEN	11	29	überdenken
UEBERROLLT	10	29	überrollt
UMGEBENDE	9	29	umgebende
UMGEKEHRTER	11	29	umgekehrter
UMGELEGT	8	29	umgelegt
UNGENUEGEND	11	29	ungenügend
UNGEWOHNT	9	29	ungewohnt
UNSCHLAGBAR	11	29	unschlagbar
UNSCHULDIGE	11	29	unschuldige
VERDOPPELN	10	29	verdoppeln
VEREHRER	8	29	Verehrer
VERENGT	7	29	verengt
VERGABEN	8	29	vergaben
VERLIEBTE	9	29	verliebte
VERMIED	7	29	vermied
VERMIETEN	9	29	vermieten
VERONA	6	29	Verona
VERSANK	7	29	versank
VERSTAERKER	11	29	Verstärker
VERWIRREND	10	29	verwirrend
VIELERLEI	9	29	vielerlei
VOLKSKUNDE	10	29	Volkskunde
VORSTADT	8	29	Vorstadt
VORTRIEB	8	29	Vortrieb
VORZEITIGEN	11	29	vorzeitigen
WACHSAMKEIT	11	29	Wachsamkeit
WAEHLE	6	29	wähle
WARTENDEN	9	29	Wartenden
WEINBERGE	9	29	Weinberge
WESEL	5	29	Wesel
WHISKY	6	29	Whisky
WIDMUNG	7	29	Widmung
WIEDERKEHR	10	29	Wiederkehr
WINDENERGIE	11	29	Windenergie
WISMAR	6	29	Wismar
WOCHENMARKT	11	29	Wochenmarkt
WOHNE	5	29	wohne
WUETENDEN	9	29	wütenden
WUPPERTALER	11	29	Wuppertaler
ZAEUNE	6	29	Zäune
ZERKLEINERT	11	29	zerkleinert
ZIEGE	5	29	Ziege
ZIEGELN	7	29	Ziegeln
ZIEREN	6	29	zieren
ZIPFEL	6	29	Zipfel
ZUECHTEN	8	29	züchten
ABGEHOBEN	9	28	abgehoben
ABGESCHIRMT	11	28	abgeschirmt
ABHOLUNG	8	28	Abholung
ABSCHRIFT	9	28	Abschrift
ABSENDEN	8	28	Absenden
AEHNELTE	8	28	ähnelte
AERMEL	6	28	Ärmel
ALLZEITHOCH	11	28	Allzeithoch
ALPHA	5	28	Alpha
ANBIETERS	9	28	Anbieters
ANDERNORTS	10	28	andernorts
ANGEBROCHEN	11	28	angebrochen
ANHOEREN	8	28	anhören
ANSAESSIGE	10	28	ansässige
ANSAMMLUNG	10	28	Ansammlung
ANTRAEGEN	9	28	Anträgen
ATEMLUFT	8	28	Atemluft
AUFSPUEREN	10	28	aufspüren
AUFWIES	7	28	aufwies
AUSGEBAUTE	10	28	ausgebaute
AUTOWERTE	9	28	Autowerte
BARACKEN	8	28	Baracken
BASTION	7	28	Bastion
BAUFAELLIG	10	28	baufällig
BAUGEWERBE	10	28	Baugewerbe
BAUPLAENE	9	28	Baupläne
BAUSTOPP	8	28	Baustopp
BEANTRAGUNG	11	28	Beantragung
BEDANKT	7	28	bedankt
BEFAENDEN	9	28	befänden
BEFUGNISSE	10	28	Befugnisse
BEGEGNETE	9	28	begegnete
BEGEGNETEN	10	28	begegneten
BEGEHT	6	28	begeht
BEISITZER	9	28	Beisitzer
BEKAEMEN	8	28	bekämen
BELLA	5	28	Bella
BERATENDE	9	28	beratende
BERUHTE	7	28	beruhte
BESCHRITTEN	11	28	beschritten
BESEN	5	28	Besen
BESTIEGEN	9	28	bestiegen
BETRAFEN	8	28	betrafen
BEWEGE	6	28	bewege
BEWOHNEN	8	28	bewohnen
BIBER	5	28	Biber
BILLBOARD	9	28	Billboard
BILLIGE	7	28	billige
BLATTES	7	28	Blattes
BLEIBENDEN	10	28	bleibenden
BODENSEE	8	28	Bodensee
BOOKLET	7	28	Booklet
BOTANISCHE	10	28	Botanische
BRISTOL	7	28	Bristol
BROECKELTE	10	28	bröckelte
BUCHFORM	8	28	Buchform
BUDDHA	6	28	Buddha
BUESTE	6	28	Büste
CANNES	6	28	Cannes
CARITAS	7	28	Caritas
CHARAKTEREN	11	28	Charakteren
CHINESE	7	28	Chinese
CONNECTICUT	11	28	Connecticut
CREME	5	28	Creme
DAUERE	6	28	dauere
DENKER	6	28	Denker
DEPOTS	6	28	Depots
DEZENTRAL	9	28	dezentral
DISKRET	7	28	diskret
DOPPELKLICK	11	28	Doppelklick
DOPPELSIEG	10	28	Doppelsieg
DUENGER	7	28	Dünger
EHRENTITEL	10	28	Ehrentitel
EINFUHR	7	28	Einfuhr
EINGELESEN	10	28	eingelesen
EINMISCHUNG	11	28	Einmischung
EISENBAHNEN	11	28	Eisenbahnen
ELTERNGELD	10	28	Elterngeld
EMPFEHLE	8	28	empfehle
EMPFINDET	9	28	empfindet
ENGPAESSE	9	28	Engpässe
ENTKAMEN	8	28	entkamen
ENTRUESTUNG	11	28	Entrüstung
ENTSPRINGEN	11	28	entspringen
ERBOST	6	28	erbost
ERFAHRT	7	28	erfahrt
ERFORDERE	9	28	erfordere
ERHELLT	7	28	erhellt
ERLEUCHTUNG	11	28	Erleuchtung
ERRANGEN	8	28	errangen
ERSCHWERTE	10	28	erschwerte
ERSETZTEN	9	28	ersetzten
ERTEILTEN	9	28	erteilten
ERTRUNKEN	9	28	ertrunken
ETHNIEN	7	28	Ethnien
EVENTUELLEN	11	28	eventuellen
EXKLUSIVEN	10	28	exklusiven
FAHRPREIS	9	28	Fahrpreis
FAHRWEISE	9	28	Fahrweise
FESTSETZUNG	11	28	Festsetzung
FICHTE	6	28	Fichte
FIGHT	5	28	Fight
FLUGHOEHE	9	28	Flughöhe
FORMELLEN	9	28	formellen
FORSCHT	7	28	forscht
FRAEULEIN	9	28	Fräulein
FRIEDHOFES	10	28	Friedhofes
FUEHRERHAUS	11	28	Führerhaus
FUETTERN	8	28	füttern
FUNDGRUBE	9	28	Fundgrube
FUNKEN	6	28	Funken
GALGEN	6	28	Galgen
GEFAELSCHTE	11	28	gefälschte
GEFILTERT	9	28	gefiltert
GEFLUEGEL	9	28	Geflügel
GEFORSCHT	9	28	geforscht
GEHEGE	6	28	Gehege
GEHOERENDE	10	28	gehörende
GEHOERIG	8	28	gehörig
GEKANNT	7	28	gekannt
GENEN	5	28	Genen
GERMANEN	8	28	Germanen
GERUECHTEN	10	28	Gerüchten
GESAENGE	8	28	Gesänge
GESAMTMARKT	11	28	Gesamtmarkt
GESCHUETZEN	11	28	Geschützen
GESTIELT	8	28	gestielt
GESUCH	6	28	Gesuch
GLAENZENDEN	11	28	glänzenden
GRABSTAETTE	11	28	Grabstätte
GRAUSAMKEIT	11	28	Grausamkeit
GRUNDPREIS	10	28	Grundpreis
GUENSTIGES	10	28	günstiges
HAESSLICH	9	28	hässlich
HANDWERKERN	11	28	Handwerkern
HASST	5	28	hasst
HAUSWAND	8	28	Hauswand
HAVANNA	7	28	Havanna
HECKE	5	28	Hecke
HEIKLE	6	28	heikle
HEILMITTEL	10	28	Heilmittel
HEIMSIEG	8	28	Heimsieg
HELLES	6	28	helles
HELLGRAU	8	28	hellgrau
HENGST	6	28	Hengst
HEUTIGEM	8	28	heutigem
HINTERRAD	9	28	Hinterrad
HINTERTUER	10	28	Hintertür
HINWEIST	8	28	hinweist
HUETEN	6	28	hüten
HYSTERIE	8	28	Hysterie
ILLINOIS	8	28	Illinois
INDIREKTEN	10	28	indirekten
INDUSTRIELL	11	28	industriell
INNERLICH	9	28	innerlich
INTER	5	28	Inter
IRDISCHEN	9	28	irdischen
IRGENDEINER	11	28	irgendeiner
JENAER	6	28	Jenaer
JENES	5	28	jenes
JUNGFISCHE	10	28	Jungfische
KABINETTS	9	28	Kabinetts
KAEUFLICH	9	28	käuflich
KALTEM	6	28	kaltem
KANARISCHEN	11	28	Kanarischen
KAPLAN	6	28	Kaplan
KEGEL	5	28	Kegel
KENTUCKY	8	28	Kentucky
KOENIGSHAUS	11	28	Königshaus
KOMMENTAREN	11	28	Kommentaren
KOMPANIEN	9	28	Kompanien
KONGRESSE	9	28	Kongresse
KONSERVIERT	11	28	konserviert
KONTINENTEN	11	28	Kontinenten
KOORDINATOR	11	28	Koordinator
KORRIGIERTE	11	28	korrigierte
KOSTBARE	8	28	kostbare
KOSTBAREN	9	28	kostbaren
KRAEUTER	8	28	Kräuter
KRUZIFIX	8	28	Kruzifix
KUERZESTE	9	28	kürzeste
KUNDUS	6	28	Kundus
KUNSTVEREIN	11	28	Kunstverein
KUPPE	5	28	Kuppe
KURDISCHEN	10	28	kurdischen
LAESTIG	7	28	lästig
LAGEPLAN	8	28	Lageplan
LANZE	5	28	Lanze
LAUSITZER	9	28	Lausitzer
LEKTOR	6	28	Lektor
LENINGRAD	9	28	Leningrad
LIIERT	6	28	liiert
LILA	4	28	Lila
LINZER	6	28	Linzer
LODGE	5	28	Lodge
LOGISCHEN	9	28	logischen
MANHATTAN	9	28	Manhattan
MEMMINGEN	9	28	Memmingen
MENUES	6	28	Menüs
MERKUR	6	28	Merkur
MIES	4	28	mies
MITTELMASS	10	28	Mittelmaß
MONITORE	8	28	Monitore
MONTANA	7	28	Montana
MONTENEGRO	10	28	Montenegro
MUELLERS	8	28	Müllers
MUENDETE	8	28	mündete
MUETTERN	8	28	Müttern
MUTIGER	7	28	mutiger
NACHAHMER	9	28	Nachahmer
NACHBAU	7	28	Nachbau
NECKAR	6	28	Neckar
NEGATIVER	9	28	negativer
NEUARTIGEN	10	28	neuartigen
NEUWAGEN	8	28	Neuwagen
NOETIGUNG	9	28	Nötigung
NOTWEHR	7	28	Notwehr
OELE	4	28	Öle
OLDENBURGER	11	28	Oldenburger
ONKELS	6	28	Onkels
ORDNETEN	8	28	ordneten
ORGANIST	8	28	Organist
ORIGINELL	9	28	originell
ORTSEINGANG	11	28	Ortseingang
PALMEN	6	28	Palmen
PARTNERS	8	28	Partners
PENDELN	7	28	pendeln
PENDELT	7	28	pendelt
PLASTIKEN	9	28	Plastiken
PRAEFEKTUR	10	28	Präfektur
PRESTIGE	8	28	Prestige
PRODUKTES	9	28	Produktes
PUBERTAET	9	28	Pubertät
PUNKTGEWINN	11	28	Punktgewinn
PUZZLE	6	28	Puzzle
QUEENSLAND	10	28	Queensland
QUITTIERT	9	28	quittiert
RAUE	4	28	raue
REITHALLE	9	28	Reithalle
REKORDTIEF	10	28	Rekordtief
REKRUTIERT	10	28	rekrutiert
RHYTHMEN	8	28	Rhythmen
ROBUSTEN	8	28	robusten
SAARLANDES	10	28	Saarlandes
SAENGERN	8	28	Sängern
SAENGERS	8	28	Sängers
SAITE	5	28	Saite
SANIERTE	8	28	sanierte
SATTE	5	28	satte
SAUGEN	6	28	saugen
SCHILDERUNG	11	28	Schilderung
SCHLAGE	7	28	schlage
SCHLUCHTEN	10	28	Schluchten
SCHNEEFALL	10	28	Schneefall
SCHNEIDE	8	28	Schneide
SCHUELERS	9	28	Schülers
SCHWAECHTE	10	28	schwächte
SCHWERKRAFT	11	28	Schwerkraft
SCRIPT	6	28	Script
SEITENLINIE	11	28	Seitenlinie
SEVILLA	7	28	Sevilla
SICHTWEITE	10	28	Sichtweite
SMARTPHONE	10	28	Smartphone
SONDERFALL	10	28	Sonderfall
SOZIALPLAN	10	28	Sozialplan
SPEIST	6	28	speist
SPIELDAUER	10	28	Spieldauer
SPIELFIGUR	10	28	Spielfigur
SPIELFILME	10	28	Spielfilme
STAATSCHEF	10	28	Staatschef
STEILER	7	28	steiler
STOCKTE	7	28	stockte
STRAHL	6	28	Strahl
STRUKTURELL	11	28	strukturell
SYMPATHIEN	10	28	Sympathien
SYMPOSIUM	9	28	Symposium
TAKTISCHEN	10	28	taktischen
TANSANIA	8	28	Tansania
TEGEL	5	28	Tegel
TELESKOP	8	28	Teleskop
TENNESSEE	9	28	Tennessee
THEATERN	8	28	Theatern
TIGERS	6	28	Tigers
TOTALER	7	28	totaler
TOURIST	7	28	Tourist
TRAKTOREN	9	28	Traktoren
TRAUERT	7	28	trauert
TRAURIGEN	9	28	traurigen
TREFF	5	28	Treff
TREUEN	6	28	treuen
TRUPPS	6	28	Trupps
UEBERGEHEN	10	28	übergehen
UEBERTRAFEN	11	28	übertrafen
UKRAINER	8	28	Ukrainer
UNBEWOHNBAR	11	28	unbewohnbar
UNTERSTEHEN	11	28	unterstehen
URSAECHLICH	11	28	ursächlich
URTEILT	7	28	urteilt
VALENCIA	8	28	Valencia
VAMPIR	6	28	Vampir
VERBANDS	8	28	Verbands
VERDAUT	7	28	verdaut
VERDRAENGTE	11	28	verdrängte
VERKUERZTEN	11	28	verkürzten
VERSCHLAFEN	11	28	verschlafen
VERWUESTUNG	11	28	Verwüstung
VOLVO	5	28	Volvo
VORGEZOGENE	11	28	vorgezogene
VORKOMMENDE	11	28	vorkommende
VORMALIGEN	10	28	vormaligen
VORZUEGLICH	11	28	vorzüglich
WAHRUNG	7	28	Wahrung
WECKER	6	28	Wecker
WEDEL	5	28	Wedel
WERTVOLLER	10	28	wertvoller
WIDERLEGEN	10	28	widerlegen
WIDERSACHER	11	28	Widersacher
WIESBADENER	11	28	Wiesbadener
WILLKUER	8	28	Willkür
WINDUNGEN	9	28	Windungen
WOHNRAEUME	10	28	Wohnräume
WUCHSHOEHEN	11	28	Wuchshöhen
ZAHNERSATZ	10	28	Zahnersatz
ZAUBEREI	8	28	Zauberei
ZEHNMAL	7	28	zehnmal
ZEHNTER	7	28	Zehnter
ZELEBRIERT	10	28	zelebriert
ZELLER	6	28	Zeller
ZERREISSEN	10	28	zerreißen
ZERRISSEN	9	28	zerrissen
ZIELTE	6	28	zielte
ZUGZWANG	8	28	Zugzwang
ZWIEBELN	8	28	Zwiebeln
ABFRAGEN	8	27	Abfragen
ABFUHR	6	27	Abfuhr
ABGEBUCHT	9	27	abgebucht
ABGESTECKT	10	27	abgesteckt
ABHOLZUNG	9	27	Abholzung
ABSPANN	7	27	Abspann
ADJEKTIV	8	27	Adjektiv
AEHNLICHEM	10	27	ähnlichem
ALBANISCHEN	11	27	albanischen
ALTERN	6	27	Altern
AMTSSPRACHE	11	27	Amtssprache
ANDACHT	7	27	Andacht
ANFALL	6	27	Anfall
ANGLER	6	27	Angler
ANGREIFERN	10	27	Angreifern
ANLAUFEN	8	27	anlaufen
ANSPORN	7	27	Ansporn
ANSTELLEN	9	27	anstellen
APOKALYPSE	10	27	Apokalypse
ARROGANZ	8	27	Arroganz
ARTEFAKTE	9	27	Artefakte
ASTEROIDEN	10	27	Asteroiden
ASTROLOGIE	10	27	Astrologie
ATHLETIN	8	27	Athletin
ATHLETINNEN	11	27	Athletinnen
ATMETE	6	27	atmete
AUFFINDBAR	10	27	auffindbar
AUFHEBEN	8	27	aufheben
AUFMARSCH	9	27	Aufmarsch
AUFRUFE	7	27	Aufrufe
AUFSCHUB	8	27	Aufschub
AUFZUCHT	8	27	Aufzucht
AUSFAELLEN	10	27	Ausfällen
AUSLOESUNG	10	27	Auslösung
AUSREDEN	8	27	Ausreden
AUSRUHEN	8	27	Ausruhen
AUSTROCKNEN	11	27	Austrocknen
BAENDERN	8	27	Bändern
BALKAN	6	27	Balkan
BANKRAEUBER	11	27	Bankräuber
BARES	5	27	bares
BAUFORMEN	9	27	Bauformen
BEFRISTETE	10	27	befristete
BEJAHT	6	27	bejaht
BELANGEN	8	27	Belangen
BERGLAND	8	27	Bergland
BERUEHMTER	10	27	berühmter
BESCHRIFTET	11	27	beschriftet
BESTREBEN	9	27	Bestreben
BESTREUEN	9	27	bestreuen
BESTUENDE	9	27	bestünde
BEWACHUNG	9	27	Bewachung
BEWERTETE	9	27	bewertete
BEWERTETEN	10	27	bewerteten
BLATTSTIEL	10	27	Blattstiel
BLESSUREN	9	27	Blessuren
BLOSSEM	7	27	bloßem
BORSTEN	7	27	Borsten
BOTE	4	27	Bote
BRAEUCHE	8	27	Bräuche
BRODELT	7	27	brodelt
BRUTALER	8	27	brutaler
BUCHBAR	7	27	buchbar
CANADIAN	8	27	Canadian
CHAOTISCH	9	27	chaotisch
CHEMIKER	8	27	Chemiker
CONTROLLING	11	27	Controlling
DAEMPFEN	8	27	dämpfen
DAILY	5	27	Daily
DALLAS	6	27	Dallas
DAMALIGER	9	27	damaliger
DATENSATZ	9	27	Datensatz
DEFENSIVEN	10	27	defensiven
DEMENZ	6	27	Demenz
DENJENIGEN	10	27	denjenigen
DETONATION	10	27	Detonation
DIAETEN	7	27	Diäten
DRAHTZIEHER	11	27	Drahtzieher
DREHLEITER	10	27	Drehleiter
DREIECKIG	9	27	dreieckig
DREIFACHEN	10	27	dreifachen
DUOS	4	27	Duos
DURCHDACHT	10	27	durchdacht
DURCHMARSCH	11	27	Durchmarsch
ECKDATEN	8	27	Eckdaten
EIGENTUMS	9	27	Eigentums
EIMER	5	27	Eimer
EINFARBIG	9	27	einfarbig
EINFLUSSES	10	27	Einflusses
EINFRIEREN	10	27	Einfrieren
EINGEDAEMMT	11	27	eingedämmt
EINLENKEN	9	27	Einlenken
EINSETZT	8	27	einsetzt
EINZUGEHEN	10	27	einzugehen
EISENERZ	8	27	Eisenerz
ELEMENTARE	10	27	elementare
ELSASS	6	27	Elsass
EMPIRISCH	9	27	empirisch
ENDLOS	6	27	endlos
ENTBINDUNG	10	27	Entbindung
ENTFACHT	8	27	entfacht
ENTHALTE	8	27	enthalte
ENTHUELLUNG	11	27	Enthüllung
ENTRICHTET	10	27	entrichtet
ERHOEHTEM	9	27	erhöhtem
ERKLINGT	8	27	erklingt
ERLEDIGUNG	10	27	Erledigung
ERMUTIGT	8	27	ermutigt
ERSCHEINE	9	27	erscheine
ERSTAUNEN	9	27	Erstaunen
ERWORBENE	9	27	erworbene
ESSE	4	27	esse
ETHISCHEN	9	27	ethischen
FACHLICH	8	27	fachlich
FAHRGESTELL	11	27	Fahrgestell
FAHRSPUREN	10	27	Fahrspuren
FESTSTEHEN	10	27	feststehen
FESTZULEGEN	11	27	festzulegen
FINALISTEN	10	27	Finalisten
FINANCIAL	9	27	Financial
FLENSBURGER	11	27	Flensburger
FLUECHTIGE	10	27	flüchtige
FLUGPLATZES	11	27	Flugplatzes
FLYING	6	27	Flying
FOHLEN	6	27	Fohlen
FOLGENDEM	9	27	folgendem
FORTS	5	27	Forts
FRAGTEN	7	27	fragten
FREUDEN	7	27	Freuden
FRUCHTBARE	10	27	fruchtbare
FUEHREND	8	27	führend
GEBAECK	7	27	Gebäck
GEBLIEBENEN	11	27	gebliebenen
GEBURTSHAUS	11	27	Geburtshaus
GEDANKT	7	27	gedankt
GEFANGENER	10	27	Gefangener
GEGENWIND	9	27	Gegenwind
GEHWEGE	7	27	Gehwege
GEIMPFT	7	27	geimpft
GELDBOERSE	10	27	Geldbörse
GENERALS	8	27	Generals
GEOEFFNETE	10	27	geöffnete
GEPUTZT	7	27	geputzt
GERECHTER	9	27	gerechter
GESETZTEN	9	27	gesetzten
GESPENST	8	27	Gespenst
GESTEHEN	8	27	gestehen
GETRAEUMT	9	27	geträumt
GETRUEBT	8	27	getrübt
GEWACHSENEN	11	27	gewachsenen
GEWALTIGER	10	27	gewaltiger
GLAESERNE	9	27	gläserne
GLUECKS	7	27	Glücks
GRAUSAMEN	9	27	grausamen
GREIFE	6	27	greife
GROSSHANDEL	11	27	Großhandel
GRUNDBUCH	9	27	Grundbuch
GRUNDFORM	9	27	Grundform
GRUNDRECHT	10	27	Grundrecht
HAENDEL	7	27	Händel
HAEUSLICHEN	11	27	häuslichen
HAUPTFELD	9	27	Hauptfeld
HAUPTSCHIFF	11	27	Hauptschiff
HAUSARBEIT	10	27	Hausarbeit
HEIZEN	6	27	Heizen
HELME	5	27	Helme
HERZOEGE	8	27	Herzöge
HINTERBEINE	11	27	Hinterbeine
HINZUFUEGEN	11	27	hinzufügen
HORMONE	7	27	Hormone
HURRIKAN	8	27	Hurrikan
INDIGENEN	9	27	indigenen
INGENIEUREN	11	27	Ingenieuren
INSTITUTES	10	27	Institutes
INTENDANTEN	11	27	Intendanten
IRRT	4	27	irrt
ISOLIERTE	9	27	isolierte
KAESTCHEN	9	27	Kästchen
KAEUFERS	8	27	Käufers
KAPITELS	8	27	Kapitels
KASSIERERIN	11	27	Kassiererin
KAUFE	5	27	kaufe
KEHRSEITE	9	27	Kehrseite
KIEZ	4	27	Kiez
KLIMAS	6	27	Klimas
KLINGELN	8	27	Klingeln
KNALLER	7	27	Knaller
KOALITIONEN	11	27	Koalitionen
KOLUMNE	7	27	Kolumne
KONSULAT	8	27	Konsulat
KONZERNCHEF	11	27	Konzernchef
KRAFTWERKS	10	27	Kraftwerks
KREUZZUG	8	27	Kreuzzug
KRITIKPUNKT	11	27	Kritikpunkt
KUNSTSTOFFE	11	27	Kunststoffe
KUPPELN	7	27	Kuppeln
KURIOS	6	27	kurios
KURSANSTIEG	11	27	Kursanstieg
LAENDLICH	9	27	ländlich
LATEINISCH	10	27	lateinisch
LAUTSTARK	9	27	lautstark
LEHRLING	8	27	Lehrling
LEISES	6	27	leises
LEITETEN	8	27	leiteten
LERNPROZESS	11	27	Lernprozess
LEUCHTEND	9	27	leuchtend
LIEBSTE	7	27	liebste
LINDAU	6	27	Lindau
LITERARISCH	11	27	literarisch
LOTTERIE	8	27	Lotterie
MARKTBREITE	11	27	marktbreite
MARQUIS	7	27	Marquis
MELANCHOLIE	11	27	Melancholie
MEMPHIS	7	27	Memphis
MINERAL	7	27	Mineral
MISSIONARE	10	27	Missionare
MITARBEITEN	11	27	mitarbeiten
MITBEKOMMEN	11	27	mitbekommen
MOMENTANE	9	27	momentane
MOMENTANEN	10	27	momentanen
MONATELANGE	11	27	monatelange
NACHAHMUNG	10	27	Nachahmung
NACHTAKTIV	10	27	nachtaktiv
NATIONALELF	11	27	Nationalelf
NERV	4	27	Nerv
NOTDIENST	9	27	Notdienst
NOTENBANKEN	11	27	Notenbanken
NUSS	4	27	Nuss
NUTZUNGEN	9	27	Nutzungen
OBERTEIL	8	27	Oberteil
OEFEN	5	27	Öfen
OFFENBACHER	11	27	Offenbacher
OFFENSIVEN	10	27	offensiven
OKRES	5	27	Okres
ORTSVERBAND	11	27	Ortsverband
PACHT	5	27	Pacht
PATE	4	27	Pate
PAVILLONS	9	27	Pavillons
PFAELZER	8	27	Pfälzer
PHANTOMBILD	11	27	Phantombild
PLATZHERREN	11	27	Platzherren
POPSTAR	7	27	Popstar
POREN	5	27	Poren
POSTWENDEND	11	27	postwendend
PRAXEN	6	27	Praxen
PREISSPANNE	11	27	Preisspanne
PROJIZIERT	10	27	projiziert
QUANTITAET	10	27	Quantität
QUELLCODE	9	27	Quellcode
RADIOAKTIVE	11	27	radioaktive
REAKTIVIERT	11	27	reaktiviert
REBEN	5	27	Reben
RECHTECKIG	10	27	rechteckig
REFORMIEREN	11	27	reformieren
REGALEN	7	27	Regalen
REGISTERN	9	27	Registern
REINEM	6	27	reinem
REIZVOLL	8	27	reizvoll
REVOLVER	8	27	Revolver
REZEPTEN	8	27	Rezepten
RINNE	5	27	Rinne
ROTOR	5	27	Rotor
RUESSEL	7	27	Rüssel
RUHETAG	7	27	Ruhetag
RUSSIN	6	27	Russin
SAECKE	6	27	Säcke
SALEM	5	27	Salem
SATAN	5	27	Satan
SCHIMMEL	8	27	Schimmel
SCHMIED	7	27	Schmied
SCHWOERT	8	27	schwört
SEELISCHEN	10	27	seelischen
SEQUENZEN	9	27	Sequenzen
SIEBZIG	7	27	siebzig
SIEGREICH	9	27	siegreich
SLOWAKISCHE	11	27	slowakische
SPALTETE	8	27	spaltete
SPARGEL	7	27	Spargel
SPAZIEREN	9	27	spazieren
SPIELFREI	9	27	spielfrei
SPLITTER	8	27	Splitter
STAATSKASSE	11	27	Staatskasse
STADTGRENZE	11	27	Stadtgrenze
STAERKTE	8	27	stärkte
STARRT	6	27	starrt
STARTGELD	9	27	Startgeld
STERBENDEN	10	27	Sterbenden
STIEFVATER	10	27	Stiefvater
STIMMABGABE	11	27	Stimmabgabe
STIMMUNGEN	10	27	Stimmungen
STOEHNEN	8	27	Stöhnen
STOLZEN	7	27	stolzen
STRECKT	7	27	streckt
STREIFTE	8	27	streifte
STREIFZUG	9	27	Streifzug
STRIKTEN	8	27	strikten
STROEMTEN	9	27	strömten
TAGEBAU	7	27	Tagebau
TAGEBUECHER	11	27	Tagebücher
TERRORS	7	27	Terrors
TEUERUNG	8	27	Teuerung
TIERWELT	8	27	Tierwelt
TOETETEN	8	27	töteten
TRAEGE	6	27	träge
TRANSFERS	9	27	Transfers
TRAURIGER	9	27	trauriger
UEBERBIETEN	11	27	überbieten
UEBERSTELLT	11	27	überstellt
UEBERWOGEN	10	27	überwogen
UMBENANNTE	10	27	umbenannte
UMRISS	6	27	Umriss
UMWEGE	6	27	Umwege
UNBEWUSST	9	27	unbewusst
UNEINIGKEIT	11	27	Uneinigkeit
UNFUG	5	27	Unfug
UNIVERSELLE	11	27	universelle
URALTE	6	27	uralte
VATERLAND	9	27	Vaterland
VERFUELLT	9	27	verfüllt
VERHANDELTE	11	27	verhandelte
VERHIELT	8	27	verhielt
VERKLEBT	8	27	verklebt
VERMITTELTE	11	27	vermittelte
VERTAUSCHT	10	27	vertauscht
VERTIEFTE	9	27	vertiefte
VERWISCHT	9	27	verwischt
VERZIERTEN	10	27	verzierten
VETTER	6	27	Vetter
VOLLMACHT	9	27	Vollmacht
VORBAU	6	27	Vorbau
VORFAHRT	8	27	Vorfahrt
VORGAENGEN	10	27	Vorgängen
VORGESORGT	10	27	vorgesorgt
WANGE	5	27	Wange
WAPPENS	7	27	Wappens
WARTELISTE	10	27	Warteliste
WASCHBECKEN	11	27	Waschbecken
WASSERTIEFE	11	27	Wassertiefe
WEGFALLEN	9	27	wegfallen
WEIGERTEN	9	27	weigerten
WELTKRIEGE	10	27	Weltkriege
WELTVERBAND	11	27	Weltverband
WERKZEUGEN	10	27	Werkzeugen
WILLIGT	7	27	willigt
WIMBLEDON	9	27	Wimbledon
WINZIGEN	8	27	winzigen
WIRKLICHER	10	27	wirklicher
WIRTES	6	27	Wirtes
YUAN	4	27	Yuan
ZEPTER	6	27	Zepter
ZUERKANNT	9	27	zuerkannt
ZUGEFUEGT	9	27	zugefügt
ZWEIT	5	27	zweit
ZWERG	5	27	Zwerg
ABGEKUEHLT	10	26	abgekühlt
ABSORBIERT	10	26	absorbiert
ABSURDE	7	26	absurde
ABTES	5	26	Abtes
ABWENDEN	8	26	abwenden
ABZIEHEN	8	26	abziehen
ADVENTSZEIT	11	26	Adventszeit
AEQUIVALENT	11	26	äquivalent
AERODYNAMIK	11	26	Aerodynamik
AERZTLICH	9	26	ärztlich
ALARMANLAGE	11	26	Alarmanlage
ALASKA	6	26	Alaska
ALTENBURG	9	26	Altenburg
AMTSZEITEN	10	26	Amtszeiten
ANDROHUNG	9	26	Androhung
ANGEDROHT	9	26	angedroht
ANGEFRAGT	9	26	angefragt
ANGEGLICHEN	11	26	angeglichen
ANGESPANNTE	11	26	angespannte
ANREGEN	7	26	anregen
ANSCHEIN	8	26	Anschein
ANTIKOERPER	11	26	Antikörper
ARRANGIERTE	11	26	arrangierte
ASSEN	5	26	aßen
ASTEROID	8	26	Asteroid
ATELIERS	8	26	Ateliers
ATLANTIS	8	26	Atlantis
ATOMBOMBE	9	26	Atombombe
AUFFANGEN	9	26	auffangen
AUFTRATEN	9	26	auftraten
AUFZUEGE	8	26	Aufzüge
AUSFIEL	7	26	ausfiel
AUSSETZUNG	10	26	Aussetzung
AUSSIEHT	8	26	aussieht
BANKENKRISE	11	26	Bankenkrise
BAUFIRMA	8	26	Baufirma
BAULAND	7	26	Bauland
BAUPLATZ	8	26	Bauplatz
BECKSTEIN	9	26	Beckstein
BEFALL	6	26	Befall
BEFOERDERTE	11	26	beförderte
BEGEHUNG	8	26	Begehung
BEGLEICHEN	10	26	begleichen
BEITRETEN	9	26	beitreten
BELASTEND	9	26	belastend
BEMUEHTEN	9	26	bemühten
BEOBACHTE	9	26	beobachte
BERAUBT	7	26	beraubt
BESIEDELN	9	26	besiedeln
BESTRAFEN	9	26	bestrafen
BESTREIKT	9	26	bestreikt
BESTUERZT	9	26	bestürzt
BEWALDETE	9	26	bewaldete
BEWORFEN	8	26	beworfen
BEZAHLBAR	9	26	bezahlbar
BEZEUGEN	8	26	bezeugen
BEZWEIFELN	10	26	bezweifeln
BIOLOGISCH	10	26	biologisch
BIOMASSE	8	26	Biomasse
BLOCKADEN	9	26	Blockaden
BLUEHENDEN	10	26	blühenden
BOEHMISCHE	10	26	böhmische
BOHREN	6	26	bohren
BUERGERS	8	26	Bürgers
BUERORAEUME	11	26	Büroräume
BUNDESAMTES	11	26	Bundesamtes
BUSSGELDER	10	26	Bußgelder
CHART	5	26	Chart
CHAUSSEE	8	26	Chaussee
CHORRAUM	8	26	Chorraum
COUCH	5	26	Couch
CREDO	5	26	Credo
DATE	4	26	Date
DATENBASIS	10	26	Datenbasis
DEALER	6	26	Dealer
DEFINITIVE	10	26	definitive
DELEGIERT	9	26	delegiert
DEMENTI	7	26	Dementi
DEUTETEN	8	26	deuteten
DEVISEN	7	26	Devisen
DIABETIKER	10	26	Diabetiker
DIREKTWAHL	10	26	Direktwahl
DIRIGENTEN	10	26	Dirigenten
DOKUMENTS	9	26	Dokuments
DREH	4	26	Dreh
DRINGENDER	10	26	dringender
EBENDA	6	26	ebenda
EDEL	4	26	edel
EINKEHR	7	26	Einkehr
EINSTWEILEN	11	26	einstweilen
EITEL	5	26	eitel
ELIMINIERT	10	26	eliminiert
EMPFOHLENE	10	26	empfohlene
ENTGANGEN	9	26	entgangen
ENTZUENDETE	11	26	entzündete
ENZYME	6	26	Enzyme
ERBGUT	6	26	Erbgut
ERGEBNISSES	11	26	Ergebnisses
ERLANGTEN	9	26	erlangten
ERSATZLOS	9	26	ersatzlos
ETAPPENSIEG	11	26	Etappensieg
EUROPAWEITE	11	26	europaweite
EXPERIMENTS	11	26	Experiments
EXPORTIEREN	11	26	exportieren
EXZELLENTER	11	26	exzellenter
FACKEL	6	26	Fackel
FAERBEN	7	26	färben
FASTENZEIT	10	26	Fastenzeit
FEE	3	26	Fee
FEHLSTART	9	26	Fehlstart
FERNSEHFILM	11	26	Fernsehfilm
FESTLICH	8	26	festlich
FESTLICHE	9	26	festliche
FESTPLATZ	9	26	Festplatz
FESTSAAL	8	26	Festsaal
FESTSTOFF	9	26	Feststoff
FIEBERHAFT	10	26	fieberhaft
FLUSSUFER	9	26	Flussufer
FREISING	8	26	Freising
FRUCHTBAR	9	26	fruchtbar
FURCHTBARE	10	26	furchtbare
GARANT	6	26	Garant
GEBEINE	7	26	Gebeine
GEBESSERT	9	26	gebessert
GEBOHRT	7	26	gebohrt
GEDENKFEIER	11	26	Gedenkfeier
GEDICHTBAND	11	26	Gedichtband
GEEHRTE	7	26	geehrte
GEFAERBTEN	10	26	gefärbten
GEFECHTE	8	26	Gefechte
GEHEIMTIPP	10	26	Geheimtipp
GEISTIG	7	26	geistig
GEMAHLIN	8	26	Gemahlin
GENIESSE	8	26	genieße
GEPRAEGTES	10	26	geprägtes
GEPRUEFTE	9	26	geprüfte
GERAETS	7	26	Geräts
GEREDE	6	26	Gerede
GESTATTEN	9	26	gestatten
GESTOCHEN	9	26	gestochen
GETEILTEN	9	26	geteilten
GEWAPPNET	9	26	gewappnet
GEWOHNHEIT	10	26	Gewohnheit
GLAESERNEN	10	26	gläsernen
GLASFENSTER	11	26	Glasfenster
GOTTHEITEN	10	26	Gottheiten
GROSSVATERS	11	26	Großvaters
HAMELN	6	26	Hameln
HANDELTEN	9	26	handelten
HANDTUECHER	11	26	Handtücher
HANDWERKS	9	26	Handwerks
HARBURG	7	26	Harburg
HARVARD	7	26	Harvard
HAUSBANK	8	26	Hausbank
HAUSEIGENEN	11	26	hauseigenen
HECKEN	6	26	Hecken
HEGT	4	26	hegt
HEIZKOSTEN	10	26	Heizkosten
HELDIN	6	26	Heldin
HEUCHELEI	9	26	Heuchelei
HEUTIGES	8	26	heutiges
HILFERUF	8	26	Hilferuf
HISTORIKERN	11	26	Historikern
HORT	4	26	Hort
IDOL	4	26	Idol
INJEKTION	9	26	Injektion
INSGEHEIM	9	26	insgeheim
INTERIEUR	9	26	Interieur
INTIME	6	26	intime
INTRIGE	7	26	Intrige
ISOLIERTEN	10	26	isolierten
KALKSTEIN	9	26	Kalkstein
KAUFPREISES	11	26	Kaufpreises
KINDERBUCH	10	26	Kinderbuch
KINOFILMEN	10	26	Kinofilmen
KIRCHLICHER	11	26	kirchlicher
KLEINIGKEIT	11	26	Kleinigkeit
KNIEN	5	26	Knien
KNOSPEN	7	26	Knospen
KOERPERN	8	26	Körpern
KOLLIDIERT	10	26	kollidiert
KONSTANTER	10	26	konstanter
KONSUL	6	26	Konsul
KONVERGENZ	10	26	Konvergenz
KONVERTIERT	11	26	konvertiert
KONZEPTEN	9	26	Konzepten
KOPFHOERER	10	26	Kopfhörer
KREUZWEG	8	26	Kreuzweg
KRIPPE	6	26	Krippe
KUEHLT	6	26	kühlt
KURSSPRUNG	10	26	Kurssprung
LADERAUM	8	26	Laderaum
LAEUFEN	7	26	Läufen
LANDSBERG	9	26	Landsberg
LANGWIERIG	10	26	langwierig
LEBENDIGER	10	26	lebendiger
LERNE	5	26	lerne
LERNENS	7	26	Lernens
LEUGNEN	7	26	leugnen
LICHTEN	7	26	lichten
LIEBENDEN	9	26	Liebenden
LIFT	4	26	Lift
LINDERN	7	26	lindern
LINSEN	6	26	Linsen
LOEFFEL	7	26	Löffel
MAENNCHENS	10	26	Männchens
MAHNT	5	26	mahnt
MAILBOX	7	26	Mailbox
MANGELHAFTE	11	26	mangelhafte
MARKIERTEN	10	26	markierten
MARSCHIERT	10	26	marschiert
MASSLOS	7	26	maßlos
MASSSTAEBEN	11	26	Maßstäben
MATCHES	7	26	Matches
MATTE	5	26	Matte
MEGABYTE	8	26	Megabyte
MEIDET	6	26	meidet
MILLIONAER	10	26	Millionär
MINISTERN	9	26	Ministern
MISSBRAUCHS	11	26	Missbrauchs
MITTELLINIE	11	26	Mittellinie
MITTLER	7	26	Mittler
MOLKEREI	8	26	Molkerei
MUEHEN	6	26	Mühen
NACHBILDUNG	11	26	Nachbildung
NEUAUFLAGEN	11	26	Neuauflagen
NEUKUNDEN	9	26	Neukunden
NEWPORT	7	26	Newport
NISSAN	6	26	Nissan
NOSTALGIE	9	26	Nostalgie
OBERHOF	7	26	Oberhof
OBERKIEFER	10	26	Oberkiefer
ODENWALD	8	26	Odenwald
OELGEMAELDE	11	26	Ölgemälde
OHNMAECHTIG	11	26	ohnmächtig
OLDTIMER	8	26	Oldtimer
OPTIMISTEN	10	26	Optimisten
OSTERMONTAG	11	26	Ostermontag
OSTWAND	7	26	Ostwand
PANZERN	7	26	Panzern
PARCOURS	8	26	Parcours
PARLAMENTE	10	26	Parlamente
PASSWOERTER	11	26	Passwörter
PATHOS	6	26	Pathos
PLEASE	6	26	Please
PLURAL	6	26	Plural
POLITISCHEM	11	26	politischem
PORTA	5	26	Porta
PROGRAMMES	10	26	Programmes
PROPST	6	26	Propst
PROTEIN	7	26	Protein
PROVISORIUM	11	26	Provisorium
PULLOVER	8	26	Pullover
RANGES	6	26	Ranges
RANKEN	6	26	ranken
REGIONALES	10	26	regionales
REINERLOES	10	26	Reinerlös
ROSIG	5	26	rosig
RUECKNAHME	10	26	Rücknahme
SAAT	4	26	Saat
SAELE	5	26	Säle
SAEUMEN	7	26	säumen
SATTELZUG	9	26	Sattelzug
SCHAECHTE	9	26	Schächte
SCHAEDIGEN	10	26	schädigen
SCHEFFEL	8	26	Scheffel
SCHEIDEWEG	10	26	Scheideweg
SCHENKEL	8	26	Schenkel
SCHEUT	6	26	scheut
SCHMIEDEN	9	26	schmieden
SCHULKINDER	11	26	Schulkinder
SCHWANGEREN	11	26	Schwangeren
SCHWULEN	8	26	schwulen
SEINS	5	26	Seins
SEPARATER	9	26	separater
SIEGES	6	26	Sieges
SINNVOLLEN	10	26	sinnvollen
SLOWENISCHE	11	26	slowenische
SONDERFORM	10	26	Sonderform
SPENDET	7	26	spendet
SPREE	5	26	Spree
STABILES	8	26	stabiles
STACH	5	26	stach
STADLER	7	26	Stadler
STAENDIGES	10	26	ständiges
STANDPUNKTE	11	26	Standpunkte
STARR	5	26	starr
STARTNUMMER	11	26	Startnummer
STELLWERK	9	26	Stellwerk
STIEHLT	7	26	stiehlt
STORCH	6	26	Storch
STRAFBEFEHL	11	26	Strafbefehl
STRAUCH	7	26	Strauch
STREIFE	7	26	Streife
STUEHLEN	8	26	Stühlen
SUCHST	6	26	suchst
SUEDSTAATEN	11	26	Südstaaten
TALKSHOW	8	26	Talkshow
TANZTE	6	26	tanzte
TASSE	5	26	Tasse
TAUFBECKEN	10	26	Taufbecken
TEUERSTEN	9	26	teuersten
TODESJAHR	9	26	Todesjahr
TORTE	5	26	Torte
TRUEBEN	7	26	trüben
TRUEGT	6	26	trügt
TRUHE	5	26	Truhe
TUEBINGER	9	26	Tübinger
UMBRINGEN	9	26	umbringen
UNBEDEUTEND	11	26	unbedeutend
UNBEGRENZTE	11	26	unbegrenzte
UNBEKANNTES	11	26	unbekanntes
UNBESETZT	9	26	unbesetzt
UNUEBLICH	9	26	unüblich
VENTILE	7	26	Ventile
VERACHTUNG	10	26	Verachtung
VEREINTE	8	26	vereinte
VERGEBENEN	10	26	vergebenen
VERGINGEN	9	26	vergingen
VERHAERTET	10	26	verhärtet
VERKABELUNG	11	26	Verkabelung
VERMAG	6	26	vermag
VERMISCHUNG	11	26	Vermischung
VERSAH	6	26	versah
VERSAMMELN	10	26	versammeln
VERSEUCHT	9	26	verseucht
VERTRAUTER	10	26	Vertrauter
VERTRETENEN	11	26	vertretenen
VIBRATIONEN	11	26	Vibrationen
VOLLKOMMENE	11	26	vollkommene
VOLLTREFFER	11	26	Volltreffer
VORGESTERN	10	26	vorgestern
VORHANDENER	11	26	vorhandener
VORSPIEL	8	26	Vorspiel
VORSTAENDE	10	26	Vorstände
VORSTUFE	8	26	Vorstufe
VORWAHLEN	9	26	Vorwahlen
VORWAND	7	26	Vorwand
WACHMANN	8	26	Wachmann
WAHLBETRUG	10	26	Wahlbetrug
WAHLKREISEN	11	26	Wahlkreisen
WASSERDICHT	11	26	wasserdicht
WEGGANG	7	26	Weggang
WEIBCHENS	9	26	Weibchens
WERDENDE	8	26	werdende
WESTE	5	26	Weste
WETZLAR	7	26	Wetzlar
WINDET	6	26	windet
WOHNPLATZ	9	26	Wohnplatz
WUERDEST	8	26	würdest
WUERZEN	7	26	würzen
WUNDERBARER	11	26	wunderbarer
ZEITFENSTER	11	26	Zeitfenster
ZUFAELLIGE	10	26	zufällige
ZUGEGRIFFEN	11	26	zugegriffen
ZUWENIG	7	26	zuwenig
ZWAENGEN	8	26	Zwängen
ZWEITBESTE	10	26	zweitbeste
ZWEITRANGIG	11	26	zweitrangig
ABGEGOLTEN	10	25	abgegolten
ABGERATEN	9	25	abgeraten
ABSINKEN	8	25	Absinken
ABSTRAKTION	11	25	Abstraktion
ABTRETEN	8	25	abtreten
ACHTECKIGE	10	25	achteckige
ACHTZIG	7	25	achtzig
ADOPTIERT	9	25	adoptiert
AERGERNIS	9	25	Ärgernis
AERMEREN	8	25	ärmeren
AERMLICHEN	10	25	ärmlichen
AFFE	4	25	Affe
AGIERTEN	8	25	agierten
AKRIBISCH	9	25	akribisch
AKTIONSPLAN	11	25	Aktionsplan
AKUSTISCH	9	25	akustisch
ALFA	4	25	Alfa
ALIAS	5	25	alias
ALTARS	6	25	Altars
ALTLASTEN	9	25	Altlasten
AMBIVALENT	10	25	ambivalent
AMPUTIERT	9	25	amputiert
AMUESIERT	9	25	amüsiert
ANGEHOERTEN	11	25	angehörten
ANGESTRENGT	11	25	angestrengt
ANIMIERT	8	25	animiert
ANNALEN	7	25	Annalen
ANZUGREIFEN	11	25	anzugreifen
ANZUTRETEN	10	25	anzutreten
ARBEITENDE	10	25	arbeitende
ARMENISCHE	10	25	armenische
ARMES	5	25	Armes
ASTRONOMEN	10	25	Astronomen
ATOME	5	25	Atome
AUFGEFAHREN	11	25	aufgefahren
AUFGEPASST	10	25	aufgepasst
AUFSCHLAEGE	11	25	Aufschläge
AUSGEFLOGEN	11	25	ausgeflogen
AUSGESUCHTE	11	25	ausgesuchte
AUSNUTZUNG	10	25	Ausnutzung
AZUBIS	6	25	Azubis
BADISCHE	8	25	Badische
BANGE	5	25	bange
BANKAKTIEN	10	25	Bankaktien
BARFUSS	7	25	barfuß
BEDROHEN	8	25	bedrohen
BEDUERFTIGE	11	25	Bedürftige
BEGUTACHTEN	11	25	begutachten
BELIEBIGER	10	25	beliebiger
BEPFLANZT	9	25	bepflanzt
BERKELEY	8	25	Berkeley
BESCHUETZEN	11	25	beschützen
BESTEIGEN	9	25	besteigen
BEWOHNBAR	9	25	bewohnbar
BEWOHNERIN	10	25	Bewohnerin
BITS	4	25	Bits
BLAETTCHEN	10	25	Blättchen
BLOCKIERTEN	11	25	blockierten
BLUTIG	6	25	blutig
BOERSENWERT	11	25	Börsenwert
BOSSE	5	25	Bosse
BOZEN	5	25	Bozen
BRETTER	7	25	Bretter
BRUENN	6	25	Brünn
BRUNNENS	8	25	Brunnens
BRUTPAARE	9	25	Brutpaare
BUCHHALTER	10	25	Buchhalter
BUCHTITEL	9	25	Buchtitel
BUERGSCHAFT	11	25	Bürgschaft
BURGHAUSEN	10	25	Burghausen
CHARTA	6	25	Charta
CHORLEITER	10	25	Chorleiter
CLEVELAND	9	25	Cleveland
CORPORATE	9	25	Corporate
DAVOS	5	25	Davos
DICHTES	7	25	dichtes
DIREKTEM	8	25	direktem
DOCK	4	25	Dock
DOERFLICHEN	11	25	dörflichen
DUDEN	5	25	Duden
DULDET	6	25	duldet
DURCHFAHREN	11	25	durchfahren
EINSATZORT	10	25	Einsatzort
ELEFANT	7	25	Elefant
EMPFAENGERS	11	25	Empfängers
EMPOREN	7	25	Emporen
ENDLOSE	7	25	endlose
ENDPHASE	8	25	Endphase
ENTDECKER	9	25	Entdecker
ENTHALTUNG	10	25	Enthaltung
ERBRINGT	8	25	erbringt
EREIGNETEN	10	25	ereigneten
ERFAND	6	25	erfand
ERGEHEN	7	25	ergehen
ERKENNBARE	10	25	erkennbare
ERLOEST	7	25	erlöst
ERNSTEN	7	25	ernsten
ERNTETE	7	25	erntete
ERSEHNTE	8	25	ersehnte
ERSTKLASSIG	11	25	erstklassig
ERTAPPT	7	25	ertappt
ERWAECHST	9	25	erwächst
ERZ	3	25	Erz
ERZAEHLTEN	10	25	erzählten
ETHISCHE	8	25	ethische
ETIKETTEN	9	25	Etiketten
EVALUIERUNG	11	25	Evaluierung
FACHSCHAFT	10	25	Fachschaft
FAELLIGKEIT	11	25	Fälligkeit
FAULEN	6	25	faulen
FEHLERHAFT	10	25	fehlerhaft
FELSIGEN	8	25	felsigen
FEUERSTELLE	11	25	Feuerstelle
FEUERTE	7	25	feuerte
FIASKO	6	25	Fiasko
FINALEINZUG	11	25	Finaleinzug
FIRMENLOGO	10	25	Firmenlogo
FIRMIERT	8	25	firmiert
FOUL	4	25	Foul
FRANZOESIN	10	25	Französin
FRECH	5	25	frech
FREEWARE	8	25	Freeware
FRUEHZEIT	9	25	Frühzeit
FUERCHTE	8	25	fürchte
GAERTNEREI	10	25	Gärtnerei
GARAGEN	7	25	Garagen
GARANTIERTE	11	25	garantierte
GARNICHT	8	25	garnicht
GEEHRTER	8	25	geehrter
GEHALTENE	9	25	gehaltene
GEHOERIGEN	10	25	gehörigen
GEHUELLT	8	25	gehüllt
GEIER	5	25	Geier
GELEERT	7	25	geleert
GEMACHTEN	9	25	gemachten
GEMAUERT	8	25	gemauert
GEMEINHIN	9	25	gemeinhin
GENERELLEN	10	25	generellen
GENERIEREN	10	25	generieren
GEQUAELT	8	25	gequält
GERADLINIG	10	25	geradlinig
GERUNGEN	8	25	gerungen
GESAEUBERT	10	25	gesäubert
GESCHEHE	8	25	geschehe
GETROFFENEN	11	25	getroffenen
GETROST	7	25	getrost
GEWEHRE	7	25	Gewehre
GIFTIGE	7	25	giftige
GLADBACHER	10	25	Gladbacher
GLAEUBIGERN	11	25	Gläubigern
GLUECKTE	8	25	glückte
GOTTLOB	7	25	Gottlob
GRAFIKER	8	25	Grafiker
GRANATE	7	25	Granate
GRATULIERT	10	25	gratuliert
GRUEBELN	8	25	Grübeln
GUTACHTENS	10	25	Gutachtens
HAFENBECKEN	11	25	Hafenbecken
HAGELTE	7	25	hagelte
HANDICAP	8	25	Handicap
HANDLING	8	25	Handling
HAUSGEMACHT	11	25	hausgemacht
HECHT	5	25	Hecht
HEILIGABEND	11	25	Heiligabend
HERFORD	7	25	Herford
HINZIEHEN	9	25	hinziehen
HOCKENHEIM	10	25	Hockenheim
HOERST	6	25	hörst
HONDURAS	8	25	Honduras
IDEALISMUS	10	25	Idealismus
INITIALEN	9	25	Initialen
INSPIRIEREN	11	25	inspirieren
INTERESSENT	11	25	Interessent
INTERVIEWT	10	25	interviewt
JEEP	4	25	Jeep
JOGHURT	7	25	Joghurt
JUNTA	5	25	Junta
KAESTEN	7	25	Kästen
KALKUEL	7	25	Kalkül
KAMBODSCHA	10	25	Kambodscha
KAMPFGEIST	10	25	Kampfgeist
KARIKATUREN	11	25	Karikaturen
KATAR	5	25	Katar
KATEGORISCH	11	25	kategorisch
KAUKASUS	8	25	Kaukasus
KINDERSPIEL	11	25	Kinderspiel
KLOESTERN	9	25	Klöstern
KOGNITIVEN	10	25	kognitiven
KOLLOQUIUM	10	25	Kolloquium
KOMBI	5	25	Kombi
KOMM	4	25	Komm
KORPUS	6	25	Korpus
KORRIDOR	8	25	Korridor
KREATIVER	9	25	kreativer
KREDITKRISE	11	25	Kreditkrise
KUNSTSCHULE	11	25	Kunstschule
KURORT	6	25	Kurort
KURSIERTEN	10	25	kursierten
LADE	4	25	lade
LADEFLAECHE	11	25	Ladefläche
LAENGSACHSE	11	25	Längsachse
LAGERRAUM	9	25	Lagerraum
LANDKARTEN	10	25	Landkarten
LEBENSABEND	11	25	Lebensabend
LEERER	6	25	leerer
LEGITIMIERT	11	25	legitimiert
LEISEN	6	25	leisen
LESBEN	6	25	Lesben
LEST	4	25	Lest
LINDERUNG	9	25	Linderung
LOKALES	7	25	lokales
LUEFTEN	7	25	lüften
MAERKISCHE	10	25	Märkische
MAILAENDER	10	25	Mailänder
MARKTUMFELD	11	25	Marktumfeld
MARSCHIERTE	11	25	marschierte
MARTYRIUM	9	25	Martyrium
MESSGERAETE	11	25	Messgeräte
MESSLATTE	9	25	Messlatte
METALLE	7	25	Metalle
MIETWAGEN	9	25	Mietwagen
MILCHBAUERN	11	25	Milchbauern
MINNESOTA	9	25	Minnesota
MISERABEL	9	25	miserabel
MITBEWOHNER	11	25	Mitbewohner
MODELLIERT	10	25	modelliert
MODELLJAHR	10	25	Modelljahr
MONARCH	7	25	Monarch
MYSTISCHE	9	25	mystische
NACHTRUHE	9	25	Nachtruhe
NACHWUCHSES	11	25	Nachwuchses
NASSEN	6	25	nassen
NETZWERKS	9	25	Netzwerks
NEUGOTISCHE	11	25	neugotische
NEUMUENSTER	11	25	Neumünster
NEUSTE	6	25	neuste
NICKT	5	25	nickt
NIERE	5	25	Niere
OBERIRDISCH	11	25	oberirdisch
OFFENBAREN	10	25	offenbaren
OSTEOPOROSE	11	25	Osteoporose
OSTFRONT	8	25	Ostfront
OVALE	5	25	ovale
PALME	5	25	Palme
PARAMETERN	10	25	Parametern
PASSANT	7	25	Passant
PASSENDER	9	25	passender
PATHOLOGIE	10	25	Pathologie
PATRONAT	8	25	Patronat
PENDANT	7	25	Pendant
PERSONALIE	10	25	Personalie
PESSIMISMUS	11	25	Pessimismus
PFEIFT	6	25	pfeift
PFLANZLICHE	11	25	pflanzliche
PFOTEN	6	25	Pfoten
PHYSIOLOGIE	11	25	Physiologie
PLANTEN	7	25	planten
PLUSPUNKT	9	25	Pluspunkt
POETISCHE	9	25	poetische
POLIERT	7	25	poliert
POPULAERER	10	25	populärer
POTENZIALE	10	25	Potenziale
PREKAER	7	25	prekär
PRESSEN	7	25	Pressen
PROPELLER	9	25	Propeller
PUB	3	25	Pub
PUNKTSPIELE	11	25	Punktspiele
PYRAMIDEN	9	25	Pyramiden
RANGORDNUNG	11	25	Rangordnung
RASTEN	6	25	rasten
RAUCHT	6	25	raucht
RECHTES	7	25	rechtes
REGAL	5	25	Regal
REGNEN	6	25	regnen
REGNETE	7	25	regnete
REINSTE	7	25	reinste
REISEGRUPPE	11	25	Reisegruppe
REISEKOSTEN	11	25	Reisekosten
REISSENDEN	10	25	reißenden
RELIKT	6	25	Relikt
REPTILIEN	9	25	Reptilien
REQUISITEN	10	25	Requisiten
REVIDIERTE	10	25	revidierte
RIESENSPASS	11	25	Riesenspaß
RINDERN	7	25	Rindern
ROLLENSPIEL	11	25	Rollenspiel
RUECKRUF	8	25	Rückruf
RUESTEN	7	25	rüsten
RUHESTAETTE	11	25	Ruhestätte
RUNDWEG	7	25	Rundweg
SCHENKUNGEN	11	25	Schenkungen
SCHLAEGEN	9	25	Schlägen
SCHLAGWORT	10	25	Schlagwort
SCHLEICHT	9	25	schleicht
SCHLEUDERN	10	25	Schleudern
SCHLICHTER	10	25	schlichter
SCHLICHTUNG	11	25	Schlichtung
SCHLIEFEN	9	25	schliefen
SCHLIMMES	9	25	Schlimmes
SCHMALSEITE	11	25	Schmalseite
SCHUETZTE	9	25	schützte
SCHUHWERK	9	25	Schuhwerk
SCHULGELD	9	25	Schulgeld
SCHULREFORM	11	25	Schulreform
SCHWEDE	7	25	Schwede
SCHWEFEL	8	25	Schwefel
SCHWELT	7	25	schwelt
SEKUNDAERE	10	25	sekundäre
SICHTUNG	8	25	Sichtung
SIEBENMAL	9	25	siebenmal
SITTE	5	25	Sitte
SKELETTE	8	25	Skelette
SKEPTISCHER	11	25	skeptischer
SKIZZIERT	9	25	skizziert
SONNIGE	7	25	sonnige
SOUNDKARTE	10	25	Soundkarte
SPARSAMKEIT	11	25	Sparsamkeit
SPEISEPLAN	10	25	Speiseplan
SPIELRUNDE	10	25	Spielrunde
SPIELWELT	9	25	Spielwelt
SPIKE	5	25	Spike
SPIRALE	7	25	Spirale
SPITZER	7	25	spitzer
SPRIT	5	25	Sprit
STACHELN	8	25	Stacheln
STAPELN	7	25	stapeln
STECKTEN	8	25	steckten
STEHST	6	25	stehst
STOERTE	7	25	störte
STRAPAZEN	9	25	Strapazen
STREICHUNG	10	25	Streichung
STREIKENDEN	11	25	Streikenden
STREUEN	7	25	streuen
STREUUNG	8	25	Streuung
STUBE	5	25	Stube
STUETZTEN	9	25	stützten
STUFENWEISE	11	25	stufenweise
SUBJEKTIVEN	11	25	subjektiven
SUCHER	6	25	Sucher
SYNERGIEN	9	25	Synergien
TAKTISCH	8	25	taktisch
TATHERGANG	10	25	Tathergang
TAUFEN	6	25	Taufen
TESTER	6	25	Tester
THRILLER	8	25	Thriller
TIEFLAND	8	25	Tiefland
TORBOGEN	8	25	Torbogen
TORERFOLG	9	25	Torerfolg
TRADE	5	25	Trade
TRAINERN	8	25	Trainern
TRICHTER	8	25	Trichter
TROJANER	8	25	Trojaner
TUERMCHEN	9	25	Türmchen
UEBERSCHLUG	11	25	überschlug
UEBERSTEIGT	11	25	übersteigt
UEBERZAHL	9	25	Überzahl
UMKEHREN	8	25	umkehren
UMLAUFBAHN	10	25	Umlaufbahn
UMLAUFENDE	10	25	umlaufende
UMRISSEN	8	25	umrissen
UNDER	5	25	Under
UNGEWOHNTE	10	25	ungewohnte
UNGUENSTIGE	11	25	ungünstige
UNHALTBAR	9	25	unhaltbar
UNLAENGST	9	25	unlängst
UNSERIOES	9	25	unseriös
UNTERLIPPE	10	25	Unterlippe
UPGRADE	7	25	Upgrade
USBEKISTAN	10	25	Usbekistan
UTRECHT	7	25	Utrecht
VERARMT	7	25	verarmt
VERBAL	6	25	verbal
VERBRENNT	9	25	verbrennt
VEREIDIGUNG	11	25	Vereidigung
VERFOLGE	8	25	verfolge
VERGUETET	9	25	vergütet
VERKOERPERN	11	25	verkörpern
VERMONT	7	25	Vermont
VERSCHOB	8	25	verschob
VERSTEUERT	10	25	versteuert
VERTRETBAR	10	25	vertretbar
VITALITAET	10	25	Vitalität
VORSPANN	8	25	Vorspann
VORURTEILEN	11	25	Vorurteilen
WACHTE	6	25	wachte
WAEHRT	6	25	währt
WAERMEPUMPE	11	25	Wärmepumpe
WAHLTAG	7	25	Wahltag
WALE	4	25	Wale
WALMDACH	8	25	Walmdach
WANDELN	7	25	wandeln
WANDELS	7	25	Wandels
WARSCHAUER	10	25	Warschauer
WEBDESIGN	9	25	Webdesign
WEGBEREITER	11	25	Wegbereiter
WEHRTEN	7	25	wehrten
WEICHER	7	25	weicher
WEINKELLER	10	25	Weinkeller
WEISUNGEN	9	25	Weisungen
WELTSPITZE	10	25	Weltspitze
WERTVOLLES	10	25	wertvolles
WINDEN	6	25	Winden
WOCHENENDES	11	25	Wochenendes
WODKA	5	25	Wodka
WOHINGEGEN	10	25	wohingegen
WORTWAHL	8	25	Wortwahl
ZEITRAEUME	10	25	Zeiträume
ZITIERTE	8	25	zitierte
ZUEGIGE	7	25	zügige
ZUGEMAUERT	10	25	zugemauert
ZURUECKGEHT	11	25	zurückgeht
ZUSCHRIFTEN	11	25	Zuschriften
ZUSENDUNG	9	25	Zusendung
ZUWEISUNG	9	25	Zuweisung
ZYLINDRISCH	11	25	zylindrisch
ZYNISMUS	8	25	Zynismus
ABDICHTUNG	10	24	Abdichtung
ABENTEURER	10	24	Abenteurer
ABGEBILDETE	11	24	abgebildete
ABGEHOERT	9	24	abgehört
ABGEKLAERT	10	24	abgeklärt
ABMACHUNG	9	24	Abmachung
ABORIGINES	10	24	Aborigines
ABSPRUNG	8	24	Absprung
ADAPTION	8	24	Adaption
AKTIONSTAG	10	24	Aktionstag
ALLERHAND	9	24	allerhand
ALLGAEUER	9	24	Allgäuer
AMIS	4	24	Amis
ANFECHTEN	9	24	anfechten
ANGEBRACHTE	11	24	angebrachte
ANGEWORBEN	10	24	angeworben
ANKLAEGER	9	24	Ankläger
ANVERTRAUT	10	24	anvertraut
ANWENDERN	9	24	Anwendern
APPELLIERT	10	24	appelliert
ARCHE	5	24	Arche
AUFGERISSEN	11	24	aufgerissen
AUFGESTAUT	10	24	aufgestaut
AUFLADEN	8	24	aufladen
AUFMACHUNG	10	24	Aufmachung
AUFNIMMT	8	24	aufnimmt
AUFPRALLS	9	24	Aufpralls
AUGENBRAUEN	11	24	Augenbrauen
AUSGEBAUTEN	11	24	ausgebauten
AUSMACHT	8	24	ausmacht
AUSREDE	7	24	Ausrede
AUSREISSER	10	24	Ausreißer
BAECHEN	7	24	Bächen
BAHRAIN	7	24	Bahrain
BALKONE	7	24	Balkone
BANKHAUS	8	24	Bankhaus
BAUDENKMAL	10	24	Baudenkmal
BEDROHUNGEN	11	24	Bedrohungen
BEFUHR	6	24	befuhr
BEHAUPTETEN	11	24	behaupteten
BEICHTE	7	24	Beichte
BEIGE	5	24	beige
BELIEFERN	9	24	beliefern
BEQUEMEN	8	24	bequemen
BEQUEMER	8	24	bequemer
BEREIST	7	24	bereist
BERGBAUS	8	24	Bergbaus
BERGFRIED	9	24	Bergfried
BERGLEUTEN	10	24	Bergleuten
BERUECHTIGT	11	24	berüchtigt
BESCHICHTET	11	24	beschichtet
BESETZUNGEN	11	24	Besetzungen
BESITZERS	9	24	Besitzers
BESITZES	8	24	Besitzes
BESTAENDEN	10	24	Beständen
BESTREBT	8	24	bestrebt
BETRUGS	7	24	Betrugs
BETRUNKENE	10	24	Betrunkene
BEURKUNDET	10	24	beurkundet
BEWIRTET	8	24	bewirtet
BILDERBUCH	10	24	Bilderbuch
BILDHAUEREI	11	24	Bildhauerei
BISTRO	6	24	Bistro
BLASKAPELLE	11	24	Blaskapelle
BLOEDSINN	9	24	Blödsinn
BOESER	6	24	böser
BOULEVARD	9	24	Boulevard
BRETTERN	8	24	Brettern
BRUESTE	7	24	Brüste
BUDE	4	24	Bude
BUESCHEN	8	24	Büschen
BUGS	4	24	Bugs
CAP	3	24	Cap
CHEMISCH	8	24	chemisch
CHOLERA	7	24	Cholera
CHRONIKEN	9	24	Chroniken
COCKTAILS	9	24	Cocktails
COLLEGES	8	24	Colleges
CORPUS	6	24	Corpus
DAEMPFE	7	24	Dämpfe
DAUERREGEN	10	24	Dauerregen
DEFLATION	9	24	Deflation
DEICHE	6	24	Deiche
DEMJENIGEN	10	24	demjenigen
DEPONIE	7	24	Deponie
DIALOGEN	8	24	Dialogen
DIAMOND	7	24	Diamond
DIREKTOREN	10	24	Direktoren
DIREKTORS	9	24	Direktors
DOMES	5	24	Domes
DOMKAPITEL	10	24	Domkapitel
DOSSIER	7	24	Dossier
DREIECKS	8	24	Dreiecks
DREISSIGER	10	24	dreißiger
DRUESEN	7	24	Drüsen
DUNKELGRUEN	11	24	dunkelgrün
DURCHKOMMEN	11	24	Durchkommen
DURCHSUCHTE	11	24	durchsuchte
EBBE	4	24	Ebbe
EFFIZIENTEN	11	24	effizienten
EHEPAARES	9	24	Ehepaares
EHRENMAL	8	24	Ehrenmal
EHRLICHER	9	24	ehrlicher
EIGENHEITEN	11	24	Eigenheiten
EIGENREGIE	10	24	Eigenregie
EINDEUTIGES	11	24	eindeutiges
EINFACHEREN	11	24	einfacheren
EINGEPACKT	10	24	eingepackt
EINGESCHULT	11	24	eingeschult
EINHORN	7	24	Einhorn
EINSEITIGEN	11	24	einseitigen
EMERITIERT	10	24	emeritiert
ENDSTAND	8	24	Endstand
ENGEM	5	24	engem
ENGPASS	7	24	Engpass
ENTBRANNTE	10	24	entbrannte
ENTLASSENEN	11	24	entlassenen
ENTSORGEN	9	24	entsorgen
ENZYM	5	24	Enzym
ERBEUTETE	9	24	erbeutete
ERBITTET	8	24	erbittet
ERGANGEN	8	24	ergangen
ERLOESEN	8	24	Erlösen
EROTISCHEN	10	24	erotischen
ERREICHE	8	24	erreiche
ERSTAUSGABE	11	24	Erstausgabe
ERWAEGEN	8	24	erwägen
ESSENZ	6	24	Essenz
ESSIG	5	24	Essig
EUROPAPOKAL	11	24	Europapokal
FAELSCHLICH	11	24	fälschlich
FAESSER	7	24	Fässer
FAHRTKOSTEN	11	24	Fahrtkosten
FAIRER	6	24	fairer
FARBLOSE	8	24	farblose
FARBTOENE	9	24	Farbtöne
FESTHALLE	9	24	Festhalle
FESTSPIELE	10	24	Festspiele
FESTUMZUG	9	24	Festumzug
FEUCHTER	8	24	feuchter
FEUERN	6	24	feuern
FIRMENSITZ	10	24	Firmensitz
FLOETE	6	24	Flöte
FLOTT	5	24	flott
FRAENKISCHE	11	24	fränkische
FRANCS	6	24	Francs
FUELLTEN	8	24	füllten
FUNDAMENTAL	11	24	fundamental
FUNDAMENTEN	11	24	Fundamenten
GAENGEN	7	24	Gängen
GAENSE	6	24	Gänse
GASTRONOMEN	11	24	Gastronomen
GEBROCHENEN	11	24	gebrochenen
GEHINDERT	9	24	gehindert
GEKAUFTEN	9	24	gekauften
GEMERKT	7	24	gemerkt
GEORDNETEN	10	24	geordneten
GERAUCHT	8	24	geraucht
GEREGELTEN	10	24	geregelten
GESANDT	7	24	gesandt
GESANDTEN	9	24	Gesandten
GESCHULTEN	10	24	geschulten
GESTANK	7	24	Gestank
GESTARTETEN	11	24	gestarteten
GESTOHLENE	10	24	gestohlene
GESTREIKT	9	24	gestreikt
GESTUEHL	8	24	Gestühl
GETILGT	7	24	getilgt
GEWAEHRUNG	10	24	Gewährung
GEWINNERIN	10	24	Gewinnerin
GEZEIGTE	8	24	gezeigte
GIFTIGEN	8	24	giftigen
GLIEDERTE	9	24	gliederte
GOLDENEM	8	24	goldenem
GRABPLATTE	10	24	Grabplatte
GRAESER	7	24	Gräser
GRUENDERN	9	24	Gründern
GRUENDERS	9	24	Gründers
GRUNDRISSE	10	24	Grundrisse
GRUNDSTOCK	10	24	Grundstock
GRUPPIERT	9	24	gruppiert
GUATEMALA	9	24	Guatemala
HAERTESTEN	10	24	härtesten
HALBWEGS	8	24	halbwegs
HANDFESTE	9	24	handfeste
HAUPTTAETER	11	24	Haupttäter
HAUSBAU	7	24	Hausbau
HAUTNAH	7	24	hautnah
HEILT	5	24	heilt
HEIMISCH	8	24	heimisch
HEIMWEH	7	24	Heimweh
HELLGRUEN	9	24	hellgrün
HEMMT	5	24	hemmt
HERRLICHER	10	24	herrlicher
HERSTELLTE	10	24	herstellte
HERZLICHES	10	24	herzliches
HINTERHOF	9	24	Hinterhof
HINTERN	7	24	Hintern
HINZUKOMMEN	11	24	hinzukommen
HOCHPLATEAU	11	24	Hochplateau
HOECHSTMASS	11	24	Höchstmaß
HOEHEREM	8	24	höherem
HOELZER	7	24	Hölzer
HOROSKOP	8	24	Horoskop
HUB	3	24	Hub
HUFE	4	24	Hufe
HUHN	4	24	Huhn
IDENTISCHE	10	24	identische
IKONE	5	24	Ikone
INNOVATIVES	11	24	innovatives
INSELGRUPPE	11	24	Inselgruppe
INSOLVENZEN	11	24	Insolvenzen
INSPIRIERTE	11	24	inspirierte
INTERNER	8	24	interner
INTRANET	8	24	Intranet
INTUITIV	8	24	intuitiv
IRRTUEMLICH	11	24	irrtümlich
JAEHRLICHES	11	24	jährliches
KADAVER	7	24	Kadaver
KAEUFE	6	24	Käufe
KAKAO	5	24	Kakao
KAPITAENS	9	24	Kapitäns
KARRIEREN	9	24	Karrieren
KARTONS	7	24	Kartons
KASERNEN	8	24	Kasernen
KEIM	4	24	Keim
KERBE	5	24	Kerbe
KIPPT	5	24	kippt
KLAENGEN	8	24	Klängen
KLARINETTE	10	24	Klarinette
KLEIDERN	8	24	Kleidern
KLETTERER	9	24	Kletterer
KLIPPEN	7	24	Klippen
KLOTZ	5	24	Klotz
KOMMUNALER	10	24	kommunaler
KONTINGENT	10	24	Kontingent
KOPFTUCH	8	24	Kopftuch
KOSTUEM	7	24	Kostüm
KRAWALLE	8	24	Krawalle
KRIEGS	6	24	Kriegs
KRISTALL	8	24	Kristall
KRISTALLE	9	24	Kristalle
KUNSTVOLLE	10	24	kunstvolle
KUTSCHER	8	24	Kutscher
LAENGLICH	9	24	länglich
LAENGLICHEN	11	24	länglichen
LAGERTEN	8	24	lagerten
LANDBESITZ	10	24	Landbesitz
LANDUNGEN	9	24	Landungen
LARVE	5	24	Larve
LAUB	4	24	Laub
LEBENDIGES	10	24	lebendiges
LICHTJAHRE	10	24	Lichtjahre
LICHTUNG	8	24	Lichtung
LIEFERANT	9	24	Lieferant
LOCKERE	7	24	lockere
LOCKERN	7	24	lockern
LOECHERN	8	24	Löchern
LOESLICH	8	24	löslich
LOHNE	5	24	lohne
MAGNETEN	8	24	Magneten
MARKGRAFEN	10	24	Markgrafen
MARKTHALLE	10	24	Markthalle
MARZAHN	7	24	Marzahn
MAUT	4	24	Maut
MEDIUMS	7	24	Mediums
MEERESHOEHE	11	24	Meereshöhe
MIETWOHNUNG	11	24	Mietwohnung
MIKROSKOP	9	24	Mikroskop
MINDERN	7	24	mindern
MISSIONAR	9	24	Missionar
MISSSTAENDE	11	24	Missstände
MITTAETER	9	24	Mittäter
MODERNERE	9	24	modernere
MODULARE	8	24	modulare
MOENCHEN	8	24	Mönchen
MOSLEMS	7	24	Moslems
MUNICIPIO	9	24	Municipio
MUSIKSZENE	10	24	Musikszene
MUTATIONEN	10	24	Mutationen
NACHBARORT	10	24	Nachbarort
NACHFOLGERN	11	24	Nachfolgern
NACHGEBEN	9	24	nachgeben
NAIV	4	24	naiv
NAJA	4	24	Naja
NENNER	6	24	Nenner
NICHTIG	7	24	nichtig
NIMMST	6	24	nimmst
NOBELPREIS	10	24	Nobelpreis
NOMINIERTEN	11	24	Nominierten
NORDWAERTS	10	24	nordwärts
NORTHERN	8	24	Northern
NUESSE	6	24	Nüsse
NUTZNIESSER	11	24	Nutznießer
OBDACHLOS	9	24	obdachlos
OBERHAUS	8	24	Oberhaus
OBJEKTS	7	24	Objekts
OCHSEN	6	24	Ochsen
OFFENBARTE	10	24	offenbarte
OLIVENOEL	9	24	Olivenöl
OPERNHAUS	9	24	Opernhaus
OPTIMALES	9	24	optimales
OPTISCHES	9	24	optisches
ORTSBILD	8	24	Ortsbild
OSTTIMOR	8	24	Osttimor
PACKTE	6	24	packte
PACKUNG	7	24	Packung
PANDEMIE	8	24	Pandemie
PARADOX	7	24	paradox
PARTITUR	8	24	Partitur
PEINLICHE	9	24	peinliche
PERIODEN	8	24	Perioden
PERSISCHE	9	24	persische
PFADFINDER	10	24	Pfadfinder
PFARREIEN	9	24	Pfarreien
PFIFFE	6	24	Pfiffe
PHRASEN	7	24	Phrasen
PLANTAGE	8	24	Plantage
PLATZWUNDE	10	24	Platzwunde
PLUENDERTEN	11	24	plünderten
POKALFINALE	11	24	Pokalfinale
POLITIKERS	10	24	Politikers
POLSTER	7	24	Polster
PONYS	5	24	Ponys
POPULISMUS	10	24	Populismus
PRAEGENDE	9	24	prägende
PREISWERTER	11	24	preiswerter
PRIESTERN	9	24	Priestern
PRIVATEM	8	24	privatem
PUFFER	6	24	Puffer
QUINTETT	8	24	Quintett
RADFAHRERIN	11	24	Radfahrerin
RADIKALER	9	24	radikaler
RADIOS	6	24	Radios
RAGTE	5	24	ragte
RANGIEREN	9	24	rangieren
RANGIERT	8	24	rangiert
REEDEREIEN	10	24	Reedereien
REICHSSTADT	11	24	Reichsstadt
REISEZEIT	9	24	Reisezeit
RELIGIOESES	11	24	religiöses
RENNSTALL	9	24	Rennstall
REPUTATION	10	24	Reputation
RESERVAT	8	24	Reservat
RESSOURCE	9	24	Ressource
RISKIERT	8	24	riskiert
RUNDHERUM	9	24	rundherum
SAEHEN	6	24	sähen
SAFETY	6	24	Safety
SAFTIGE	7	24	saftige
SAGA	4	24	Saga
SALDO	5	24	Saldo
SANITAEREN	10	24	sanitären
SCHACHTEL	9	24	Schachtel
SCHAL	5	24	Schal
SCHILDE	7	24	Schilde
SCHLAEUCHE	10	24	Schläuche
SCHLICH	7	24	schlich
SCHLIMMEN	9	24	schlimmen
SCHMELZE	8	24	Schmelze
SCHOENBERG	10	24	Schönberg
SCHONMAL	8	24	schonmal
SCHREINER	9	24	Schreiner
SCHULJAHRES	11	24	Schuljahres
SCHUSSWAFFE	11	24	Schusswaffe
SCHWERTER	9	24	Schwerter
SECOND	6	24	Second
SEEMANN	7	24	Seemann
SEHNT	5	24	sehnt
SEILE	5	24	Seile
SEITWAERTS	10	24	seitwärts
SEKUNDAER	9	24	sekundär
SENDETE	7	24	sendete
SENEGAL	7	24	Senegal
SENF	4	24	Senf
SERVERS	7	24	Servers
SITZENDEN	9	24	sitzenden
SKIFAHREN	9	24	Skifahren
SLAWEN	6	24	Slawen
SLAWISCHE	9	24	slawische
SLOWAKEN	8	24	Slowaken
SOMALIA	7	24	Somalia
SONSTIGES	9	24	Sonstiges
SOUVERAENE	10	24	souveräne
SOWJETS	7	24	Sowjets
SPANNEN	7	24	spannen
SPHAERE	7	24	Sphäre
SPIEGELTE	9	24	spiegelte
SPIELLEITER	11	24	Spielleiter
SPION	5	24	Spion
SPRENGT	7	24	sprengt
SPUERBAREN	10	24	spürbaren
STADTMITTE	10	24	Stadtmitte
STAEDTETAG	10	24	Städtetag
STAMMKUNDEN	11	24	Stammkunden
STATEMENTS	10	24	Statements
STAUBSAUGER	11	24	Staubsauger
STELE	5	24	Stele
STELLPLATZ	10	24	Stellplatz
STETIGEN	8	24	stetigen
STEUERSATZ	10	24	Steuersatz
STICHPROBEN	11	24	Stichproben
STOERCHE	8	24	Störche
STOFFES	7	24	Stoffes
STRAENDEN	9	24	Stränden
STRAFF	6	24	straff
STRITT	6	24	stritt
STRITTEN	8	24	stritten
STUERME	7	24	Stürme
STUERMISCH	10	24	stürmisch
STUNDENTAKT	11	24	Stundentakt
STUTE	5	24	Stute
SUISSE	6	24	Suisse
SUPERIOR	8	24	Superior
SUPERSTARS	10	24	Superstars
SYMBIOSE	8	24	Symbiose
SYMPTOM	7	24	Symptom
SYRISCHE	8	24	syrische
TALENTIERTE	11	24	talentierte
TALS	4	24	Tals
TATKRAEFTIG	11	24	tatkräftig
TEXTUREN	8	24	Texturen
TINTE	5	24	Tinte
TIPPEN	6	24	tippen
TOEDLICHER	10	24	tödlicher
TONSTUDIO	9	24	Tonstudio
TORNADO	7	24	Tornado
TOTER	5	24	toter
TOUCHDOWNS	10	24	Touchdowns
TRAUERN	7	24	trauern
TRAUMHAFTE	10	24	traumhafte
TRAURIGES	9	24	trauriges
TRIUMPHIERT	11	24	triumphiert
TRUBEL	6	24	Trubel
UEBERDAUERT	11	24	überdauert
UEBERTRIFFT	11	24	übertrifft
UFERN	5	24	Ufern
UMARMT	6	24	umarmt
UMARMUNG	8	24	Umarmung
UMBAUS	6	24	Umbaus
UNBEIRRT	8	24	unbeirrt
UNBEWUSSTEN	11	24	Unbewussten
UNHEIMLICHE	11	24	unheimliche
UNMOEGLICHE	11	24	Unmögliche
UNTERQUERT	10	24	unterquert
UNTERTAENIG	11	24	untertänig
VERANDA	7	24	Veranda
VERANLASSEN	11	24	veranlassen
VERBALEN	8	24	verbalen
VERBANNUNG	10	24	Verbannung
VERBLASST	9	24	verblasst
VERBRECHENS	11	24	Verbrechens
VERDAUUNG	9	24	Verdauung
VERGANGENEM	11	24	vergangenem
VERGESSENE	10	24	vergessene
VERHAFTETE	10	24	verhaftete
VERHARRT	8	24	verharrt
VERJAEHRUNG	11	24	Verjährung
VERLAGERTE	10	24	verlagerte
VERLASSENE	10	24	verlassene
VERMAUERT	9	24	vermauert
VERMEIDBAR	10	24	vermeidbar
VERSTAUT	8	24	verstaut
VERSTELLEN	10	24	verstellen
VERSUCHTER	10	24	versuchter
VERWENDBAR	10	24	verwendbar
VETERANEN	9	24	Veteranen
VISUELL	7	24	visuell
VOELKERMORD	11	24	Völkermord
VOLLENDEN	9	24	vollenden
VORSICHTIGE	11	24	vorsichtige
VORTEILEN	9	24	Vorteilen
VORURTEIL	9	24	Vorurteil
WACKELT	7	24	wackelt
WAGGON	6	24	Waggon
WALDBRAENDE	11	24	Waldbrände
WARNSTREIK	10	24	Warnstreik
WASSERWERK	10	24	Wasserwerk
WECHSELGELD	11	24	Wechselgeld
WEDDING	7	24	Wedding
WEGWEISEND	10	24	wegweisend
WEIB	4	24	Weib
WEIDELAND	9	24	Weideland
WEINHEIM	8	24	Weinheim
WEISSWEIN	9	24	Weißwein
WEITERGEHT	10	24	weitergeht
WERBEBANNER	11	24	Werbebanner
WINZIG	6	24	winzig
WIRDS	5	24	wirds
WIRKENS	7	24	Wirkens
WIRKSAMER	9	24	wirksamer
WITTEN	6	24	Witten
WOHNANLAGE	10	24	Wohnanlage
WUERFE	6	24	Würfe
WUERFELN	8	24	Würfeln
ZAREN	5	24	Zaren
ZECKEN	6	24	Zecken
ZENSIERT	8	24	zensiert
ZIELGERADEN	11	24	Zielgeraden
ZIVIL	5	24	Zivil
ZUENDSTOFF	10	24	Zündstoff
ZUENDUNG	8	24	Zündung
ZUGELASSENE	11	24	zugelassene
ZWANGSWEISE	11	24	zwangsweise
ZWEIHUNDERT	11	24	zweihundert
ABENTEUERN	10	23	Abenteuern
ABGASE	6	23	Abgase
ABSTELLEN	9	23	abstellen
ABWAESSER	9	23	Abwässer
ADELAIDE	8	23	Adelaide
ADOPTION	8	23	Adoption
AHLEN	5	23	Ahlen
AKTIENFONDS	11	23	Aktienfonds
AKTUELLSTEN	11	23	aktuellsten
ALARMIERUNG	11	23	Alarmierung
ALLEINIGEN	10	23	alleinigen
ALLERGIKER	10	23	Allergiker
ALLGAEU	7	23	Allgäu
AMTSPERIODE	11	23	Amtsperiode
AMUESANT	8	23	amüsant
ANALYTIKER	10	23	Analytiker
ANALYTISCHE	11	23	analytische
ANGEFLOGEN	10	23	angeflogen
ANGEHENDE	9	23	angehende
ANGEHT	6	23	angeht
ANGELOCKT	9	23	angelockt
ANONYMER	8	23	anonymer
ANSCHLAGS	9	23	Anschlags
ANSTAND	7	23	Anstand
ANTIKER	7	23	antiker
ANZUMERKEN	10	23	anzumerken
ARTISTEN	8	23	Artisten
ASS	3	23	aß
ATTENTATE	9	23	Attentate
AUFENTHALTS	11	23	Aufenthalts
AUFFAHRT	8	23	Auffahrt
AUFRECHTE	9	23	aufrechte
AUSFUHREN	9	23	Ausfuhren
AUSGAENGE	9	23	Ausgänge
AUSGEDACHT	10	23	ausgedacht
AUSGEFAHREN	11	23	ausgefahren
AUSGERAUBT	10	23	ausgeraubt
AUSGESAGT	9	23	ausgesagt
AUSGESPART	10	23	ausgespart
AUSGETEILT	10	23	ausgeteilt
AUSGEZAEHLT	11	23	ausgezählt
AUSLAUF	7	23	Auslauf
AUTOPSIE	8	23	Autopsie
AUTORINNEN	10	23	Autorinnen
BAHNHOFES	9	23	Bahnhofes
BARONS	6	23	Barons
BASTELT	7	23	bastelt
BATAILLONS	10	23	Bataillons
BAULEITUNG	10	23	Bauleitung
BAYREUTHER	10	23	Bayreuther
BEDENKZEIT	10	23	Bedenkzeit
BEFOLGEN	8	23	befolgen
BEFREUNDETE	11	23	befreundete
BEFRIEDIGT	10	23	befriedigt
BEFRISTUNG	10	23	Befristung
BEGRUENT	8	23	begrünt
BEHARRT	7	23	beharrt
BEISTEUERN	10	23	beisteuern
BEMAENGELN	10	23	bemängeln
BERICHTS	8	23	Berichts
BERIET	6	23	beriet
BERUHE	6	23	beruhe
BESAGTE	7	23	besagte
BESATZUNGEN	11	23	Besatzungen
BESCHEIDE	9	23	Bescheide
BESCHUETZT	10	23	beschützt
BESTEM	6	23	bestem
BESUCHS	7	23	Besuchs
BETAEUBT	8	23	betäubt
BEWACHSEN	9	23	bewachsen
BEWAEHRTES	10	23	Bewährtes
BEWUSSTEN	9	23	bewussten
BEZIEHE	7	23	beziehe
BEZIRKES	8	23	Bezirkes
BIKER	5	23	Biker
BILDFLAECHE	11	23	Bildfläche
BLINDER	7	23	blinder
BLITZEN	7	23	blitzen
BLUEHTE	7	23	blühte
BLUTUNGEN	9	23	Blutungen
BOHRLOCH	8	23	Bohrloch
BOHRUNG	7	23	Bohrung
BORDELL	7	23	Bordell
BRUETET	7	23	brütet
BURGHOF	7	23	Burghof
BUSSES	6	23	Busses
CERRO	5	23	Cerro
CHAOTISCHE	10	23	chaotische
CHECKLISTE	10	23	Checkliste
CLOWN	5	23	Clown
CODEX	5	23	Codex
COLUMBUS	8	23	Columbus
COUNTYS	7	23	Countys
COWBOYS	7	23	Cowboys
DEFENSIV	8	23	defensiv
DENVER	6	23	Denver
DEPRESSIVE	10	23	depressive
DERLEI	6	23	derlei
DERSELBE	8	23	derselbe
DEZIBEL	7	23	Dezibel
DISKOTHEK	9	23	Diskothek
DOKTORTITEL	11	23	Doktortitel
DONNER	6	23	Donner
DOPPELMORAL	11	23	Doppelmoral
DROHNEN	7	23	Drohnen
DRUCKMITTEL	11	23	Druckmittel
DUEFTE	6	23	Düfte
DUENE	5	23	Düne
DULDEN	6	23	dulden
DUMMEN	6	23	dummen
DURCHBRACH	10	23	durchbrach
DURCHSETZTE	11	23	durchsetzte
DURCHZIEHT	10	23	durchzieht
EHEMANNES	9	23	Ehemannes
EHRLICHEN	9	23	ehrlichen
EHRT	4	23	ehrt
EIGEN	5	23	eigen
EINBEZIEHEN	11	23	einbeziehen
EINGANGSTOR	11	23	Eingangstor
EINGEENGT	9	23	eingeengt
EINGEKAUFT	10	23	eingekauft
EINORDNEN	9	23	einordnen
EINREICHUNG	11	23	Einreichung
EINSAMER	8	23	einsamer
EINTRAF	7	23	eintraf
EISENZEIT	9	23	Eisenzeit
ELLWANGEN	9	23	Ellwangen
ENTERTAINER	11	23	Entertainer
ENTPUPPT	8	23	entpuppt
ENTWICKLERN	11	23	Entwicklern
ERBES	5	23	Erbes
ERBIN	5	23	Erbin
ERBITTERTEN	11	23	erbitterten
ERLEBE	6	23	erlebe
ERMORDETE	9	23	ermordete
ERTRINKEN	9	23	Ertrinken
ERWAEGUNG	9	23	Erwägung
ERWUERGT	8	23	erwürgt
EXPANDIEREN	11	23	expandieren
FALKEN	6	23	Falken
FAMILIAER	9	23	familiär
FILTERN	7	23	filtern
FLOTTEN	7	23	flotten
FLUESSIG	8	23	flüssig
FLUSSBETT	9	23	Flussbett
FLUTLICHT	9	23	Flutlicht
FOERDERTEN	10	23	förderten
FOLGESAISON	11	23	Folgesaison
FOLGETAG	8	23	Folgetag
FRENCH	6	23	French
FRISCHEM	8	23	frischem
FRISTLOS	8	23	fristlos
FRUEHERES	9	23	früheres
FUEHRERN	8	23	Führern
FUENFTES	8	23	fünftes
FUNKTIONAER	11	23	Funktionär
FUNKTIONAL	10	23	funktional
FUNKTIONALE	11	23	funktionale
FUSST	5	23	fußt
GEDACHTE	8	23	gedachte
GEFORMTEN	9	23	geformten
GEHILFEN	8	23	Gehilfen
GEHOEFT	7	23	Gehöft
GEISTIGER	9	23	geistiger
GEKONNT	7	23	gekonnt
GELBLICHE	9	23	gelbliche
GELERNTER	9	23	gelernter
GEMACHTE	8	23	gemachte
GEMESSENEN	10	23	gemessenen
GEMUET	6	23	Gemüt
GENIALER	8	23	genialer
GERANGEL	8	23	Gerangel
GESAET	6	23	gesät
GESAMMELTE	10	23	gesammelte
GESAMTSUMME	11	23	Gesamtsumme
GESCHICKTER	11	23	geschickter
GESEGNET	8	23	gesegnet
GESIMS	6	23	Gesims
GESINNUNG	9	23	Gesinnung
GESTATTETE	10	23	gestattete
GESTEIGERTE	11	23	gesteigerte
GETARNT	7	23	getarnt
GEWALTSAME	10	23	gewaltsame
GEWEHRT	7	23	gewehrt
GEWICHTET	9	23	gewichtet
GEWUERZE	8	23	Gewürze
GEZIELTER	9	23	gezielter
GLEICHUNGEN	11	23	Gleichungen
GLEITEN	7	23	gleiten
GNADENBILD	10	23	Gnadenbild
GOENNEN	7	23	gönnen
GRAUENS	7	23	Grauens
GROBER	6	23	grober
HABSBURGER	10	23	Habsburger
HAFER	5	23	Hafer
HALBHERZIG	10	23	halbherzig
HANDHABEN	9	23	handhaben
HAUPTPREIS	10	23	Hauptpreis
HEIZKOERPER	11	23	Heizkörper
HERBEN	6	23	herben
HERHALTEN	9	23	herhalten
HERSTELLT	9	23	herstellt
HEYNE	5	23	Heyne
HIERGEGEN	9	23	Hiergegen
HILFSGUETER	11	23	Hilfsgüter
HINDEUTEN	9	23	hindeuten
HINTERLEIB	10	23	Hinterleib
HOCHEBENE	9	23	Hochebene
HOCHFLAECHE	11	23	Hochfläche
HOCHSTIFT	9	23	Hochstift
HOERSAAL	8	23	Hörsaal
HOHLRAEUME	10	23	Hohlräume
HOLE	4	23	hole
HUEGELLAND	10	23	Hügelland
IDEOLOGIEN	10	23	Ideologien
IGNORIERTE	10	23	ignorierte
IMMIGRANTEN	11	23	Immigranten
IMPOSANTEN	10	23	imposanten
INDIANA	7	23	Indiana
INNOVATIVER	11	23	innovativer
INSOLVENT	9	23	insolvent
INTAKTE	7	23	intakte
INTAKTEN	8	23	intakten
INTENSIVERE	11	23	intensivere
INVESTMENTS	11	23	Investments
IRRELEVANT	10	23	irrelevant
JAPANISCH	9	23	Japanisch
JEMEN	5	23	Jemen
JOHANNITER	10	23	Johanniter
JUBELTEN	8	23	jubelten
KANZLERS	8	23	Kanzlers
KARG	4	23	karg
KERKER	6	23	Kerker
KIRCHDORF	9	23	Kirchdorf
KLAFFT	6	23	klafft
KLEINBUS	8	23	Kleinbus
KNAUF	5	23	Knauf
KOBLENZER	9	23	Koblenzer
KONSTANZER	10	23	Konstanzer
KONZEPTES	9	23	Konzeptes
KONZERTS	8	23	Konzerts
KONZERTSAAL	11	23	Konzertsaal
KOSMISCHE	9	23	kosmische
KOTFLUEGEL	10	23	Kotflügel
KRAWATTE	8	23	Krawatte
KREATION	8	23	Kreation
KREUZGANG	9	23	Kreuzgang
KREUZT	6	23	kreuzt
KURIOSE	7	23	kuriose
KURSBEGINN	10	23	Kursbeginn
LAESTIGE	8	23	lästige
LAUSITZ	7	23	Lausitz
LEBENSLANG	10	23	lebenslang
LEBENSRAUMS	11	23	Lebensraums
LEERZEICHEN	11	23	Leerzeichen
LICHTBLICKE	11	23	Lichtblicke
LIEGEWIESE	10	23	Liegewiese
LIMES	5	23	Limes
LUEFTER	7	23	Lüfter
LUKOIL	6	23	Lukoil
MAEHREN	7	23	Mähren
MAINSTREAM	10	23	Mainstream
MARBACH	7	23	Marbach
MARKENNAME	10	23	Markenname
MASCHINELL	10	23	maschinell
MASSIVES	8	23	massives
MATTEN	6	23	Matten
MAXIMALER	9	23	maximaler
MEETING	7	23	Meeting
MEHRFACHEN	10	23	mehrfachen
METHODISCHE	11	23	methodische
MIETERN	7	23	Mietern
MILITANTE	9	23	militante
MISSACHTUNG	11	23	Missachtung
MISSLUNGEN	10	23	misslungen
MITWIRKTE	9	23	mitwirkte
MUEHLHAUSEN	11	23	Mühlhausen
MUTIGEN	7	23	mutigen
NACHWAHL	8	23	Nachwahl
NAEHRSTOFFE	11	23	Nährstoffe
NESTERN	7	23	Nestern
NETZWERKES	10	23	Netzwerkes
NIVEAUS	7	23	Niveaus
NOTATION	8	23	Notation
NOTFAELLEN	10	23	Notfällen
NUMERISCHE	10	23	numerische
OBERLEITUNG	11	23	Oberleitung
OFFENLEGUNG	11	23	Offenlegung
OLYMPIASIEG	11	23	Olympiasieg
ORGANISCH	9	23	organisch
ORTSTEILS	9	23	Ortsteils
OSTWAERTS	9	23	ostwärts
PAEDAGOGE	9	23	Pädagoge
PANKOW	6	23	Pankow
PATROUILLE	10	23	Patrouille
PAZIFISCHEN	11	23	Pazifischen
PHYSISCH	8	23	physisch
PILLEN	6	23	Pillen
POCHT	5	23	pocht
POLIZEILICH	11	23	polizeilich
PORTALS	7	23	Portals
PRAEPARAT	9	23	Präparat
PRAEPARIERT	11	23	präpariert
PRAEZISER	9	23	präziser
PRANGT	6	23	prangt
PRIMERA	7	23	Primera
PROFESSORS	10	23	Professors
PROPHYLAXE	10	23	Prophylaxe
QUERELEN	8	23	Querelen
RABE	4	23	Rabe
RAMPEN	6	23	Rampen
RANGFOLGE	9	23	Rangfolge
RASEND	6	23	rasend
RASER	5	23	Raser
RAUEN	5	23	rauen
RAUER	5	23	rauer
REALITAETEN	11	23	Realitäten
REBSORTE	8	23	Rebsorte
RECHNERISCH	11	23	rechnerisch
RECHTECK	8	23	Rechteck
RECHTSKURVE	11	23	Rechtskurve
REFLEXIONEN	11	23	Reflexionen
REGELTE	7	23	regelte
REINSCHAUEN	11	23	reinschauen
REIZE	5	23	Reize
REIZEN	6	23	reizen
RESIGNIERT	10	23	resigniert
RINDFLEISCH	11	23	Rindfleisch
RITEN	5	23	Riten
ROCKMUSIK	9	23	Rockmusik
ROGGEN	6	23	Roggen
ROUTINIER	9	23	Routinier
RUMMEL	6	23	Rummel
SAALBAU	7	23	Saalbau
SAISONALE	9	23	saisonale
SALATE	6	23	Salate
SALZE	5	23	Salze
SANDIGEN	8	23	sandigen
SCHAEDLINGE	11	23	Schädlinge
SCHAERFEN	9	23	schärfen
SCHLOSSER	9	23	Schlosser
SCHUBLADEN	10	23	Schubladen
SCHUECHTERN	11	23	schüchtern
SCHULKLASSE	11	23	Schulklasse
SEKTORS	7	23	Sektors
SENIORIN	8	23	Seniorin
SPANIERN	8	23	Spaniern
SPENDIERT	9	23	spendiert
SPIELCHEN	9	23	Spielchen
SPIELERIN	9	23	Spielerin
SPIELMACHER	11	23	Spielmacher
SPIELORT	8	23	Spielort
SPIELTAGE	9	23	Spieltage
STACHEL	7	23	Stachel
STAELLE	7	23	Ställe
STANDE	6	23	Stande
STATUT	6	23	Statut
STEIGUNGEN	10	23	Steigungen
STIFTE	6	23	Stifte
STIFTEN	7	23	stiften
STIMULIERT	10	23	stimuliert
STREBE	6	23	strebe
STUERMTEN	9	23	stürmten
SYMMETRIE	9	23	Symmetrie
TEILERFOLG	10	23	Teilerfolg
TEMPLE	6	23	Temple
TEMPOLIMIT	10	23	Tempolimit
TERMINPLAN	10	23	Terminplan
TESTSPIEL	9	23	Testspiel
TEURES	6	23	teures
TIBETER	7	23	Tibeter
TICKT	5	23	tickt
TITELSONG	9	23	Titelsong
TREUHAENDER	11	23	Treuhänder
TRIBUNAL	8	23	Tribunal
TRIERER	7	23	Trierer
TROCKENZEIT	11	23	Trockenzeit
TRUPP	5	23	Trupp
TSCHECHE	8	23	Tscheche
TUERKE	6	23	Türke
TUGENDEN	8	23	Tugenden
UEBERRAGEND	11	23	überragend
UEPPIGE	7	23	üppige
UMLAUFENDEN	11	23	umlaufenden
UMZUEGE	7	23	Umzüge
UNBEACHTET	10	23	unbeachtet
UNGLAEUBIG	10	23	ungläubig
UNIKLINIK	9	23	Uniklinik
UNIS	4	23	Unis
UNKLAREN	8	23	unklaren
UNTERSAGTE	10	23	untersagte
URALTEN	7	23	uralten
URNEN	5	23	Urnen
UTAH	4	23	Utah
VENTILATOR	10	23	Ventilator
VERDAMPFT	9	23	verdampft
VERERBUNG	9	23	Vererbung
VERFEHLTEN	10	23	verfehlten
VERFUEHREN	10	23	verführen
VERGIFTUNG	10	23	Vergiftung
VERHAENGTE	10	23	verhängte
VERLEUMDUNG	11	23	Verleumdung
VERMELDEN	9	23	vermelden
VERMELDETE	10	23	vermeldete
VERRUEHREN	10	23	verrühren
VERSEN	6	23	Versen
VERSPAETETE	11	23	verspätete
VERSUNKEN	9	23	versunken
VERTEUERUNG	11	23	Verteuerung
VERZEIHEN	9	23	verzeihen
VERZINST	8	23	verzinst
VITAMINE	8	23	Vitamine
VOLKSBUEHNE	11	23	Volksbühne
VORARBEIT	9	23	Vorarbeit
VORLIEBEN	9	23	Vorlieben
VORWEG	6	23	vorweg
WACHSAM	7	23	wachsam
WARMER	6	23	warmer
WARTBURG	8	23	Wartburg
WEGGEFALLEN	11	23	weggefallen
WEIGERUNG	9	23	Weigerung
WEINTE	6	23	weinte
WELLINGTON	10	23	Wellington
WELTREKORDE	11	23	Weltrekorde
WELTWEITER	10	23	weltweiter
WENDUNGEN	9	23	Wendungen
WERBESPOTS	10	23	Werbespots
WESTEMPORE	10	23	Westempore
WESTFASSADE	11	23	Westfassade
WIKINGER	8	23	Wikinger
WINTERSPORT	11	23	Wintersport
WIRKLICHES	10	23	wirkliches
WOHNBAUTEN	10	23	Wohnbauten
WOHNMOBIL	9	23	Wohnmobil
WOLLTEST	8	23	wolltest
ZEITREISE	9	23	Zeitreise
ZUENDET	7	23	zündet
ZUENDETE	8	23	zündete
ZUGABEN	7	23	Zugaben
ZUGEHEN	7	23	zugehen
ZUGEWANDT	9	23	zugewandt
ZUKAUF	6	23	Zukauf
ZWEIGSTELLE	11	23	Zweigstelle
ZYNISCH	7	23	zynisch
ABFAHRTEN	9	22	Abfahrten
ABGELESEN	9	22	abgelesen
ABGERUNDETE	11	22	abgerundete
ABGEWAEHLT	10	22	abgewählt
ABGLEICH	8	22	Abgleich
ABSAETZE	8	22	Absätze
ABSCHRECKEN	11	22	abschrecken
ABSPERRUNG	10	22	Absperrung
ABZOCKE	7	22	Abzocke
AERGERTE	8	22	ärgerte
AFFAEREN	8	22	Affären
ALABAMA	7	22	Alabama
ALPHABET	8	22	Alphabet
ALTERTUM	8	22	Altertum
AMSTERDAMER	11	22	Amsterdamer
ANGEBLICHER	11	22	angeblicher
ANREDE	6	22	Anrede
ANSCHRIFTEN	11	22	Anschriften
ANSTECKEND	10	22	ansteckend
ARGE	4	22	arge
ATRIUM	6	22	Atrium
AUFFUELLEN	10	22	auffüllen
AUFGEZAEHLT	11	22	aufgezählt
AUFHIELT	8	22	aufhielt
AUFSETZEN	9	22	aufsetzen
AUSGEHAENGT	11	22	ausgehängt
AUSGEWIRKT	10	22	ausgewirkt
AUSGIEBIGEN	11	22	ausgiebigen
AUSREICHT	9	22	ausreicht
AUSRUTSCHER	11	22	Ausrutscher
AUSSORTIERT	11	22	aussortiert
AUSSPRUCH	9	22	Ausspruch
AUSSTOSS	8	22	Ausstoß
AUTOBAUERS	10	22	Autobauers
AVANCIERT	9	22	avanciert
BACKHAUS	8	22	Backhaus
BAHNCARD	8	22	Bahncard
BALTIMORE	9	22	Baltimore
BANDITEN	8	22	Banditen
BAURECHT	8	22	Baurecht
BEDRUCKT	8	22	bedruckt
BEFASSTEN	9	22	befassten
BEFIEHLT	8	22	befiehlt
BEFRIEDIGEN	11	22	befriedigen
BEFUELLT	8	22	befüllt
BEIGEBRACHT	11	22	beigebracht
BEILEIBE	8	22	beileibe
BERECHNETEN	11	22	berechneten
BEREICHS	8	22	Bereichs
BERLINERIN	10	22	Berlinerin
BESINNUNG	9	22	Besinnung
BESTEHENDES	11	22	bestehendes
BEUGT	5	22	beugt
BEVORZUGTES	11	22	bevorzugtes
BEWACHEN	8	22	bewachen
BEWUCHS	7	22	Bewuchs
BEZICHTIGT	10	22	bezichtigt
BIEL	4	22	Biel
BIELEFELDER	11	22	Bielefelder
BIENE	5	22	Biene
BILATERALEN	11	22	bilateralen
BIODIESEL	9	22	Biodiesel
BIRKEN	6	22	Birken
BLEISTIFT	9	22	Bleistift
BLOEDE	6	22	blöde
BLUTES	6	22	Blutes
BODENPLATTE	11	22	Bodenplatte
BONDS	5	22	Bonds
BORUSSEN	8	22	Borussen
BRAUNER	7	22	brauner
BRISE	5	22	Brise
BRUEGGE	7	22	Brügge
BUERGERTUM	10	22	Bürgertum
CHAOTISCHEN	11	22	chaotischen
CHAUFFEUR	9	22	Chauffeur
CIVIL	5	22	Civil
CLICK	5	22	Click
DAEMPFTE	8	22	dämpfte
DATEINAMEN	10	22	Dateinamen
DAUERNDE	8	22	dauernde
DEALS	5	22	Deals
DECKSTEIN	9	22	Deckstein
DEKORATIVE	10	22	dekorative
DELEGIERTER	11	22	Delegierter
DEPRESSIV	9	22	depressiv
DEUTLICHEM	10	22	deutlichem
DEZIMIERT	9	22	dezimiert
DICHTERIN	9	22	Dichterin
DINNER	6	22	Dinner
DISKETTEN	9	22	Disketten
DOLMEN	6	22	Dolmen
DOOF	4	22	doof
DRAFT	5	22	Draft
DRASTISCHER	11	22	drastischer
DREHSCHEIBE	11	22	Drehscheibe
DRINGENDE	9	22	dringende
DUELLE	6	22	Duelle
DURCHATMEN	10	22	Durchatmen
DURCHZIEHEN	11	22	durchziehen
EASTERN	7	22	Eastern
ECHTEM	6	22	echtem
EIGENARTIGE	11	22	eigenartige
EINBAUTEN	9	22	Einbauten
EINGEFAERBT	11	22	eingefärbt
EINSCHLAG	9	22	Einschlag
EINSPARUNG	10	22	Einsparung
EITELKEIT	9	22	Eitelkeit
EMOTION	7	22	Emotion
ENGSTE	6	22	engste
ENTFLIEHEN	10	22	entfliehen
ENTFUEHRTEN	11	22	Entführten
ENTLEHNT	8	22	entlehnt
ENTLIESS	8	22	entließ
ENTSENDET	9	22	entsendet
EREILTE	7	22	ereilte
ERHAERTET	9	22	erhärtet
ERKER	5	22	Erker
ERKLINGEN	9	22	erklingen
ERLEGEN	7	22	erlegen
ERMOEGLICHE	11	22	ermögliche
ERMUTIGEND	10	22	ermutigend
ERREICHBARE	11	22	erreichbare
ERSCHRECKEN	11	22	erschrecken
ERSTERES	8	22	Ersteres
ERWECKEN	8	22	erwecken
ERZAEHLE	8	22	erzähle
ERZWUNGEN	9	22	erzwungen
EXTERNER	8	22	externer
EXTRAKLASSE	11	22	Extraklasse
EXTREMFALL	10	22	Extremfall
FACELIFT	8	22	Facelift
FAHRENDE	8	22	fahrende
FAHRLAESSIG	11	22	fahrlässig
FALTBLATT	9	22	Faltblatt
FARBLOS	7	22	farblos
FARBTON	7	22	Farbton
FATALEN	7	22	fatalen
FERNGLAS	8	22	Fernglas
FIRMENNAME	10	22	Firmenname
FLIEGENDE	9	22	fliegende
FLUGZEUGES	10	22	Flugzeuges
FORSCHTE	8	22	forschte
FORSTHAUS	9	22	Forsthaus
FOSSILEN	8	22	fossilen
FOTOGALERIE	11	22	Fotogalerie
FREITREPPE	10	22	Freitreppe
FRESKO	6	22	Fresko
FREUDIG	7	22	freudig
FRIES	5	22	Fries
FRISUREN	8	22	Frisuren
FROEHLICHER	11	22	fröhlicher
FUNKGERAET	10	22	Funkgerät
GALAXIEN	8	22	Galaxien
GANZRANDIG	10	22	ganzrandig
GASTIERT	8	22	gastiert
GEBISS	6	22	Gebiss
GEBLIEBENE	10	22	gebliebene
GEBOGENEN	9	22	gebogenen
GEFALLENE	9	22	gefallene
GEFERTIGTE	10	22	gefertigte
GEFUEGE	7	22	Gefüge
GEHOBENE	8	22	gehobene
GEHOELZE	8	22	Gehölze
GELAEUTET	9	22	geläutet
GELDANLAGE	10	22	Geldanlage
GELDWAESCHE	11	22	Geldwäsche
GEMINDERT	9	22	gemindert
GENUETZT	8	22	genützt
GEPRALLT	8	22	geprallt
GERECHTEN	9	22	gerechten
GERETTETEN	10	22	Geretteten
GESCHIRR	8	22	Geschirr
GESCHRAUBT	10	22	geschraubt
GESETZTE	8	22	gesetzte
GESUENDER	9	22	gesünder
GEWACHSENE	10	22	gewachsene
GEWEINT	7	22	geweint
GEWINDE	7	22	Gewinde
GLAMOUR	7	22	Glamour
GOTIK	5	22	Gotik
GRABHUEGEL	10	22	Grabhügel
GRAFIKKARTE	11	22	Grafikkarte
HACKEN	6	22	hacken
HALBRUNDEN	10	22	halbrunden
HALLER	6	22	Haller
HARMLOSEN	9	22	harmlosen
HARSCHE	7	22	harsche
HEBELTEN	8	22	hebelten
HEIME	5	22	Heime
HEIMVORTEIL	11	22	Heimvorteil
HEIZT	5	22	heizt
HERAUF	6	22	herauf
HERRIN	6	22	Herrin
HERRSCHENDE	11	22	herrschende
HINDERN	7	22	hindern
HOERSPIELE	10	22	Hörspiele
HOHN	4	22	Hohn
HOMOGEN	7	22	homogen
HOSPIZ	6	22	Hospiz
HUMORVOLL	9	22	humorvoll
INNENLEBEN	10	22	Innenleben
JAGTE	5	22	jagte
JAHRGANGS	9	22	Jahrgangs
JUDENTUMS	9	22	Judentums
JUGENDAMTES	11	22	Jugendamtes
JUGENDHAUS	10	22	Jugendhaus
JUROREN	7	22	Juroren
KAMPFANSAGE	11	22	Kampfansage
KANONE	6	22	Kanone
KANU	4	22	Kanu
KASSIERER	9	22	Kassierer
KIEFERN	7	22	Kiefern
KINDLICHEN	10	22	kindlichen
KLINIKUMS	9	22	Klinikums
KLONEN	6	22	Klonen
KNECHT	6	22	Knecht
KOCHBUCH	8	22	Kochbuch
KODIERT	7	22	kodiert
KOESTLICH	9	22	köstlich
KOMET	5	22	Komet
KOMPLIZE	8	22	Komplize
KONTERN	7	22	Kontern
KONZERTHAUS	11	22	Konzerthaus
KOREANISCHE	11	22	koreanische
KORRELATION	11	22	Korrelation
KRAEUTERN	9	22	Kräutern
KREATUR	7	22	Kreatur
KREIDE	6	22	Kreide
KROATISCHE	10	22	kroatische
KUBIKMETERN	11	22	Kubikmetern
KUERZESTEN	10	22	kürzesten
KULTURHAUS	10	22	Kulturhaus
LABORS	6	22	Labors
LACHTEN	7	22	lachten
LADEZEIT	8	22	Ladezeit
LAEUFERN	8	22	Läufern
LANCIERT	8	22	lanciert
LAWINE	6	22	Lawine
LEBENSDATEN	11	22	Lebensdaten
LECKERES	8	22	leckeres
LEHRAUFTRAG	11	22	Lehrauftrag
LEITERN	7	22	Leitern
LEITERS	7	22	Leiters
LEMGO	5	22	Lemgo
LIBRETTO	8	22	Libretto
LICHTQUELLE	11	22	Lichtquelle
LIEBESPAAR	10	22	Liebespaar
LINIENBUS	9	22	Linienbus
LITURGISCHE	11	22	liturgische
LOHNENSWERT	11	22	lohnenswert
LOYAL	5	22	loyal
LUECKENHAFT	11	22	lückenhaft
LUECKENLOS	10	22	lückenlos
LUECKENLOSE	11	22	lückenlose
LUFTBALLONS	11	22	Luftballons
LUFTSCHIFF	10	22	Luftschiff
LUSTIGES	8	22	lustiges
MAENGELN	8	22	Mängeln
MARSCHALL	9	22	Marschall
MASSENHAFT	10	22	massenhaft
MAULWURF	8	22	Maulwurf
MAURITIUS	9	22	Mauritius
MAXIME	6	22	Maxime
MEKKA	5	22	Mekka
MESSIAS	7	22	Messias
MINIMIERUNG	11	22	Minimierung
MISSACHTETE	11	22	missachtete
MITGERISSEN	11	22	mitgerissen
MONGOLEN	8	22	Mongolen
MUSCHEL	7	22	Muschel
MUSLIM	6	22	Muslim
MYSTERIUM	9	22	Mysterium
MYSTIK	6	22	Mystik
NACHBESSERN	11	22	nachbessern
NACHTISCH	9	22	Nachtisch
NACHWELT	8	22	Nachwelt
NAMENSFORM	10	22	Namensform
NATURNAHEN	10	22	naturnahen
NAVIGIEREN	10	22	Navigieren
NEBENEFFEKT	11	22	Nebeneffekt
NEIGUNGEN	9	22	Neigungen
NETZEN	6	22	Netzen
NEUJAHR	7	22	Neujahr
NEULINGE	8	22	Neulinge
NICARAGUA	9	22	Nicaragua
NIZZA	5	22	Nizza
NOETE	5	22	Nöte
NORDERSTEDT	11	22	Norderstedt
NORDHAUSEN	10	22	Nordhausen
NORDISCHE	9	22	nordische
NORDITALIEN	11	22	Norditalien
NORDKUESTE	10	22	Nordküste
NOTWENDIGER	11	22	notwendiger
NUMERISCHEN	11	22	numerischen
NUTZLOS	7	22	nutzlos
OEDE	4	22	öde
OEKUMENE	8	22	Ökumene
ORGELBAUER	10	22	Orgelbauer
ORTSKERNS	9	22	Ortskerns
ORTSNAMENS	10	22	Ortsnamens
OTTAWA	6	22	Ottawa
OXIDATION	9	22	Oxidation
PARAT	5	22	parat
PENDEL	6	22	Pendel
PERIODISCH	10	22	periodisch
PERSER	6	22	Perser
PFADE	5	22	Pfade
PFLEGTEN	8	22	pflegten
PFLUG	5	22	Pflug
PHANTOM	7	22	Phantom
PINNEBERG	9	22	Pinneberg
POCHEN	6	22	pochen
PODESTPLATZ	11	22	Podestplatz
POSE	4	22	Pose
PRANGER	7	22	Pranger
PRIMITIVE	9	22	primitive
PRINCESS	8	22	Princess
PRIOR	5	22	Prior
PROFILIERT	10	22	profiliert
PROMINENT	9	22	prominent
PROPAGIERT	10	22	propagiert
PRUEGEL	7	22	Prügel
QUAELT	6	22	quält
QUELLWASSER	11	22	Quellwasser
QUERSCHIFF	10	22	Querschiff
RAECHT	6	22	rächt
RATSHERREN	10	22	Ratsherren
RAUSWURF	8	22	Rauswurf
RECHNERN	8	22	Rechnern
REDETE	6	22	redete
REGISSEURS	10	22	Regisseurs
REIBEN	6	22	reiben
REISEPREIS	10	22	Reisepreis
RENOVIEREN	10	22	renovieren
RENTABEL	8	22	rentabel
REQUIEM	7	22	Requiem
RIGOROS	7	22	rigoros
ROCH	4	22	roch
ROCKY	5	22	Rocky
ROHOEL	6	22	Rohöl
ROMANZE	7	22	Romanze
ROSENGARTEN	11	22	Rosengarten
RUNDBOGIGE	10	22	rundbogige
SACHPREISE	10	22	Sachpreise
SAUBERER	8	22	sauberer
SAUM	4	22	Saum
SAUREN	6	22	sauren
SCHACHZUG	9	22	Schachzug
SCHEINBARE	10	22	scheinbare
SCHLAFE	7	22	schlafe
SCHLEPPEN	9	22	schleppen
SCHLUEPFT	9	22	schlüpft
SCHMOLZ	7	22	schmolz
SCHONT	6	22	schont
SCHREIBUNG	10	22	Schreibung
SCHRIFTFORM	11	22	Schriftform
SCHRILLEN	9	22	schrillen
SCHULWEG	8	22	Schulweg
SCORPIONS	9	22	Scorpions
SEEMEILEN	9	22	Seemeilen
SENSE	5	22	Sense
SEPARATES	9	22	separates
SETUP	5	22	Setup
SICHERSTE	9	22	sicherste
SICHTWEISEN	11	22	Sichtweisen
SIEBENTEN	9	22	siebenten
SIEGTOR	7	22	Siegtor
SIMPSONS	8	22	Simpsons
SINNEN	6	22	Sinnen
SINNGEMAESS	11	22	sinngemäß
SINTFLUT	8	22	Sintflut
SONNTAGEN	9	22	Sonntagen
SORGSAM	7	22	sorgsam
SPAETHERBST	11	22	Spätherbst
SPATZEN	7	22	Spatzen
SPIESS	6	22	Spieß
SPRACHKURSE	11	22	Sprachkurse
SPRACHROHR	10	22	Sprachrohr
SPRAECHEN	9	22	sprächen
STAEDTEBAU	10	22	Städtebau
STAENDERAT	10	22	Ständerat
STAGNIEREN	10	22	stagnieren
STEIGENDEM	10	22	steigendem
STEINZEIT	9	22	Steinzeit
STEUERMANN	10	22	Steuermann
STIEFMUTTER	11	22	Stiefmutter
STOSS	5	22	Stoß
STRAHLEND	9	22	strahlend
STUCK	5	22	Stuck
STUERZE	7	22	Stürze
SUEDENS	7	22	Südens
SUGGERIERT	10	22	suggeriert
TAETIGE	7	22	tätige
TAGESZEIT	9	22	Tageszeit
TANNE	5	22	Tanne
TAPFERKEIT	10	22	Tapferkeit
TARIFEN	7	22	Tarifen
TAUB	4	22	taub
TAUSCHT	7	22	tauscht
TEILHABEN	9	22	teilhaben
TELEFONAT	9	22	Telefonat
TEMPORAER	9	22	temporär
TIBETISCHEN	11	22	tibetischen
TIERISCHE	9	22	tierische
TOENT	5	22	tönt
TOEPFE	6	22	Töpfe
TONHOEHE	8	22	Tonhöhe
TOPOGRAPHIE	11	22	Topographie
TRIEST	6	22	Triest
UEBERMACHT	10	22	Übermacht
UMARMEN	7	22	umarmen
UMFASSE	7	22	umfasse
UMGEHUNG	8	22	Umgehung
UMSCHWUNG	9	22	Umschwung
UNBEHAART	9	22	unbehaart
UNENDLICHEN	11	22	unendlichen
UNERLAUBT	9	22	unerlaubt
UNGLEICHE	9	22	ungleiche
VASE	4	22	Vase
VERDICKT	8	22	verdickt
VERDORBEN	9	22	verdorben
VERDUNKELT	10	22	verdunkelt
VEREINSLOS	10	22	vereinslos
VERFLACHTE	10	22	verflachte
VERFUEHRT	9	22	verführt
VERHILFT	8	22	verhilft
VERHUNGERT	10	22	verhungert
VERKUENDUNG	11	22	Verkündung
VERLETZTER	10	22	verletzter
VERLOBT	7	22	verlobt
VERMOCHTE	9	22	vermochte
VERNICHTETE	11	22	vernichtete
VERTEILER	9	22	Verteiler
VERTEUERN	9	22	verteuern
VERTUSCHT	9	22	vertuscht
VERWARNUNG	10	22	Verwarnung
VERZIEHEN	9	22	verziehen
VETORECHT	9	22	Vetorecht
VOLLZIEHEN	10	22	vollziehen
VORBEUGENDE	11	22	vorbeugende
VORBOTEN	8	22	Vorboten
VORGEKOMMEN	11	22	vorgekommen
VORGESETZTE	11	22	Vorgesetzte
VORJAHRE	8	22	Vorjahre
VORLETZTER	10	22	Vorletzter
VORMUND	7	22	Vormund
VORSAH	6	22	vorsah
VOTIERTEN	9	22	votierten
WAHLTERMIN	10	22	Wahltermin
WALDGEBIETE	11	22	Waldgebiete
WALDWEG	7	22	Waldweg
WEHTE	5	22	wehte
WEINES	6	22	Weines
WESTPORTAL	10	22	Westportal
WOHLE	5	22	Wohle
WOHLHABEND	10	22	wohlhabend
WOHNBEREICH	11	22	Wohnbereich
WORTLOS	7	22	wortlos
WUERMER	7	22	Würmer
WUERSTCHEN	10	22	Würstchen
WUNDERVOLLE	11	22	wundervolle
ZELTLAGER	9	22	Zeltlager
ZENIT	5	22	Zenit
ZENTRALRAT	10	22	Zentralrat
ZOMBIES	7	22	Zombies
ZUGBRUECKE	10	22	Zugbrücke
ZUGPAARE	8	22	Zugpaare
ZUGRIFFE	8	22	Zugriffe
ZUSTROM	7	22	Zustrom
ABFALLENDEN	11	21	abfallenden
ABGEFASST	9	21	abgefasst
ABGEFERTIGT	11	21	abgefertigt
ABGERUTSCHT	11	21	abgerutscht
ABGETRETEN	10	21	abgetreten
ABLESBAR	8	21	ablesbar
ABSCHAETZEN	11	21	abschätzen
ABSCHLAEGEN	11	21	Abschlägen
ABSTERBEN	9	21	Absterben
ABWAERME	8	21	Abwärme
ABZUBRECHEN	11	21	abzubrechen
ABZUGEBEN	9	21	abzugeben
ACHTECKIGEN	11	21	achteckigen
ACROBAT	7	21	Acrobat
ADRESSIERT	10	21	adressiert
AEUSSERSTER	11	21	äußerster
AIRBAGS	7	21	Airbags
AKADEMIEN	9	21	Akademien
AKZEPTABLEN	11	21	akzeptablen
ALKOHOLIKER	11	21	Alkoholiker
ALM	3	21	Alm
ALTENBERG	9	21	Altenberg
ALTERSARMUT	11	21	Altersarmut
AMTSANTRITT	11	21	Amtsantritt
AMTSBEZIRK	10	21	Amtsbezirk
ANGEBAUTEN	10	21	angebauten
ANGEFOCHTEN	11	21	angefochten
ANGEKAUFT	9	21	angekauft
ANGEKURBELT	11	21	angekurbelt
ANHALTENDER	11	21	anhaltender
ANHEBEN	7	21	anheben
ANSATZES	8	21	Ansatzes
ANSPRECHBAR	11	21	ansprechbar
ANTARKTIS	9	21	Antarktis
ANWAELTEN	9	21	Anwälten
ANZUENDEN	9	21	anzünden
ANZUWENDEN	10	21	anzuwenden
APPELLIERTE	11	21	appellierte
ARIEN	5	21	Arien
ARMENIER	8	21	Armenier
ARMENISCHEN	11	21	armenischen
ARMS	4	21	Arms
ARRANGIEREN	11	21	arrangieren
ARZTPRAXIS	10	21	Arztpraxis
ATEMNOT	7	21	Atemnot
ATEMWEGE	8	21	Atemwege
AUFDECKEN	9	21	aufdecken
AUFGEFLOGEN	11	21	aufgeflogen
AUFGEHOLT	9	21	aufgeholt
AUFLAUFEN	9	21	auflaufen
AUFWACHEN	9	21	Aufwachen
AUSBLEIBEN	10	21	Ausbleiben
AUSDRUCKS	9	21	Ausdrucks
AUSGEHOBEN	10	21	ausgehoben
AUSGELOTET	10	21	ausgelotet
AUSREISEN	9	21	ausreisen
AUSZAEHLUNG	11	21	Auszählung
AUSZEICHNEN	11	21	auszeichnen
BADEGAESTE	10	21	Badegäste
BADES	5	21	Bades
BARACKE	7	21	Baracke
BAUPHASEN	9	21	Bauphasen
BEANSTANDET	11	21	beanstandet
BEANTRAGTEN	11	21	beantragten
BEARBEITER	10	21	Bearbeiter
BEDARFS	7	21	Bedarfs
BEDARFSFALL	11	21	Bedarfsfall
BEGIERDE	8	21	Begierde
BEGNUEGEN	9	21	begnügen
BEHAARTE	8	21	behaarte
BEHAFTET	8	21	behaftet
BESAGTEN	8	21	besagten
BESIEGTEN	9	21	besiegten
BESSERTE	8	21	besserte
BETET	5	21	betet
BETITELT	8	21	betitelt
BETRACHTERS	11	21	Betrachters
BETREIBE	8	21	betreibe
BETREIBERN	10	21	Betreibern
BETREUERIN	10	21	Betreuerin
BETRUNKENEN	11	21	betrunkenen
BEZUGSRECHT	11	21	Bezugsrecht
BILDHAUERS	10	21	Bildhauers
BINDEGLIED	10	21	Bindeglied
BIOGRAPHIEN	11	21	Biographien
BIRMA	5	21	Birma
BITTERER	8	21	bitterer
BLOGS	5	21	Blogs
BLUEHENDE	9	21	blühende
BOMBARDIERT	11	21	bombardiert
BOTANIK	7	21	Botanik
BOXENSTOPP	10	21	Boxenstopp
BRABHAM	7	21	Brabham
BRAUER	6	21	Brauer
BREMSTE	7	21	bremste
BRENNHOLZ	9	21	Brennholz
BRENNPUNKT	10	21	Brennpunkt
BRIEFES	7	21	Briefes
BRUEHE	6	21	Brühe
BRUTTOMARGE	11	21	Bruttomarge
BUESST	6	21	büßt
BUNGALOW	8	21	Bungalow
BUNGALOWS	9	21	Bungalows
BURGRUINE	9	21	Burgruine
BUSEN	5	21	Busen
BUXTEHUDE	9	21	Buxtehude
BYTE	4	21	Byte
CAFE	4	21	Cafe
CALIFORNIA	10	21	California
CAPITOL	7	21	Capitol
CHILENISCHE	11	21	chilenische
CHIPKARTE	9	21	Chipkarte
CHROMOSOMEN	11	21	Chromosomen
CINCINNATI	10	21	Cincinnati
CODIERUNG	9	21	Codierung
CREMEFARBEN	11	21	cremefarben
DAEMMUNG	8	21	Dämmung
DARGELEGT	9	21	dargelegt
DATUMS	6	21	Datums
DAUERHAFTES	11	21	dauerhaftes
DEHNTE	6	21	dehnte
DEKOR	5	21	Dekor
DEMUT	5	21	Demut
DETMOLD	7	21	Detmold
DIALEKTEN	9	21	Dialekten
DIALOGS	7	21	Dialogs
DIDAKTIK	8	21	Didaktik
DIENSTGRAD	10	21	Dienstgrad
DISKOTHEKEN	11	21	Diskotheken
DOKTORANDEN	11	21	Doktoranden
DREHZAHLEN	10	21	Drehzahlen
DRINK	5	21	Drink
DUALE	5	21	duale
DUERFT	6	21	dürft
DUESTERES	9	21	düsteres
DUMMERWEISE	11	21	Dummerweise
DUNKELBLAU	10	21	dunkelblau
DURCHHALTEN	11	21	durchhalten
DURCHWUEHLT	11	21	durchwühlt
EDELMETALLE	11	21	Edelmetalle
EFFEKTEN	8	21	Effekten
EGOISMUS	8	21	Egoismus
EHRGEIZIGEN	11	21	ehrgeizigen
EINGEDECKT	10	21	eingedeckt
EINGEFALLEN	11	21	eingefallen
EINGEMAUERT	11	21	eingemauert
EINGERAHMT	10	21	eingerahmt
EINSPRINGEN	11	21	einspringen
EINTRIFFT	9	21	eintrifft
EINZUHOLEN	10	21	einzuholen
EISENBAHNER	11	21	Eisenbahner
ELLIPTISCH	10	21	elliptisch
ELMSHORN	8	21	Elmshorn
ELTERLICHE	10	21	elterliche
EMBRYO	6	21	Embryo
ENGLAENDERN	11	21	Engländern
ENTFREMDUNG	11	21	Entfremdung
ENTSANDTE	9	21	entsandte
ENTSENDUNG	10	21	Entsendung
ENTWAFFNUNG	11	21	Entwaffnung
ERBAUUNG	8	21	Erbauung
ERFOLGLOSEN	11	21	erfolglosen
ERHOEHE	7	21	erhöhe
ERKAEMPFT	9	21	erkämpft
ERKAUFT	7	21	erkauft
ERLEDIGTE	9	21	erledigte
ERNSTER	7	21	ernster
ERNTET	6	21	erntet
ERSTMALIGE	10	21	erstmalige
ERSUCHEN	8	21	Ersuchen
ERWIRKT	7	21	erwirkt
ERZIEHEN	8	21	erziehen
FAEHREN	7	21	Fähren
FAELLIGEN	9	21	fälligen
FAHRKARTEN	10	21	Fahrkarten
FAHRPLAENE	10	21	Fahrpläne
FAHRSPASS	9	21	Fahrspaß
FAHRTZEIT	9	21	Fahrtzeit
FAKT	4	21	Fakt
FARMEN	6	21	Farmen
FASCHING	8	21	Fasching
FAUL	4	21	faul
FEIGE	5	21	feige
FELSWAND	8	21	Felswand
FEMINISMUS	10	21	Feminismus
FESTIGEN	8	21	festigen
FINDER	6	21	Finder
FIXIEREN	8	21	fixieren
FLATTERN	8	21	flattern
FLOETEN	7	21	Flöten
FLUCHTWEG	9	21	Fluchtweg
FLUGLINIE	9	21	Fluglinie
FLUGSTUNDEN	11	21	Flugstunden
FLUGZEIT	8	21	Flugzeit
FOND	4	21	Fond
FREISTIL	8	21	Freistil
FROEHLICHEN	11	21	fröhlichen
FROMM	5	21	fromm
FROMME	6	21	fromme
FUELLUNGEN	10	21	Füllungen
FUNDUS	6	21	Fundus
FUNGIEREN	9	21	fungieren
GASTWIRT	8	21	Gastwirt
GEBROCHENE	10	21	gebrochene
GEBUNDENEN	10	21	gebundenen
GEHETZT	7	21	gehetzt
GEKRUEMMT	9	21	gekrümmt
GEMAELDES	9	21	Gemäldes
GEMAESSIGT	10	21	gemäßigt
GEMILDERT	9	21	gemildert
GENESIS	7	21	Genesis
GENOETIGT	9	21	genötigt
GEORGISCHEN	11	21	georgischen
GERAEUMIG	9	21	geräumig
GERITTEN	8	21	geritten
GERMANISCHE	11	21	germanische
GESAMTSIEG	10	21	Gesamtsieg
GESCHAEFTES	11	21	Geschäftes
GESCHMINKT	10	21	geschminkt
GESCHNUERT	10	21	geschnürt
GESCHWENKT	10	21	geschwenkt
GESELLT	7	21	gesellt
GESTELL	7	21	Gestell
GETEILTER	9	21	geteilter
GEWAEHLTER	10	21	gewählter
GLOBALES	8	21	globales
GRAZER	6	21	Grazer
GREIFBARE	9	21	greifbare
GRILLPLATZ	10	21	Grillplatz
GROSCHEN	8	21	Groschen
HAKENKREUZ	10	21	Hakenkreuz
HAKT	4	21	hakt
HALBFINALS	10	21	Halbfinals
HALBIERTE	9	21	halbierte
HARZER	6	21	Harzer
HEERE	5	21	Heere
HEITER	6	21	heiter
HERVORHEBEN	11	21	hervorheben
HERZBERG	8	21	Herzberg
HIMMLISCHE	10	21	himmlische
HOCHLAND	8	21	Hochland
HOECHSTES	9	21	höchstes
HOELZERN	8	21	Hölzern
HOERFUNK	8	21	Hörfunk
HOFE	4	21	Hofe
HOHL	4	21	hohl
HOLZBALKEN	10	21	Holzbalken
HOLZBRUECKE	11	21	Holzbrücke
HUEBSCHEN	9	21	hübschen
HUSUM	5	21	Husum
HYPNOSE	7	21	Hypnose
ILLEGALER	9	21	illegaler
IMAM	4	21	Imam
IMKER	5	21	Imker
IMPLANTATE	10	21	Implantate
INN	3	21	Inn
INQUISITION	11	21	Inquisition
INSTABIL	8	21	instabil
INSULIN	7	21	Insulin
INTERAKTIV	10	21	interaktiv
INTUITION	9	21	Intuition
IRGENDEIN	9	21	irgendein
IRISH	5	21	Irish
JAEH	4	21	jäh
JAPANERN	8	21	Japanern
JESUSKIND	9	21	Jesuskind
JET	3	21	Jet
JUGENDTREFF	11	21	Jugendtreff
JUWEL	5	21	Juwel
KAELTER	7	21	kälter
KAHLE	5	21	kahle
KALORIEN	8	21	Kalorien
KAPUZE	6	21	Kapuze
KARGE	5	21	karge
KARIKATUR	9	21	Karikatur
KASSETTEN	9	21	Kassetten
KEIME	5	21	Keime
KELTISCHE	9	21	keltische
KIRSCHEN	8	21	Kirschen
KLAEGLICH	9	21	kläglich
KLEINBAUERN	11	21	Kleinbauern
KLICKS	6	21	Klicks
KLO	3	21	Klo
KLUGER	6	21	kluger
KOEDER	6	21	Köder
KOENIGEN	8	21	Königen
KOENIGTUM	9	21	Königtum
KOENNTEST	9	21	könntest
KOERPERBAU	10	21	Körperbau
KOHLEN	6	21	Kohlen
KOLLISIONEN	11	21	Kollisionen
KOLONNE	7	21	Kolonne
KOMIKER	7	21	Komiker
KOMPLOTT	8	21	Komplott
KOMPRESSION	11	21	Kompression
KOMPRESSOR	10	21	Kompressor
KONSUMIERT	10	21	konsumiert
KONTINENTE	10	21	Kontinente
KOPFBALL	8	21	Kopfball
KOPPLUNG	8	21	Kopplung
KORROSION	9	21	Korrosion
KREUZFAHRER	11	21	Kreuzfahrer
KROKODILE	9	21	Krokodile
KULTURGUT	9	21	Kulturgut
KURSRUTSCH	10	21	Kursrutsch
KURZFORM	8	21	Kurzform
LACHS	5	21	Lachs
LAENGLICHE	10	21	längliche
LANDWIRTEN	10	21	Landwirten
LAUFENDER	9	21	laufender
LAYER	5	21	Layer
LEBENSFORM	10	21	Lebensform
LEBENSHILFE	11	21	Lebenshilfe
LEBENSWELT	10	21	Lebenswelt
LESERS	6	21	Lesers
LESERSCHAFT	11	21	Leserschaft
LEVELS	6	21	Levels
LITAUISCHEN	11	21	litauischen
LOCKE	5	21	Locke
LOVEPARADE	10	21	Loveparade
LUFTDRUCK	9	21	Luftdruck
LUTHERISCHE	11	21	lutherische
LUXEMBURGER	11	21	Luxemburger
MAERKISCHEN	11	21	Märkischen
MAGAZINEN	9	21	Magazinen
MAGERE	6	21	magere
MAINE	5	21	Maine
MANCH	5	21	manch
MAROKKANER	10	21	Marokkaner
MEHRARBEIT	10	21	Mehrarbeit
METROPOLEN	10	21	Metropolen
MIENE	5	21	Miene
MILIZ	5	21	Miliz
MILLENNIUM	10	21	Millennium
MINDER	6	21	minder
MISSLINGT	9	21	misslingt
MITERLEBEN	10	21	miterleben
MITFAHREN	9	21	mitfahren
MITFAHRER	9	21	Mitfahrer
MIXTAPE	7	21	Mixtape
MOBILIAR	8	21	Mobiliar
MODERATE	8	21	moderate
MONDES	6	21	Mondes
MUELLABFUHR	11	21	Müllabfuhr
MUNDE	5	21	Munde
MUSIKANTEN	10	21	Musikanten
MUSIZIERT	9	21	musiziert
NACHZIEHEN	10	21	nachziehen
NAEHRBODEN	10	21	Nährboden
NAEHTEN	7	21	Nähten
NARKOSE	7	21	Narkose
NASSER	6	21	nasser
NEUGIERDE	9	21	Neugierde
NEUNMAL	7	21	neunmal
NICKEN	6	21	Nicken
NUETZLICHEN	11	21	nützlichen
OBERKANTE	9	21	Oberkante
OBERLAUSITZ	11	21	Oberlausitz
OEFFNETEN	9	21	öffneten
OPERIERTE	9	21	operierte
ORGASMUS	8	21	Orgasmus
ORTS	4	21	Orts
ORTSAUSGANG	11	21	Ortsausgang
ORTSGRUPPEN	11	21	Ortsgruppen
ORTSZENTRUM	11	21	Ortszentrum
OZEANS	6	21	Ozeans
PALMA	5	21	Palma
PASSAT	6	21	Passat
PATRIARCHEN	11	21	Patriarchen
PATRONE	7	21	Patrone
PATRONEN	8	21	Patronen
PENSIONIERT	11	21	pensioniert
PFARRHOF	8	21	Pfarrhof
PFERDESTALL	11	21	Pferdestall
PHANTASIEN	10	21	Phantasien
PINGUINE	8	21	Pinguine
PISTOLEN	8	21	Pistolen
PLASTISCHEN	11	21	plastischen
PLUGINS	7	21	Plugins
PLUSPUNKTE	10	21	Pluspunkte
PODCAST	7	21	Podcast
POLIZEICHEF	11	21	Polizeichef
POOLS	5	21	Pools
PORTION	7	21	Portion
POTENTIELL	10	21	potentiell
PRAKTIKUMS	10	21	Praktikums
PREISDRUCK	10	21	Preisdruck
PROBEFAHRT	10	21	Probefahrt
QUARANTAENE	11	21	Quarantäne
QUERHAUS	8	21	Querhaus
RANGER	6	21	Ranger
RAPS	4	21	Raps
RATSHERR	8	21	Ratsherr
RAUCHMELDER	11	21	Rauchmelder
RAUHEN	6	21	rauhen
REBSORTEN	9	21	Rebsorten
REDAKTIONEN	11	21	Redaktionen
REGATTA	7	21	Regatta
REIHUM	6	21	reihum
REINBEK	7	21	Reinbek
REITERN	7	21	Reitern
REIZVOLLE	9	21	reizvolle
REKRUTEN	8	21	Rekruten
REMSCHEID	9	21	Remscheid
REPORTERIN	10	21	Reporterin
RESORT	6	21	Resort
REUTLINGER	10	21	Reutlinger
RHEINHESSEN	11	21	Rheinhessen
RHEINS	6	21	Rheins
RHOEN	5	21	Rhön
RIEMEN	6	21	Riemen
RITTERS	7	21	Ritters
ROHE	4	21	rohe
ROLLING	7	21	Rolling
ROSENHEIM	9	21	Rosenheim
ROTSTIFT	8	21	Rotstift
ROUTER	6	21	Router
RUEGE	5	21	Rüge
RUESTUNGEN	10	21	Rüstungen
RUNDLICH	8	21	rundlich
SAEUREN	7	21	Säuren
SARAJEVO	8	21	Sarajevo
SARKOPHAG	9	21	Sarkophag
SCHAEDLICHE	11	21	schädliche
SCHARFES	8	21	scharfes
SCHIEBER	8	21	Schieber
SCHIMMER	8	21	Schimmer
SCHLACHTHOF	11	21	Schlachthof
SCHLEUDERTE	11	21	schleuderte
SCHLICHE	8	21	Schliche
SCHLOSSHOF	10	21	Schlosshof
SCHLUESSE	9	21	Schlüsse
SCHLUPF	7	21	Schlupf
SCHMEISST	9	21	schmeißt
SCHREITEN	9	21	schreiten
SCHWAECHT	9	21	schwächt
SCHWELLEN	9	21	Schwellen
SCOTTISH	8	21	Scottish
SEEFAHRT	8	21	Seefahrt
SEILEN	6	21	Seilen
SETS	4	21	Sets
SIGNIERT	8	21	signiert
SINNBILD	8	21	Sinnbild
SIPPE	5	21	Sippe
SKIFAHRER	9	21	Skifahrer
SPEDITION	9	21	Spedition
SPIELSTAND	10	21	Spielstand
SPIELTAGES	10	21	Spieltages
SPORTANLAGE	11	21	Sportanlage
SPORTLICHES	11	21	sportliches
SPULEN	6	21	Spulen
STADTFEST	9	21	Stadtfest
STAFFELUNG	10	21	Staffelung
STATISCH	8	21	statisch
STAUMAUER	9	21	Staumauer
STEHENDES	9	21	stehendes
STEHPLAETZE	11	21	Stehplätze
STEINIGEN	9	21	steinigen
STEINS	6	21	Steins
STEUERLAST	10	21	Steuerlast
STICHPROBE	10	21	Stichprobe
STIMULATION	11	21	Stimulation
STRAUBING	9	21	Straubing
STREITWERT	10	21	Streitwert
STRICHEN	8	21	Strichen
STRIKTES	8	21	striktes
STUERMTE	8	21	stürmte
SUEDKURIER	10	21	Südkurier
SUEDOST	7	21	Südost
TAGESKARTE	10	21	Tageskarte
TAKTE	5	21	Takte
TATMOTIV	8	21	Tatmotiv
TEILZEIT	8	21	Teilzeit
TELEFONATE	10	21	Telefonate
TERMINUS	8	21	Terminus
TIEFSTAND	9	21	Tiefstand
TIERAERZTE	10	21	Tierärzte
TITELBLATT	10	21	Titelblatt
TORJAEGER	9	21	Torjäger
TORPEDO	7	21	Torpedo
TRAFFIC	7	21	Traffic
TRAINERAMT	10	21	Traineramt
TRAINERSTAB	11	21	Trainerstab
TRAUMHAFT	9	21	traumhaft
TREPTOW	7	21	Treptow
TRINKE	6	21	trinke
TRUCK	5	21	Truck
TUERSTEHER	10	21	Türsteher
TUNIS	5	21	Tunis
TURNUS	6	21	Turnus
TURNVEREIN	10	21	Turnverein
UEBERLAPPEN	11	21	überlappen
UEBERLAUFEN	11	21	überlaufen
UEBERWEISEN	11	21	überweisen
UMGEKOMMEN	10	21	umgekommen
UMLEITUNGEN	11	21	Umleitungen
UMRECHNUNG	10	21	Umrechnung
UMSIEDLUNG	10	21	Umsiedlung
UMSTELLT	8	21	umstellt
UMSTIEG	7	21	Umstieg
UNBEZAHLBAR	11	21	unbezahlbar
UNTERTEILEN	11	21	unterteilen
UNVEREINBAR	11	21	unvereinbar
URTEILTE	8	21	urteilte
VASEN	5	21	Vasen
VERARMUNG	9	21	Verarmung
VERBALE	7	21	verbale
VERBORGENE	10	21	verborgene
VERENDET	8	21	verendet
VERFIELEN	9	21	verfielen
VERGIFTEN	9	21	vergiften
VERGLASUNG	10	21	Verglasung
VERHALTENE	10	21	verhaltene
VERMERK	7	21	Vermerk
VERNEINEN	9	21	verneinen
VERNICHTEND	11	21	vernichtend
VERORDNETE	10	21	verordnete
VERPOENT	8	21	verpönt
VERSCHMUTZT	11	21	verschmutzt
VERSCHOSSEN	11	21	verschossen
VERSCHRAUBT	11	21	verschraubt
VERSEHENE	9	21	versehene
VERSTARBEN	10	21	verstarben
VERSTOESSEN	11	21	Verstößen
VERSTOPFT	9	21	verstopft
VERSTRICHEN	11	21	verstrichen
VERWANDTER	10	21	Verwandter
VERZIEREN	9	21	verzieren
VIRTUELLES	10	21	virtuelles
VORDERACHSE	11	21	Vorderachse
VORRANGIGE	10	21	vorrangige
VORRUECKEN	10	21	vorrücken
WARNSCHUSS	10	21	Warnschuss
WEBAUFTRITT	11	21	Webauftritt
WEGGEWORFEN	11	21	weggeworfen
WEINGARTEN	10	21	Weingarten
WEITERBAU	9	21	Weiterbau
WEITETE	7	21	weitete
WERTVOLLSTE	11	21	wertvollste
WETTSTREIT	10	21	Wettstreit
WOHLWOLLEN	10	21	Wohlwollen
WUERDIGT	8	21	würdigt
WUESSTE	7	21	wüsste
ZAGREB	6	21	Zagreb
ZAHNAERZTE	10	21	Zahnärzte
ZAR	3	21	Zar
ZAUBERN	7	21	zaubern
ZEITARBEIT	10	21	Zeitarbeit
ZERLEGEN	8	21	zerlegen
ZERWUERFNIS	11	21	Zerwürfnis
ZUALLERERST	11	21	zuallererst
ZUSCHLAGEN	10	21	zuschlagen
ZUWANDERER	10	21	Zuwanderer
ZWANZIGSTEN	11	21	zwanzigsten
ZWOELFTE	8	21	zwölfte
AARGAU	6	20	Aargau
ABFINDEN	8	20	abfinden
ABGELEGENE	10	20	abgelegene
ABGELOESCHT	11	20	abgelöscht
ABHANDEN	8	20	abhanden
ABLEHNTEN	9	20	ablehnten
ABMONTIERT	10	20	abmontiert
ABSCHRIFTEN	11	20	Abschriften
ABZEICHEN	9	20	Abzeichen
ABZUEGE	7	20	Abzüge
ABZUHALTEN	10	20	abzuhalten
ABZUWARTEN	10	20	abzuwarten
ADULTE	6	20	adulte
AFFRONT	7	20	Affront
AFRICAN	7	20	African
AIKIDO	6	20	Aikido
AKTUELLSTE	10	20	aktuellste
ALEMANNIA	9	20	Alemannia
AMMONIAK	8	20	Ammoniak
AMPHIBIEN	9	20	Amphibien
AMPHOE	6	20	Amphoe
ANBETUNG	8	20	Anbetung
ANGEHENDEN	10	20	angehenden
ANGESEHENE	10	20	angesehene
ANGEWANDTEN	11	20	angewandten
ANGREIFBAR	10	20	angreifbar
ANSIEDELN	9	20	ansiedeln
ANSTEUERUNG	11	20	Ansteuerung
ANWACHSEN	9	20	Anwachsen
APARTMENT	9	20	Apartment
ARKANSAS	8	20	Arkansas
ARMATUREN	9	20	Armaturen
ARMER	5	20	armer
ARROGANT	8	20	arrogant
ARZTPRAXEN	10	20	Arztpraxen
ASSOZIATION	11	20	Assoziation
ATTACKIERTE	11	20	attackierte
ATTEST	6	20	Attest
AUFGANG	7	20	Aufgang
AUFGEBOTEN	10	20	aufgeboten
AUFGEHEN	8	20	aufgehen
AUFGESPUERT	11	20	aufgespürt
AUFWENDIGER	11	20	aufwendiger
AUFWIESEN	9	20	aufwiesen
AUFWUCHS	8	20	aufwuchs
AUFZUEGEN	9	20	Aufzügen
AUFZUSUCHEN	11	20	aufzusuchen
AUGENZEUGE	10	20	Augenzeuge
AUSFAHRTEN	10	20	Ausfahrten
AUSGEREICHT	11	20	ausgereicht
AUSUEBTE	8	20	ausübte
AUSZUUEBEN	10	20	auszuüben
BACHELOR	8	20	Bachelor
BAEUERLICHE	11	20	bäuerliche
BAHNSTEIGEN	11	20	Bahnsteigen
BALTISCHEN	10	20	baltischen
BANGT	5	20	bangt
BARRIEREN	9	20	Barrieren
BATAILLONE	10	20	Bataillone
BAUAMT	6	20	Bauamt
BAUGRUPPEN	10	20	Baugruppen
BAUREIHEN	9	20	Baureihen
BEAUFTRAGEN	11	20	beauftragen
BEDRAENGT	9	20	bedrängt
BEFOLGT	7	20	befolgt
BEFRAGUNGEN	11	20	Befragungen
BEGABTE	7	20	begabte
BEGINGEN	8	20	begingen
BEGLEITEND	10	20	Begleitend
BEGNADIGUNG	11	20	Begnadigung
BEHARREN	8	20	beharren
BEIGABEN	8	20	Beigaben
BEINAME	7	20	Beiname
BELEHRT	7	20	belehrt
BENUTZERN	9	20	Benutzern
BENUTZERS	9	20	Benutzers
BEOBACHTERN	11	20	Beobachtern
BERATERN	8	20	Beratern
BERAUSCHEND	11	20	berauschend
BERUFLICHER	11	20	beruflicher
BESCHWOERT	10	20	beschwört
BESTAEUBUNG	11	20	Bestäubung
BEVOELKERT	10	20	bevölkert
BEZWANG	7	20	bezwang
BIERE	5	20	Biere
BILDMITTE	9	20	Bildmitte
BINDEGEWEBE	11	20	Bindegewebe
BIOTOP	6	20	Biotop
BIRKE	5	20	Birke
BLANKE	6	20	blanke
BLENDEND	8	20	blendend
BLOECKEN	8	20	Blöcken
BLOND	5	20	blond
BLONDEN	7	20	blonden
BOSNIER	7	20	Bosnier
BOSNISCHEN	10	20	bosnischen
BOYKOTTIERT	11	20	boykottiert
BRAUCHBARE	10	20	brauchbare
BRILLANTE	9	20	brillante
BRISANT	7	20	brisant
BROWSERN	8	20	Browsern
BRUESTUNG	9	20	Brüstung
BUEGEL	6	20	Bügel
BUESCHE	7	20	Büsche
BUSVERKEHR	10	20	Busverkehr
CASINOS	7	20	Casinos
CHARTERFOLG	11	20	Charterfolg
CHRISTKIND	10	20	Christkind
CLIP	4	20	Clip
DAEMME	6	20	Dämme
DAENISCHER	10	20	dänischer
DARSTELLERN	11	20	Darstellern
DEKANAT	7	20	Dekanat
DELPHINE	8	20	Delphine
DIAGONAL	8	20	diagonal
DIAGONALEN	10	20	Diagonalen
DISKREPANZ	10	20	Diskrepanz
DOMINANT	8	20	dominant
DOVER	5	20	Dover
DRUCKTE	7	20	druckte
DYNAMISCHER	11	20	dynamischer
EBERSWALDE	10	20	Eberswalde
EHEGATTEN	9	20	Ehegatten
EHRENNADEL	10	20	Ehrennadel
EHRGEIZIGES	11	20	ehrgeiziges
EICHENHOLZ	10	20	Eichenholz
EINBETTUNG	10	20	Einbettung
EINGEPREIST	11	20	eingepreist
EINHALT	7	20	Einhalt
ELAN	4	20	Elan
ELEKTRODE	9	20	Elektrode
ELTERNTEIL	10	20	Elternteil
EMOTIONALER	11	20	emotionaler
EMPIRE	6	20	Empire
ENDEFFEKT	9	20	Endeffekt
ENGELN	6	20	Engeln
ENTPUPPTE	9	20	entpuppte
ENTSTEHE	8	20	entstehe
EREIGNISSES	11	20	Ereignisses
ERFRISCHUNG	11	20	Erfrischung
ERKAEMPFTE	10	20	erkämpfte
ERLANGUNG	9	20	Erlangung
ERMAHNT	7	20	ermahnt
ERPRESSEN	9	20	erpressen
ERPRESST	8	20	erpresst
ERREGEN	7	20	erregen
ERSTAUFLAGE	11	20	Erstauflage
ERTRANK	7	20	ertrank
ERWACHTE	8	20	erwachte
ERWAERMEN	9	20	erwärmen
EUROKURS	8	20	Eurokurs
EXEMPEL	7	20	Exempel
EXPANDIERT	10	20	expandiert
EXZELLENT	9	20	exzellent
FACHGERECHT	11	20	fachgerecht
FACHPRESSE	10	20	Fachpresse
FAENDE	6	20	fände
FAERBT	6	20	färbt
FAHRWASSER	10	20	Fahrwasser
FAIRES	6	20	faires
FASNET	6	20	Fasnet
FECHTER	7	20	Fechter
FELGEN	6	20	Felgen
FESTIGTE	8	20	festigte
FETTES	6	20	Fettes
FETTSAEUREN	11	20	Fettsäuren
FILMISCHEN	10	20	filmischen
FILMROLLEN	10	20	Filmrollen
FINALS	6	20	Finals
FINSTEREN	9	20	finsteren
FLUGLINIEN	10	20	Fluglinien
FLUREN	6	20	Fluren
FOLGEKOSTEN	11	20	Folgekosten
FRAGMENTEN	10	20	Fragmenten
FREIRAEUME	10	20	Freiräume
FROMMER	7	20	frommer
FUNKTIONELL	11	20	funktionell
FUTSCH	6	20	futsch
GEBAR	5	20	gebar
GEBISSEN	8	20	gebissen
GEBLASEN	8	20	geblasen
GEBOGENE	8	20	gebogene
GEBUERTIGEN	11	20	gebürtigen
GEBURTSTAGS	11	20	Geburtstags
GEDULDEN	8	20	gedulden
GEFASSTEN	9	20	gefassten
GEGOLTEN	8	20	gegolten
GEHEMMT	7	20	gehemmt
GEIRRT	6	20	geirrt
GEISTERN	8	20	Geistern
GEKAPPT	7	20	gekappt
GEMAUERTE	9	20	gemauerte
GEMESSENE	9	20	gemessene
GENIESSER	9	20	Genießer
GENTLEMAN	9	20	Gentleman
GEORDNETE	9	20	geordnete
GERODET	7	20	gerodet
GERUECHE	8	20	Gerüche
GESAEGT	7	20	gesägt
GESCHMECKT	10	20	geschmeckt
GESCHMIEDET	11	20	geschmiedet
GESCHUERT	9	20	geschürt
GESPANN	7	20	Gespann
GEWAENDER	9	20	Gewänder
GEWENDET	8	20	gewendet
GEWICHTIGE	10	20	gewichtige
GEWICKELT	9	20	gewickelt
GIESSENER	9	20	Gießener
GLUT	4	20	Glut
GRABE	5	20	Grabe
GRADES	6	20	Grades
GRAPH	5	20	Graph
GRATULANTEN	11	20	Gratulanten
GRATULIERTE	11	20	gratulierte
GREIZ	5	20	Greiz
GRENZTE	7	20	grenzte
GRINSTE	7	20	grinste
GROSSBANKEN	11	20	Großbanken
GROTESKE	8	20	Groteske
GRUPPIEREN	10	20	gruppieren
GUIDANCE	8	20	Guidance
HALSBAND	8	20	Halsband
HANDGEMENGE	11	20	Handgemenge
HANDGRIFF	9	20	Handgriff
HANDZEICHEN	11	20	Handzeichen
HARMLOSE	8	20	harmlose
HAUPTALTAR	10	20	Hauptaltar
HAUPTKIRCHE	11	20	Hauptkirche
HAUPTSAISON	11	20	Hauptsaison
HAUSEIGENE	10	20	hauseigene
HEIKLEN	7	20	heiklen
HEILE	5	20	heile
HEIMELF	7	20	Heimelf
HEKTISCHE	9	20	hektische
HEKTOLITER	10	20	Hektoliter
HIERHIN	7	20	hierhin
HILFREICHE	10	20	hilfreiche
HIMMLISCHEN	11	20	himmlischen
HINAUSGEHEN	11	20	hinausgehen
HINTERRAND	10	20	Hinterrand
HINWENDUNG	10	20	Hinwendung
HOCHGEBIRGE	11	20	Hochgebirge
HOEHENZUG	9	20	Höhenzug
HOERBUCH	8	20	Hörbuch
HONORIEREN	10	20	honorieren
HOOLIGANS	9	20	Hooligans
HUDSON	6	20	Hudson
HYBRIDEN	8	20	Hybriden
IMMUN	5	20	immun
IMPOSANTE	9	20	imposante
IMPULSEN	8	20	Impulsen
INKOMPETENZ	11	20	Inkompetenz
INNENWAENDE	11	20	Innenwände
ITALIENERN	10	20	Italienern
JAEGERN	7	20	Jägern
JUCKREIZ	8	20	Juckreiz
JUENGLING	9	20	Jüngling
JUGENDZEIT	10	20	Jugendzeit
JUNGTIEREN	10	20	Jungtieren
KAMPFJETS	9	20	Kampfjets
KAUFLAUNE	9	20	Kauflaune
KAUFSIGNAL	10	20	Kaufsignal
KEIMZELLE	9	20	Keimzelle
KEYBOARDS	9	20	Keyboards
KINDLICHE	9	20	kindliche
KINGSTON	8	20	Kingston
KLAMOTTEN	9	20	Klamotten
KLEINASIEN	10	20	Kleinasien
KLEINBAHN	9	20	Kleinbahn
KNICKTE	7	20	knickte
KOLLEG	6	20	Kolleg
KOMPILATION	11	20	Kompilation
KONSONANTEN	11	20	Konsonanten
KONSUMENT	9	20	Konsument
KOOPERATIVE	11	20	kooperative
KRADFAHRER	10	20	Kradfahrer
KRANKENBETT	11	20	Krankenbett
KRASS	5	20	krass
KREATUREN	9	20	Kreaturen
KREBSLEIDEN	11	20	Krebsleiden
KREIERT	7	20	kreiert
KREISTEN	8	20	kreisten
KREUZFAHRT	10	20	Kreuzfahrt
KREUZIGUNG	10	20	Kreuzigung
KUEMMERTEN	10	20	kümmerten
KUNDENNAEHE	11	20	Kundennähe
LANDSLEUTE	10	20	Landsleute
LANDSMANN	9	20	Landsmann
LANDSTAENDE	11	20	Landstände
LAPTOP	6	20	Laptop
LAUBE	5	20	Laube
LAUSCHEN	8	20	lauschen
LEHRAMT	7	20	Lehramt
LEHRANSTALT	11	20	Lehranstalt
LEHRPLAENE	10	20	Lehrpläne
LEHRZEIT	8	20	Lehrzeit
LEINEN	6	20	Leinen
LEITPLANKE	10	20	Leitplanke
LEITZINSEN	10	20	Leitzinsen
LESART	6	20	Lesart
LIEFERE	7	20	liefere
LIEFERWAGEN	11	20	Lieferwagen
LIEGENDES	9	20	liegendes
LOSLEGEN	8	20	loslegen
LUEGNER	7	20	Lügner
MAESTRO	7	20	Maestro
MAGD	4	20	Magd
MAGISTRATS	10	20	Magistrats
MAIBAUM	7	20	Maibaum
MAJESTAET	9	20	Majestät
MALERISCH	9	20	malerisch
MARIAE	6	20	Mariä
MARKANTES	9	20	markantes
MARSCHIEREN	11	20	marschieren
MASCHE	6	20	Masche
MATRATZEN	9	20	Matratzen
MEDIALEN	8	20	medialen
MEERWASSER	10	20	Meerwasser
MEINTEN	7	20	meinten
MENTOR	6	20	Mentor
MERKBLATT	9	20	Merkblatt
METZGEREI	9	20	Metzgerei
MILITANTEN	10	20	militanten
MINDERT	7	20	mindert
MISSERFOLGE	11	20	Misserfolge
MISSSTAND	9	20	Missstand
MITGLIEDES	10	20	Mitgliedes
MITGRUENDER	11	20	Mitgründer
MODI	4	20	Modi
MOLEKUEL	8	20	Molekül
MONDE	5	20	Monde
MONIERT	7	20	moniert
MONTPELLIER	11	20	Montpellier
MOTORROLLER	11	20	Motorroller
MUSIKERS	8	20	Musikers
MUTMASSLICH	11	20	mutmaßlich
NACHGEBAUT	10	20	nachgebaut
NACHHILFE	9	20	Nachhilfe
NAEHTE	6	20	Nähte
NAGT	4	20	nagt
NASSE	5	20	nasse
NATURSTEIN	10	20	Naturstein
NEBENFLUSS	10	20	Nebenfluss
NEUBUERGER	10	20	Neubürger
NEUHEIT	7	20	Neuheit
NEUWIED	7	20	Neuwied
NIEDERE	7	20	niedere
NORDENS	7	20	Nordens
NORDRAND	8	20	Nordrand
NORMANNEN	9	20	Normannen
NULLTARIF	9	20	Nulltarif
NUMBER	6	20	Number
NUNMAL	6	20	nunmal
NUTZBARE	8	20	nutzbare
OBERKLASSE	10	20	Oberklasse
OBERSEITS	9	20	oberseits
OBERSTDORF	10	20	Oberstdorf
OPTIMIST	8	20	Optimist
OPTIONALE	9	20	optionale
OPUS	4	20	Opus
ORAKEL	6	20	Orakel
ORANGEN	7	20	orangen
ORNAMENTE	9	20	Ornamente
ORPHEUS	7	20	Orpheus
ORTSVEREIN	10	20	Ortsverein
OSMANISCHE	10	20	osmanische
PEILT	5	20	peilt
PELZ	4	20	Pelz
PHARAO	6	20	Pharao
PIAZZA	6	20	Piazza
PIONIEREN	9	20	Pionieren
PIZZERIA	8	20	Pizzeria
PLAGE	5	20	Plage
PLATEAUS	8	20	Plateaus
PLATINE	7	20	Platine
PLATZIERTEN	11	20	platzierten
PLAUDERN	8	20	plaudern
PLUENDERUNG	11	20	Plünderung
POINTE	6	20	Pointe
POLITIKUM	9	20	Politikum
PONY	4	20	Pony
PORTIONEN	9	20	Portionen
POSTWEG	7	20	Postweg
PRAKTIKABEL	11	20	praktikabel
PRAKTISCHES	11	20	praktisches
PROMENADE	9	20	Promenade
PROVIANT	8	20	Proviant
PRUEGELEI	9	20	Prügelei
PSYCHOLOGE	10	20	Psychologe
PSYCHOLOGIN	11	20	Psychologin
QUADRATISCH	11	20	quadratisch
QUANTITATIV	11	20	quantitativ
QUARTIERE	9	20	Quartiere
RADIAL	6	20	radial
RADIERUNGEN	11	20	Radierungen
RASTATT	7	20	Rastatt
RASTER	6	20	Raster
RATIONAL	8	20	rational
RATIONALEN	10	20	rationalen
RECHNERS	8	20	Rechners
REGENT	6	20	Regent
REGIERTEN	9	20	regierten
REIGEN	6	20	Reigen
REKRUTIEREN	11	20	rekrutieren
REPRESSION	10	20	Repression
REZEPTUR	8	20	Rezeptur
RICHMOND	8	20	Richmond
ROH	3	20	roh
RUECKZIEHER	11	20	Rückzieher
RUHEPAUSE	9	20	Ruhepause
SAEGE	5	20	Säge
SAELEN	6	20	Sälen
SAHARA	6	20	Sahara
SAMMELBAND	10	20	Sammelband
SAXOPHON	8	20	Saxophon
SCHAERFSTEN	11	20	schärfsten
SCHAUKEL	8	20	Schaukel
SCHIEFER	8	20	Schiefer
SCHIKANEN	9	20	Schikanen
SCHLUCK	7	20	Schluck
SCHLUESSELS	11	20	Schlüssels
SCHMERZLICH	11	20	schmerzlich
SCHMUTZIGE	10	20	schmutzige
SCHNEEDECKE	11	20	Schneedecke
SCHRAEGE	8	20	schräge
SCHWENKEN	9	20	schwenken
SCHWIEGEN	9	20	schwiegen
SCHWOEREN	9	20	schwören
SEGMENTEN	9	20	Segmenten
SELTENES	8	20	seltenes
SELTSAMER	9	20	seltsamer
SERIOESEN	9	20	seriösen
SESSIONS	8	20	Sessions
SIENA	5	20	Siena
SILHOUETTE	10	20	Silhouette
SIMULIEREN	10	20	simulieren
SOLINGER	8	20	Solinger
SOLLT	5	20	sollt
SPARE	5	20	spare
SPIELBALL	9	20	Spielball
SPIONAGE	8	20	Spionage
SPORTHEIM	9	20	Sportheim
SPRICH	6	20	sprich
SPRICHWORT	10	20	Sprichwort
STAATS	6	20	Staats
STAATSHILFE	11	20	Staatshilfe
STADTTORE	9	20	Stadttore
STAMMBAUM	9	20	Stammbaum
STARTBAHN	9	20	Startbahn
STATISTIKER	11	20	Statistiker
STAUBBEUTEL	11	20	Staubbeutel
STEINMETZ	9	20	Steinmetz
STERBEHILFE	11	20	Sterbehilfe
STICHWORTE	10	20	Stichworte
STILLLEBEN	10	20	Stillleben
STRANDBAD	9	20	Strandbad
STRECKTE	8	20	streckte
STREIFT	7	20	streift
STROMMARKT	10	20	Strommarkt
STUNDENPLAN	11	20	Stundenplan
SUEDTEIL	8	20	Südteil
SUEDTIROLER	11	20	Südtiroler
SUEDTURM	8	20	Südturm
SULTANS	7	20	Sultans
SUMMIERT	8	20	summiert
SYNTHESIZER	11	20	Synthesizer
TANNER	6	20	Tanner
TAUSCHTE	8	20	tauschte
TEATRO	6	20	Teatro
TELEGRAMM	9	20	Telegramm
TERRORIST	9	20	Terrorist
THERMISCHEN	11	20	thermischen
THRONFOLGER	11	20	Thronfolger
TIPPT	5	20	tippt
TRACHTEN	8	20	Trachten
TRAEUMTE	8	20	träumte
TRAGOEDIEN	10	20	Tragödien
TRANCE	6	20	Trance
TRINITY	7	20	Trinity
TRUEBT	6	20	trübt
TRUEGERISCH	11	20	trügerisch
TUECHER	7	20	Tücher
TUST	4	20	tust
UEBERGANGEN	11	20	übergangen
UEBERGEHT	9	20	übergeht
UEBERHOEHTE	11	20	überhöhte
UEBERLEGTE	10	20	überlegte
UIGUREN	7	20	Uiguren
UNBESTIMMT	10	20	unbestimmt
UNGARISCH	9	20	ungarisch
UNGEKLAERTE	11	20	ungeklärte
UNGEMACH	8	20	Ungemach
UNGLEICHEN	10	20	ungleichen
UNKOSTEN	8	20	Unkosten
UNRUHIGEN	9	20	unruhigen
UNSINNIG	8	20	unsinnig
UNTERBLIEB	10	20	unterblieb
UNTERLAGE	9	20	Unterlage
UNTYPISCH	9	20	untypisch
URWALD	6	20	Urwald
UTENSILIEN	10	20	Utensilien
VADIS	5	20	vadis
VAETERLICHE	11	20	väterliche
VERBILLIGT	10	20	verbilligt
VERDIENE	8	20	verdiene
VERFAERBT	9	20	verfärbt
VERGASS	7	20	vergaß
VERGESSENEN	11	20	vergessenen
VERHOEREN	9	20	Verhören
VERRIEGELT	10	20	verriegelt
VERRUECKTEN	11	20	verrückten
VERSICHERN	10	20	versichern
VERTAGTE	8	20	vertagte
VERZAHNT	8	20	verzahnt
VERZIERTE	9	20	verzierte
VIDEOSPIELE	11	20	Videospiele
VIERFACHE	9	20	vierfache
VITRINEN	8	20	Vitrinen
VIZEKANZLER	11	20	Vizekanzler
VOLLWERTIGE	11	20	vollwertige
VONSTATTEN	10	20	vonstatten
VORDERBEINE	11	20	Vorderbeine
VORGELEGTE	10	20	vorgelegte
VORGELESEN	10	20	vorgelesen
VORSTOESSE	10	20	Vorstöße
VORZUBEUGEN	11	20	vorzubeugen
VULKANE	7	20	Vulkane
VULKANS	7	20	Vulkans
WAHLBEZIRK	10	20	Wahlbezirk
WAHLKREISES	11	20	Wahlkreises
WALLDORF	8	20	Walldorf
WALZE	5	20	Walze
WART	4	20	wart
WATTENMEER	10	20	Wattenmeer
WEBEREI	7	20	Weberei
WECHSELHAFT	11	20	wechselhaft
WEHMUT	6	20	Wehmut
WEINEND	7	20	weinend
WEINPROBE	9	20	Weinprobe
WELTCUPS	8	20	Weltcups
WERTSACHEN	10	20	Wertsachen
WESPEN	6	20	Wespen
WESTFLUEGEL	11	20	Westflügel
WICHEN	6	20	wichen
WIDMETEN	8	20	widmeten
WIEDERGEBEN	11	20	wiedergeben
WILDES	6	20	Wildes
WIRBELSTURM	11	20	Wirbelsturm
WITWER	6	20	Witwer
WOHNGELD	8	20	Wohngeld
ZARTE	5	20	zarte
ZEITLICHER	10	20	zeitlicher
ZIELORT	7	20	Zielort
ZIELSTREBIG	11	20	zielstrebig
ZIRKULATION	11	20	Zirkulation
ZITTERT	7	20	zittert
ZOEGERND	8	20	zögernd
ZUECHTUNG	9	20	Züchtung
ZUGEHOERIG	10	20	zugehörig
ZUGFUEHRER	10	20	Zugführer
ZUGVOEGEL	9	20	Zugvögel
ZUHAUF	6	20	zuhauf
ZYLINDERN	9	20	Zylindern
ABENDBROT	9	19	Abendbrot
ABGEGLICHEN	11	19	abgeglichen
ABGEKOMMEN	10	19	abgekommen
ABGELAGERT	10	19	abgelagert
ABGEPUMPT	9	19	abgepumpt
ABGESTUETZT	11	19	abgestützt
ABHAENGIGEN	11	19	abhängigen
ABLAGE	6	19	Ablage
ABMELDEN	8	19	abmelden
ABONNIERT	9	19	abonniert
ABRUESTUNG	10	19	Abrüstung
ABSEGNEN	8	19	absegnen
ABTROPFEN	9	19	abtropfen
ABVERLANGT	10	19	abverlangt
ABWAHL	6	19	Abwahl
ABZUGRENZEN	11	19	abzugrenzen
ABZULEGEN	9	19	abzulegen
ACHTMAL	7	19	achtmal
ADVANCED	8	19	Advanced
AECKER	6	19	Äcker
AENDERE	7	19	ändere
AKTIONISMUS	11	19	Aktionismus
ALLERGIE	8	19	Allergie
ALLFAELLIGE	11	19	allfällige
ALTMARK	7	19	Altmark
AMTMANN	7	19	Amtmann
AMTSDAUER	9	19	Amtsdauer
ANATOMISCHE	11	19	anatomische
ANBEI	5	19	Anbei
ANGEHEIZT	9	19	angeheizt
ANGEHEUERT	10	19	angeheuert
ANORDNEN	8	19	anordnen
ANRECHNUNG	10	19	Anrechnung
ANSCHAUUNG	10	19	Anschauung
ANSTEIGENDE	11	19	ansteigende
ANTEILS	7	19	Anteils
ANTRAGS	7	19	Antrags
ANTWORTETEN	11	19	antworteten
ANWENDERS	9	19	Anwenders
ANZIEHENDE	10	19	anziehende
ANZUEGE	7	19	Anzüge
APPARATE	8	19	Apparate
ASSISTS	7	19	Assists
ATTESTIERT	10	19	attestiert
AUDITORIUM	10	19	Auditorium
AUFFUEHREN	10	19	aufführen
AUFGAB	6	19	aufgab
AUFGEHEBELT	11	19	aufgehebelt
AUFGEWEICHT	11	19	aufgeweicht
AUFGEWENDET	11	19	aufgewendet
AUFKOCHEN	9	19	aufkochen
AUFLAUFFORM	11	19	Auflaufform
AUFRECHTEN	10	19	aufrechten
AUFSPALTUNG	11	19	Aufspaltung
AUGENBLICKS	11	19	Augenblicks
AUSBRACH	8	19	ausbrach
AUSBRECHEN	10	19	ausbrechen
AUSGING	7	19	ausging
AUSLEIHEN	9	19	ausleihen
AUSREISE	8	19	Ausreise
AUSSTATTEN	10	19	ausstatten
AUSSTELLERN	11	19	Ausstellern
AUSWENDIG	9	19	auswendig
AUTOBRANCHE	11	19	Autobranche
AUTOFAHRERN	11	19	Autofahrern
AUTOMAT	7	19	Automat
AUTOMOBIL	9	19	Automobil
BACHLAUF	8	19	Bachlauf
BAELLEN	7	19	Bällen
BAHNSTATION	11	19	Bahnstation
BALLADE	7	19	Ballade
BANCO	5	19	Banco
BANKKUNDEN	10	19	Bankkunden
BAROMETER	9	19	Barometer
BASAR	5	19	Basar
BASKETS	7	19	Baskets
BAUAUFSICHT	11	19	Bauaufsicht
BAUGEBIET	9	19	Baugebiet
BAUKUNST	8	19	Baukunst
BAUSTOFFE	9	19	Baustoffe
BEAMTIN	7	19	Beamtin
BEBAUTEN	8	19	bebauten
BEDIENTEN	9	19	bedienten
BEFESTIGEN	10	19	befestigen
BEISEIN	7	19	Beisein
BEITRUG	7	19	beitrug
BEJUBELT	8	19	bejubelt
BEKUNDEN	8	19	Bekunden
BELAESTIGT	10	19	belästigt
BELANGT	7	19	belangt
BERATEND	8	19	beratend
BERECHNETE	10	19	berechnete
BERGISCH	8	19	Bergisch
BERGS	5	19	Bergs
BERGWERKE	9	19	Bergwerke
BERNAU	6	19	Bernau
BESCHENKT	9	19	beschenkt
BESCHLUSSES	11	19	Beschlusses
BESCHWERTEN	11	19	beschwerten
BESTANDENER	11	19	bestandener
BESTECHEN	9	19	bestechen
BESTIMMEND	10	19	bestimmend
BETONTEN	8	19	betonten
BETRATEN	8	19	betraten
BETROFFENER	11	19	Betroffener
BETRUGES	8	19	Betruges
BEWOELKUNG	10	19	Bewölkung
BILDBAND	8	19	Bildband
BILDLICH	8	19	bildlich
BIOGRAFIEN	10	19	Biografien
BLASMUSIK	9	19	Blasmusik
BLAUGRUEN	9	19	blaugrün
BLUTIGER	8	19	blutiger
BLUTSPUREN	10	19	Blutspuren
BODENBELAG	10	19	Bodenbelag
BORKEN	6	19	Borken
BRATEN	6	19	Braten
BRATISLAVA	10	19	Bratislava
BRIEFWAHL	9	19	Briefwahl
BUCKEL	6	19	Buckel
BUECHLEIN	9	19	Büchlein
BUESSEN	7	19	büßen
CAMPER	6	19	Camper
CAMPS	5	19	Camps
CANYON	6	19	Canyon
CAUSA	5	19	Causa
CHECKLISTEN	11	19	Checklisten
CHORFENSTER	11	19	Chorfenster
CITIBANK	8	19	Citibank
CLUBHAUS	8	19	Clubhaus
CODIERT	7	19	codiert
COLLAGE	7	19	Collage
COMPAGNIE	9	19	Compagnie
COUSINS	7	19	Cousins
CREATIVE	8	19	Creative
DARGEBOTEN	10	19	dargeboten
DATENRATE	9	19	Datenrate
DECKTEN	7	19	deckten
DEINES	6	19	deines
DIAKON	6	19	Diakon
DIRIGIERTE	10	19	dirigierte
DISKUS	6	19	Diskus
DOLCH	5	19	Dolch
DORFFEST	8	19	Dorffest
DREIVIERTEL	11	19	dreiviertel
DRUECKER	8	19	Drücker
DUENGUNG	8	19	Düngung
DUNST	5	19	Dunst
DURCHTRENNT	11	19	durchtrennt
EDELSTEINE	10	19	Edelsteine
EFFEKTIVES	10	19	effektives
EHEPAARE	8	19	Ehepaare
EHEPAARS	8	19	Ehepaars
EHEPARTNER	10	19	Ehepartner
EINGELOGGT	10	19	eingeloggt
EINGING	7	19	einging
EINKOMMENS	10	19	Einkommens
EINLASSEN	9	19	einlassen
EINSATZZEIT	11	19	Einsatzzeit
EINSPRUECHE	11	19	Einsprüche
EINSTIMMUNG	11	19	Einstimmung
EINTRAT	7	19	eintrat
EMAILS	6	19	Emails
EMBRYONEN	9	19	Embryonen
ENDLOSEN	8	19	endlosen
ENDSPIELE	9	19	Endspiele
ENERGETISCH	11	19	energetisch
ENTFALTETE	10	19	entfaltete
ENTFUEHRERN	11	19	Entführern
ENTLOHNT	8	19	entlohnt
ENTWENDETE	10	19	entwendete
ENTWORFENE	10	19	entworfene
ERBACH	6	19	Erbach
ERDARBEITEN	11	19	Erdarbeiten
ERFOLGSKURS	11	19	Erfolgskurs
ERHOERT	7	19	erhört
ERHOLSAMEN	10	19	erholsamen
ERKUNDUNGEN	11	19	Erkundungen
ERLANGER	8	19	Erlanger
ERNENNT	7	19	ernennt
EROERTERN	9	19	erörtern
ERREICHUNG	10	19	Erreichung
ERZAEHLERIN	11	19	Erzählerin
ERZEUGER	8	19	Erzeuger
ESTNISCHE	9	19	estnische
EXTERN	6	19	extern
FAESSERN	8	19	Fässern
FAMILIAERER	11	19	familiärer
FARBIGKEIT	10	19	Farbigkeit
FASSENDEN	9	19	fassenden
FEDERAL	7	19	Federal
FEHLSCHLAG	10	19	Fehlschlag
FEINDSCHAFT	11	19	Feindschaft
FERIENZEIT	10	19	Ferienzeit
FERKEL	6	19	Ferkel
FERSEN	6	19	Fersen
FESTTAG	7	19	Festtag
FESTZUG	7	19	Festzug
FETTEN	6	19	fetten
FILMISCHE	9	19	filmische
FISCHARTEN	10	19	Fischarten
FLACHDACH	9	19	Flachdach
FLACHLAND	9	19	Flachland
FLANDERN	8	19	Flandern
FLECHTEN	8	19	Flechten
FLUEGELS	8	19	Flügels
FLUGBLATT	9	19	Flugblatt
FORMGEBUNG	10	19	Formgebung
FORSTAMT	8	19	Forstamt
FRAUCHEN	8	19	Frauchen
FRECHEN	7	19	Frechen
FREIBETRAG	10	19	Freibetrag
FREIFLAECHE	11	19	Freifläche
FREUNDET	8	19	freundet
FROEHLICHES	11	19	fröhliches
FRUSTRATION	11	19	Frustration
FUNDORTE	8	19	Fundorte
FURT	4	19	Furt
FUSSSTAPFEN	11	19	Fußstapfen
GAENSEHAUT	10	19	Gänsehaut
GAG	3	19	Gag
GANZTAEGIG	10	19	ganztägig
GASTSPIEL	9	19	Gastspiel
GEAERGERT	9	19	geärgert
GEAHNT	6	19	geahnt
GEBUEHREND	10	19	gebührend
GEDANKENGUT	11	19	Gedankengut
GEEBNET	7	19	geebnet
GEFAERBTE	9	19	gefärbte
GEFEILT	7	19	gefeilt
GEFLECKT	8	19	gefleckt
GEFRAGTER	9	19	gefragter
GEFUELLTE	9	19	gefüllte
GEGENTORE	9	19	Gegentore
GEGRABEN	8	19	gegraben
GEHAUEN	7	19	gehauen
GEILES	6	19	geiles
GEKREUZT	8	19	gekreuzt
GELAUNT	7	19	gelaunt
GELBES	6	19	gelbes
GEMALTE	7	19	gemalte
GEMEINWESEN	11	19	Gemeinwesen
GEOLOGEN	8	19	Geologen
GERAETEHAUS	11	19	Gerätehaus
GESAETTIGT	10	19	gesättigt
GESAMTHOEHE	11	19	Gesamthöhe
GESCHMOLZEN	11	19	geschmolzen
GESCHNITZT	10	19	geschnitzt
GESCHREI	8	19	Geschrei
GESPONSERT	10	19	gesponsert
GETRIMMT	8	19	getrimmt
GEWEIHTE	8	19	geweihte
GEWINNS	7	19	Gewinns
GEWOELBTE	9	19	gewölbte
GEZEITEN	8	19	Gezeiten
GHETTO	6	19	Ghetto
GIGANTEN	8	19	Giganten
GLASES	6	19	Glases
GLEITET	7	19	gleitet
GOSLAR	6	19	Goslar
GRAUBUENDEN	11	19	Graubünden
GRAVITATION	11	19	Gravitation
GROSSHERZOG	11	19	Großherzog
GUETESIEGEL	11	19	Gütesiegel
GUTSBEZIRK	10	19	Gutsbezirk
GUTSCHRIFT	10	19	Gutschrift
HAEME	5	19	Häme
HAENGER	7	19	Hänger
HAERTESTE	9	19	härteste
HAEUFIGES	9	19	häufiges
HANDBUECHER	11	19	Handbücher
HAUPTMENUE	10	19	Hauptmenü
HAUPTSEITE	10	19	Hauptseite
HAUSKAUF	8	19	Hauskauf
HEFTIGEM	8	19	heftigem
HEGEL	5	19	Hegel
HEIDNISCHEN	11	19	heidnischen
HEIMATDORF	10	19	Heimatdorf
HEITERKEIT	10	19	Heiterkeit
HEMMUNG	7	19	Hemmung
HENNE	5	19	Henne
HERZFOERMIG	11	19	herzförmig
HIERARCHIEN	11	19	Hierarchien
HILFSWERK	9	19	Hilfswerk
HOCHWERTIG	10	19	hochwertig
HODEN	5	19	Hoden
HOFFTEN	7	19	hofften
HOHEIT	6	19	Hoheit
HUNDEHALTER	11	19	Hundehalter
IBERISCHEN	10	19	Iberischen
ILLUSTRATOR	11	19	Illustrator
IMPLIZIERT	10	19	impliziert
INBEGRIFF	9	19	Inbegriff
INTERPRET	9	19	Interpret
INTOLERANZ	10	19	Intoleranz
ISLAMISCHER	11	19	islamischer
ISOLIEREN	9	19	isolieren
JACKPOT	7	19	Jackpot
JEGLICHES	9	19	jegliches
JOCHE	5	19	Joche
JOGGEN	6	19	Joggen
KAEUFERN	8	19	Käufern
KALIFORNIER	11	19	Kalifornier
KALKULIEREN	11	19	kalkulieren
KAPITULIERT	11	19	kapituliert
KAROSSERIEN	11	19	Karosserien
KARTOFFEL	9	19	Kartoffel
KARUSSELL	9	19	Karussell
KASSELER	8	19	Kasseler
KASSENWART	10	19	Kassenwart
KASTANIEN	9	19	Kastanien
KAUFBEUREN	10	19	Kaufbeuren
KAUFOPTION	10	19	Kaufoption
KEILFOERMIG	11	19	keilförmig
KERLE	5	19	Kerle
KERNE	5	19	Kerne
KERNPUNKT	9	19	Kernpunkt
KERNPUNKTE	10	19	Kernpunkte
KINDERCHOR	10	19	Kinderchor
KINDERFEST	10	19	Kinderfest
KLANGEN	7	19	klangen
KLASSENRAUM	11	19	Klassenraum
KLAUEN	6	19	klauen
KLAUSUREN	9	19	Klausuren
KLEINKIND	9	19	Kleinkind
KLEINOD	7	19	Kleinod
KLICKE	6	19	Klicke
KLOPFTE	7	19	klopfte
KLUGHEIT	8	19	Klugheit
KNALLT	6	19	knallt
KOECHE	6	19	Köche
KOKEREI	7	19	Kokerei
KOMMENDER	9	19	kommender
KOMPAKTEN	9	19	kompakten
KONDOME	7	19	Kondome
KONSTATIERT	11	19	konstatiert
KOOPERATIV	10	19	kooperativ
KOSTUEMEN	9	19	Kostümen
KRACHT	6	19	kracht
KRACHTE	7	19	krachte
KREATIONEN	10	19	Kreationen
KREISGEBIET	11	19	Kreisgebiet
KREUZUNGEN	10	19	Kreuzungen
KRONPRINZ	9	19	Kronprinz
KRUEMMUNG	9	19	Krümmung
KUNSTRASEN	10	19	Kunstrasen
KURSANGEBOT	11	19	Kursangebot
LANDSBERGER	11	19	Landsberger
LANDWEHR	8	19	Landwehr
LANDWIRTS	9	19	Landwirts
LEHRENDEN	9	19	Lehrenden
LEHRKRAFT	9	19	Lehrkraft
LEITMOTIV	9	19	Leitmotiv
LEUCHTETE	9	19	leuchtete
LIBERALER	9	19	liberaler
LICHTES	7	19	Lichtes
LOESCHTEN	9	19	löschten
LOGIN	5	19	Login
LOKSCHUPPEN	11	19	Lokschuppen
LOSER	5	19	loser
LOSGELASSEN	11	19	losgelassen
LOTHRINGEN	10	19	Lothringen
LOTSEN	6	19	Lotsen
LUDEN	5	19	luden
LUFTGEWEHR	10	19	Luftgewehr
LUXUSHOTEL	10	19	Luxushotel
MACHBARKEIT	11	19	Machbarkeit
MACHTS	6	19	machts
MAECHTEN	8	19	Mächten
MAGNET	6	19	Magnet
MALERISCHEN	11	19	malerischen
MARCH	5	19	March
MARKTRECHT	10	19	Marktrecht
MARKTSTART	10	19	Marktstart
MARODEN	7	19	maroden
MAUERFALL	9	19	Mauerfall
MECKERN	7	19	meckern
MEDAILLON	9	19	Medaillon
METAPHYSIK	10	19	Metaphysik
MIGRAENE	8	19	Migräne
MILLIARDAER	11	19	Milliardär
MINSK	5	19	Minsk
MISCHTE	7	19	mischte
MISSEN	6	19	missen
MISSFIEL	8	19	missfiel
MITGIFT	7	19	Mitgift
MITNICHTEN	10	19	mitnichten
MONGOLEI	8	19	Mongolei
MOOSE	5	19	Moose
MOTION	6	19	Motion
MOTIVIERTE	10	19	motivierte
NACHMACHEN	10	19	nachmachen
NACHTCLUB	9	19	Nachtclub
NACHTLEBEN	10	19	Nachtleben
NAEGELN	7	19	Nägeln
NAESSE	6	19	Nässe
NEUGIERIGEN	11	19	neugierigen
NIGERIANER	10	19	Nigerianer
NOMENKLATUR	11	19	Nomenklatur
NORDHORN	8	19	Nordhorn
NORDTURM	8	19	Nordturm
NOTAUFNAHME	11	19	Notaufnahme
OBERAMT	7	19	Oberamt
OBERARZT	8	19	Oberarzt
OBERGERICHT	11	19	Obergericht
OBLAST	6	19	Oblast
OBSOLET	7	19	obsolet
OFFENGELEGT	11	19	offengelegt
OFFIZIERS	9	19	Offiziers
OHRFEIGE	8	19	Ohrfeige
OKLAHOMA	8	19	Oklahoma
ONTARIO	7	19	Ontario
OPFERZAHLEN	11	19	Opferzahlen
ORBIT	5	19	Orbit
ORCHIDEEN	9	19	Orchideen
OSTASIEN	8	19	Ostasien
PARDON	6	19	Pardon
PARMA	5	19	Parma
PASSHOEHE	9	19	Passhöhe
PEINLICHEN	10	19	peinlichen
PERSONALRAT	11	19	Personalrat
PFARRHEIM	9	19	Pfarrheim
PIGMENTE	8	19	Pigmente
PLAETTCHEN	10	19	Plättchen
PORTRAIT	8	19	Portrait
POSTMODERNE	11	19	Postmoderne
PROJEKTIL	9	19	Projektil
PROSPEKTE	9	19	Prospekte
PROZENTUALE	11	19	prozentuale
PUBLIZIST	9	19	Publizist
PUTZFRAU	8	19	Putzfrau
QUADRATE	8	19	Quadrate
QUARK	5	19	Quark
RAFFINERIE	10	19	Raffinerie
RAFFINERIEN	11	19	Raffinerien
RARITAET	8	19	Rarität
RAUMFAEHRE	10	19	Raumfähre
RAUMKLIMA	9	19	Raumklima
RAUPE	5	19	Raupe
RAUSCHGIFT	10	19	Rauschgift
RECHTLICHER	11	19	rechtlicher
RECYCLING	9	19	Recycling
REFERENTIN	10	19	Referentin
REFLEX	6	19	Reflex
REGIMENTER	10	19	Regimenter
REGNERISCH	10	19	regnerisch
REICHERT	8	19	Reichert
REISEZIEL	9	19	Reiseziel
RELATIONEN	10	19	Relationen
RESISTENT	9	19	resistent
RETTENDE	8	19	rettende
RETURN	6	19	Return
RIVALE	6	19	Rivale
ROADSTER	8	19	Roadster
ROCKER	6	19	Rocker
ROTIERT	7	19	rotiert
ROTTWEIL	8	19	Rottweil
RUDERN	6	19	Rudern
RUECKBANK	9	19	Rückbank
RUECKENMARK	11	19	Rückenmark
RUECKFLUG	9	19	Rückflug
RUHIGES	7	19	ruhiges
RUMAENE	7	19	Rumäne
RUMORT	6	19	rumort
RUMPFES	7	19	Rumpfes
RUNDETE	7	19	rundete
SACHBUECHER	11	19	Sachbücher
SAEMTLICH	9	19	sämtlich
SAISONAL	8	19	saisonal
SAMMLERN	8	19	Sammlern
SATZUNGEN	9	19	Satzungen
SCHAEFEREI	10	19	Schäferei
SCHECKS	7	19	Schecks
SCHICHTUNG	10	19	Schichtung
SCHICKSALS	10	19	Schicksals
SCHIITEN	8	19	Schiiten
SCHLINGE	8	19	Schlinge
SCHNEIT	7	19	schneit
SCHONENDE	9	19	schonende
SCHONUNG	8	19	Schonung
SCHRUMPFTEN	11	19	schrumpften
SCHULFERIEN	11	19	Schulferien
SCHWENKT	8	19	schwenkt
SCHWIMMEND	10	19	schwimmend
SCIENCES	8	19	Sciences
SECHSTEL	8	19	Sechstel
SEHNE	5	19	Sehne
SENSIBLER	9	19	sensibler
SERIELLE	8	19	serielle
SERUM	5	19	Serum
SHERIDAN	8	19	Sheridan
SIGMARINGEN	11	19	Sigmaringen
SINKENDER	9	19	sinkender
SIRENE	6	19	Sirene
SOHLEN	6	19	Sohlen
SOLARIUM	8	19	Solarium
SONGWRITING	11	19	Songwriting
SOZIOLOGEN	10	19	Soziologen
STADTTOR	8	19	Stadttor
STAUDAMM	8	19	Staudamm
STELEN	6	19	Stelen
STIFTES	7	19	Stiftes
STIMMIG	7	19	stimmig
STORIES	7	19	Stories
STUNDENLOHN	11	19	Stundenlohn
SYMPTOMATIK	11	19	Symptomatik
SYNCHRON	8	19	synchron
SYNTAX	6	19	Syntax
TASTENDRUCK	11	19	Tastendruck
TAUSCHTEN	9	19	tauschten
TAXIERT	7	19	taxiert
TEAMWORK	8	19	Teamwork
TEICHEN	7	19	Teichen
TEXTER	6	19	Texter
TIERSCHUTZ	10	19	Tierschutz
TOBEN	5	19	toben
TOURT	5	19	tourt
TRAEUMER	8	19	Träumer
TRINKGELD	9	19	Trinkgeld
TRIOS	5	19	Trios
TROCKENES	9	19	trockenes
TROESTET	8	19	tröstet
TRUEBE	6	19	trübe
TRUNKENHEIT	11	19	Trunkenheit
TUTTLINGEN	10	19	Tuttlingen
UEBERDOSIS	10	19	Überdosis
UEBERGABEN	10	19	übergaben
UEBERGANGS	10	19	Übergangs
UEBERGING	9	19	überging
UEBERSIEHT	10	19	übersieht
UEPPIGEN	8	19	üppigen
UETERSEN	8	19	Uetersen
UMGANGS	7	19	Umgangs
UMGEBAUTEN	10	19	umgebauten
UMGEHOERT	9	19	umgehört
UMLAGE	6	19	Umlage
UMRANDET	8	19	umrandet
UNBEHELLIGT	11	19	unbehelligt
UNBEQUEM	8	19	unbequem
UNEINS	6	19	uneins
UNENTDECKT	10	19	unentdeckt
UNERLAUBTE	10	19	unerlaubte
UNGARISCHER	11	19	ungarischer
UNKRAUT	7	19	Unkraut
UNORDNUNG	9	19	Unordnung
UNTERNAHMEN	11	19	unternahmen
UNTERZAHL	9	19	Unterzahl
UTOPIEN	7	19	Utopien
VERANLAGUNG	11	19	Veranlagung
VERBUESST	9	19	verbüßt
VERDICHTEN	10	19	verdichten
VERDOPPLUNG	11	19	Verdopplung
VEREINSHAUS	11	19	Vereinshaus
VERFAELSCHT	11	19	verfälscht
VERFRACHTET	11	19	verfrachtet
VERGLICH	8	19	verglich
VERHAENGEN	10	19	verhängen
VERHEISST	9	19	verheißt
VERKLEIDETE	11	19	verkleidete
VERKNUEPFEN	11	19	verknüpfen
VERKOMMEN	9	19	verkommen
VERLIEHENE	10	19	verliehene
VERSAGTEN	9	19	versagten
VERSAILLES	10	19	Versailles
VERSAMMELTE	11	19	versammelte
VERSCHLINGT	11	19	verschlingt
VERSCHWEIGT	11	19	verschweigt
VERSPRECHE	10	19	verspreche
VERTRATEN	9	19	vertraten
VERTRAUENS	10	19	Vertrauens
VERZAHNUNG	10	19	Verzahnung
VERZAUBERT	10	19	verzaubert
VERZWEIGTEN	11	19	verzweigten
VIRTUELLER	10	19	virtueller
VISCOUNT	8	19	Viscount
VITRINE	7	19	Vitrine
VOKABULAR	9	19	Vokabular
VORGEBEN	8	19	vorgeben
VORHAENGE	9	19	Vorhänge
VORORTE	7	19	Vororte
VORZIEHEN	9	19	Vorziehen
VOYAGER	7	19	Voyager
WAHLKAMPFS	10	19	Wahlkampfs
WAHN	4	19	Wahn
WAL	3	19	Wal
WALLFAHRTEN	11	19	Wallfahrten
WASSERLAUF	10	19	Wasserlauf
WASSERMENGE	11	19	Wassermenge
WEBSERVER	9	19	Webserver
WEISSLICHE	10	19	weißliche
WELTWEITES	10	19	weltweites
WERKSTUECKE	11	19	Werkstücke
WERTETEN	8	19	werteten
WERTUNGEN	9	19	Wertungen
WESTAFRIKA	10	19	Westafrika
WICKELN	7	19	wickeln
WIEVIELE	8	19	Wieviele
WIMMELT	7	19	wimmelt
WINDES	6	19	Windes
WISST	5	19	wisst
WITTERN	7	19	wittern
WOHLTAETIGE	11	19	wohltätige
WOHNUNGSNOT	11	19	Wohnungsnot
WORTSCHATZ	10	19	Wortschatz
WUERDIG	7	19	würdig
WUESTEN	7	19	Wüsten
WUNDERSAME	10	19	wundersame
ZEICHENS	8	19	Zeichens
ZEICHNE	7	19	zeichne
ZEITFAHREN	10	19	Zeitfahren
ZELTDACH	8	19	Zeltdach
ZENTNER	7	19	Zentner
ZERBRECHEN	10	19	zerbrechen
ZIELLINIE	9	19	Ziellinie
ZIMMERS	7	19	Zimmers
ZISCHEN	7	19	Zischen
ZOOM	4	19	Zoom
ZUEGELN	7	19	zügeln
ZUFAELLE	8	19	Zufälle
ZULAGEN	7	19	Zulagen
ZUTEIL	6	19	zuteil
ZUZAHLUNG	9	19	Zuzahlung
ZWINGENDE	9	19	zwingende
ABBERUFEN	9	18	abberufen
ABBERUFUNG	10	18	Abberufung
ABGEDICHTET	11	18	abgedichtet
ABGEGEBENE	10	18	abgegebene
ABGELEITETE	11	18	abgeleitete
ABGESPALTEN	11	18	abgespalten
ABGESUCHT	9	18	abgesucht
ABHAENGT	8	18	abhängt
ABTRETUNG	9	18	Abtretung
ABWAEGUNG	9	18	Abwägung
ABWURF	6	18	Abwurf
ADERLASS	8	18	Aderlass
ALGERISCHE	10	18	algerische
ALIENS	6	18	Aliens
ALLSEITS	8	18	allseits
ALTKANZLER	10	18	Altkanzler
ALTMODISCH	10	18	altmodisch
ANGEMAHNT	9	18	angemahnt
ANGEPFLANZT	11	18	angepflanzt
ANGESTECKT	10	18	angesteckt
ANGIBT	6	18	angibt
ANHAENGEN	9	18	anhängen
ANKURBELN	9	18	ankurbeln
ANNEXION	8	18	Annexion
ANTLITZ	7	18	Antlitz
ANTRAGES	8	18	Antrages
ANWAERTER	9	18	Anwärter
ARBEITSFELD	11	18	Arbeitsfeld
ARGWOHN	7	18	Argwohn
ARNSTADT	8	18	Arnstadt
ARREST	6	18	Arrest
ARTENSCHUTZ	11	18	Artenschutz
ARTHROSE	8	18	Arthrose
ATHENER	7	18	Athener
ATTRIBUT	8	18	Attribut
AUDIENZ	7	18	Audienz
AUFGEBAUTEN	11	18	aufgebauten
AUFGEKOMMEN	11	18	aufgekommen
AUFGEWACHT	10	18	aufgewacht
AUFHAENGUNG	11	18	Aufhängung
AUFLADUNG	9	18	Aufladung
AUFSEHER	8	18	Aufseher
AUFSTANDS	9	18	Aufstands
AUFTRAGES	9	18	Auftrages
AUFZUTRETEN	11	18	aufzutreten
AUSFUHR	7	18	Ausfuhr
AUSLEGEN	8	18	auslegen
AUSMALUNG	9	18	Ausmalung
AUSPUFF	7	18	Auspuff
AUSSENHAUT	10	18	Außenhaut
AUSSPIELEN	10	18	ausspielen
BADEORT	7	18	Badeort
BAHNCHEF	8	18	Bahnchef
BANKIER	7	18	Bankier
BARG	4	18	barg
BARMER	6	18	Barmer
BASIERE	7	18	basiere
BAUSATZ	7	18	Bausatz
BEATMET	7	18	beatmet
BEDENKLICHE	11	18	bedenkliche
BEDIENSTETE	11	18	Bedienstete
BEFEHLEN	8	18	Befehlen
BEGNADIGT	9	18	begnadigt
BEGONNENEN	10	18	begonnenen
BEGRENZTER	10	18	begrenzter
BEHARRLICH	10	18	beharrlich
BEHARRTE	8	18	beharrte
BEIGEMESSEN	11	18	beigemessen
BEILEID	7	18	Beileid
BEIRATS	7	18	Beirats
BEKUNDET	8	18	bekundet
BELAECHELT	10	18	belächelt
BELEBTEN	8	18	belebten
BELEHRUNG	9	18	Belehrung
BENEHMEN	8	18	Benehmen
BEREICHES	9	18	Bereiches
BEREUEN	7	18	bereuen
BERUFSBILD	10	18	Berufsbild
BESCHAEMEND	11	18	beschämend
BESCHILDERT	11	18	beschildert
BESCHUETZER	11	18	Beschützer
BESTEIGUNG	10	18	Besteigung
BESTIEG	7	18	bestieg
BESTMARKE	9	18	Bestmarke
BESTUHLUNG	10	18	Bestuhlung
BETAEUBUNG	10	18	Betäubung
BETREIBERS	10	18	Betreibers
BETTLER	7	18	Bettler
BEVORSTEHEN	11	18	bevorstehen
BEWAEHREN	9	18	bewähren
BEWUNDERTE	10	18	bewunderte
BIENNALE	8	18	Biennale
BIKE	4	18	Bike
BLAEULICH	9	18	bläulich
BLINDHEIT	9	18	Blindheit
BLITZTE	7	18	blitzte
BLOCKIERTE	10	18	blockierte
BLUTBAD	7	18	Blutbad
BOTTROP	7	18	Bottrop
BRENNEREI	9	18	Brennerei
BRENNWEITE	10	18	Brennweite
BRESCHE	7	18	Bresche
BRIEFMARKE	10	18	Briefmarke
BRISANTE	8	18	brisante
BROCKHAUS	9	18	Brockhaus
BROKER	6	18	Broker
BUENDNISSES	11	18	Bündnisses
BUNDE	5	18	Bunde
BURSCHE	7	18	Bursche
BUSFAHRT	8	18	Busfahrt
CALGARY	7	18	Calgary
CANON	5	18	Canon
CARLSEN	7	18	Carlsen
CENSUS	6	18	Census
CHEMISCHER	10	18	chemischer
CHRONISTEN	10	18	Chronisten
CLOWNS	6	18	Clowns
COLLAGEN	8	18	Collagen
COURAGE	7	18	Courage
CROWN	5	18	Crown
DACKEL	6	18	Dackel
DECKS	5	18	Decks
DEFEKTER	8	18	defekter
DEHNT	5	18	dehnt
DEKADE	6	18	Dekade
DELHI	5	18	Delhi
DIAGNOSEN	9	18	Diagnosen
DICHTEM	7	18	dichtem
DIEJENIGE	9	18	diejenige
DIREKTORIUM	11	18	Direktorium
DIRIGIERT	9	18	dirigiert
DISKO	5	18	Disko
DOCKS	5	18	Docks
DOGEN	5	18	Dogen
DORFKERN	8	18	Dorfkern
DREIBERG	8	18	Dreiberg
DREIHUNDERT	11	18	dreihundert
DRUCKS	6	18	Drucks
DURCHLEBT	9	18	durchlebt
DYNAMISCHES	11	18	dynamisches
EHEBRUCH	8	18	Ehebruch
EHINGER	7	18	Ehinger
EHRTE	5	18	ehrte
EINFANGEN	9	18	einfangen
EINGESPANNT	11	18	eingespannt
EINGESTECKT	11	18	eingesteckt
EINGETRUEBT	11	18	eingetrübt
EINGEUEBT	9	18	eingeübt
EINGEWORFEN	11	18	eingeworfen
EINGEZAHLT	10	18	eingezahlt
EINGRAVIERT	11	18	eingraviert
EINSPIELEN	10	18	einspielen
EINSTUDIERT	11	18	einstudiert
EISENACHER	10	18	Eisenacher
EIZELLE	7	18	Eizelle
ELEGANTEN	9	18	eleganten
ELLIPSE	7	18	Ellipse
EMBLEM	6	18	Emblem
EMITTENTEN	10	18	Emittenten
ENTFUEHRTE	10	18	entführte
ENTHOBEN	8	18	enthoben
ENTLEERT	8	18	entleert
ENTMACHTET	10	18	entmachtet
ENTSETZLICH	11	18	entsetzlich
ENTSTUENDEN	11	18	entstünden
ENTWEICHEN	10	18	entweichen
ENTWORFENEN	11	18	entworfenen
ERACHTET	8	18	erachtet
ERBRECHT	8	18	Erbrecht
ERDBEBENS	9	18	Erdbebens
ERHAENGT	8	18	erhängt
ERKRANKEN	9	18	erkranken
ERLOESCHEN	10	18	erlöschen
ERMUTIGTE	9	18	ermutigte
ERNEUERTEN	10	18	erneuerten
ERSCHRECKT	10	18	erschreckt
ERSPARNISSE	11	18	Ersparnisse
ERSTARRT	8	18	erstarrt
ERTRAEGEN	9	18	Erträgen
ERWIDERTE	9	18	erwiderte
ERWISCHTEN	10	18	erwischten
ERZE	4	18	Erze
ESSBAR	6	18	essbar
EULE	4	18	Eule
EVANGELIUMS	11	18	Evangeliums
EXCELLENCE	10	18	Excellence
EXKLUSIVES	10	18	exklusives
EXPORTQUOTE	11	18	Exportquote
FACHGEBIETE	11	18	Fachgebiete
FACHJURY	8	18	Fachjury
FAHRZEITEN	10	18	Fahrzeiten
FAKTISCHE	9	18	faktische
FARBIGER	8	18	farbiger
FARBTOENEN	10	18	Farbtönen
FEDERUNG	8	18	Federung
FEINDLICH	9	18	feindlich
FEINEM	6	18	feinem
FELLFARBE	9	18	Fellfarbe
FELSBROCKEN	11	18	Felsbrocken
FESTREDE	8	18	Festrede
FESTTAGE	8	18	Festtage
FICHTEN	7	18	Fichten
FIEBERT	7	18	fiebert
FILMPROJEKT	11	18	Filmprojekt
FILMTEAM	8	18	Filmteam
FINANZCHEF	10	18	Finanzchef
FISCHERDORF	11	18	Fischerdorf
FISKALJAHR	10	18	Fiskaljahr
FLEISSIGEN	10	18	fleißigen
FLORIERT	8	18	floriert
FLURNAMEN	9	18	Flurnamen
FORCIERTE	9	18	forcierte
FORELLEN	8	18	Forellen
FORMTE	6	18	formte
FOTOGRAFIN	10	18	Fotografin
FRAUENARZT	10	18	Frauenarzt
FREGATTE	8	18	Fregatte
FREIGEBEN	9	18	freigeben
FREMDES	7	18	fremdes
FRIEDHOEFEN	11	18	Friedhöfen
FRIEDLICHES	11	18	friedliches
FROHES	6	18	frohes
FRONTSEITE	10	18	Frontseite
FUEHLST	7	18	fühlst
FUERSTIN	8	18	Fürstin
GAENZE	6	18	Gänze
GAERUNG	7	18	Gärung
GASTHAEUSER	11	18	Gasthäuser
GATTE	5	18	Gatte
GEBER	5	18	Geber
GEBURTSTAGE	11	18	Geburtstage
GEDECKTEN	9	18	gedeckten
GEFIEDERT	9	18	gefiedert
GEFORMTE	8	18	geformte
GEGENBESUCH	11	18	Gegenbesuch
GEGLIEDERTE	11	18	gegliederte
GEHAEUSES	9	18	Gehäuses
GEHOEFTE	8	18	Gehöfte
GEISTIGES	9	18	geistiges
GEKOMMENEN	10	18	gekommenen
GELAEUFIG	9	18	geläufig
GELASSENER	10	18	gelassener
GELEHRTER	9	18	Gelehrter
GELOESTEN	9	18	gelösten
GENANNTER	9	18	genannter
GENERATOREN	11	18	Generatoren
GENOM	5	18	Genom
GEPUMPT	7	18	gepumpt
GERAUBT	7	18	geraubt
GESCHNAPPT	10	18	geschnappt
GESELLIGEN	10	18	geselligen
GESPIELTEN	10	18	gespielten
GESTIELTEN	10	18	gestielten
GETEILTES	9	18	geteiltes
GEZOGENEN	9	18	gezogenen
GIANTS	6	18	Giants
GIERIG	6	18	gierig
GLAENZENDER	11	18	glänzender
GOERLITZER	10	18	Görlitzer
GOTISCHER	9	18	gotischer
GRABENS	7	18	Grabens
GRAPHEN	7	18	Graphen
GRIFFE	6	18	Griffe
GRUNDLEGUNG	11	18	Grundlegung
GUESTROW	8	18	Güstrow
HAAGER	6	18	Haager
HAFTANSTALT	11	18	Haftanstalt
HAGELT	6	18	hagelt
HAIN	4	18	Hain
HALSSCHILD	10	18	Halsschild
HALTERUNG	9	18	Halterung
HAMSTER	7	18	Hamster
HANDHABE	8	18	Handhabe
HANSE	5	18	Hanse
HASSTE	6	18	haßte
HAUPTPLATZ	10	18	Hauptplatz
HAVEL	5	18	Havel
HEBRAEISCH	10	18	Hebräisch
HEFTIGES	8	18	heftiges
HEILBAR	7	18	heilbar
HEIMISCHER	10	18	heimischer
HELLEM	6	18	hellem
HEMDEN	6	18	Hemden
HERAUSGEBEN	11	18	herausgeben
HERGANG	7	18	Hergang
HERKOMMEN	9	18	herkommen
HERNE	5	18	Herne
HERRCHEN	8	18	Herrchen
HERVORGEHT	10	18	hervorgeht
HEULEN	6	18	heulen
HINTERFRAGT	11	18	hinterfragt
HIRSCHE	7	18	Hirsche
HISTORIA	8	18	Historia
HITZEWELLE	10	18	Hitzewelle
HOHLEN	6	18	hohlen
HOLZDECKE	9	18	Holzdecke
HOLZHAUSEN	10	18	Holzhausen
HONORARE	8	18	Honorare
HORNHAUT	8	18	Hornhaut
HUELLEN	7	18	Hüllen
HUNDERTEN	9	18	hunderten
HYPOTHEK	8	18	Hypothek
IDENTISCHEN	11	18	identischen
IMITIEREN	9	18	imitieren
IMPACT	6	18	Impact
INDONESIER	10	18	Indonesier
INDUKTION	9	18	Induktion
INFORMELLEN	11	18	informellen
INNSBRUCKER	11	18	Innsbrucker
INSIGNIEN	9	18	Insignien
INSZENIEREN	11	18	inszenieren
INTEGRATIVE	11	18	integrative
IRONISCHE	9	18	ironische
ISLAENDER	9	18	Isländer
JAHRMARKT	9	18	Jahrmarkt
JEMANDEM	8	18	jemandem
JUBELTE	7	18	jubelte
JUNKER	6	18	Junker
KARREN	6	18	Karren
KASSIER	7	18	Kassier
KATAKOMBEN	10	18	Katakomben
KATHETER	8	18	Katheter
KAUEN	5	18	Kauen
KAUFHOF	7	18	Kaufhof
KERNBEREICH	11	18	Kernbereich
KINDERHAUS	10	18	Kinderhaus
KLATSCHT	8	18	klatscht
KLINISCH	8	18	klinisch
KNOBLAUCH	9	18	Knoblauch
KOHLENSTOFF	11	18	Kohlenstoff
KOLONIALEN	10	18	kolonialen
KOMMISSARIN	11	18	Kommissarin
KOMPETENTER	11	18	kompetenter
KOMPRIMIERT	11	18	komprimiert
KONDOM	6	18	Kondom
KONKRETERE	10	18	konkretere
KONSTRUKT	9	18	Konstrukt
KONTERTE	8	18	konterte
KONZILS	7	18	Konzils
KOREANER	8	18	Koreaner
KORREKTHEIT	11	18	Korrektheit
KOSMETIK	8	18	Kosmetik
KRAFTFAHRER	11	18	Kraftfahrer
KRAFTVOLLE	10	18	kraftvolle
KREBSZELLEN	11	18	Krebszellen
KREISEBENE	10	18	Kreisebene
KREISTAGES	10	18	Kreistages
KREMATORIUM	11	18	Krematorium
KRIEGSJAHRE	11	18	Kriegsjahre
KRUEGE	6	18	Krüge
KRUSTE	6	18	Kruste
KULTURKREIS	11	18	Kulturkreis
KUMPELS	7	18	Kumpels
KUNSTHAUS	9	18	Kunsthaus
KUNSTMUSEUM	11	18	Kunstmuseum
KURATORIUMS	11	18	Kuratoriums
LACHEND	7	18	lachend
LACHER	6	18	Lacher
LADIES	6	18	Ladies
LAECHELND	9	18	lächelnd
LAGUNA	6	18	Laguna
LAMINAT	7	18	Laminat
LANDESHERRN	11	18	Landesherrn
LANDWEG	7	18	Landweg
LANGWEILIGE	11	18	langweilige
LASEN	5	18	lasen
LECKEREN	8	18	leckeren
LEERGEWICHT	11	18	Leergewicht
LEERLAUF	8	18	Leerlauf
LEGALE	6	18	legale
LEGALEN	7	18	legalen
LEHRBUECHER	11	18	Lehrbücher
LEHRSTUHLS	10	18	Lehrstuhls
LEIDENDEN	9	18	leidenden
LEIM	4	18	Leim
LIAISON	7	18	Liaison
LIBYSCHEN	9	18	libyschen
LILIE	5	18	Lilie
LIQUIDIERT	10	18	liquidiert
LOESCHT	7	18	löscht
LOHNTE	6	18	lohnte
LOTUS	5	18	Lotus
LUSTIGER	8	18	lustiger
MAECHTIGSTE	11	18	mächtigste
MAESSIGER	9	18	mäßiger
MAGISCH	7	18	magisch
MAKEL	5	18	Makel
MANGELE	7	18	mangele
MANUAL	6	18	Manual
MANUFAKTUR	10	18	Manufaktur
MEERESBODEN	11	18	Meeresboden
MESSDATEN	9	18	Messdaten
MESSERN	7	18	Messern
MESSESTAND	10	18	Messestand
METALLEN	8	18	Metallen
METHAN	6	18	Methan
MILIEUS	7	18	Milieus
MILWAUKEE	9	18	Milwaukee
MINDESTMASS	11	18	Mindestmaß
MISSOURI	8	18	Missouri
MITTELGANG	10	18	Mittelgang
MITTELWEG	9	18	Mittelweg
MITTRAGEN	9	18	mittragen
MODERNEREN	10	18	moderneren
MOLDAU	6	18	Moldau
MONITORING	10	18	Monitoring
MONOGRAPHIE	11	18	Monographie
MONOTON	7	18	monoton
MORDFALL	8	18	Mordfall
MOSAIKEN	8	18	Mosaiken
MOSEL	5	18	Mosel
MUECKEN	7	18	Mücken
MURREN	6	18	Murren
MUSKELKRAFT	11	18	Muskelkraft
MUSTERUNG	9	18	Musterung
NARRENZUNFT	11	18	Narrenzunft
NATURNAH	8	18	naturnah
NEKTAR	6	18	Nektar
NEPTUN	6	18	Neptun
NEUAUSGABE	10	18	Neuausgabe
NORDTEIL	8	18	Nordteil
NOTARIELL	9	18	notariell
NOTIERE	7	18	notiere
NUANCEN	7	18	Nuancen
NUKLEAREN	9	18	nuklearen
OBERARM	7	18	Oberarm
OBERLIPPE	9	18	Oberlippe
OBIGER	6	18	obiger
ODYSSEUS	8	18	Odysseus
OEKOSTROM	9	18	Ökostrom
OERTLICHER	10	18	örtlicher
OFFERIERT	9	18	offeriert
OLIVEN	6	18	Oliven
ORDERN	6	18	ordern
OZEANE	6	18	Ozeane
PALLADIUM	9	18	Palladium
PAPIERS	7	18	Papiers
PARABEL	7	18	Parabel
PASSUS	6	18	Passus
PASTORIN	8	18	Pastorin
PATCHES	7	18	Patches
PATENTAMT	9	18	Patentamt
PENALTY	7	18	Penalty
PFENNIGE	8	18	Pfennige
PFULLINGEN	10	18	Pfullingen
PHASENWEISE	11	18	phasenweise
PIANISTEN	9	18	Pianisten
PLAEDOYERS	10	18	Plädoyers
PLANETARIUM	11	18	Planetarium
PLANS	5	18	Plans
POLARISIERT	11	18	polarisiert
POLIZEIAUTO	11	18	Polizeiauto
PORTRAITS	9	18	Portraits
POSTUM	6	18	postum
PRAEMISSE	9	18	Prämisse
PRALLTEN	8	18	prallten
PRINTMEDIEN	11	18	Printmedien
PRINZIPS	8	18	Prinzips
PROLOG	6	18	Prolog
PROPHEZEIT	10	18	prophezeit
PROTHESE	8	18	Prothese
PROTOKOLLS	10	18	Protokolls
PUNKTABZUG	10	18	Punktabzug
PYRENAEEN	9	18	Pyrenäen
RADEBEUL	8	18	Radebeul
RADPROFI	8	18	Radprofi
RADTOUR	7	18	Radtour
RASTPLATZ	9	18	Rastplatz
RATS	4	18	Rats
RAUSCHT	7	18	rauscht
RAZZIEN	7	18	Razzien
REAKTOREN	9	18	Reaktoren
REALES	6	18	reales
REFORMER	8	18	Reformer
REGATTEN	8	18	Regatten
REGISTRY	8	18	Registry
REICHSTE	8	18	reichste
REIHENWEISE	11	18	reihenweise
REISELEITER	11	18	Reiseleiter
RELAIS	6	18	Relais
RELAUNCH	8	18	Relaunch
RELIQUIE	8	18	Reliquie
RENDSBURG	9	18	Rendsburg
RENNLEITUNG	11	18	Rennleitung
REPRISE	7	18	Reprise
RESERVISTEN	11	18	Reservisten
RESERVOIR	9	18	Reservoir
RESULTATEN	10	18	Resultaten
REVIERE	7	18	Reviere
RHYTHMISCHE	11	18	rhythmische
RIFF	4	18	Riff
RINGER	6	18	Ringer
ROBUSTER	8	18	robuster
ROCKBAND	8	18	Rockband
ROEMERZEIT	10	18	Römerzeit
ROENTGEN	8	18	Röntgen
ROHREN	6	18	Rohren
RUDEL	5	18	Rudel
RUECKLAGE	9	18	Rücklage
RUFNUMMERN	10	18	Rufnummern
RUNDBOGEN	9	18	Rundbogen
RUNDES	6	18	rundes
RUTE	4	18	Rute
SAERGE	6	18	Särge
SAEUGLINGE	10	18	Säuglinge
SAFTIG	6	18	saftig
SALONS	6	18	Salons
SAMPLER	7	18	Sampler
SATIRISCHE	10	18	satirische
SAU	3	18	Sau
SCHALTETEN	10	18	schalteten
SCHIMPFEN	9	18	schimpfen
SCHLAFSACK	10	18	Schlafsack
SCHLAUER	8	18	schlauer
SCHLEICHEND	11	18	schleichend
SCHLITZ	7	18	Schlitz
SCHLUCKT	8	18	schluckt
SCHLUSSKURS	11	18	Schlusskurs
SCHLUSSWORT	11	18	Schlusswort
SCHOEPFT	8	18	schöpft
SCHRAEGEN	9	18	schrägen
SCHRAENKT	9	18	schränkt
SCHULAMT	8	18	Schulamt
SCHURKEN	8	18	Schurken
SCHUTZE	7	18	Schutze
SCHWABACH	9	18	Schwabach
SCHWARM	7	18	Schwarm
SCHWINGUNG	10	18	Schwingung
SEGNETE	7	18	segnete
SEIFE	5	18	Seife
SEKUNDAEREN	11	18	sekundären
SELEKTIV	8	18	selektiv
SICHTBARER	10	18	sichtbarer
SINGULAR	8	18	Singular
SINNLICHE	9	18	sinnliche
SITZPLATZ	9	18	Sitzplatz
SKISPORT	8	18	Skisport
SKISPRINGEN	11	18	Skispringen
SOLI	4	18	Soli
SOMMERLICHE	11	18	sommerliche
SOMMERZEIT	10	18	Sommerzeit
SONGTEXTE	9	18	Songtexte
SORBISCHEN	10	18	sorbischen
SOUNDTRACKS	11	18	Soundtracks
SPARSAMER	9	18	sparsamer
SPENDERN	8	18	Spendern
SPIELFILMEN	11	18	Spielfilmen
SPIELPRAXIS	11	18	Spielpraxis
SPINNER	7	18	Spinner
SPONTANEN	9	18	spontanen
SPRACHLICH	10	18	sprachlich
SPRINGFIELD	11	18	Springfield
SPRUDELT	8	18	sprudelt
SPURWEITE	9	18	Spurweite
STAATSMACHT	11	18	Staatsmacht
STADTBRAND	10	18	Stadtbrand
STANDHAFT	9	18	standhaft
STANFORD	8	18	Stanford
STAPELLAUF	10	18	Stapellauf
STATUR	6	18	Statur
STAUTE	6	18	staute
STEHENDER	9	18	stehender
STEILHANG	9	18	Steilhang
STEINFURTH	10	18	Steinfurth
STEIRISCHE	10	18	steirische
STEYR	5	18	Steyr
STRAFKAMMER	11	18	Strafkammer
STREICHE	8	18	Streiche
STREITMACHT	11	18	Streitmacht
STROTZT	7	18	strotzt
STRUEMPFE	9	18	Strümpfe
STUFENLOS	9	18	stufenlos
STURMS	6	18	Sturms
SUEDRAND	8	18	Südrand
SUEDUFER	8	18	Südufer
SUENDER	7	18	Sünder
SUJET	5	18	Sujet
SUPERVISION	11	18	Supervision
SUSPEKT	7	18	suspekt
SYSTEMISCHE	11	18	systemische
TAENZERN	8	18	Tänzern
TAGESKASSE	10	18	Tageskasse
TANZTEN	7	18	tanzten
TEILBEREICH	11	18	Teilbereich
TEILSTRECKE	11	18	Teilstrecke
THIRD	5	18	Third
THUNDER	7	18	Thunder
TIEFSTWERTE	11	18	Tiefstwerte
TOLERANT	8	18	tolerant
TORCHANCE	9	18	Torchance
TORLOS	6	18	torlos
TRAEGHEIT	9	18	Trägheit
TRAENE	6	18	Träne
TRAGIK	6	18	Tragik
TROCKNER	8	18	Trockner
TROCKNET	8	18	trocknet
TROSTLOS	8	18	trostlos
TURBULENTEN	11	18	turbulenten
UEBERTRITT	10	18	Übertritt
UEBERWACHTE	11	18	überwachte
UEBLE	5	18	üble
UMBRUCHS	8	18	Umbruchs
UMDREHUNGEN	11	18	Umdrehungen
UMFAHREN	8	18	umfahren
UMGEBAUTE	9	18	umgebaute
UMKEHRUNG	9	18	Umkehrung
UMSCHRIEBEN	11	18	umschrieben
UMSCHULUNG	10	18	Umschulung
UMSTURZ	7	18	Umsturz
UMZUBRINGEN	11	18	umzubringen
UNBEWOHNTE	10	18	unbewohnte
UNDEUTLICH	10	18	undeutlich
UNGETRUEBT	10	18	ungetrübt
UNIKAT	6	18	Unikat
UNIVERSELL	10	18	universell
UNNOETIGEN	10	18	unnötigen
UNSCHEINBAR	11	18	unscheinbar
UNTERARM	8	18	Unterarm
UNTERLEGENE	11	18	unterlegene
UPPER	5	18	Upper
VARIIERTE	9	18	variierte
VERAEUSSERN	11	18	veräußern
VERDECKTEN	10	18	verdeckten
VERDUNSTUNG	11	18	Verdunstung
VERHAFTETEN	11	18	Verhafteten
VERHALTENER	11	18	verhaltener
VERKAEUFERS	11	18	Verkäufers
VERKRAFTET	10	18	verkraftet
VERLAS	6	18	verlas
VERLIERE	8	18	verliere
VERMEHRTEN	10	18	vermehrten
VERSAEUMNIS	11	18	Versäumnis
VERSICKERT	10	18	versickert
VERSTOERT	9	18	verstört
VERSUCHS	8	18	Versuchs
VERWENDE	8	18	verwende
VESPER	6	18	Vesper
VICUS	5	18	Vicus
VIERBEINER	10	18	Vierbeiner
VOGTEI	6	18	Vogtei
VOLUMINA	8	18	Volumina
VORDRUCK	8	18	Vordruck
VORFAELLEN	10	18	Vorfällen
VORGARTEN	9	18	Vorgarten
VORGEMACHT	10	18	vorgemacht
VORSTEHER	9	18	Vorsteher
VORTRAGEN	9	18	vortragen
WAHLGESETZ	10	18	Wahlgesetz
WAHLLOS	7	18	wahllos
WASSERBETT	10	18	Wasserbett
WASSERSPORT	11	18	Wassersport
WECHSELBAD	10	18	Wechselbad
WECHSELKURS	11	18	Wechselkurs
WEILT	5	18	weilt
WELTPOLITIK	11	18	Weltpolitik
WERBESPOT	9	18	Werbespot
WIDERLAGER	10	18	Widerlager
WILLKOMMENE	11	18	willkommene
WINKELN	7	18	Winkeln
WIRBELN	7	18	wirbeln
WOHLTAETER	10	18	Wohltäter
WRESTLER	8	18	Wrestler
WUETENDE	8	18	wütende
ZAEHE	5	18	zähe
ZAHLREICHES	11	18	zahlreiches
ZARTEN	6	18	zarten
ZEITENWENDE	11	18	Zeitenwende
ZEITLOS	7	18	zeitlos
ZEITNAHE	8	18	zeitnahe
ZELTPLATZ	9	18	Zeltplatz
ZERSETZT	8	18	zersetzt
ZIGARREN	8	18	Zigarren
ZIGEUNER	8	18	Zigeuner
ZUFAELLIGEN	11	18	zufälligen
ZUGKRAFT	8	18	Zugkraft
ZUHOERERN	9	18	Zuhörern
ZUNICHTE	8	18	zunichte
ZUSAETZE	8	18	Zusätze
ZUSTANDES	9	18	Zustandes
ZUTREFFEN	9	18	zutreffen
ZUZUSTIMMEN	11	18	zuzustimmen
ZWECKLOS	8	18	zwecklos
ZWILLINGEN	10	18	Zwillingen
ABBILDEN	8	17	abbilden
ABENDLICHEN	11	17	abendlichen
ABFINDUNGEN	11	17	Abfindungen
ABGEGANGEN	10	17	abgegangen
ABGEHAENGT	10	17	abgehängt
ABGEHANDELT	11	17	abgehandelt
ABGEMELDET	10	17	abgemeldet
ABGRUENDE	9	17	Abgründe
ABLEHNENDE	10	17	ablehnende
ABLENKEN	8	17	ablenken
ABSCHNITTES	11	17	Abschnittes
ABSPEICHERN	11	17	abspeichern
ABSTINENZ	9	17	Abstinenz
ABWARTEND	9	17	abwartend
ABWESEND	8	17	abwesend
ABZUBRINGEN	11	17	abzubringen
ABZUEGLICH	10	17	abzüglich
ABZWEIGUNG	10	17	Abzweigung
ACHSELN	7	17	Achseln
ACHTERBAHN	10	17	Achterbahn
ADELSTITEL	10	17	Adelstitel
ADER	4	17	Ader
ADRENALIN	9	17	Adrenalin
AENGSTEN	8	17	Ängsten
AFFEKT	6	17	Affekt
AGENTIN	7	17	Agentin
AGGREGAT	8	17	Aggregat
AGGREGATE	9	17	Aggregate
AHRENSBURG	10	17	Ahrensburg
AKADEMIKER	10	17	Akademiker
ALLERERSTEN	11	17	allerersten
ALPTRAEUME	10	17	Alpträume
ANALYSIERTE	11	17	analysierte
ANALYTIK	8	17	Analytik
ANGENOMMENE	11	17	angenommene
ANGEZEIGTEN	11	17	angezeigten
ANGREIFT	8	17	angreift
ANHAENGSEL	10	17	Anhängsel
ANHOERUNGEN	11	17	Anhörungen
ANIMIEREN	9	17	animieren
ANIMIERTE	9	17	animierte
ANKLAGEN	8	17	Anklagen
ANLOCKEN	8	17	anlocken
ANRECHT	7	17	Anrecht
ANRUECKEN	9	17	anrücken
ANSATZWEISE	11	17	ansatzweise
ANSCHREIBEN	11	17	Anschreiben
ANSEHNLICH	10	17	ansehnlich
ANTEILEN	8	17	Anteilen
ANTHOLOGIE	10	17	Anthologie
APARTMENTS	10	17	Apartments
APPARATUR	9	17	Apparatur
AQUARELLE	9	17	Aquarelle
AQUARIEN	8	17	Aquarien
AUCKLAND	8	17	Auckland
AUFBAEUMEN	10	17	Aufbäumen
AUFGEHELLT	10	17	aufgehellt
AUFLAUF	7	17	Auflauf
AUFSTANDES	10	17	Aufstandes
AUFTRAGS	8	17	Auftrags
AUFTRITTS	9	17	Auftritts
AUGENBLICKE	11	17	Augenblicke
AUGENSCHEIN	11	17	Augenschein
AUSBAUS	7	17	Ausbaus
AUSBAUSTUFE	11	17	Ausbaustufe
AUSBRUECHE	10	17	Ausbrüche
AUSGEHALTEN	11	17	ausgehalten
AUSGEHOEHLT	11	17	ausgehöhlt
AUSGEMALT	9	17	ausgemalt
AUSLAGEN	8	17	Auslagen
AUSLESE	7	17	Auslese
AUSSAAT	7	17	Aussaat
AUSSENMAUER	11	17	Außenmauer
AUSZEICHNET	11	17	auszeichnet
AUSZUDEHNEN	11	17	auszudehnen
AUTOBOMBE	9	17	Autobombe
AUTOMATION	10	17	Automation
BABELSBERG	10	17	Babelsberg
BACKWAREN	9	17	Backwaren
BADENER	7	17	Badener
BAEUERIN	8	17	Bäuerin
BAHNBETRIEB	11	17	Bahnbetrieb
BALLONS	7	17	Ballons
BANDAGEN	8	17	Bandagen
BANDNAMEN	9	17	Bandnamen
BARGEN	6	17	bargen
BAROCKER	8	17	barocker
BAROCKZEIT	10	17	Barockzeit
BAUERNDORF	10	17	Bauerndorf
BAUHAUS	7	17	Bauhaus
BAUPROJEKT	10	17	Bauprojekt
BAUSTOFF	8	17	Baustoff
BAYERNLIGA	10	17	Bayernliga
BAYRISCHE	9	17	bayrische
BEDAUERE	8	17	bedauere
BEDAUERLICH	11	17	bedauerlich
BEDEUTETEN	10	17	bedeuteten
BEDRUECKEND	11	17	bedrückend
BEFALLENEN	10	17	befallenen
BEGABEN	7	17	begaben
BEGRENZTEM	10	17	begrenztem
BEHAELTERN	10	17	Behältern
BEHEBUNG	8	17	Behebung
BEIDSEITS	9	17	beidseits
BEIRAETE	8	17	Beiräte
BEKENNENDE	10	17	bekennende
BELASTBAR	9	17	belastbar
BELUEFTET	9	17	belüftet
BERECHENBAR	11	17	berechenbar
BERGSTATION	11	17	Bergstation
BERGWERKS	9	17	Bergwerks
BERUFSWAHL	10	17	Berufswahl
BESCHIESSEN	11	17	beschießen
BESIEDELTE	10	17	besiedelte
BESTAETIGE	10	17	bestätige
BESTANDENE	10	17	bestandene
BESTANDENEN	11	17	bestandenen
BESTANDES	9	17	Bestandes
BETEILIGTER	11	17	Beteiligter
BETRAGES	8	17	Betrages
BETRUEGT	8	17	betrügt
BEWAEHRTER	10	17	bewährter
BEWAHRUNG	9	17	Bewahrung
BEWEGENDE	9	17	bewegende
BEZOGENE	8	17	bezogene
BEZWUNGEN	9	17	bezwungen
BILLIGERE	9	17	billigere
BILLIGSTE	9	17	billigste
BIOGAS	6	17	Biogas
BISHERIGER	10	17	bisheriger
BLAESER	7	17	Bläser
BLATTSTIELE	11	17	Blattstiele
BLAULICHT	9	17	Blaulicht
BLECHE	6	17	Bleche
BLITZSCHLAG	11	17	Blitzschlag
BLOGGER	7	17	Blogger
BOEHLAU	7	17	Böhlau
BOMBAY	6	17	Bombay
BONUSPUNKTE	11	17	Bonuspunkte
BRAUNKOHLE	10	17	Braunkohle
BRESLAUER	9	17	Breslauer
BRILLANT	8	17	brillant
BRILLEN	7	17	Brillen
BRUECHIG	8	17	brüchig
BUERGERTUMS	11	17	Bürgertums
BULLETIN	8	17	Bulletin
BUMMEL	6	17	Bummel
CABRIOLET	9	17	Cabriolet
CACHE	5	17	Cache
CANAL	5	17	Canal
CARTOONS	8	17	Cartoons
CASANOVA	8	17	Casanova
CHIRURG	7	17	Chirurg
CHOEREN	7	17	Chören
CLEVER	6	17	clever
COLLEGIUM	9	17	Collegium
COLOMBO	7	17	Colombo
COMPILER	8	17	Compiler
DAEMPFT	7	17	dämpft
DATEISYSTEM	11	17	Dateisystem
DEFEKTES	8	17	defektes
DEMOLIERT	9	17	demoliert
DENKST	6	17	denkst
DENKWEISE	9	17	Denkweise
DESOLATEN	9	17	desolaten
DEUTUNGEN	9	17	Deutungen
DEZENTRALEN	11	17	dezentralen
DIAGONALE	9	17	Diagonale
DODGE	5	17	Dodge
DOMKAPITELS	11	17	Domkapitels
DRAMAS	6	17	Dramas
DREHBAR	7	17	drehbar
DREHER	6	17	Dreher
DREIECKIGE	10	17	dreieckige
DROEHNT	7	17	dröhnt
DRUEBEN	7	17	drüben
DUERREN	7	17	Dürren
DUESTERER	9	17	düsterer
DURCHBRICHT	11	17	durchbricht
DURCHLAUF	9	17	Durchlauf
EAGLES	6	17	Eagles
EHEMANNS	8	17	Ehemanns
EHESTEN	7	17	ehesten
EIGENART	8	17	Eigenart
EIGENBEDARF	11	17	Eigenbedarf
EIGENNAMEN	10	17	Eigennamen
EILANTRAG	9	17	Eilantrag
EILEN	5	17	eilen
EILTEN	6	17	eilten
EINATMEN	8	17	Einatmen
EINBAND	7	17	Einband
EINDAEMMEN	10	17	eindämmen
EINDRUECKEN	11	17	Eindrücken
EINGEGRENZT	11	17	eingegrenzt
EINGEHENDER	11	17	eingehender
EINLAGE	7	17	Einlage
EINNIMMT	8	17	einnimmt
EINSICHTEN	10	17	Einsichten
EINWIRKEN	9	17	einwirken
EINZELTITEL	11	17	Einzeltitel
ELASTISCH	9	17	elastisch
ELEMENTS	8	17	Elements
ELLENBOGEN	10	17	Ellenbogen
ENTGEHT	7	17	entgeht
ENTLADUNG	9	17	Entladung
ENTLARVT	8	17	entlarvt
ENTSPRANG	9	17	entsprang
ENTWURFS	8	17	Entwurfs
EQUIPE	6	17	Equipe
ERBFOLGE	8	17	Erbfolge
ERBITTERTER	11	17	erbitterter
ERBLICKT	8	17	erblickt
ERDKUNDE	8	17	Erdkunde
ERDRUECKEND	11	17	erdrückend
ERFORSCHTE	10	17	erforschte
ERFRISCHEND	11	17	erfrischend
ERKLAERE	8	17	erkläre
ERKLAERTES	10	17	erklärtes
ERKUNDIGT	9	17	erkundigt
ERLENBACH	9	17	Erlenbach
ERLERNTEN	9	17	erlernten
ERRECHNEN	9	17	errechnen
ERSATZBANK	10	17	Ersatzbank
ERSCHWERTEN	11	17	erschwerten
ERSPIELT	8	17	erspielt
ERSTELLE	8	17	erstelle
ERTRANKEN	9	17	ertranken
ERWEITERBAR	11	17	erweiterbar
ERWIRKEN	8	17	erwirken
ERWISCHEN	9	17	erwischen
ERZBISCHOFS	11	17	Erzbischofs
ESCHEN	6	17	Eschen
ESKALIEREN	10	17	eskalieren
ETHNIE	6	17	Ethnie
EUROPAEERN	10	17	Europäern
EVALUIERT	9	17	evaluiert
EWIGER	6	17	ewiger
EXEKUTION	9	17	Exekution
EXOTISCHEN	10	17	exotischen
FACHES	6	17	Faches
FAHRERSEITE	11	17	Fahrerseite
FAHRSCHEIN	10	17	Fahrschein
FAIRNESS	8	17	Fairness
FALLHOEHE	9	17	Fallhöhe
FALLSTUDIEN	11	17	Fallstudien
FASZINIERTE	11	17	faszinierte
FEHLENDES	9	17	fehlendes
FEIGHEIT	8	17	Feigheit
FELDSPIELER	11	17	Feldspieler
FELDSTEINEN	11	17	Feldsteinen
FELDZUEGE	9	17	Feldzüge
FELSIGE	7	17	felsige
FESTESSEN	9	17	Festessen
FEUILLETONS	11	17	Feuilletons
FILMROLLE	9	17	Filmrolle
FIXEN	5	17	fixen
FJORD	5	17	Fjord
FLAGGSCHIFF	11	17	Flaggschiff
FLECKE	6	17	Flecke
FLEISSIGE	9	17	fleißige
FLEXIBLES	9	17	flexibles
FLIESSENDES	11	17	fließendes
FLUESSCHEN	10	17	Flüsschen
FLUESSIGES	10	17	flüssiges
FLUGLOTSEN	10	17	Fluglotsen
FORMALER	8	17	formaler
FORTE	5	17	Forte
FOSSIL	6	17	Fossil
FOTOSTRECKE	11	17	Fotostrecke
FRANC	5	17	Franc
FREILOS	7	17	Freilos
FRIESLAND	9	17	Friesland
FROESCHE	8	17	Frösche
FRONTPARTIE	11	17	Frontpartie
FUNDORTEN	9	17	Fundorten
GASTMUSIKER	11	17	Gastmusiker
GEBIETET	8	17	gebietet
GEBIRGES	8	17	Gebirges
GEDREHTEN	9	17	gedrehten
GEFAESSEN	9	17	Gefäßen
GEGEBENE	8	17	gegebene
GEGENWERT	9	17	Gegenwert
GEGLAETTET	10	17	geglättet
GEHEIZT	7	17	geheizt
GEHORCHEN	9	17	gehorchen
GELDBUSSEN	10	17	Geldbußen
GELDMENGE	9	17	Geldmenge
GELEBTE	7	17	gelebte
GELEISTETE	10	17	geleistete
GELENK	6	17	Gelenk
GEMAHL	6	17	Gemahl
GEMEINER	8	17	Gemeiner
GEMIETETEN	10	17	gemieteten
GENANNTES	9	17	genanntes
GENEHMIGTEN	11	17	genehmigten
GENERALE	8	17	Generale
GENIALEN	8	17	genialen
GEPRUEFTEN	10	17	geprüften
GERADEWEGS	10	17	geradewegs
GERAER	6	17	Geraer
GERAEUMIGEN	11	17	geräumigen
GEREGNET	8	17	geregnet
GEROESTET	9	17	geröstet
GESCHENKEN	10	17	Geschenken
GESCHICKE	9	17	Geschicke
GESELLIG	8	17	gesellig
GESPANNTE	9	17	gespannte
GESPIELTE	9	17	gespielte
GESTILLT	8	17	gestillt
GESTOPFT	8	17	gestopft
GETESTETEN	10	17	getesteten
GETOETETE	9	17	getötete
GETROCKNETE	11	17	getrocknete
GEWERBES	8	17	Gewerbes
GEWICHTEN	9	17	Gewichten
GEWOGEN	7	17	gewogen
GEWUERZT	8	17	gewürzt
GEZAEHNT	8	17	gezähnt
GEZAHLTE	8	17	gezahlte
GIPFELTE	8	17	gipfelte
GLAETTEN	8	17	glätten
GLASSCHEIBE	11	17	Glasscheibe
GLUEHBIRNE	10	17	Glühbirne
GOETEBORG	9	17	Göteborg
GRABUNG	7	17	Grabung
GRAPHISCHEN	11	17	graphischen
GRINST	6	17	grinst
GRUENDUNGEN	11	17	Gründungen
HAELTST	7	17	hältst
HAENDEDRUCK	11	17	Händedruck
HAETTEST	8	17	hättest
HALBBRUDER	10	17	Halbbruder
HALBIEREN	9	17	halbieren
HASTIG	6	17	hastig
HAUPTGEWINN	11	17	Hauptgewinn
HAUPTPERSON	11	17	Hauptperson
HAUSHERR	8	17	Hausherr
HAUSNUMMER	10	17	Hausnummer
HAUSNUMMERN	11	17	Hausnummern
HAUSTIEREN	10	17	Haustieren
HEBAMMEN	8	17	Hebammen
HEGEN	5	17	hegen
HELLO	5	17	Hello
HELMES	6	17	Helmes
HERDEN	6	17	Herden
HERLEITEN	9	17	herleiten
HERLEITUNG	10	17	Herleitung
HERRSCHERN	10	17	Herrschern
HERUEBER	8	17	herüber
HERZLICHST	10	17	herzlichst
HERZSCHLAG	10	17	Herzschlag
HETZE	5	17	Hetze
HIGHSCHOOL	10	17	Highschool
HIGHWAYS	8	17	Highways
HINGUCKER	9	17	Hingucker
HINSEHEN	8	17	hinsehen
HITPARADE	9	17	Hitparade
HOCHACHTUNG	11	17	Hochachtung
HOLZKOHLE	9	17	Holzkohle
HOMOGENE	8	17	homogene
HUELSE	6	17	Hülse
IMITIERT	8	17	imitiert
INBEGRIFFEN	11	17	inbegriffen
INFERNO	7	17	Inferno
IRAKKRIEG	9	17	Irakkrieg
ITEMS	5	17	Items
ITZEHOE	7	17	Itzehoe
JACKEN	6	17	Jacken
JAHRESTIEF	10	17	Jahrestief
JAHRESWENDE	11	17	Jahreswende
JAKARTA	7	17	Jakarta
JOBCENTER	9	17	Jobcenter
JUEDISCHES	10	17	jüdisches
JURISTIN	8	17	Juristin
KADETT	6	17	Kadett
KAETZCHEN	9	17	Kätzchen
KALTES	6	17	kaltes
KARGEN	6	17	kargen
KARPFEN	7	17	Karpfen
KASCHMIR	8	17	Kaschmir
KASTRATION	10	17	Kastration
KEGELBAHN	9	17	Kegelbahn
KENNTLICH	9	17	kenntlich
KEULE	5	17	Keule
KINDERARMUT	11	17	Kinderarmut
KINDERARZT	10	17	Kinderarzt
KINOKASSEN	10	17	Kinokassen
KIRCHENTAG	10	17	Kirchentag
KLAFFEN	7	17	klaffen
KLAMMER	7	17	Klammer
KOLLEKTE	8	17	Kollekte
KOMMA	5	17	Komma
KONDENSATOR	11	17	Kondensator
KONKAV	6	17	konkav
KONSUMIEREN	11	17	konsumieren
KONTRABASS	10	17	Kontrabass
KONVERSION	10	17	Konversion
KORRELIERT	10	17	korreliert
KORRUPTEN	9	17	korrupten
KOSTSPIELIG	11	17	kostspielig
KRAEFTIGES	10	17	kräftiges
KRANKHAFTE	10	17	krankhafte
KRATZEN	7	17	kratzen
KRATZT	6	17	kratzt
KREIEREN	8	17	kreieren
KRIM	4	17	Krim
KRIMINELLER	11	17	krimineller
KRITISCHES	10	17	kritisches
KUBANISCHE	10	17	kubanische
KUERSCHNER	10	17	Kürschner
KUNSTSTUECK	11	17	Kunststück
KUNSTSZENE	10	17	Kunstszene
LAEHMT	6	17	lähmt
LAENGERES	9	17	längeres
LANDESTEIL	10	17	Landesteil
LAUFSTEG	8	17	Laufsteg
LAUFSTRECKE	11	17	Laufstrecke
LAUPHEIM	8	17	Laupheim
LAVA	4	17	Lava
LEBENSART	9	17	Lebensart
LEBENSKRAFT	11	17	Lebenskraft
LEBHAFTEN	9	17	lebhaften
LECKS	5	17	Lecks
LEHRBETRIEB	11	17	Lehrbetrieb
LEHRMEISTER	11	17	Lehrmeister
LEITLINIE	9	17	Leitlinie
LEMBERG	7	17	Lemberg
LEUCHTETEN	10	17	leuchteten
LIEBAEUGELT	11	17	liebäugelt
LIEBTEN	7	17	liebten
LINKES	6	17	linkes
LINKSSEITIG	11	17	linksseitig
LOEHNEN	7	17	Löhnen
LOKALBAHN	9	17	Lokalbahn
LOSGEGANGEN	11	17	losgegangen
LUCIO	5	17	Lucio
LUEFTUNG	8	17	Lüftung
LUFTBRUECKE	11	17	Luftbrücke
LUFTSTROM	9	17	Luftstrom
LUKRATIV	8	17	lukrativ
MADAGASKAR	10	17	Madagaskar
MAGNETISCHE	11	17	magnetische
MASKIERT	8	17	maskiert
MASSWERK	8	17	Maßwerk
MAUERKRONE	10	17	Mauerkrone
MAVERICKS	9	17	Mavericks
MAZDA	5	17	Mazda
MEDAILLONS	10	17	Medaillons
MEININGEN	9	17	Meiningen
MESSERS	7	17	Messers
MEUTEREI	8	17	Meuterei
MIETPREIS	9	17	Mietpreis
MIETPREISE	10	17	Mietpreise
MIKROMETER	10	17	Mikrometer
MINOR	5	17	Minor
MITERLEBT	9	17	miterlebt
MITGEZAEHLT	11	17	mitgezählt
MITSCHNITT	10	17	Mitschnitt
MITTEILT	8	17	mitteilt
MITWIRKENDE	11	17	Mitwirkende
MOSAMBIK	8	17	Mosambik
MOTORRAUM	9	17	Motorraum
MUELLEIMER	10	17	Mülleimer
MULTIPLE	8	17	Multiple
MUNDWINKEL	10	17	Mundwinkel
MUNICH	6	17	Munich
MUTTI	5	17	Mutti
NACHLEGEN	9	17	nachlegen
NACHSTEHEND	11	17	nachstehend
NAEHMEN	7	17	nähmen
NENNWERT	8	17	Nennwert
NERVOESER	9	17	nervöser
NEUSTAEDTER	11	17	Neustädter
NEUTRALER	9	17	neutraler
NOMINATFORM	11	17	Nominatform
NONNE	5	17	Nonne
NOTLANDUNG	10	17	Notlandung
OBERHOHEIT	10	17	Oberhoheit
OBERKOPF	8	17	Oberkopf
OEKOSYSTEM	10	17	Ökosystem
OFFENBURG	9	17	Offenburg
OFFERTEN	8	17	Offerten
ORATORIUM	9	17	Oratorium
ORIGINELLE	10	17	originelle
ORTSBEIRAT	10	17	Ortsbeirat
OVALEN	6	17	ovalen
PARANOIA	8	17	Paranoia
PARLAMENTEN	11	17	Parlamenten
PARLAMENTES	11	17	Parlamentes
PAROLE	6	17	Parole
PASSAUER	8	17	Passauer
PASTA	5	17	Pasta
PATENTIERT	10	17	patentiert
PATRON	6	17	Patron
PERMANENTER	11	17	permanenter
PETERSILIE	10	17	Petersilie
PFARRSTELLE	11	17	Pfarrstelle
PHAENOMENS	10	17	Phänomens
PHARMAZIE	9	17	Pharmazie
PIANISTIN	9	17	Pianistin
PILGERN	7	17	Pilgern
PLAUSIBLE	9	17	plausible
PLUTONIUM	9	17	Plutonium
POETISCHEN	10	17	poetischen
POSTSTATION	11	17	Poststation
PRAEGENDEN	10	17	prägenden
PRAEZISEN	9	17	präzisen
PRALL	5	17	prall
PRALLEN	7	17	prallen
PREISLISTEN	11	17	Preislisten
PREISWERTEN	11	17	preiswerten
PRESIDENT	9	17	President
PRODUKTIVEN	11	17	produktiven
PROTEINEN	9	17	Proteinen
PSYCHISCHER	11	17	psychischer
PUBLIK	6	17	publik
PUNKTUELL	9	17	punktuell
QUALEN	6	17	Qualen
QUELLENLAGE	11	17	Quellenlage
RAETSELHAFT	11	17	rätselhaft
RAEUBERN	8	17	Räubern
RASTSTAETTE	11	17	Raststätte
RATSCHLAG	9	17	Ratschlag
RAUMLUFT	8	17	Raumluft
REALIST	7	17	Realist
REEPERBAHN	10	17	Reeperbahn
REGENBOGEN	10	17	Regenbogen
REGULARIEN	10	17	Regularien
REKLAME	7	17	Reklame
RENNBAHN	8	17	Rennbahn
RENNSERIE	9	17	Rennserie
RENTENALTER	11	17	Rentenalter
RENTIERTE	9	17	rentierte
RESTBETRAG	10	17	Restbetrag
RESUEMEE	8	17	Resümee
REUNION	7	17	Reunion
REZIPIERT	9	17	rezipiert
RINGSUM	7	17	ringsum
RISKANTE	8	17	riskante
RITUELLE	8	17	rituelle
ROCKT	5	17	rockt
RUDERTE	7	17	ruderte
RUECKENS	8	17	Rückens
RUECKKAUF	9	17	Rückkauf
RUECKLAUF	9	17	Rücklauf
RUNDKURS	8	17	Rundkurs
SAEHE	5	17	sähe
SALISBURY	9	17	Salisbury
SALZEN	6	17	Salzen
SALZWASSER	10	17	Salzwasser
SAMURAI	7	17	Samurai
SCHACHSPIEL	11	17	Schachspiel
SCHAEDLING	10	17	Schädling
SCHAELEN	8	17	schälen
SCHAEMEN	8	17	schämen
SCHAUFELN	9	17	Schaufeln
SCHIEFGEHEN	11	17	schiefgehen
SCHIFFBAU	9	17	Schiffbau
SCHILLERNDE	11	17	schillernde
SCHLAFENDEN	11	17	schlafenden
SCHLEICHEN	10	17	schleichen
SCHLEPPTE	9	17	schleppte
SCHLIFF	7	17	Schliff
SCHLUND	7	17	Schlund
SCHMALES	8	17	schmales
SCHNEESTURM	11	17	Schneesturm
SCHNELLEM	9	17	schnellem
SCHNITZEL	9	17	Schnitzel
SCHOENEFELD	11	17	Schönefeld
SCHOTTE	7	17	Schotte
SEEUFER	7	17	Seeufer
SEITENALTAR	11	17	Seitenaltar
SEKTEN	6	17	Sekten
SENDE	5	17	sende
SICHERUNGEN	11	17	Sicherungen
SICHTBARES	10	17	sichtbares
SICHTEN	7	17	sichten
SINKFLUG	8	17	Sinkflug
SITZENDE	8	17	sitzende
SKANDALOES	10	17	skandalös
SKISPRINGER	11	17	Skispringer
SOLIDER	7	17	solider
SONNENBRAND	11	17	Sonnenbrand
SOPRANISTIN	11	17	Sopranistin
SOUTERRAIN	10	17	Souterrain
SPARBUCH	8	17	Sparbuch
SPARPLAENE	10	17	Sparpläne
SPERMIEN	8	17	Spermien
SPERRTEN	8	17	sperrten
SPITZENWERT	11	17	Spitzenwert
SPRECHERS	9	17	Sprechers
SPRITPREISE	11	17	Spritpreise
STAATSBAHN	10	17	Staatsbahn
STADTHAUS	9	17	Stadthaus
STAMMDATEN	10	17	Stammdaten
STAMMVATER	10	17	Stammvater
STARTE	6	17	starte
STATTLICHEN	11	17	stattlichen
STAUNTE	7	17	staunte
STEEG	5	17	Steeg
STEMMEN	7	17	stemmen
STENGEL	7	17	Stengel
STIFTET	7	17	stiftet
STOERENDE	9	17	störende
STOLBERG	8	17	Stolberg
STRAFANTRAG	11	17	Strafantrag
STRESSIG	8	17	stressig
STUERMISCHE	11	17	stürmische
STUFTE	6	17	stufte
SUCHBEGRIFF	11	17	Suchbegriff
SUD	3	17	Sud
SUENDENBOCK	11	17	Sündenbock
SYMPOSIEN	9	17	Symposien
TADEL	5	17	Tadel
TAENZEN	7	17	Tänzen
TAEUSCHTE	9	17	täuschte
TAGEBLATT	9	17	Tageblatt
TAGESPFLEGE	11	17	Tagespflege
TALERN	6	17	Talern
TALLINN	7	17	Tallinn
TELEFONBUCH	11	17	Telefonbuch
TELLERRAND	10	17	Tellerrand
THERME	6	17	Therme
THREAD	6	17	Thread
TIFLIS	6	17	Tiflis
TOENUNG	7	17	Tönung
TONBAND	7	17	Tonband
TORTUR	6	17	Tortur
TRAGFLAECHE	11	17	Tragfläche
TRANSRAPID	10	17	Transrapid
TRAUBE	6	17	Traube
TRAUERNDEN	10	17	Trauernden
TRAUMBERUF	10	17	Traumberuf
TRINIDAD	8	17	Trinidad
TRIP	4	17	Trip
TROCKENEM	9	17	trockenem
TURMSPITZE	10	17	Turmspitze
UEBERDRUCK	10	17	Überdruck
UEBERMALT	9	17	übermalt
UEBERSAET	9	17	übersät
UEBERWOG	8	17	überwog
ULTIMATIVEN	11	17	ultimativen
UMDREHUNG	9	17	Umdrehung
UMSCHALTEN	10	17	Umschalten
UMSCHRIFT	9	17	Umschrift
UMWELTZONE	10	17	Umweltzone
UMZUGEHEN	9	17	umzugehen
UNATTRAKTIV	11	17	unattraktiv
UNBEFRISTET	11	17	unbefristet
UNBERUEHRTE	11	17	unberührte
UNFALLOPFER	11	17	Unfallopfer
UNGEWISSE	9	17	ungewisse
UNKENNTNIS	10	17	Unkenntnis
UNRENTABEL	10	17	unrentabel
UNTAETIG	8	17	untätig
UNTERGRABEN	11	17	untergraben
UNTERGRUPPE	11	17	Untergruppe
URBACH	6	17	Urbach
URBANEN	7	17	urbanen
VEHIKEL	7	17	Vehikel
VEKTOREN	8	17	Vektoren
VERDUTZT	8	17	verdutzt
VEREWIGT	8	17	verewigt
VERFEINERN	10	17	verfeinern
VERFESTIGT	10	17	verfestigt
VERGLEICHS	10	17	Vergleichs
VERHEISSUNG	11	17	Verheißung
VERHUNGERN	10	17	verhungern
VERKAUFE	8	17	verkaufe
VERKLAGEN	9	17	verklagen
VERKLAGTE	9	17	verklagte
VERLADUNG	9	17	Verladung
VERNEINTE	9	17	verneinte
VERNETZEN	9	17	vernetzen
VERPLANT	8	17	verplant
VERRECHNUNG	11	17	Verrechnung
VERRICHTET	10	17	verrichtet
VERSCHANZT	10	17	verschanzt
VERSCHLAGEN	11	17	verschlagen
VERSENKTE	9	17	versenkte
VERSINKEN	9	17	versinken
VERSORGTEN	10	17	versorgten
VERSPOTTET	10	17	verspottet
VERSTECKE	9	17	Verstecke
VERSTRICKT	10	17	verstrickt
VERTRAUE	8	17	vertraue
VERWICKLUNG	11	17	Verwicklung
VERZICHTE	9	17	verzichte
VERZOGEN	8	17	verzogen
VIDEOCLIP	9	17	Videoclip
VIELEICHT	9	17	Vieleicht
VIELFACHE	9	17	vielfache
VIERER	6	17	Vierer
VOGTLAND	8	17	Vogtland
VORANKOMMEN	11	17	Vorankommen
VORDACH	7	17	Vordach
VORDERRAD	9	17	Vorderrad
VORGEFUNDEN	11	17	vorgefunden
VORHEIZEN	9	17	vorheizen
VORLAEUFE	9	17	Vorläufe
VORNHEREIN	10	17	vornherein
VOTIERTE	8	17	votierte
VULKANISCHE	11	17	vulkanische
WACHTURM	8	17	Wachturm
WAELLE	6	17	Wälle
WAHLAUSGANG	11	17	Wahlausgang
WARENHAUS	9	17	Warenhaus
WEITERLEBEN	11	17	weiterleben
WELTBESTEN	10	17	weltbesten
WERTIGKEIT	10	17	Wertigkeit
WESTFRONT	9	17	Westfront
WICHTIGERE	10	17	wichtigere
WICKETS	7	17	Wickets
WIDERRIEF	9	17	widerrief
WILLIGTE	8	17	willigte
WITWEN	6	17	Witwen
WORTBRUCH	9	17	Wortbruch
XANDER	6	17	Xander
ZAGHAFT	7	17	zaghaft
ZAHNFLEISCH	11	17	Zahnfleisch
ZEH	3	17	Zeh
ZEITALTERS	10	17	Zeitalters
ZEITPUNKTEN	11	17	Zeitpunkten
ZEMENTIERT	10	17	zementiert
ZITATEN	7	17	Zitaten
ZITIEREN	8	17	zitieren
ZITIERTEN	9	17	zitierten
ZITTAU	6	17	Zittau
ZUCKEN	6	17	zucken
ZUENDER	7	17	Zünder
ZUFUEGEN	8	17	zufügen
ZUGEHOERT	9	17	zugehört
ZUGELEITET	10	17	zugeleitet
ZUGEWINN	8	17	Zugewinn
ZULAESST	8	17	zulässt
ZULASSUNGEN	11	17	Zulassungen
ZUSCHNITT	9	17	Zuschnitt
ZWIESPALT	9	17	Zwiespalt
AARAU	5	16	Aarau
ABFAELLEN	9	16	Abfällen
ABFALLEN	8	16	abfallen
ABFUEHREN	9	16	abführen
ABGAENGE	8	16	Abgänge
ABGEBLOCKT	10	16	abgeblockt
ABGEMAHNT	9	16	abgemahnt
ABGERAEUMT	10	16	abgeräumt
ABGEWERTET	10	16	abgewertet
ABGEWOGEN	9	16	abgewogen
ABLAEUFT	8	16	abläuft
ABLAGERUNG	10	16	Ablagerung
ABLOESCHEN	10	16	ablöschen
ABSITZEN	8	16	absitzen
ABSTRAKT	8	16	abstrakt
ABTRAGEN	8	16	abtragen
ABZUBAUEN	9	16	abzubauen
ADDITION	8	16	Addition
ADDITIVE	8	16	Additive
AERMER	6	16	ärmer
AETHER	6	16	Äther
AGITATION	9	16	Agitation
AKROPOLIS	9	16	Akropolis
AKTUELLEM	9	16	aktuellem
AKUTER	6	16	akuter
ALTBAUTEN	9	16	Altbauten
ALTNORD	7	16	altnord
AMATEUREN	9	16	Amateuren
AMBERG	6	16	Amberg
AMPELANLAGE	11	16	Ampelanlage
AMTSSITZ	8	16	Amtssitz
ANALOGIE	8	16	Analogie
ANARCHISTEN	11	16	Anarchisten
ANBETRACHT	10	16	Anbetracht
ANBOT	5	16	anbot
ANDAUERTE	9	16	andauerte
ANFERTIGTE	10	16	anfertigte
ANFUEHREN	9	16	anführen
ANGEBORENE	10	16	angeborene
ANGELASTET	10	16	angelastet
ANGELEITET	10	16	angeleitet
ANGESICHT	9	16	Angesicht
ANGESTRAHLT	11	16	angestrahlt
ANLAUFPUNKT	11	16	Anlaufpunkt
ANPACKEN	8	16	anpacken
ANSTEIGEND	10	16	ansteigend
ANWERBUNG	9	16	Anwerbung
ARABISCHER	10	16	arabischer
ARBEITSGANG	11	16	Arbeitsgang
ARMBANDUHR	10	16	Armbanduhr
ARTEMIS	7	16	Artemis
ATLANTIKS	9	16	Atlantiks
AUFFALLEN	9	16	auffallen
AUFGEDRUCKT	11	16	aufgedruckt
AUFGREIFEN	10	16	aufgreifen
AUFHAELT	8	16	aufhält
AUFHOLEN	8	16	aufholen
AUFTRAGEN	9	16	Auftragen
AUSBREITEN	10	16	ausbreiten
AUSGEGRENZT	11	16	ausgegrenzt
AUSHAENGE	9	16	Aushänge
AUSLAGERUNG	11	16	Auslagerung
AUSLOESTE	9	16	auslöste
AUSROTTUNG	10	16	Ausrottung
AUSRUECKEN	10	16	ausrücken
AUSTRAGEN	9	16	austragen
AUSWEISE	8	16	Ausweise
AUTOMARKT	9	16	Automarkt
AUTOMATIK	9	16	Automatik
AUTOMOBILEN	11	16	Automobilen
AUTORISIERT	11	16	autorisiert
BAENKEN	7	16	Bänken
BAHNDAMM	8	16	Bahndamm
BALLES	6	16	Balles
BANAL	5	16	banal
BANKEINZUG	10	16	Bankeinzug
BANKENTITEL	11	16	Bankentitel
BARREN	6	16	Barren
BASIERTEN	9	16	basierten
BAUBEHOERDE	11	16	Baubehörde
BAULEITER	9	16	Bauleiter
BAUMARTEN	9	16	Baumarten
BAUMSTAEMME	11	16	Baumstämme
BAYERISCHES	11	16	bayerisches
BEBAUTE	7	16	bebaute
BEEILEN	7	16	beeilen
BEFLUEGELN	10	16	beflügeln
BEFRISTETEN	11	16	befristeten
BEGEHBARE	9	16	begehbare
BEGREIFT	8	16	begreift
BEGRIFFES	9	16	Begriffes
BEGRUENUNG	10	16	Begrünung
BEIL	4	16	Beil
BEIRREN	7	16	beirren
BELADUNG	8	16	Beladung
BELFAST	7	16	Belfast
BENEIDEN	8	16	beneiden
BERGSTEIGEN	11	16	Bergsteigen
BESTAERKT	9	16	bestärkt
BESTAUNEN	9	16	bestaunen
BESTOCHEN	9	16	bestochen
BETRACHTE	9	16	betrachte
BEZEICHNEND	11	16	bezeichnend
BIEGUNG	7	16	Biegung
BILDPUNKTEN	11	16	Bildpunkten
BILLION	7	16	Billion
BISCHOEFEN	10	16	Bischöfen
BITBURG	7	16	Bitburg
BIZARRE	7	16	bizarre
BIZARREN	8	16	bizarren
BLACKBERRY	10	16	Blackberry
BOETEN	6	16	böten
BOGENS	6	16	Bogens
BONI	4	16	Boni
BRANDHERD	9	16	Brandherd
BRIGADEN	8	16	Brigaden
BRONCHITIS	10	16	Bronchitis
BRUTTO	6	16	brutto
BUCHREIHE	9	16	Buchreihe
BUDAPESTER	10	16	Budapester
BUENDE	6	16	Bünde
BUENDNISSE	10	16	Bündnisse
BUERDE	6	16	Bürde
BUERZEL	7	16	Bürzel
BULLE	5	16	Bulle
BURGUND	7	16	Burgund
CENTRO	6	16	Centro
CENTURY	7	16	Century
CHAIRMAN	8	16	Chairman
CHANGELOG	9	16	Changelog
CHARISMA	8	16	Charisma
CHARTER	7	16	Charter
CHATS	5	16	Chats
CHEVROLET	9	16	Chevrolet
COCKTAIL	8	16	Cocktail
COLLECTION	10	16	Collection
DARSTELLTEN	11	16	darstellten
DATENBLATT	10	16	Datenblatt
DATIERTE	8	16	datierte
DEKORIEREN	10	16	dekorieren
DENKSCHRIFT	11	16	Denkschrift
DESSERT	7	16	Dessert
DIALEKTIK	9	16	Dialektik
DIASPORA	8	16	Diaspora
DIKTIERT	8	16	diktiert
DISCOVERY	9	16	Discovery
DISSIDENTEN	11	16	Dissidenten
DOERFLICHE	10	16	dörfliche
DOGE	4	16	Doge
DORFS	5	16	Dorfs
DORNBIRN	8	16	Dornbirn
DRAEHTE	7	16	Drähte
DREHORT	7	16	Drehort
DREIFACHER	10	16	dreifacher
DREITEILIGE	11	16	dreiteilige
DROGENSZENE	11	16	Drogenszene
DROGERIE	8	16	Drogerie
DUERENER	8	16	Dürener
EBENBUERTIG	11	16	ebenbürtig
EINFAELLE	9	16	Einfälle
EINFALLEN	9	16	einfallen
EINFASSUNG	10	16	Einfassung
EINGEBAUTER	11	16	eingebauter
EINGEEBNET	10	16	eingeebnet
EINGEWEIHTE	11	16	eingeweihte
EINGRIFFS	9	16	Eingriffs
EINKAEUFE	9	16	Einkäufe
EINSTMALS	9	16	einstmals
EISBAER	7	16	Eisbär
ELEMENTAREN	11	16	elementaren
ELFEN	5	16	Elfen
ENDKUNDEN	9	16	Endkunden
ENDLAUF	7	16	Endlauf
ENGAGIERTER	11	16	engagierter
ENTHAUPTET	10	16	enthauptet
ENTKRAEFTET	11	16	entkräftet
ENTMACHTUNG	11	16	Entmachtung
ENTNERVT	8	16	entnervt
ENTZIEHT	8	16	entzieht
ERBT	4	16	erbt
ERDRUTSCH	9	16	Erdrutsch
ERITREA	7	16	Eritrea
ERNSTHAFTER	11	16	ernsthafter
EROBERUNGEN	11	16	Eroberungen
ERPROBTE	8	16	erprobte
ERSTNENNUNG	11	16	Erstnennung
ERSTUERMUNG	11	16	Erstürmung
ERTOENTE	8	16	ertönte
ERWUCHS	7	16	erwuchs
ERZBISTUMS	10	16	Erzbistums
ESSZIMMER	9	16	Esszimmer
EXPLIZITE	9	16	explizite
FACHAERZTE	10	16	Fachärzte
FAEHRTE	7	16	Fährte
FAHRBAHNEN	10	16	Fahrbahnen
FAHRLEHRER	10	16	Fahrlehrer
FAHRSCHULE	10	16	Fahrschule
FANATISMUS	10	16	Fanatismus
FASZINIEREN	11	16	faszinieren
FEHLGEBURT	10	16	Fehlgeburt
FEILSCHEN	9	16	Feilschen
FEINHEITEN	10	16	Feinheiten
FELDWEG	7	16	Feldweg
FERNHALTEN	10	16	fernhalten
FERTIGTEN	9	16	fertigten
FESTNETZ	8	16	Festnetz
FESTSETZEN	10	16	festsetzen
FEUERTEN	8	16	feuerten
FEUERWACHE	10	16	Feuerwache
FINANZHILFE	11	16	Finanzhilfe
FINANZWELT	10	16	Finanzwelt
FINSTER	7	16	finster
FIRMENCHEF	10	16	Firmenchef
FIRMENNAMEN	11	16	Firmennamen
FLAEMISCHEN	11	16	flämischen
FLEXIBLERE	10	16	flexiblere
FLORIERTE	9	16	florierte
FLUGKOERPER	11	16	Flugkörper
FLUGS	5	16	Flugs
FOERDERE	8	16	fördere
FOERDERLICH	11	16	förderlich
FORTSETZT	9	16	fortsetzt
FOTOALBUM	9	16	Fotoalbum
FOULS	5	16	Fouls
FREENET	7	16	Freenet
FREILAND	8	16	Freiland
FREIMAURER	10	16	Freimaurer
FRIERT	6	16	friert
FUSSMARSCH	10	16	Fußmarsch
GASTSPIELE	10	16	Gastspiele
GAUMEN	6	16	Gaumen
GEAECHTET	9	16	geächtet
GEBAELK	7	16	Gebälk
GEBALLTE	8	16	geballte
GEBETET	7	16	gebetet
GEBOTENE	8	16	gebotene
GEDEMUETIGT	11	16	gedemütigt
GEDIEHEN	8	16	gediehen
GEFLUTET	8	16	geflutet
GEGENMITTEL	11	16	Gegenmittel
GEHAEUFT	8	16	gehäuft
GEKAUFTE	8	16	gekaufte
GELAGERTE	9	16	gelagerte
GELDHAUS	8	16	Geldhaus
GELEGENES	9	16	gelegenes
GELEGTEN	8	16	gelegten
GELEITETE	9	16	geleitete
GELIEHEN	8	16	geliehen
GELOBTE	7	16	gelobte
GEMAEHT	7	16	gemäht
GEMAUERTEN	10	16	gemauerten
GEMEINWOHL	10	16	Gemeinwohl
GENETIK	7	16	Genetik
GENICK	6	16	Genick
GENORMT	7	16	genormt
GEPACHTET	9	16	gepachtet
GEPARKTEN	9	16	geparkten
GEPFARRT	8	16	gepfarrt
GEPFLEGTES	10	16	gepflegtes
GERAEUMIGE	10	16	geräumige
GERAMMT	7	16	gerammt
GEREGELTE	9	16	geregelte
GERICHTES	9	16	Gerichtes
GEROELL	7	16	Geröll
GERUNDETEN	10	16	gerundeten
GESCHLIFFEN	11	16	geschliffen
GESEGELT	8	16	gesegelt
GESEHENE	8	16	gesehene
GESELLIGE	9	16	gesellige
GESONDERTER	11	16	gesonderter
GESPALTENEN	11	16	gespaltenen
GEWISSEM	8	16	gewissem
GHETTOS	7	16	Ghettos
GIBRALTAR	9	16	Gibraltar
GIEBELSEITE	11	16	Giebelseite
GIESSEREI	9	16	Gießerei
GIPFELN	7	16	Gipfeln
GLAESERN	8	16	Gläsern
GLATTER	7	16	glatter
GLOCK	5	16	Glock
GOLDGELB	8	16	goldgelb
GOLFKRIEG	9	16	Golfkrieg
GOLFSTROM	9	16	Golfstrom
GONDEL	6	16	Gondel
GRABPLATTEN	11	16	Grabplatten
GRAESERN	8	16	Gräsern
GRAEULICH	9	16	gräulich
GRANDIOSER	10	16	grandioser
GRAUEM	6	16	grauem
GREIS	5	16	Greis
GROOVE	6	16	Groove
GROTESK	7	16	grotesk
GRUENLICHE	10	16	grünliche
GRUNDRISSES	11	16	Grundrisses
GUETERZUG	9	16	Güterzug
GURKEN	6	16	Gurken
HABITATE	8	16	Habitate
HAERTETEST	10	16	Härtetest
HAEUPTLINGE	11	16	Häuptlinge
HAEUSLICHE	10	16	häusliche
HALBPENSION	11	16	Halbpension
HALTEPUNKTE	11	16	Haltepunkte
HANGARS	7	16	Hangars
HATTET	6	16	hattet
HAUEN	5	16	hauen
HAUPTTHEMEN	11	16	Hauptthemen
HAUPTTOR	8	16	Haupttor
HAUSTUERE	9	16	Haustüre
HEBUNG	6	16	Hebung
HECKFLUEGEL	11	16	Heckflügel
HEHL	4	16	Hehl
HEILENDE	8	16	heilende
HEILER	6	16	Heiler
HEIMLICHEN	10	16	heimlichen
HEIMSPIELEN	11	16	Heimspielen
HEISSEM	7	16	heißem
HEISSESTEN	10	16	heißesten
HEKTISCHER	10	16	hektischer
HEMMEN	6	16	hemmen
HERRENSITZ	10	16	Herrensitz
HERRLICHES	10	16	herrliches
HINDUKUSCH	10	16	Hindukusch
HINSCHAUEN	10	16	hinschauen
HINTERLEGEN	11	16	hinterlegen
HINTERTEIL	10	16	Hinterteil
HISTORISMUS	11	16	Historismus
HOCKEN	6	16	hocken
HOECHSTWERT	11	16	Höchstwert
HOFSTAAT	8	16	Hofstaat
HOLZKIRCHE	10	16	Holzkirche
HOLZKREUZ	9	16	Holzkreuz
HOTELLERIE	10	16	Hotellerie
HUEBSCHES	9	16	hübsches
HUEFTEN	7	16	Hüften
HUEGELIG	8	16	hügelig
IGNORIERTEN	11	16	ignorierten
IMAGINAEREN	11	16	imaginären
INAKTIV	7	16	inaktiv
INDIGENE	8	16	indigene
INFIZIEREN	10	16	infizieren
INFORMANTEN	11	16	Informanten
INGENIEURS	10	16	Ingenieurs
INNENHOEFE	10	16	Innenhöfe
INNERSTEN	9	16	Innersten
INSERAT	7	16	Inserat
INTERNES	8	16	internes
ISRAELITEN	10	16	Israeliten
JAZZMUSIKER	11	16	Jazzmusiker
JUEDIN	6	16	Jüdin
KANON	5	16	Kanon
KARDINAELE	10	16	Kardinäle
KARIBISCHEN	11	16	karibischen
KARTELL	7	16	Kartell
KARTENSPIEL	11	16	Kartenspiel
KARTIERUNG	10	16	Kartierung
KATHODE	7	16	Kathode
KELLERRAUM	10	16	Kellerraum
KELLERS	7	16	Kellers
KELLNERIN	9	16	Kellnerin
KENNTNISSEN	11	16	Kenntnissen
KENNZAHL	8	16	Kennzahl
KERNEN	6	16	Kernen
KLEEBLATT	9	16	Kleeblatt
KLEINKUNST	10	16	Kleinkunst
KNOLLEN	7	16	Knollen
KOETHEN	7	16	Köthen
KOGNITIVE	9	16	kognitive
KOKON	5	16	Kokon
KOMMERZ	7	16	Kommerz
KOMMUNALES	10	16	kommunales
KONGRESSEN	10	16	Kongressen
KONSULTIERT	11	16	konsultiert
KOPFNOTEN	9	16	Kopfnoten
KOSMETISCHE	11	16	kosmetische
KOSTENFREIE	11	16	kostenfreie
KRASSE	6	16	krasse
KRIBBELN	8	16	Kribbeln
KRIMINELL	9	16	kriminell
KUBANER	7	16	Kubaner
KUESTER	7	16	Küster
KUNSTMARKT	10	16	Kunstmarkt
KUREN	5	16	Kuren
KURPARK	7	16	Kurpark
KURSIV	6	16	kursiv
KURSNIVEAU	10	16	Kursniveau
LAERMSCHUTZ	11	16	Lärmschutz
LAESSIG	7	16	lässig
LAGERHAUS	9	16	Lagerhaus
LAICHEN	7	16	laichen
LANDGRAFEN	10	16	Landgrafen
LAUFS	5	16	Laufs
LEBLOS	6	16	leblos
LEEDS	5	16	Leeds
LEHRREICH	9	16	lehrreich
LEIDENS	7	16	Leidens
LEIHWAGEN	9	16	Leihwagen
LEONI	5	16	Leoni
LESBISCHE	9	16	lesbische
LESERBRIEF	10	16	Leserbrief
LETTISCHE	9	16	lettische
LEXIKA	6	16	Lexika
LIBERO	6	16	Libero
LIBERTY	7	16	Liberty
LILLE	5	16	Lille
LOBBYISTEN	10	16	Lobbyisten
LOCATION	8	16	Location
LOERRACH	8	16	Lörrach
LOESBAR	7	16	lösbar
LOESCHZUG	9	16	Löschzug
LOWER	5	16	Lower
LUMPEN	6	16	Lumpen
LYRIKER	7	16	Lyriker
MACHTWORT	9	16	Machtwort
MAENNERCHOR	11	16	Männerchor
MAESSIGEN	9	16	mäßigen
MAKRO	5	16	Makro
MANDELN	7	16	Mandeln
MARKTLAGE	9	16	Marktlage
MASCHEN	7	16	Maschen
MAUSER	6	16	Mauser
MAUSZEIGER	10	16	Mauszeiger
MEERESGRUND	11	16	Meeresgrund
MEMBRANEN	9	16	Membranen
MESSGERAET	10	16	Meßgerät
MESSING	7	16	Messing
METADATEN	9	16	Metadaten
METEORITEN	10	16	Meteoriten
METHODISCH	10	16	methodisch
METIER	6	16	Metier
MIETETE	7	16	mietete
MIGROS	6	16	Migros
MILZ	4	16	Milz
MINARETT	8	16	Minarett
MINDENER	8	16	Mindener
MINIATUREN	10	16	Miniaturen
MINUTENTAKT	11	16	Minutentakt
MITGLIEDS	9	16	Mitglieds
MITHELFEN	9	16	mithelfen
MITSPIELERN	11	16	Mitspielern
MITZUTEILEN	11	16	mitzuteilen
MOBILES	7	16	mobiles
MODEMS	6	16	Modems
MODULAR	7	16	modular
MOERDERS	8	16	Mörders
MOERSER	7	16	Mörser
MORDVERSUCH	11	16	Mordversuch
MUEDEN	6	16	müden
MUEHSAME	8	16	mühsame
MULMIG	6	16	mulmig
MUTIERT	7	16	mutiert
MYANMAR	7	16	Myanmar
MYTHISCHEN	10	16	mythischen
NACHBARHAUS	11	16	Nachbarhaus
NACHGELESEN	11	16	nachgelesen
NACHTRAG	8	16	Nachtrag
NAEHEN	6	16	Nähen
NAIVITAET	9	16	Naivität
NATURAL	7	16	Natural
NAVIGATOR	9	16	Navigator
NEBENRAUM	9	16	Nebenraum
NEIGTE	6	16	neigte
NENNUNGEN	9	16	Nennungen
NEUENBURG	9	16	Neuenburg
NEUKIRCHEN	10	16	Neukirchen
NEUNZEHNTEN	11	16	neunzehnten
NEUNZIG	7	16	neunzig
NEUSSER	7	16	Neusser
NEWCASTLE	9	16	Newcastle
NIEDERUNGEN	11	16	Niederungen
NOBLE	5	16	Noble
NOETIGSTE	9	16	Nötigste
NORDFLUEGEL	11	16	Nordflügel
NORMALEM	8	16	normalem
NORMIERT	8	16	normiert
NOTLOESUNG	10	16	Notlösung
NUTZTIERE	9	16	Nutztiere
OBERER	6	16	oberer
OBERGRENZEN	11	16	Obergrenzen
OELEN	5	16	Ölen
ONKOLOGIE	9	16	Onkologie
OPTIMUM	7	16	Optimum
ORCHESTERN	10	16	Orchestern
ORTSTERMIN	10	16	Ortstermin
OSTAFRIKA	9	16	Ostafrika
OSTERFEUER	10	16	Osterfeuer
PACKUNGEN	9	16	Packungen
PADERBORNER	11	16	Paderborner
PAEDAGOGIN	10	16	Pädagogin
PAEPSTE	7	16	Päpste
PAPAGEI	7	16	Papagei
PARADIGMA	9	16	Paradigma
PASTOREN	8	16	Pastoren
PASTORS	7	16	Pastors
PATENTEN	8	16	Patenten
PATRIARCH	9	16	Patriarch
PERSIEN	7	16	Persien
PETERSBERG	10	16	Petersberg
PFAEHLE	7	16	Pfähle
PFAEHLEN	8	16	Pfählen
PFIFFEN	7	16	Pfiffen
PHRASE	6	16	Phrase
PINGUIN	7	16	Pinguin
PIONEER	7	16	Pioneer
PIPELINES	9	16	Pipelines
PLAETZCHEN	10	16	Plätzchen
PLAKETTEN	9	16	Plaketten
PLASTISCH	9	16	plastisch
PLASTISCHE	10	16	plastische
PLUTO	5	16	Pluto
POETIK	6	16	Poetik
POMMES	6	16	Pommes
PORTFOLIOS	10	16	Portfolios
POSSELENIJE	11	16	posselenije
POSTULIERT	10	16	postuliert
POWIAT	6	16	Powiat
PRAEFERENZ	10	16	Präferenz
PREMIO	6	16	Premio
PRIMAT	6	16	Primat
PRIVATMANN	10	16	Privatmann
PROBLEMLOSE	11	16	problemlose
PRODUKTIV	9	16	produktiv
PRODUKTIVE	10	16	produktive
PRODUKTIVER	11	16	produktiver
PRODUKTS	8	16	Produkts
PROJEKTOR	9	16	Projektor
PROMIS	6	16	Promis
PROPAGIERTE	11	16	propagierte
PROTOKOLLEN	11	16	Protokollen
PUBLIZISTIK	11	16	Publizistik
PUNKTO	6	16	punkto
PUTSCHISTEN	11	16	Putschisten
QUARTIEREN	10	16	Quartieren
QUELLGEBIET	11	16	Quellgebiet
RADTOUREN	9	16	Radtouren
RAPPEN	6	16	Rappen
RECHTENS	8	16	rechtens
REGELKREIS	10	16	Regelkreis
REGENTEN	8	16	Regenten
REGLER	6	16	Regler
REGULATION	10	16	Regulation
RELATIVER	9	16	relativer
RELING	6	16	Reling
RESPEKTIVE	10	16	respektive
RESTRIKTIV	10	16	restriktiv
REVIEWS	7	16	Reviews
REZEPTOREN	10	16	Rezeptoren
RISIKOS	7	16	Risikos
RITTERN	7	16	Rittern
ROBUSTHEIT	10	16	Robustheit
ROEHRCHEN	9	16	Röhrchen
ROSETTEN	8	16	Rosetten
RUECKGANGS	10	16	Rückgangs
RUECKSTAU	9	16	Rückstau
RUEDEN	6	16	Rüden
RUNDBOGIGEN	11	16	rundbogigen
RUNDENENDE	10	16	Rundenende
RUNDUNG	7	16	Rundung
RUTSCH	6	16	Rutsch
SAALFELD	8	16	Saalfeld
SACHLICHEN	10	16	sachlichen
SAISONZIEL	10	16	Saisonziel
SAKRALE	7	16	sakrale
SAMPLES	7	16	Samples
SANFTER	7	16	sanfter
SAURE	5	16	saure
SCHAEDELS	9	16	Schädels
SCHAH	5	16	Schah
SCHEIDENDEN	11	16	scheidenden
SCHINKEN	8	16	Schinken
SCHLAU	6	16	schlau
SCHLEPPTAU	10	16	Schlepptau
SCHLICHTES	10	16	schlichtes
SCHLOSSBERG	11	16	Schlossberg
SCHMACKHAFT	11	16	schmackhaft
SCHMUGGLER	10	16	Schmuggler
SCHONEND	8	16	schonend
SCHOTTER	8	16	Schotter
SCHRECKENS	10	16	Schreckens
SCHRILLE	8	16	schrille
SCHUEREN	8	16	schüren
SCHUHMACHER	11	16	Schuhmacher
SCHULDFRAGE	11	16	Schuldfrage
SCHUTZENGEL	11	16	Schutzengel
SCHWABE	7	16	Schwabe
SCHWAECHSTE	11	16	schwächste
SCHWIMMENDE	11	16	schwimmende
SCHWUL	6	16	schwul
SEEWEG	6	16	Seeweg
SEGELTE	7	16	segelte
SELEKTIERT	10	16	selektiert
SIEGESSERIE	11	16	Siegesserie
SIGNATUREN	10	16	Signaturen
SILBEN	6	16	Silben
SINGENDE	8	16	singende
SIRIUS	6	16	Sirius
SITEMAP	7	16	Sitemap
SKALEN	6	16	Skalen
SKLAVE	6	16	Sklave
SLOWENEN	8	16	Slowenen
SOMMERTAG	9	16	Sommertag
SONNEN	6	16	Sonnen
SPARER	6	16	Sparer
SPARPOLITIK	11	16	Sparpolitik
SPHINX	6	16	Sphinx
SPIEGELUNG	10	16	Spiegelung
SPIELBAR	8	16	spielbar
SPIELFREUDE	11	16	Spielfreude
SPIELJAHR	9	16	Spieljahr
SPIELMODUS	10	16	Spielmodus
SPIELTAGS	9	16	Spieltags
SPINNEREI	9	16	Spinnerei
SPIRITUOSEN	11	16	Spirituosen
SPRENGEL	8	16	Sprengel
SPRUENGEN	9	16	Sprüngen
STADTWALD	9	16	Stadtwald
STAGNIERTEN	11	16	stagnierten
STAHLWERK	9	16	Stahlwerk
STAMMAKTIEN	11	16	Stammaktien
STARTERFELD	11	16	Starterfeld
STARTPUNKT	10	16	Startpunkt
STECKBRIEF	10	16	Steckbrief
STEIFEN	7	16	steifen
STEPPE	6	16	Steppe
STERBEBETT	10	16	Sterbebett
STILISIERTE	11	16	stilisierte
STILMITTEL	10	16	Stilmittel
STOPPTEN	8	16	stoppten
STORNIERT	9	16	storniert
STOTTERN	8	16	Stottern
STRAHLENDEM	11	16	strahlendem
STRASSENZUG	11	16	Straßenzug
STRENGES	8	16	strenges
STRICHE	7	16	Striche
STROMBERG	9	16	Stromberg
STROMPREIS	10	16	Strompreis
STRUDEL	7	16	Strudel
STUDIENJAHR	11	16	Studienjahr
STUDIOALBEN	11	16	Studioalben
STUECKCHEN	10	16	Stückchen
STURMBOEEN	10	16	Sturmböen
SUEDFLUEGEL	11	16	Südflügel
SUEDSEE	7	16	Südsee
SUEDSTADT	9	16	Südstadt
SUEDWAERTS	10	16	südwärts
SUITEN	6	16	Suiten
SYNONYME	8	16	Synonyme
TAGESPRESSE	11	16	Tagespresse
TAILLE	6	16	Taille
TALENTEN	8	16	Talenten
TALSEITE	8	16	Talseite
TANZES	6	16	Tanzes
TANZMUSIK	9	16	Tanzmusik
TASSEN	6	16	Tassen
TAUFKAPELLE	11	16	Taufkapelle
TEAMWERTUNG	11	16	Teamwertung
TEILBAR	7	16	teilbar
TELEFONNETZ	11	16	Telefonnetz
TENDER	6	16	Tender
TEXTUR	6	16	Textur
THRONFOLGE	10	16	Thronfolge
TIERISCH	8	16	tierisch
TIPPTE	6	16	tippte
TIRANA	6	16	Tirana
TITELKAMPF	10	16	Titelkampf
TONFILM	7	16	Tonfilm
TOPOLOGIE	9	16	Topologie
TOTES	5	16	totes
TOURING	7	16	Touring
TRANSPONDER	11	16	Transponder
TROPISCHER	10	16	tropischer
TROSTRUNDE	10	16	Trostrunde
TROTZT	6	16	trotzt
TRUCKS	6	16	Trucks
TSCHUESS	8	16	Tschüss
TUBERKULOSE	11	16	Tuberkulose
TUMMELN	7	16	tummeln
TUMORS	6	16	Tumors
UEBERRAGEN	10	16	überragen
UEBERWAND	9	16	überwand
UEBERZOGENE	11	16	überzogene
UMGEHT	6	16	umgeht
UMGEWIDMET	10	16	umgewidmet
UMHANG	6	16	Umhang
UMRANDUNG	9	16	Umrandung
UMRISSE	7	16	Umrisse
UMSCHALTUNG	11	16	Umschaltung
UMSEHEN	7	16	umsehen
UMSETZBAR	9	16	umsetzbar
UMSICHT	7	16	Umsicht
UNBEWUSSTE	10	16	unbewusste
UNERLAUBTEN	11	16	unerlaubten
UNGEDULD	8	16	Ungeduld
UNPOLITISCH	11	16	unpolitisch
UNTERER	7	16	unterer
UNTERMALT	9	16	untermalt
UNUMKEHRBAR	11	16	unumkehrbar
UNWESEN	7	16	Unwesen
UNWETTERS	9	16	Unwetters
UNZUMUTBAR	10	16	unzumutbar
URENKEL	7	16	Urenkel
VANDALEN	8	16	Vandalen
VARIABLER	9	16	variabler
VEGETARIER	10	16	Vegetarier
VERANLAGT	9	16	veranlagt
VERARMTEN	9	16	verarmten
VERBINDENDE	11	16	verbindende
VERDECK	7	16	Verdeck
VERDIRBT	8	16	verdirbt
VERERBTE	8	16	vererbte
VERFANGEN	9	16	verfangen
VERGLAST	8	16	verglast
VERGOENNT	9	16	vergönnt
VERGOLDET	9	16	vergoldet
VERGOLDETEN	11	16	vergoldeten
VERHAENGUNG	11	16	Verhängung
VERHARMLOST	11	16	verharmlost
VERKANNT	8	16	verkannt
VERMERKEN	9	16	vermerken
VERMIETETE	10	16	vermietete
VERNETZTE	9	16	vernetzte
VERNETZTEN	10	16	vernetzten
VERPUFFT	8	16	verpufft
VERSCHLUCKT	11	16	verschluckt
VERSPUERTE	10	16	verspürte
VERTRETERIN	11	16	Vertreterin
VERWAHRUNG	10	16	Verwahrung
VERWARF	7	16	verwarf
VERWIRREN	9	16	verwirren
VERZIERUNG	10	16	Verzierung
VERZWEIFELN	11	16	Verzweifeln
VIDEOSPIEL	10	16	Videospiel
VIERECKIGEN	11	16	viereckigen
VIRTUELL	8	16	virtuell
VISKOSITAET	11	16	Viskosität
VOLLJAEHRIG	11	16	volljährig
VOLUMENS	8	16	Volumens
VORBESTELLT	11	16	vorbestellt
VORBEUGEND	10	16	vorbeugend
VOREILIGEN	10	16	voreiligen
VORGAENGERN	11	16	Vorgängern
VORGEHENS	9	16	Vorgehens
VORGELADEN	10	16	vorgeladen
VORNEHM	7	16	vornehm
VORNEHME	8	16	vornehme
VORRECHTE	9	16	Vorrechte
VORS	4	16	vors
VORSIEHT	8	16	vorsieht
VORSTAENDEN	11	16	Vorständen
WAERTER	7	16	Wärter
WAGNERS	7	16	Wagners
WAHRHAFTIG	10	16	wahrhaftig
WALLIS	6	16	Wallis
WALZER	6	16	Walzer
WANDERNDEN	10	16	wandernden
WANDERPOKAL	11	16	Wanderpokal
WANDUNG	7	16	Wandung
WANZEN	6	16	Wanzen
WARTEHALLE	10	16	Wartehalle
WEBBROWSER	10	16	Webbrowser
WECKRUF	7	16	Weckruf
WEGGENOMMEN	11	16	weggenommen
WEHRE	5	16	Wehre
WEHRTURM	8	16	Wehrturm
WEIBER	6	16	Weiber
WEIHBISCHOF	11	16	Weihbischof
WENDLAND	8	16	Wendland
WERKSTOFFEN	11	16	Werkstoffen
WERKTAGEN	9	16	Werktagen
WERLAU	6	16	Werlau
WERNIGERODE	11	16	Wernigerode
WESENS	6	16	Wesens
WICKELT	7	16	wickelt
WILDTIERE	9	16	Wildtiere
WINK	4	16	Wink
WOCHENBLATT	11	16	Wochenblatt
WOHNVIERTEL	11	16	Wohnviertel
WUETETE	7	16	wütete
WUNSCHLISTE	11	16	Wunschliste
ZAEHEN	6	16	zähen
ZART	4	16	zart
ZEITBOMBE	9	16	Zeitbombe
ZEITVERLUST	11	16	Zeitverlust
ZERQUETSCHT	11	16	zerquetscht
ZERREISST	9	16	zerreißt
ZERRUETTET	10	16	zerrüttet
ZEUGNISSEN	10	16	Zeugnissen
ZIEMLICHE	9	16	ziemliche
ZORNIG	6	16	zornig
ZUBEREITEN	10	16	zubereiten
ZUENDEN	7	16	zünden
ZUENDETEN	9	16	zündeten
ZUGER	5	16	Zuger
ZULAGE	6	16	Zulage
ZURUECKTRAT	11	16	zurücktrat
ZUSCHRIFT	9	16	Zuschrift
ZWAENGE	7	16	Zwänge
ZWEIFACHER	10	16	zweifacher
ZWEITLIGIST	11	16	Zweitligist
ZWIEBEL	7	16	Zwiebel
ABFANGEN	8	15	abfangen
ABGEBREMST	10	15	abgebremst
ABGEDREHT	9	15	abgedreht
ABGERUECKT	10	15	abgerückt
ABGETASTET	10	15	abgetastet
ABKOMMENS	9	15	Abkommens
ABMELDUNG	9	15	Abmeldung
ABRUTSCHEN	10	15	Abrutschen
ABSATZMARKT	11	15	Absatzmarkt
ABSCHLIESST	11	15	abschließt
ABSENKEN	8	15	Absenken
ABSTUFUNGEN	11	15	Abstufungen
ABTEIL	6	15	Abteil
ABWEICHLER	10	15	Abweichler
ABZULEHNEN	10	15	abzulehnen
ABZUSTIMMEN	11	15	abzustimmen
ACHTEL	6	15	Achtel
ADELSSTAND	10	15	Adelsstand
ADVENTURE	9	15	Adventure
AEGIDE	6	15	Ägide
AEROFLOT	8	15	Aeroflot
AESTHETISCH	11	15	ästhetisch
AFFINITAET	10	15	Affinität
AKKORDE	7	15	Akkorde
AKTIVSTEN	9	15	aktivsten
ALARMIEREN	10	15	alarmieren
ALBERN	6	15	albern
ALLERERSTE	10	15	allererste
ALLTAEGLICH	11	15	alltäglich
ALPENRAUM	9	15	Alpenraum
ALTBEKANNTE	11	15	altbekannte
AMOKLAEUFER	11	15	Amokläufer
AMPLITUDE	9	15	Amplitude
AMTSTRAEGER	11	15	Amtsträger
AMULETT	7	15	Amulett
ANARCHIE	8	15	Anarchie
ANFAELLE	8	15	Anfälle
ANFALLEN	8	15	anfallen
ANFECHTBAR	10	15	anfechtbar
ANFECHTUNG	10	15	Anfechtung
ANGEMELDETE	11	15	angemeldete
ANGUCKEN	8	15	angucken
ANKAM	5	15	ankam
ANKLAGEBANK	11	15	Anklagebank
ANKOMMENDEN	11	15	ankommenden
ANSATZPUNKT	11	15	Ansatzpunkt
ANSTIFTUNG	10	15	Anstiftung
ANSTRENGEN	10	15	anstrengen
ANZUGEBEN	9	15	anzugeben
ANZULEGEN	9	15	anzulegen
APOTHEKERS	10	15	Apothekers
APPLET	6	15	Applet
ARCHITEKTIN	11	15	Architektin
AREALE	6	15	Areale
ARKTIS	6	15	Arktis
ARMEEKORPS	10	15	Armeekorps
ARTIG	5	15	artig
ASSOCIATE	9	15	Associate
ATEMPAUSE	9	15	Atempause
ATEMZUG	7	15	Atemzug
ATTRIBUTEN	10	15	Attributen
AUERDEM	7	15	Auerdem
AUFBEWAHREN	11	15	aufbewahren
AUFFAELLT	9	15	auffällt
AUFKOMMENDE	11	15	aufkommende
AUFREGENDER	11	15	aufregender
AUFRICHTEN	10	15	aufrichten
AUFSTEIGEND	11	15	aufsteigend
AUFTRETENS	10	15	Auftretens
AUFZEICHNEN	11	15	aufzeichnen
AUGENWEIDE	10	15	Augenweide
AUSARBEITEN	11	15	ausarbeiten
AUSBAUTEN	9	15	Ausbauten
AUSBLICKE	9	15	Ausblicke
AUSDEHNEN	9	15	ausdehnen
AUSDRUECKT	10	15	ausdrückt
AUSGEHEBELT	11	15	ausgehebelt
AUSGEWICHEN	11	15	ausgewichen
AUSLOEST	8	15	auslöst
AUSMASSES	9	15	Ausmaßes
AUSREICHTE	10	15	ausreichte
AUSSCHANK	9	15	Ausschank
AUSSENRAND	10	15	Außenrand
AUSSOEHNUNG	11	15	Aussöhnung
AUSZUEGEN	9	15	Auszügen
BAHNANLAGEN	11	15	Bahnanlagen
BAKTERIUM	9	15	Bakterium
BARONET	7	15	Baronet
BASTEI	6	15	Bastei
BASTIONEN	9	15	Bastionen
BAUES	5	15	Baues
BAUGRUBE	8	15	Baugrube
BAUGRUND	8	15	Baugrund
BAUPLAN	7	15	Bauplan
BEBT	4	15	bebt
BEDEUTSAME	10	15	bedeutsame
BEDEUTSAMER	11	15	bedeutsamer
BEFAEHIGT	9	15	befähigt
BEFALLENE	9	15	befallene
BEGRADIGT	9	15	begradigt
BEHAUSUNG	9	15	Behausung
BEHAUSUNGEN	11	15	Behausungen
BEHINDERTER	11	15	behinderter
BEILAGEN	8	15	Beilagen
BEITRAEGT	9	15	beiträgt
BEIZUTRETEN	11	15	beizutreten
BELEGBAR	8	15	belegbar
BELIEFERUNG	11	15	Belieferung
BEMALTE	7	15	bemalte
BERGISCHE	9	15	Bergische
BERIEFEN	8	15	beriefen
BERUHIGEND	10	15	beruhigend
BERUHIGENDE	11	15	beruhigende
BESCHWOEREN	11	15	beschwören
BESETZER	8	15	Besetzer
BESOLDUNG	9	15	Besoldung
BESPIELT	8	15	bespielt
BESSERT	7	15	bessert
BESTATTETEN	11	15	Bestatteten
BESTREUT	8	15	bestreut
BESUCHES	8	15	Besuches
BETRUEGEN	9	15	betrügen
BEURTEILTE	10	15	beurteilte
BEWEISLAGE	10	15	Beweislage
BEWILLIGTE	10	15	bewilligte
BEWIRBT	7	15	bewirbt
BEWIRKTEN	9	15	bewirkten
BEZUGSPUNKT	11	15	Bezugspunkt
BIATHLON	8	15	Biathlon
BILDSCHIRME	11	15	Bildschirme
BILLIGES	8	15	billiges
BINNENLAND	10	15	Binnenland
BIOLOGEN	8	15	Biologen
BIOTOPE	7	15	Biotope
BLACKOUT	8	15	Blackout
BLEIBERECHT	11	15	Bleiberecht
BLIES	5	15	blies
BLONDINEN	9	15	Blondinen
BLUFF	5	15	Bluff
BOESARTIGEN	11	15	bösartigen
BOHRT	5	15	bohrt
BOLZEN	6	15	Bolzen
BONITAET	8	15	Bonität
BOWLING	7	15	Bowling
BOXENGASSE	10	15	Boxengasse
BRANDUNG	8	15	Brandung
BREGENZER	9	15	Bregenzer
BRITISCHES	10	15	britisches
BRUTGEBIET	10	15	Brutgebiet
BUECHEREIEN	11	15	Büchereien
CAMPEN	6	15	campen
CAMPO	5	15	Campo
CHAMBER	7	15	Chamber
CHANGE	6	15	Change
CHANSON	7	15	Chanson
CHARMANTE	9	15	charmante
CHATTEN	7	15	Chatten
CHEMIKALIE	10	15	Chemikalie
CHLOR	5	15	Chlor
CHRONIST	8	15	Chronist
CIRCUS	6	15	Circus
CLIPS	5	15	Clips
DAENE	5	15	Däne
DARLEHENS	9	15	Darlehens
DAUERHAFTER	11	15	dauerhafter
DAZUGEBEN	9	15	dazugeben
DECKSTEINE	10	15	Decksteine
DEKLARATION	11	15	Deklaration
DESOLATE	8	15	desolate
DEUTLICHERE	11	15	deutlichere
DICHTERN	8	15	Dichtern
DICKSTEN	8	15	dicksten
DIELE	5	15	Diele
DOLLARS	7	15	Dollars
DOPPELTES	9	15	doppeltes
DOUBS	5	15	Doubs
DRAMATIKER	10	15	Dramatiker
DRINKS	6	15	Drinks
DROEHNEN	8	15	Dröhnen
DUNKELROT	9	15	dunkelrot
DURCHSICHT	10	15	Durchsicht
EBENERDIG	9	15	ebenerdig
ECKBALL	7	15	Eckball
ECKPFEILER	10	15	Eckpfeiler
EHRENPREIS	10	15	Ehrenpreis
EIGENANTEIL	11	15	Eigenanteil
EIGENLEBEN	10	15	Eigenleben
EINFORDERN	10	15	einfordern
EINFUHREN	9	15	Einfuhren
EINGAENGEN	10	15	Eingängen
EINGEPFARRT	11	15	eingepfarrt
EINLESEN	8	15	Einlesen
EINRICHTETE	11	15	einrichtete
EINSETZTEN	10	15	einsetzten
EINSPURIG	9	15	einspurig
EINSTELLTE	10	15	einstellte
EINT	4	15	eint
EINZAHLUNG	10	15	Einzahlung
EISERN	6	15	eisern
ELDORADO	8	15	Eldorado
ELEKTRON	8	15	Elektron
ELFTER	6	15	Elfter
EMPFINDUNG	10	15	Empfindung
EMS	3	15	Ems
ENDPRODUKT	10	15	Endprodukt
ENKELKINDER	11	15	Enkelkinder
ENTDECKE	8	15	entdecke
ENTGELTE	8	15	Entgelte
ENTHUELLEN	10	15	enthüllen
ENTSTELLT	9	15	entstellt
ENTWAFFNET	10	15	entwaffnet
ENTZUENDEN	10	15	entzünden
ERBLICKTE	9	15	erblickte
ERDBALL	7	15	Erdball
ERFINDET	8	15	erfindet
ERFOLGLOSE	10	15	erfolglose
ERGONOMIE	9	15	Ergonomie
ERHOEHUNGEN	11	15	Erhöhungen
ERKALTEN	8	15	Erkalten
ERKENNBAREN	11	15	erkennbaren
ERKLOMMEN	9	15	erklommen
ERLEBBAR	8	15	erlebbar
ERLIEGT	7	15	erliegt
ERNANNTEN	9	15	ernannten
ERNENNEN	8	15	ernennen
ERNSTES	7	15	ernstes
ERPROBEN	8	15	erproben
ERREGTEN	8	15	erregten
ERSUCHT	7	15	ersucht
ERUEBRIGT	9	15	erübrigt
ERWECKTE	8	15	erweckte
ERWUENSCHTE	11	15	erwünschte
ERZWANG	7	15	erzwang
ETHNOLOGIE	10	15	Ethnologie
EUERE	5	15	euere
EUROPAEISCH	11	15	europäisch
EXTERNES	8	15	externes
FACHGRUPPE	10	15	Fachgruppe
FACHKREISEN	11	15	Fachkreisen
FACHSPRACHE	11	15	Fachsprache
FACKELN	7	15	Fackeln
FADENKREUZ	10	15	Fadenkreuz
FAELLTE	7	15	fällte
FAENDEN	7	15	fänden
FAEUSTE	7	15	Fäuste
FAHRFEHLER	10	15	Fahrfehler
FAHRKARTE	9	15	Fahrkarte
FAHRKOMFORT	11	15	Fahrkomfort
FAHRSPUR	8	15	Fahrspur
FALLZAHLEN	10	15	Fallzahlen
FANGE	5	15	fange
FARBSTOFF	9	15	Farbstoff
FASER	5	15	Faser
FASSBAR	7	15	fassbar
FECHTEN	7	15	Fechten
FEHLERS	7	15	Fehlers
FEINDBILD	9	15	Feindbild
FELGE	5	15	Felge
FERNSICHT	9	15	Fernsicht
FERNWAERME	10	15	Fernwärme
FEUERKRAFT	10	15	Feuerkraft
FEUERZEUG	9	15	Feuerzeug
FIGHTER	7	15	Fighter
FINSTERE	8	15	finstere
FIXKOSTEN	9	15	Fixkosten
FLACHEM	7	15	flachem
FLEDERMAUS	10	15	Fledermaus
FLEISCHES	9	15	Fleisches
FLIMMERN	8	15	flimmern
FLIRTEN	7	15	Flirten
FLUEGEN	7	15	Flügen
FLUGLAERM	9	15	Fluglärm
FONTAENE	8	15	Fontäne
FORTSATZ	8	15	Fortsatz
FRAGLICHEN	10	15	fraglichen
FRASER	6	15	Fraser
FRAUENHAUS	10	15	Frauenhaus
FREEZERS	8	15	Freezers
FREIKARTEN	10	15	Freikarten
FRIESISCHEN	11	15	friesischen
FUERSTLICHE	11	15	fürstliche
FUNDSTELLEN	11	15	Fundstellen
FUSSBOEDEN	10	15	Fußböden
GAGEN	5	15	Gagen
GASLEITUNG	10	15	Gasleitung
GASPREIS	8	15	Gaspreis
GAUNER	6	15	Gauner
GEBAUTES	8	15	gebautes
GEBETSRAUM	10	15	Gebetsraum
GEBOTENEN	9	15	gebotenen
GEBRAUT	7	15	gebraut
GEDENKT	7	15	gedenkt
GEFALTET	8	15	gefaltet
GEHMINUTEN	10	15	Gehminuten
GEISSEL	7	15	Geißel
GEKUESST	8	15	geküsst
GELDGEBERN	10	15	Geldgebern
GELDMITTEL	10	15	Geldmittel
GELDSCHEINE	11	15	Geldscheine
GELEISTETEN	11	15	geleisteten
GELIEBTER	9	15	Geliebter
GELUEBDE	8	15	Gelübde
GEMAEUER	8	15	Gemäuer
GEMANAGT	8	15	gemanagt
GENERALSTAB	11	15	Generalstab
GENESE	6	15	Genese
GEOGRAFISCH	11	15	geografisch
GEORTET	7	15	geortet
GEPANZERTE	10	15	gepanzerte
GEPANZERTEN	11	15	gepanzerten
GEPLANTES	9	15	geplantes
GERADER	7	15	gerader
GERAHMT	7	15	gerahmt
GESCHLEIFT	10	15	geschleift
GESCHLUCKT	10	15	geschluckt
GESCHWEIGE	10	15	geschweige
GESTALTETES	11	15	gestaltetes
GESTEUERTEN	11	15	gesteuerten
GESTRANDET	10	15	gestrandet
GESTRECKTEN	11	15	gestreckten
GEWAGTE	7	15	gewagte
GEWOEHNUNG	10	15	Gewöhnung
GEWOELBEN	9	15	Gewölben
GEWOELBTEN	10	15	gewölbten
GEZAHLTEN	9	15	gezahlten
GLAUCHAU	8	15	Glauchau
GLEICHSTAND	11	15	Gleichstand
GLUEHENDE	9	15	glühende
GOENNER	7	15	Gönner
GRABSTELLE	10	15	Grabstelle
GRADMESSER	10	15	Gradmesser
GRASSIERT	9	15	grassiert
GRATULIERE	10	15	gratuliere
GRAUES	6	15	graues
GRAUZONE	8	15	Grauzone
GRENZREGION	11	15	Grenzregion
GRIECHE	7	15	Grieche
GUELTIGES	9	15	gültiges
GUETERZUEGE	11	15	Güterzüge
HAFTZEIT	8	15	Haftzeit
HAGEL	5	15	Hagel
HALTLOS	7	15	haltlos
HANDLANGER	10	15	Handlanger
HATTEST	7	15	hattest
HAUSHALTES	10	15	Haushaltes
HEADSET	7	15	Headset
HEFE	4	15	Hefe
HEGEMONIE	9	15	Hegemonie
HEILIGKEIT	10	15	Heiligkeit
HEITEREM	8	15	heiterem
HEITEREN	8	15	heiteren
HELLGELB	8	15	hellgelb
HEMMUNGEN	9	15	Hemmungen
HENNEN	6	15	Hennen
HERGELEITET	11	15	hergeleitet
HERRSCHE	8	15	herrsche
HERRSCHERIN	11	15	Herrscherin
HERTZ	5	15	Hertz
HETEROGEN	9	15	heterogen
HILDEN	6	15	Hilden
HINBEKOMMEN	11	15	hinbekommen
HOCHMODERNE	11	15	hochmoderne
HOHLE	5	15	hohle
HOLPRIG	7	15	holprig
HOLZMINDEN	10	15	Holzminden
HOMOGENEN	9	15	homogenen
HUETET	6	15	hütet
HUMANISMUS	10	15	Humanismus
HUNGERN	7	15	hungern
HUNNEN	6	15	Hunnen
HURE	4	15	Hure
HYDRAULISCH	11	15	hydraulisch
IDIOTEN	7	15	Idioten
IDYLLISCHE	10	15	idyllische
IMAGES	6	15	Images
IMAGINAERE	10	15	imaginäre
INGESAMT	8	15	Ingesamt
INITIIEREN	10	15	initiieren
INITIIERTEN	11	15	initiierten
INSTITUTO	9	15	Instituto
IRDISCHE	8	15	irdische
IRE	3	15	Ire
IRRITATION	10	15	Irritation
ISLAMABAD	9	15	Islamabad
ITALIENERIN	11	15	Italienerin
JAEHRLICHER	11	15	jährlicher
JUDAS	5	15	Judas
JUGENDSTIL	10	15	Jugendstil
JUNGFRAUEN	10	15	Jungfrauen
KACHELOFEN	10	15	Kachelofen
KAELBER	7	15	Kälber
KAHLSCHLAG	10	15	Kahlschlag
KALIFEN	7	15	Kalifen
KAMELE	6	15	Kamele
KANNE	5	15	Kanne
KANTONSRAT	10	15	Kantonsrat
KAPITELLE	9	15	Kapitelle
KAPSELN	7	15	Kapseln
KARAWANE	8	15	Karawane
KARTEI	6	15	Kartei
KATALANEN	9	15	Katalanen
KATALONIEN	10	15	Katalonien
KEGELN	6	15	Kegeln
KILOWATT	8	15	Kilowatt
KITSCH	6	15	Kitsch
KLAPPERN	8	15	Klappern
KLAREM	6	15	klarem
KLEBEBAND	9	15	Klebeband
KLEBSTOFF	9	15	Klebstoff
KLUEGER	7	15	klüger
KNESSET	7	15	Knesset
KNOECHEL	8	15	Knöchel
KNOTENPUNKT	11	15	Knotenpunkt
KODEX	5	15	Kodex
KOERBE	6	15	Körbe
KOKS	4	15	Koks
KOMMANDIERT	11	15	kommandiert
KOPFKISSEN	10	15	Kopfkissen
KORALLEN	8	15	Korallen
KORKEN	6	15	Korken
KOSMISCHEN	10	15	kosmischen
KOSPI	5	15	Kospi
KOSSAETEN	9	15	Kossäten
KOSTPROBE	9	15	Kostprobe
KRAEHEN	7	15	Krähen
KREFELDER	9	15	Krefelder
KREISTAGS	9	15	Kreistags
KREUZKIRCHE	11	15	Kreuzkirche
KRIEGERIN	9	15	Kriegerin
KROATE	6	15	Kroate
KUEHLES	7	15	kühles
KUERBIS	7	15	Kürbis
KUNDENDATEN	11	15	Kundendaten
KUNDENKREIS	11	15	Kundenkreis
KUNSTFORM	9	15	Kunstform
KUPON	5	15	Kupon
KURBEL	6	15	Kurbel
KURBELWELLE	11	15	Kurbelwelle
KURZLEBIGE	10	15	kurzlebige
LAEMMER	7	15	Lämmer
LANDESAMTES	11	15	Landesamtes
LANDSTRICHE	11	15	Landstriche
LANGLAEUFER	11	15	Langläufer
LASTETE	7	15	lastete
LATENTE	7	15	latente
LAUER	5	15	Lauer
LAUFES	6	15	Laufes
LAUSCHT	7	15	lauscht
LAYOUTS	7	15	Layouts
LECKEREIEN	10	15	Leckereien
LEDIG	5	15	ledig
LEIBLICHEN	10	15	leiblichen
LEIHFRIST	9	15	Leihfrist
LEOPARD	7	15	Leopard
LESERINNEN	10	15	Leserinnen
LETTISCHEN	10	15	lettischen
LETZEN	6	15	letzen
LEUCHTER	8	15	Leuchter
LEUGNETE	8	15	leugnete
LIBYSCHE	8	15	libysche
LIEBENDE	8	15	Liebende
LIMITIERTEN	11	15	limitierten
LINEALISCH	10	15	linealisch
LISTENPREIS	11	15	Listenpreis
LIZENZIERTE	11	15	lizenzierte
LOGGIA	6	15	Loggia
LOHNKOSTEN	10	15	Lohnkosten
LOKALS	6	15	Lokals
LOSGELOEST	10	15	losgelöst
LUEGT	5	15	lügt
LUGANO	6	15	Lugano
LUKRATIVEN	10	15	lukrativen
LUXURIOES	9	15	luxuriös
MACHTHABERN	11	15	Machthabern
MAGISCHER	9	15	magischer
MAIRE	5	15	maire
MALHEUR	7	15	Malheur
MANAGERS	8	15	Managers
MANNESSTAMM	11	15	Mannesstamm
MARGINAL	8	15	marginal
MARINADE	8	15	Marinade
MARITIMEN	9	15	maritimen
MARKANTER	9	15	markanter
MASSGABE	8	15	Maßgabe
MATERIELL	9	15	materiell
MATURA	6	15	Matura
MEININGER	9	15	Meininger
MENUELEISTE	11	15	Menüleiste
MESCHEDE	8	15	Meschede
MESSTECHNIK	11	15	Messtechnik
METAPHERN	9	15	Metaphern
MIETERIN	8	15	Mieterin
MIETSHAUS	9	15	Mietshaus
MIKROGRAMM	10	15	Mikrogramm
MILDES	6	15	mildes
MISCHTEN	8	15	mischten
MISSFALLEN	10	15	Missfallen
MITTELLOS	9	15	mittellos
MITTLERES	9	15	mittleres
MOBILER	7	15	mobiler
MODENSCHAU	10	15	Modenschau
MODERATER	9	15	moderater
MODULATION	10	15	Modulation
MOERDERN	8	15	Mördern
MOLEKUELEN	10	15	Molekülen
MOLEKULARE	10	15	molekulare
MOLKEREIEN	10	15	Molkereien
MOORES	6	15	Moores
MUENSTERS	9	15	Münsters
MUMIE	5	15	Mumie
MUSIKLEHRER	11	15	Musiklehrer
MUSKEL	6	15	Muskel
NACHGEZOGEN	11	15	nachgezogen
NAMENLOSE	9	15	namenlose
NAMENLOSEN	10	15	namenlosen
NASHVILLE	9	15	Nashville
NAUMBURGER	10	15	Naumburger
NEUARTIGES	10	15	neuartiges
NEUERLICH	9	15	neuerlich
NEUGIERIGE	10	15	Neugierige
NOMINAL	7	15	nominal
NORFOLK	7	15	Norfolk
NORMALFORM	10	15	Normalform
NOTWENDIGES	11	15	notwendiges
NUECHTERNE	10	15	nüchterne
NUKLEARE	8	15	nukleare
NULLPUNKT	9	15	Nullpunkt
OBERBEGRIFF	11	15	Oberbegriff
OBERDECK	8	15	Oberdeck
OBERES	6	15	Oberes
OELMARKT	8	15	Ölmarkt
OELPEST	7	15	Ölpest
OELPREISES	10	15	Ölpreises
OESTLICHSTE	11	15	östlichste
OLIVIA	6	15	Olivia
OPTIMIERTE	10	15	optimierte
OPTIMIERTEN	11	15	optimierten
OSAKA	5	15	Osaka
OSTERHASE	9	15	Osterhase
OSTFLUEGEL	10	15	Ostflügel
PADUA	5	15	Padua
PALAS	5	15	Palas
PARADEN	7	15	Paraden
PARALYMPICS	11	15	Paralympics
PARKBANK	8	15	Parkbank
PARTEILOS	9	15	parteilos
PAUSCHALEN	10	15	pauschalen
PAUSIERT	8	15	pausiert
PEANUTS	7	15	Peanuts
PEDALE	6	15	Pedale
PERVERS	7	15	pervers
PFAHL	5	15	Pfahl
PIRATERIE	9	15	Piraterie
PITTSBURGH	10	15	Pittsburgh
PLASMA	6	15	Plasma
PLATZBEDARF	11	15	Platzbedarf
PLATZMANGEL	11	15	Platzmangel
POCHTE	6	15	pochte
POLIS	5	15	Polis
POLYMERE	8	15	Polymere
POPSTARS	8	15	Popstars
POSAUNE	7	15	Posaune
POSTIERT	8	15	postiert
PRAXISTEST	10	15	Praxistest
PRIMATEN	8	15	Primaten
PRINCETON	9	15	Princeton
PRINCIPIA	9	15	Principia
PRIORAT	7	15	Priorat
PRISE	5	15	Prise
PROBELAUF	9	15	Probelauf
PROBT	5	15	probt
PROVISIONEN	11	15	Provisionen
PROVOZIERTE	11	15	provozierte
PROZEDERE	9	15	Prozedere
PRUEFLING	9	15	Prüfling
PRUEFTE	7	15	prüfte
QUAELEN	7	15	quälen
RANDALE	7	15	Randale
RATINGS	7	15	Ratings
RATIO	5	15	Ratio
RATSSAAL	8	15	Ratssaal
RAUBEN	6	15	rauben
RAUCHWOLKE	10	15	Rauchwolke
RAUNEN	6	15	Raunen
RECK	4	15	Reck
REELLE	6	15	reelle
REFLEXE	7	15	Reflexe
REGENERIERT	11	15	regeneriert
REICHHALTIG	11	15	reichhaltig
REICHSTAGS	10	15	Reichstags
REIFT	5	15	reift
REINIGT	7	15	reinigt
REISSLEINE	10	15	Reißleine
REITEREI	8	15	Reiterei
REITERHOF	9	15	Reiterhof
REMAKE	6	15	Remake
RENNRUNDE	9	15	Rennrunde
RENOMMEE	8	15	Renommee
RENOVIERTEN	11	15	renovierten
REPLIK	6	15	Replik
RESTKARTEN	10	15	Restkarten
RESTRIKTIVE	11	15	restriktive
REUMUETIG	9	15	reumütig
RIEGE	5	15	Riege
RILLEN	6	15	Rillen
RINDERZUCHT	11	15	Rinderzucht
RINGRICHTER	11	15	Ringrichter
RITTERGUTES	11	15	Rittergutes
RITUS	5	15	Ritus
RODUNGEN	8	15	Rodungen
ROUTINIERT	10	15	routiniert
RUECKGAENGE	11	15	Rückgänge
RUECKSCHAU	10	15	Rückschau
RUHENDEN	8	15	ruhenden
RUISSEAU	8	15	Ruisseau
RUNDENZEIT	10	15	Rundenzeit
RUNNING	7	15	Running
RUTSCHE	7	15	Rutsche
SAALKIRCHE	10	15	Saalkirche
SACHSENRING	11	15	Sachsenring
SAEBEL	6	15	Säbel
SAEUBERN	8	15	säubern
SAEUBERUNG	10	15	Säuberung
SAEUGLINGS	10	15	Säuglings
SAISONALEN	10	15	saisonalen
SALINE	6	15	Saline
SAUGT	5	15	saugt
SCHACHTELN	10	15	Schachteln
SCHEITERNS	10	15	Scheiterns
SCHENKE	7	15	Schenke
SCHEREN	7	15	Scheren
SCHERZHAFT	10	15	scherzhaft
SCHIFFBAR	9	15	schiffbar
SCHIKANE	8	15	Schikane
SCHILDFUSS	10	15	Schildfuß
SCHILF	6	15	Schilf
SCHLAGZEILE	11	15	Schlagzeile
SCHLEUNIGST	11	15	schleunigst
SCHLUESSIG	10	15	schlüssig
SCHLUESSIGE	11	15	schlüssige
SCHMAELERN	10	15	schmälern
SCHMUTZIGEN	11	15	schmutzigen
SCHNEEMANN	10	15	Schneemann
SCHNELLTE	9	15	schnellte
SCHNUPFEN	9	15	Schnupfen
SCHONZEIT	9	15	Schonzeit
SCHREIB	7	15	Schreib
SCHULBUS	8	15	Schulbus
SCHULSPORT	10	15	Schulsport
SCHWAECHELT	11	15	schwächelt
SCHWANG	7	15	schwang
SCHWANKTEN	10	15	schwankten
SCHWEBENDE	10	15	schwebende
SCHWELLUNG	10	15	Schwellung
SCHWEREREN	10	15	schwereren
SCHWERTERN	10	15	Schwertern
SCHWUR	6	15	Schwur
SEDIMENTE	9	15	Sedimente
SEERAEUBER	10	15	Seeräuber
SEGNEN	6	15	segnen
SEHNSUECHTE	11	15	Sehnsüchte
SEMANTIK	8	15	Semantik
SENATORIN	9	15	Senatorin
SENDEPLATZ	10	15	Sendeplatz
SENFTENBERG	11	15	Senftenberg
SERIOSITAET	11	15	Seriosität
SERRA	5	15	Serra
SESSHAFT	8	15	sesshaft
SEZESSION	9	15	Sezession
SIEBENTE	8	15	siebente
SIEGBURG	8	15	Siegburg
SIEGELN	7	15	Siegeln
SIEGERN	7	15	Siegern
SIEGESFEIER	11	15	Siegesfeier
SILBERNEM	9	15	silbernem
SIMULTAN	8	15	simultan
SKONTO	6	15	Skonto
SKURRIL	7	15	skurril
SKURRILEN	9	15	skurrilen
SOUVENIRS	9	15	Souvenirs
SOZIALEM	8	15	sozialem
SPAETERES	9	15	späteres
SPAETWERK	9	15	Spätwerk
SPARQUOTE	9	15	Sparquote
SPEKULATIV	10	15	spekulativ
SPERRMUELL	10	15	Sperrmüll
SPERRUNGEN	10	15	Sperrungen
SPIDER	6	15	Spider
SPIELST	7	15	spielst
SPIELSYSTEM	11	15	Spielsystem
SPIELZUG	8	15	Spielzug
SPINAT	6	15	Spinat
SPINDEL	7	15	Spindel
SPOTS	5	15	Spots
SPREEWALD	9	15	Spreewald
SPRINTS	7	15	Sprints
SPRITZT	7	15	spritzt
SPROSS	6	15	Spross
SPUCKT	6	15	spuckt
STAATSCHEFS	11	15	Staatschefs
STADER	6	15	Stader
STAEBE	6	15	Stäbe
STAERKERES	10	15	stärkeres
STAERKSTER	10	15	stärkster
STANDES	7	15	Standes
STANDORTES	10	15	Standortes
STARRTEN	8	15	starrten
STAUT	5	15	staut
STEIFIGKEIT	11	15	Steifigkeit
STICHE	6	15	Stiche
STILEN	6	15	Stilen
STILLES	7	15	stilles
STIRNSEITE	10	15	Stirnseite
STOECKE	7	15	Stöcke
STOSSE	6	15	stoße
STOSSSTANGE	11	15	Stoßstange
STRAHLENDE	10	15	strahlende
STREICHELN	10	15	Streicheln
STRENGSTENS	11	15	strengstens
STROMBEDARF	11	15	Strombedarf
STURMFLUT	9	15	Sturmflut
SUBSTANTIV	10	15	Substantiv
SUEDENDE	8	15	Südende
SUEDKUESTE	10	15	Südküste
SUMPFIGEN	9	15	sumpfigen
SWITCH	6	15	Switch
TACHELES	8	15	Tacheles
TADELLOS	8	15	tadellos
TAEGLICHES	10	15	tägliches
TAEUFER	7	15	Täufer
TAGESSCHAU	10	15	Tagesschau
TAGUNGSORT	10	15	Tagungsort
TAKTEN	6	15	Takten
TAKTISCHES	10	15	taktisches
TAPE	4	15	Tape
TARIFSTREIT	11	15	Tarifstreit
TATENLOS	8	15	tatenlos
TAUBER	6	15	Tauber
TAXON	5	15	Taxon
TEAMKOLLEGE	11	15	Teamkollege
TECHNIKERN	10	15	Technikern
TECHNISCHEM	11	15	technischem
TEILMENGE	9	15	Teilmenge
TELEARBEIT	10	15	Telearbeit
TEMPELN	7	15	Tempeln
TENNISPLATZ	11	15	Tennisplatz
TESTSPIELE	10	15	Testspiele
TIEFS	5	15	Tiefs
TONTRAEGERN	11	15	Tonträgern
TOSKANA	7	15	Toskana
TOUCHDOWN	9	15	Touchdown
TRAEGERS	8	15	Trägers
TRAGSTEINEN	11	15	Tragsteinen
TREPPENTURM	11	15	Treppenturm
TROPFT	6	15	tropft
TROTZEN	7	15	trotzen
TURKU	5	15	Turku
TYRANN	6	15	Tyrann
UEBEREILTEN	11	15	übereilten
UEBERHOEHT	10	15	überhöht
UEBERHOLUNG	11	15	Überholung
UEBERKAM	8	15	überkam
UEBERLADEN	10	15	überladen
UEBERSTIEG	10	15	überstieg
UELZEN	6	15	Uelzen
UMFAHRUNG	9	15	Umfahrung
UMGEBETTET	10	15	umgebettet
UMGEGANGEN	10	15	umgegangen
UMGEHENDE	9	15	umgehende
UMHUELLT	8	15	umhüllt
UMKREIST	8	15	umkreist
UMRAHMTE	8	15	umrahmte
UMRUNDEN	8	15	umrunden
UMZUEGEN	8	15	Umzügen
UNBEDINGTE	10	15	unbedingte
UNFAEHIG	8	15	unfähig
UNFASSBARE	10	15	Unfassbare
UNGAR	5	15	Ungar
UNGEHOERT	9	15	ungehört
UNGEWISSEN	10	15	ungewissen
UNGEWOLLT	9	15	ungewollt
UNRUHIGE	8	15	unruhige
UNSCHOENE	9	15	unschöne
UNSTRITTIG	10	15	unstrittig
UNTERGEHEN	10	15	untergehen
UNTERMAUERN	11	15	untermauern
UNTERSEITEN	11	15	Unterseiten
UNTERSEITS	10	15	unterseits
UNTERWERFEN	11	15	unterwerfen
UNTERZIEHT	10	15	unterzieht
URLAUBSZIEL	11	15	Urlaubsziel
VALLE	5	15	Valle
VARIETAETEN	11	15	Varietäten
VATERSCHAFT	11	15	Vaterschaft
VENEN	5	15	Venen
VENEZIANER	10	15	Venezianer
VERABREDUNG	11	15	Verabredung
VERACHTET	9	15	verachtet
VERBISSEN	9	15	verbissen
VERBRAUCHTE	11	15	verbrauchte
VERBUERGT	9	15	verbürgt
VERDREHEN	9	15	verdrehen
VEREHREN	8	15	verehren
VEREHRTE	8	15	verehrte
VERFEHLEN	9	15	verfehlen
VERHEILT	8	15	verheilt
VERHOLFEN	9	15	verholfen
VERIFIZIERT	11	15	verifiziert
VERKAUFS	8	15	Verkaufs
VERLETZE	8	15	verletze
VERMEHRTER	10	15	vermehrter
VERMIETERS	10	15	Vermieters
VERMISCHEN	10	15	vermischen
VERMUTE	7	15	vermute
VERSTIRBT	9	15	verstirbt
VERSTREUTEN	11	15	verstreuten
VERTRETENE	10	15	vertretene
VERWAIST	8	15	verwaist
VERWARNT	8	15	verwarnt
VERWIRRTE	9	15	verwirrte
VERZERRUNG	10	15	Verzerrung
VERZIEHT	8	15	verzieht
VERZUG	6	15	Verzug
VIDEOCLIPS	10	15	Videoclips
VIERTELJAHR	11	15	Vierteljahr
VIERTUERIGE	11	15	viertürige
VIETNAMESEN	11	15	Vietnamesen
VOKALE	6	15	Vokale
VOLLMACHTEN	11	15	Vollmachten
VOLLMOND	8	15	Vollmond
VOLLNARKOSE	11	15	Vollnarkose
VOLLSTRECKT	11	15	vollstreckt
VOLLTEXT	8	15	Volltext
VORAUSSAGEN	11	15	voraussagen
VORGEBRACHT	11	15	vorgebracht
VORGELEGEN	10	15	vorgelegen
VORHIN	6	15	vorhin
VORRICHTUNG	11	15	Vorrichtung
VORZUGEHEN	10	15	vorzugehen
WACHSENDEM	10	15	wachsendem
WAERMEN	7	15	wärmen
WAERMERE	8	15	wärmere
WAERMT	6	15	wärmt
WAGNIS	6	15	Wagnis
WAHLRECHTS	10	15	Wahlrechts
WAHRSTEN	8	15	wahrsten
WAISEN	6	15	Waisen
WALDE	5	15	Walde
WALDFLAECHE	11	15	Waldfläche
WEHRANLAGE	10	15	Wehranlage
WEILTE	6	15	weilte
WEINBERGEN	10	15	Weinbergen
WEISER	6	15	weiser
WEISSENBURG	11	15	Weißenburg
WELTLICHER	10	15	weltlicher
WELTTOURNEE	11	15	Welttournee
WERKTAG	7	15	Werktag
WERKTAGE	8	15	Werktage
WERWOLF	7	15	Werwolf
WESTRAND	8	15	Westrand
WESTWAERTS	10	15	westwärts
WHIRLPOOL	9	15	Whirlpool
WIDDER	6	15	Widder
WILDPARK	8	15	Wildpark
WINDIG	6	15	windig
WINNENDEN	9	15	Winnenden
WINTERBERG	10	15	Winterberg
WINTERZEIT	10	15	Winterzeit
WIRTIN	6	15	Wirtin
WISCONSIN	9	15	Wisconsin
WOCHENSTART	11	15	Wochenstart
WOELFEN	7	15	Wölfen
WOHLERGEHEN	11	15	Wohlergehen
ZAHLLOSEN	9	15	zahllosen
ZEITABLAUF	10	15	Zeitablauf
ZEPPELIN	8	15	Zeppelin
ZERBROCHENE	11	15	zerbrochene
ZIEHUNG	7	15	Ziehung
ZINSSAETZE	10	15	Zinssätze
ZINSSCHRITT	11	15	Zinsschritt
ZITRONE	7	15	Zitrone
ZUFAHRTEN	9	15	Zufahrten
ZUFRIEDENER	11	15	zufriedener
ZUFUEHRUNG	10	15	Zuführung
ZUGEDECKT	9	15	zugedeckt
ZURUECKGING	11	15	zurückging
ZUSAMMENBAU	11	15	Zusammenbau
ZUSCHAUERS	10	15	Zuschauers
ZUWANDTE	8	15	zuwandte
ZWEITEILUNG	11	15	Zweiteilung
ZWILLING	8	15	Zwilling
ZWIST	5	15	Zwist
AALENER	7	14	Aalener
ABBREMSEN	9	14	abbremsen
ABBRENNEN	9	14	Abbrennen
ABERGLAUBEN	11	14	Aberglauben
ABFAELLT	8	14	abfällt
ABGELASSEN	10	14	abgelassen
ABGESCHICKT	11	14	abgeschickt
ABGETAUCHT	10	14	abgetaucht
ABGRENZEN	9	14	abgrenzen
ABKLAERUNG	10	14	Abklärung
ABLIEFERN	9	14	abliefern
ABSATZES	8	14	Absatzes
ABSCHREIBEN	11	14	abschreiben
ABSEHBARER	10	14	absehbarer
ABSTELLRAUM	11	14	Abstellraum
ABSTURZES	9	14	Absturzes
ABZULENKEN	10	14	abzulenken
ACCOUNTS	8	14	Accounts
ADAGIO	6	14	Adagio
ADOPTIEREN	10	14	adoptieren
ADRESSAT	8	14	Adressat
AEHREN	6	14	Ähren
AELTERES	8	14	älteres
AHNTE	5	14	ahnte
AKZENTUIERT	11	14	akzentuiert
ALBUMTITEL	10	14	Albumtitel
ALLEDEM	7	14	alledem
ALLERGISCH	10	14	allergisch
ALP	3	14	Alp
ALTDORF	7	14	Altdorf
ALTERUNG	8	14	Alterung
ALTOETTING	10	14	Altötting
AMI	3	14	Ami
AMME	4	14	Amme
AMTLICHER	9	14	amtlicher
ANALOGES	8	14	Analoges
ANDRANGS	8	14	Andrangs
ANGEBORENEN	11	14	angeborenen
ANGEKLAGTER	11	14	Angeklagter
ANGESETZTEN	11	14	angesetzten
ANGETRUNKEN	11	14	angetrunken
ANKAEUFE	8	14	Ankäufe
ANLIEGENDE	10	14	anliegende
ANSCHLIESST	11	14	anschließt
ANSEHNLICHE	11	14	ansehnliche
ANSTEUERN	9	14	ansteuern
ANSTIEGE	8	14	Anstiege
ANSTOSSEN	9	14	anstoßen
ANTEILIG	8	14	anteilig
ANTRATEN	8	14	antraten
ANTRIEBE	8	14	Antriebe
ANTWORTE	8	14	antworte
ANZUSETZEN	10	14	anzusetzen
ANZUZEIGEN	10	14	anzuzeigen
APARTHEID	9	14	Apartheid
AQUARELL	8	14	Aquarell
ARCHAISCHEN	11	14	archaischen
ARCHIVALIEN	11	14	Archivalien
ARKTISCHEN	10	14	arktischen
ARMBRUST	8	14	Armbrust
ARTGERECHTE	11	14	artgerechte
ARZTBESUCH	10	14	Arztbesuch
ATARI	5	14	Atari
ATTENTATS	9	14	Attentats
AUERBACH	8	14	Auerbach
AUFGEKLEBT	10	14	aufgeklebt
AUFGELAUFEN	11	14	aufgelaufen
AUFGEZEHRT	10	14	aufgezehrt
AUFREGENDES	11	14	aufregendes
AUFSAETZEN	10	14	Aufsätzen
AUFSCHLAGEN	11	14	aufschlagen
AUFWAERMEN	10	14	Aufwärmen
AUFWARTEN	9	14	aufwarten
AUFZIEHEN	9	14	aufziehen
AUGENARZT	9	14	Augenarzt
AUSFAELLT	9	14	ausfällt
AUSHANDELN	10	14	aushandeln
AUSHOEHLUNG	11	14	Aushöhlung
AUSKLINGEN	10	14	ausklingen
AUSKURIERT	10	14	auskuriert
AUSLEGER	8	14	Ausleger
AUSWANDERER	11	14	Auswanderer
AUSWERTEN	9	14	auswerten
AUSZUSETZEN	11	14	auszusetzen
AUTOFAHRT	9	14	Autofahrt
AUTOGRAMM	9	14	Autogramm
AUTOGRAMME	10	14	Autogramme
AUTOKONZERN	11	14	Autokonzern
AXIAL	5	14	axial
BABYLON	7	14	Babylon
BACHBETT	8	14	Bachbett
BACKSTEIN	9	14	Backstein
BADEANSTALT	11	14	Badeanstalt
BALANCEAKT	10	14	Balanceakt
BALLS	5	14	Balls
BANKHAUSES	10	14	Bankhauses
BARDEN	6	14	Barden
BARDIN	6	14	Bardin
BASALT	6	14	Basalt
BAUARTEN	8	14	Bauarten
BAUFAELLIGE	11	14	baufällige
BAUMARKT	8	14	Baumarkt
BAUMEISTERS	11	14	Baumeisters
BAUMHOEHLEN	11	14	Baumhöhlen
BEATS	5	14	Beats
BEFAELLT	8	14	befällt
BEGLEITERIN	11	14	Begleiterin
BEGLEITHEFT	11	14	Begleitheft
BEGNADETER	10	14	begnadeter
BEGRENZTES	10	14	begrenztes
BEHAARTEN	9	14	behaarten
BEHALTE	7	14	behalte
BEHEIZUNG	9	14	Beheizung
BEIGEGEBEN	10	14	beigegeben
BEILAEUFIG	10	14	beiläufig
BEISPIELLOS	11	14	beispiellos
BEITRAGS	8	14	Beitrags
BELEUCHTEN	10	14	beleuchten
BELEUCHTETE	11	14	beleuchtete
BEMISST	7	14	bemisst
BEREICHERTE	11	14	bereicherte
BEREIFUNG	9	14	Bereifung
BERGRUECKEN	11	14	Bergrücken
BERGWERKEN	10	14	Bergwerken
BERICHTES	9	14	Berichtes
BESCHMIERT	10	14	beschmiert
BESCHNEIDEN	11	14	beschneiden
BESCHWOREN	10	14	beschworen
BESINNEN	8	14	besinnen
BESORGTEN	9	14	besorgten
BESTATTER	9	14	Bestatter
BESTELLE	8	14	bestelle
BEWEGTES	8	14	bewegtes
BIGBAND	7	14	Bigband
BILDENDER	9	14	Bildender
BILDNISSE	9	14	Bildnisse
BILDSTOCK	9	14	Bildstock
BILLIGSTEN	10	14	billigsten
BINDEMITTEL	11	14	Bindemittel
BIRNE	5	14	Birne
BIRNEN	6	14	Birnen
BIZARR	6	14	bizarr
BLAMIERT	8	14	blamiert
BLICKTEN	8	14	blickten
BLITZSTART	10	14	Blitzstart
BLITZT	6	14	blitzt
BLUSE	5	14	Bluse
BLUTPROBEN	10	14	Blutproben
BOHRLOECHER	11	14	Bohrlöcher
BOLTON	6	14	Bolton
BOMBERN	7	14	Bombern
BOOTSHAUS	9	14	Bootshaus
BORKE	5	14	Borke
BOUTIQUEN	9	14	Boutiquen
BOXENSTOPPS	11	14	Boxenstopps
BRAUCHBAR	9	14	brauchbar
BRAUEN	6	14	Brauen
BREGENZ	7	14	Bregenz
BREMISCHEN	10	14	Bremischen
BRIEFS	6	14	Briefs
BRISANTEN	9	14	brisanten
BRUCHSAL	8	14	Bruchsal
BRUECKENBAU	11	14	Brückenbau
BUDEN	5	14	Buden
BUEGELEISEN	11	14	Bügeleisen
BUESTEN	7	14	Büsten
BURMA	5	14	Burma
CALLE	5	14	Calle
CANBERRA	8	14	Canberra
CARRERA	7	14	Carrera
CHANSONS	8	14	Chansons
CHEFSACHE	9	14	Chefsache
CHILD	5	14	Child
CHRONISCHER	11	14	chronischer
CLIQUE	6	14	Clique
CLUSTER	7	14	Cluster
COESFELD	8	14	Coesfeld
COLOGNE	7	14	Cologne
DAEMMERT	8	14	dämmert
DAMPFKESSEL	11	14	Dampfkessel
DARMKREBS	9	14	Darmkrebs
DASJENIGE	9	14	dasjenige
DEBATTIEREN	11	14	debattieren
DEGRADIERT	10	14	degradiert
DEKORATIV	9	14	dekorativ
DERBYS	6	14	Derbys
DESIGNIERTE	11	14	designierte
DEUTE	5	14	deute
DEVILS	6	14	Devils
DEZENTE	7	14	dezente
DIASHOW	7	14	Diashow
DIFFUS	6	14	diffus
DIKTAT	6	14	Diktat
DOMINANTEN	10	14	dominanten
DOPPELBETT	10	14	Doppelbett
DOZENTIN	8	14	Dozentin
DRAGONS	7	14	Dragons
DREIEN	6	14	dreien
DRITT	5	14	dritt
DROGENTEST	10	14	Drogentest
DROHNE	6	14	Drohne
DRUCKEREIEN	11	14	Druckereien
DUESEN	6	14	Düsen
DUFTET	6	14	duftet
DUNKLEM	7	14	dunklem
DURCHDRINGT	11	14	durchdringt
DURCHLASS	9	14	Durchlass
DURCHZUG	8	14	Durchzug
EDITIONEN	9	14	Editionen
EICHELN	7	14	Eicheln
EIFOERMIGEN	11	14	eiförmigen
EIGELB	6	14	Eigelb
EIGENARTIG	10	14	eigenartig
EIGENHEIM	9	14	Eigenheim
EIGNETE	7	14	eignete
EINGEHAENGT	11	14	eingehängt
EINGEROLLT	10	14	eingerollt
EINGESTEHEN	11	14	eingestehen
EINGRIFFEN	10	14	Eingriffen
EINIGT	6	14	einigt
EINSCHLAGEN	11	14	einschlagen
EINSCHULUNG	11	14	Einschulung
EINSITZER	9	14	Einsitzer
EINTAUCHEN	10	14	Eintauchen
EINTEILEN	9	14	einteilen
EINWURF	7	14	Einwurf
EINZULEGEN	10	14	einzulegen
EISFREI	7	14	eisfrei
EISIGE	6	14	eisige
ELASTISCHE	10	14	elastische
ELEKTROAUTO	11	14	Elektroauto
ELIMINIEREN	11	14	eliminieren
EMPFAENGNIS	11	14	Empfängnis
EMPFINDE	8	14	empfinde
EMPFINGEN	9	14	empfingen
EMPFUNDENEN	11	14	empfundenen
ENDLICHEN	9	14	endlichen
ENTGEGNETE	10	14	entgegnete
ENTGLEIST	9	14	entgleist
ENTSTAMMTEN	11	14	entstammten
ENTWOEHNT	9	14	entwöhnt
ENTZIFFERN	10	14	entziffern
EPIZENTRUM	10	14	Epizentrum
EPOS	4	14	Epos
ERDWAERME	9	14	Erdwärme
ERFRIEREN	9	14	erfrieren
ERGEBENDEN	10	14	ergebenden
ERHELLEN	8	14	erhellen
ERLAESST	8	14	erlässt
ERLAUBE	7	14	erlaube
ERLITTENEN	10	14	erlittenen
ERLOESES	8	14	Erlöses
ERNTEZEIT	9	14	Erntezeit
ERRATEN	7	14	erraten
ERRECHNETE	10	14	errechnete
ERSATZMANN	10	14	Ersatzmann
ERSTICHT	8	14	ersticht
ERSTICKTE	9	14	erstickte
ERWEITERTES	11	14	erweitertes
ESCHE	5	14	Esche
ESOTERIK	8	14	Esoterik
ETATS	5	14	Etats
ETHNISCH	8	14	ethnisch
EUROPARAT	9	14	Europarat
EWIGES	6	14	ewiges
EXOTEN	6	14	Exoten
EXPLOSIV	8	14	explosiv
EXPLOSIVE	9	14	explosive
EXPONATEN	9	14	Exponaten
EXPONIERTEN	11	14	exponierten
EXPORTIERTE	11	14	exportierte
EXTENSIV	8	14	extensiv
EXZELLENZ	9	14	Exzellenz
FABEL	5	14	Fabel
FACHLICHER	10	14	fachlicher
FACHVERBAND	11	14	Fachverband
FACHWERKBAU	11	14	Fachwerkbau
FAEHNCHEN	9	14	Fähnchen
FAHRBETRIEB	11	14	Fahrbetrieb
FALKENSTEIN	11	14	Falkenstein
FARBLICHE	9	14	farbliche
FARBSTOFFE	10	14	Farbstoffe
FASCHISTEN	10	14	Faschisten
FASSTEN	7	14	fassten
FEHLERQUOTE	11	14	Fehlerquote
FELDARBEIT	10	14	Feldarbeit
FELDKIRCH	9	14	Feldkirch
FELDMARK	8	14	Feldmark
FELSENS	7	14	Felsens
FERNAB	6	14	fernab
FERNWEH	7	14	Fernweh
FETTGEHALT	10	14	Fettgehalt
FEUCHTEM	8	14	feuchtem
FEUERT	6	14	feuert
FEUILLETON	10	14	Feuilleton
FIGUERLICHE	11	14	figürliche
FIKTIV	6	14	fiktiv
FILMBRANCHE	11	14	Filmbranche
FILMFEST	8	14	Filmfest
FINALES	7	14	Finales
FISCHERN	8	14	Fischern
FITNESSRAUM	11	14	Fitnessraum
FLAMENCO	8	14	Flamenco
FLIEGENDER	10	14	fliegender
FLUCHTWEGE	10	14	Fluchtwege
FLUESSIGEM	10	14	flüssigem
FLUESTERN	9	14	Flüstern
FLUGSCHULE	10	14	Flugschule
FOKUSSIERTE	11	14	fokussierte
FORMT	5	14	formt
FORMULARS	9	14	Formulars
FOSSILE	7	14	fossile
FRACK	5	14	Frack
FRASS	5	14	fraß
FREIBERGER	10	14	Freiberger
FREISTAATES	11	14	Freistaates
FROMMEN	7	14	frommen
FUEHRERS	8	14	Führers
FUSSNOTE	8	14	Fußnote
FUSSNOTEN	9	14	Fußnoten
GAEHNEN	7	14	Gähnen
GAENGIGSTEN	11	14	gängigsten
GAERT	5	14	gärt
GAGS	4	14	Gags
GALATASARAY	11	14	Galatasaray
GALAXIE	7	14	Galaxie
GALAXY	6	14	Galaxy
GAREN	5	14	garen
GARNELEN	8	14	Garnelen
GARTENHAUS	10	14	Gartenhaus
GARTENSTADT	11	14	Gartenstadt
GASPEDAL	8	14	Gaspedal
GAUKLER	7	14	Gaukler
GEBIRGEN	8	14	Gebirgen
GEDACHTEN	9	14	gedachten
GEDROSSELT	10	14	gedrosselt
GEFRAGTE	8	14	gefragte
GEGEBENER	9	14	gegebener
GEGOENNT	8	14	gegönnt
GEHEIMES	8	14	geheimes
GEHERRSCHT	10	14	geherrscht
GEHILFE	7	14	Gehilfe
GEHISST	7	14	gehisst
GEHOERIGE	9	14	gehörige
GEHOERLOSE	10	14	Gehörlose
GEILER	6	14	geiler
GEKRIEGT	8	14	gekriegt
GELBBRAUN	9	14	gelbbraun
GELBLICHEN	10	14	gelblichen
GELDHAEUSER	11	14	Geldhäuser
GELDSORGEN	10	14	Geldsorgen
GELIEFERTEN	11	14	gelieferten
GEMAESSIGTE	11	14	gemäßigte
GEMEINDEAMT	11	14	Gemeindeamt
GEMEINEN	8	14	Gemeinen
GENEALOGIE	10	14	Genealogie
GERINGERES	10	14	geringeres
GEROLLT	7	14	gerollt
GESAESS	7	14	Gesäß
GESAMTPAKET	11	14	Gesamtpaket
GESANGBUCH	10	14	Gesangbuch
GESCHAERFT	10	14	geschärft
GESCHMACKS	10	14	Geschmacks
GESCHMEIDIG	11	14	geschmeidig
GESCHNITZTE	11	14	geschnitzte
GESCHWUNGEN	11	14	geschwungen
GESPIEGELT	10	14	gespiegelt
GESTAUT	7	14	gestaut
GESTEINEN	9	14	Gesteinen
GESUNKENE	9	14	gesunkene
GEVIERT	7	14	Geviert
GEWANDT	7	14	gewandt
GEWEIGERT	9	14	geweigert
GEWUERZEN	9	14	Gewürzen
GIBST	5	14	gibst
GIEBELN	7	14	Giebeln
GIRAFFE	7	14	Giraffe
GLAUBHAFT	9	14	glaubhaft
GLEICHNIS	9	14	Gleichnis
GOLDSCHMIED	11	14	Goldschmied
GREIF	5	14	Greif
GROESSTEM	9	14	größtem
GROUPE	6	14	Groupe
GRUNDHERREN	11	14	Grundherren
GRUNDKURS	9	14	Grundkurs
GRUNDZUEGEN	11	14	Grundzügen
GRUSSWORT	9	14	Grußwort
GURT	4	14	Gurt
GURU	4	14	Guru
HABGIER	7	14	Habgier
HABITAT	7	14	Habitat
HAEMMERN	8	14	Hämmern
HAEUFUNG	8	14	Häufung
HAEUTE	6	14	Häute
HALBKREIS	9	14	Halbkreis
HALBMOND	8	14	Halbmond
HALSKETTE	9	14	Halskette
HANDELSENDE	11	14	Handelsende
HANDSCHLAG	10	14	Handschlag
HARDLINER	9	14	Hardliner
HASPA	5	14	Haspa
HAUPTBURG	9	14	Hauptburg
HAUPTFACH	9	14	Hauptfach
HAUPTLAST	9	14	Hauptlast
HAUSFRAUEN	10	14	Hausfrauen
HAUSORDNUNG	11	14	Hausordnung
HAUSRECHT	9	14	Hausrecht
HECKKLAPPE	10	14	Heckklappe
HECKSCHEIBE	11	14	Heckscheibe
HEDGEFONDS	10	14	Hedgefonds
HEFTEN	6	14	Heften
HEFTIGSTEN	10	14	heftigsten
HEIMARBEIT	10	14	Heimarbeit
HEITERE	7	14	heitere
HELLWACH	8	14	hellwach
HENGSTE	7	14	Hengste
HENKER	6	14	Henker
HERING	6	14	Hering
HINGEHEN	8	14	hingehen
HINNEHMBAR	10	14	hinnehmbar
HINTERM	7	14	hinterm
HOBBIES	7	14	Hobbies
HOCHOFEN	8	14	Hochofen
HOCHRANGIGE	11	14	hochrangige
HOCHWASSERS	11	14	Hochwassers
HOCKER	6	14	Hocker
HOECKER	7	14	Höcker
HOFANLAGE	9	14	Hofanlage
HORMON	6	14	Hormon
HOSPITALS	9	14	Hospitals
HOTELIERS	9	14	Hoteliers
HUELLT	6	14	hüllt
IDIOT	5	14	Idiot
IMPONIERT	9	14	imponiert
IMPORTIEREN	11	14	importieren
INDIREKTER	10	14	indirekter
INHAFTIERTE	11	14	inhaftierte
INSASSE	7	14	Insasse
INSOLVENTE	10	14	insolvente
INSPIZIERT	10	14	inspiziert
INTERVALLE	10	14	Intervalle
INTUITIVE	9	14	intuitive
INVESTORS	9	14	Investors
ISLAMISMUS	10	14	Islamismus
ISTANBULER	10	14	Istanbuler
JAEHES	6	14	jähes
JAHRBUECHER	11	14	Jahrbücher
JAHRGAENGEN	11	14	Jahrgängen
JEVER	5	14	Jever
JOBBOERSE	9	14	Jobbörse
JONGLIEREN	10	14	jonglieren
KAKTEEN	7	14	Kakteen
KAMINE	6	14	Kamine
KANAREN	7	14	Kanaren
KANONIKER	9	14	Kanoniker
KANTOR	6	14	Kantor
KAPUTTEN	8	14	kaputten
KARITATIVEN	11	14	karitativen
KATALOGEN	9	14	Katalogen
KAUGUMMI	8	14	Kaugummi
KAVIAR	6	14	Kaviar
KEHRE	5	14	Kehre
KEKSE	5	14	Kekse
KEULEN	6	14	Keulen
KIDNAPPER	9	14	Kidnapper
KIESGRUBE	9	14	Kiesgrube
KIRCHENDACH	11	14	Kirchendach
KIRCHPLATZ	10	14	Kirchplatz
KIRSCHE	7	14	Kirsche
KLAERTE	7	14	klärte
KLANGBILD	9	14	Klangbild
KLASSIKERN	10	14	Klassikern
KLEINFELD	9	14	Kleinfeld
KLEINGELD	9	14	Kleingeld
KLIPPE	6	14	Klippe
KNALLEN	7	14	knallen
KOENIGINNEN	11	14	Königinnen
KOEPFCHEN	9	14	Köpfchen
KOMMANDEURE	11	14	Kommandeure
KOMMUNIST	9	14	Kommunist
KONISCH	7	14	konisch
KONTINGENTE	11	14	Kontingente
KONVENTS	8	14	Konvents
KONZERNEN	9	14	Konzernen
KOSTENDRUCK	11	14	Kostendruck
KRAENZE	7	14	Kränze
KREDITGEBER	11	14	Kreditgeber
KREISFREIE	10	14	kreisfreie
KREISREFORM	11	14	Kreisreform
KREUZBERGER	11	14	Kreuzberger
KRIECHEN	8	14	kriechen
KRUECKEN	8	14	Krücken
KUEHLSYSTEM	11	14	Kühlsystem
KUENSTEN	8	14	Künsten
KUERTEN	7	14	Kürten
KUGELIG	7	14	kugelig
KULTSTATUS	10	14	Kultstatus
KULTURAMT	9	14	Kulturamt
KURDISTAN	9	14	Kurdistan
KURGAESTE	9	14	Kurgäste
KURSIERT	8	14	kursiert
KURZFASSUNG	11	14	Kurzfassung
KURZZEITIGE	11	14	kurzzeitige
KUTSCHEN	8	14	Kutschen
LADEVORGANG	11	14	Ladevorgang
LAGERPLATZ	10	14	Lagerplatz
LAGERTE	7	14	lagerte
LANDEANFLUG	11	14	Landeanflug
LASERSTRAHL	11	14	Laserstrahl
LAUTLOS	7	14	lautlos
LAUTSTARKE	10	14	lautstarke
LEBENDES	8	14	lebendes
LEBHAFTER	9	14	lebhafter
LEERES	6	14	leeres
LEGIONAERE	10	14	Legionäre
LEGIONEN	8	14	Legionen
LEGITIME	8	14	legitime
LEHRPFAD	8	14	Lehrpfad
LEIDIGE	7	14	leidige
LEIHARBEIT	10	14	Leiharbeit
LEITPLANKEN	11	14	Leitplanken
LEKTIONEN	9	14	Lektionen
LERNENDE	8	14	Lernende
LERNERFOLG	10	14	Lernerfolg
LETTEN	6	14	Letten
LIBANESEN	9	14	Libanesen
LICHTERLOH	10	14	lichterloh
LIEH	4	14	lieh
LIMBACH	7	14	Limbach
LIQUIDATION	11	14	Liquidation
LIZENZIERT	10	14	lizenziert
LOHNENDE	8	14	lohnende
LOIPEN	6	14	Loipen
LOSLOESUNG	10	14	Loslösung
LUZERNER	8	14	Luzerner
MAEHNE	6	14	Mähne
MAENTEL	7	14	Mäntel
MAGISCHES	9	14	magisches
MAHNEN	6	14	mahnen
MAILADRESSE	11	14	Mailadresse
MALERN	6	14	Malern
MALTESER	8	14	Malteser
MANDY	5	14	Mandy
MANIEREN	8	14	Manieren
MARINEN	7	14	marinen
MARKTLUECKE	11	14	Marktlücke
MASSENSTART	11	14	Massenstart
MATRIZEN	8	14	Matrizen
MAULKORB	8	14	Maulkorb
MEDIAN	6	14	Median
MEDIENWELT	10	14	Medienwelt
MEHRTAEGIGE	11	14	mehrtägige
MEISTERHAFT	11	14	meisterhaft
MILLIGRAMM	10	14	Milligramm
MILTON	6	14	Milton
MINDESTE	8	14	Mindeste
MINUTENLANG	11	14	minutenlang
MISCHFORMEN	11	14	Mischformen
MITGESPIELT	11	14	mitgespielt
MITTELGROSS	11	14	mittelgroß
MITTELRIPPE	11	14	Mittelrippe
MODELLIEREN	11	14	modellieren
MOERTEL	7	14	Mörtel
MONOLOG	7	14	Monolog
MONTEURE	8	14	Monteure
MONTEVIDEO	10	14	Montevideo
MONZA	5	14	Monza
MORATORIUM	10	14	Moratorium
MOTIVIERTEN	11	14	motivierten
MOTORISCHE	10	14	motorische
MOVEMENT	8	14	Movement
MUEHLBACH	9	14	Mühlbach
MUENDETEN	9	14	mündeten
MULTITALENT	11	14	Multitalent
MUNDSCHUTZ	10	14	Mundschutz
MUSIKERIN	9	14	Musikerin
MUSIKGRUPPE	11	14	Musikgruppe
MUSIKSTIL	9	14	Musikstil
MUSKULAERE	10	14	muskuläre
MUTATION	8	14	Mutation
MUTTERMILCH	11	14	Muttermilch
MUTTERTAG	9	14	Muttertag
NABEL	5	14	Nabel
NACHTHIMMEL	11	14	Nachthimmel
NAEHRT	6	14	nährt
NAHEGELEGT	10	14	nahegelegt
NARR	4	14	Narr
NAUMBURG	8	14	Naumburg
NEGATION	8	14	Negation
NEUESTER	8	14	neuester
NEUNZEHN	8	14	neunzehn
NICKY	5	14	Nicky
NIDDA	5	14	Nidda
NORDHESSEN	10	14	Nordhessen
NORTHEIM	8	14	Northeim
NUECHTERNER	11	14	nüchterner
NUETZLICHES	11	14	nützliches
NULLRUNDE	9	14	Nullrunde
NUTZERS	7	14	Nutzers
OBERBEFEHL	10	14	Oberbefehl
OBERBURG	8	14	Oberburg
ODE	3	14	Ode
OLIVGRUEN	9	14	olivgrün
OPERATOR	8	14	Operator
OPERATOREN	10	14	Operatoren
OPFERT	6	14	opfert
OPFERZAHL	9	14	Opferzahl
OPIUM	5	14	Opium
OPPELN	6	14	Oppeln
OPTISCHER	9	14	optischer
ORDNUNGEN	9	14	Ordnungen
ORGANISTEN	10	14	Organisten
ORIGINELLEN	11	14	originellen
ORKAN	5	14	Orkan
PAKETEN	7	14	Paketen
PALAESTE	8	14	Paläste
PAPYRUS	7	14	Papyrus
PARALLELER	10	14	paralleler
PARTIELL	8	14	partiell
PASSIVITAET	11	14	Passivität
PASSSTRASSE	11	14	Passstraße
PATRIOTEN	9	14	Patrioten
PEINE	5	14	Peine
PFADEN	6	14	Pfaden
PFLEGENDE	9	14	pflegende
PFLUEGER	8	14	Pflüger
PHYSISCHER	10	14	physischer
PLAETSCHERT	11	14	plätschert
PLATZHALTER	11	14	Platzhalter
PLAZIERUNG	10	14	Plazierung
PLUENDERN	9	14	plündern
POINTS	6	14	Points
POLAREN	7	14	polaren
POPKULTUR	9	14	Popkultur
PORTABLE	8	14	portable
PORTS	5	14	Ports
POSTSTRASSE	11	14	Poststraße
PRACHTVOLLE	11	14	prachtvolle
PRAEMIERUNG	11	14	Prämierung
PRAESES	7	14	Präses
PRAKTIKANT	10	14	Praktikant
PREDIGEN	8	14	predigen
PRENZLAU	8	14	Prenzlau
PREVIEW	7	14	Preview
PRIMITIV	8	14	primitiv
PRIVATLEUTE	11	14	Privatleute
PROFILIEREN	11	14	profilieren
PROFILS	7	14	Profils
PROJEKTIERT	11	14	projektiert
PRUEFSTEIN	10	14	Prüfstein
PSALM	5	14	Psalm
PUCK	4	14	Puck
PURER	5	14	purer
PUSTE	5	14	Puste
QUEDLINBURG	11	14	Quedlinburg
QUILLT	6	14	quillt
QUORUM	6	14	Quorum
RABEN	5	14	Raben
RADRENNEN	9	14	Radrennen
RADSPORTLER	11	14	Radsportler
RANGELEI	8	14	Rangelei
RANGEN	6	14	rangen
RASCHES	7	14	rasches
RATHAUSSAAL	11	14	Rathaussaal
RATIONALE	9	14	rationale
RATSSITZUNG	11	14	Ratssitzung
RAUHE	5	14	rauhe
REAGIERE	8	14	reagiere
REANIMIERT	10	14	reanimiert
REBELL	6	14	Rebell
REELLEN	7	14	reellen
REFERIERT	9	14	referiert
REFUGIUM	8	14	Refugium
REGUNG	6	14	Regung
REGUNGSLOS	10	14	regungslos
REIBT	5	14	reibt
REICHTUMS	9	14	Reichtums
REIFUNG	7	14	Reifung
REISEBUS	8	14	Reisebus
REITERIN	8	14	Reiterin
REKORDJAHR	10	14	Rekordjahr
REKTORAT	8	14	Rektorat
REMIX	5	14	Remix
RENDEZVOUS	10	14	Rendezvous
RENOVATION	10	14	Renovation
REPORTS	7	14	Reports
RESIDIERTE	10	14	residierte
RESULTIERE	10	14	resultiere
RIESA	5	14	Riesa
RIESENRAD	9	14	Riesenrad
RITTMEISTER	11	14	Rittmeister
ROECKE	6	14	Röcke
ROEMISCHES	10	14	römisches
ROETLICHE	9	14	rötliche
ROHEN	5	14	rohen
ROKOKO	6	14	Rokoko
ROLLTEN	7	14	rollten
ROSENHEIMER	11	14	Rosenheimer
ROSENMONTAG	11	14	Rosenmontag
ROSETTE	7	14	Rosette
ROTIEREN	8	14	rotieren
RUHTEN	6	14	ruhten
RUNDBLICK	9	14	Rundblick
RUNDREISE	9	14	Rundreise
SAALES	6	14	Saales
SABOTAGE	8	14	Sabotage
SAINTS	6	14	Saints
SAKRALEN	8	14	sakralen
SALZGEHALT	10	14	Salzgehalt
SAMANTHA	8	14	Samantha
SAMSTAGEN	9	14	Samstagen
SANIERTEN	9	14	sanierten
SANIERUNGEN	11	14	Sanierungen
SAUBERES	8	14	sauberes
SAUEREI	7	14	Sauerei
SCHAFFNER	9	14	Schaffner
SCHALTUNGEN	11	14	Schaltungen
SCHAMANEN	9	14	Schamanen
SCHANGHAI	9	14	Schanghai
SCHAUKELN	9	14	schaukeln
SCHEISS	7	14	Scheiß
SCHENKTEN	9	14	schenkten
SCHIENBEIN	10	14	Schienbein
SCHIMMERT	9	14	schimmert
SCHLAPP	7	14	schlapp
SCHLEPPT	8	14	schleppt
SCHMACH	7	14	Schmach
SCHMERZFREI	11	14	schmerzfrei
SCHNABELS	9	14	Schnabels
SCHOENAU	8	14	Schönau
SCHOENSTES	10	14	schönstes
SCHOEPFTE	9	14	schöpfte
SCHONFRIST	10	14	Schonfrist
SCHRAENKEN	10	14	Schränken
SCHREIBSTIL	11	14	Schreibstil
SCHUETTET	9	14	schüttet
SCHUETZENDE	11	14	schützende
SCHWACHES	9	14	schwaches
SCHWAND	7	14	schwand
SCHWEBE	7	14	Schwebe
SCHWEDIN	8	14	Schwedin
SCHWEDISCH	10	14	Schwedisch
SCHWEINEN	9	14	Schweinen
SCHWERERE	9	14	schwerere
SCHWIMMERIN	11	14	Schwimmerin
SEGMENTS	8	14	Segments
SELBIGES	8	14	Selbiges
SELTENSTEN	10	14	seltensten
SEMIFINALE	10	14	Semifinale
SENDETERMIN	11	14	Sendetermin
SENSIBLEN	9	14	sensiblen
SEYCHELLEN	10	14	Seychellen
SHOOTING	8	14	Shooting
SHOPPEN	7	14	Shoppen
SIMULATOR	9	14	Simulator
SIRUP	5	14	Sirup
SITCOM	6	14	Sitcom
SKIZZIERTE	10	14	skizzierte
SKLAVIN	7	14	Sklavin
SKRUPEL	7	14	Skrupel
SOLCHEM	7	14	solchem
SONDERBAR	9	14	sonderbar
SONDERHEFT	10	14	Sonderheft
SONDERWEG	9	14	Sonderweg
SONNABENDS	10	14	Sonnabends
SONNTAGE	8	14	Sonntage
SORBISCHE	9	14	sorbische
SPARREN	7	14	Sparren
SPARSAME	8	14	sparsame
SPARTANISCH	11	14	spartanisch
SPECHT	6	14	Specht
SPECIALS	8	14	Specials
SPEDITEURE	10	14	Spediteure
SPEICHEN	8	14	Speichen
SPEKULATIVE	11	14	spekulative
SPIELMODI	9	14	Spielmodi
SPIELSUCHT	10	14	Spielsucht
SPRECHENDEN	11	14	sprechenden
SPRICHST	8	14	sprichst
SPRUEHEN	8	14	sprühen
SPUELUNG	8	14	Spülung
STABSCHEF	9	14	Stabschef
STADEL	6	14	Stadel
STADTRAETIN	11	14	Stadträtin
STAHLBETON	10	14	Stahlbeton
STAHLBLECH	10	14	Stahlblech
STANDING	8	14	Standing
STEINES	7	14	Steines
STETTEN	7	14	Stetten
STEUERTEN	9	14	steuerten
STEUERWAGEN	11	14	Steuerwagen
STICHEN	7	14	Stichen
STICK	5	14	Stick
STIFTS	6	14	Stifts
STIRNSEITEN	11	14	Stirnseiten
STOLPERT	8	14	stolpert
STRADA	6	14	Strada
STRAEUBT	8	14	sträubt
STRAFFUNG	9	14	Straffung
STRATEGEN	9	14	Strategen
STRENGSTEN	10	14	strengsten
STRICK	6	14	Strick
STRITTIGEN	10	14	strittigen
STROMKABEL	10	14	Stromkabel
STUMME	6	14	stumme
STUMMFILM	9	14	Stummfilm
STUTZEN	7	14	Stutzen
STUTZIG	7	14	stutzig
STYLING	7	14	Styling
SUEDBAHN	8	14	Südbahn
SUEDLICHSTE	11	14	südlichste
SUESSWASSER	11	14	Süßwasser
SUFFIX	6	14	Suffix
SUNDAY	6	14	Sunday
SUNNITEN	8	14	Sunniten
SWIFT	5	14	Swift
TAEKWONDO	9	14	Taekwondo
TAETE	5	14	täte
TAGTAEGLICH	11	14	tagtäglich
TALGRUND	8	14	Talgrund
TALKSHOWS	9	14	Talkshows
TALSTATION	10	14	Talstation
TAMBON	6	14	Tambon
TANZSCHULE	10	14	Tanzschule
TAPETEN	7	14	Tapeten
TASCHENTUCH	11	14	Taschentuch
TAUCHERN	8	14	Tauchern
TEILWEISEN	10	14	teilweisen
TELLERN	7	14	Tellern
TEMPLER	7	14	Templer
TENNISHALLE	11	14	Tennishalle
TESTLAUF	8	14	Testlauf
TETTNANG	8	14	Tettnang
TEXANER	7	14	Texaner
THALER	6	14	Thaler
THING	5	14	Thing
THORAX	6	14	Thorax
TICKER	6	14	Ticker
TITELROLLE	10	14	Titelrolle
TITTEN	6	14	Titten
TODESTAGES	10	14	Todestages
TOLEDO	6	14	Toledo
TOLKIEN	7	14	Tolkien
TORSO	5	14	Torso
TORTURM	7	14	Torturm
TRAEGERIN	9	14	Trägerin
TRAGFAEHIGE	11	14	tragfähige
TRAGISCHER	10	14	tragischer
TRAGISCHES	10	14	tragisches
TRAGT	5	14	tragt
TRAGZEIT	8	14	Tragzeit
TRAINIERTEN	11	14	trainierten
TRAKTAT	7	14	Traktat
TRAM	4	14	Tram
TRANKEN	7	14	tranken
TRASSEN	7	14	Trassen
TREFFEND	8	14	treffend
TREUER	6	14	treuer
TRIEBWERKS	10	14	Triebwerks
TRIENT	6	14	Trient
TRIUMPHZUG	10	14	Triumphzug
TROISDORF	9	14	Troisdorf
TROMMLER	8	14	Trommler
TROMPETEN	9	14	Trompeten
TROMPETER	9	14	Trompeter
TROSS	5	14	Tross
TRUEBER	7	14	trüber
TRUEGEN	7	14	trügen
TSCHECHISCH	11	14	Tschechisch
TUECKISCH	9	14	tückisch
TUERKIS	7	14	türkis
TUMORZELLEN	11	14	Tumorzellen
TURBOLADER	10	14	Turbolader
TURNSCHUHE	10	14	Turnschuhe
UEBERBOTEN	10	14	überboten
UEBERMORGEN	11	14	übermorgen
UEBERMUT	8	14	Übermut
UEBERRESTEN	11	14	Überresten
UEBERTRUGEN	11	14	übertrugen
UEBLER	6	14	übler
UEPPIGER	8	14	üppiger
UMGELADEN	9	14	umgeladen
UMKAEMPFTEN	11	14	umkämpften
UMSCHREIBEN	11	14	umschreiben
UMSTEHENDEN	11	14	Umstehenden
UMZUWANDELN	11	14	umzuwandeln
UNBEHANDELT	11	14	unbehandelt
UNEHELICHE	10	14	uneheliche
UNERFUELLT	10	14	unerfüllt
UNGENAUE	8	14	ungenaue
UNGENUTZTE	10	14	ungenutzte
UNGESICHERT	11	14	ungesichert
UNGNADE	7	14	Ungnade
UNHEILBAR	9	14	unheilbar
UNISONO	7	14	unisono
UNTERSAGEN	10	14	untersagen
UNTERZOG	8	14	unterzog
UNWAHR	6	14	unwahr
UPLOAD	6	14	Upload
URGESTEIN	9	14	Urgestein
URLAUBSZEIT	11	14	Urlaubszeit
VARIIERTEN	10	14	variierten
VERBANDEN	9	14	verbanden
VERBITTERT	10	14	verbittert
VERGASER	8	14	Vergaser
VERHEIRATEN	11	14	verheiraten
VERHIELTEN	10	14	verhielten
VERHOERE	8	14	Verhöre
VERIRRT	7	14	verirrt
VERLASSENES	11	14	verlassenes
VERLINKT	8	14	verlinkt
VERLUSTES	9	14	Verlustes
VERLUSTZONE	11	14	Verlustzone
VERMOEGENDE	11	14	vermögende
VERPFAENDET	11	14	verpfändet
VERPUPPEN	9	14	verpuppen
VERREISEN	9	14	verreisen
VERSATZ	7	14	Versatz
VERSCHIFFT	10	14	verschifft
VERSENKEN	9	14	versenken
VERSPUERT	9	14	verspürt
VERSTIESS	9	14	verstieß
VERTRIEBENE	11	14	Vertriebene
VERUEBTE	8	14	verübte
VERWALTETEN	11	14	verwalteten
VERWICKELTE	11	14	verwickelte
VERWUESTETE	11	14	verwüstete
VERWUNDUNG	10	14	Verwundung
VIAGRA	6	14	Viagra
VIEHHALTUNG	11	14	Viehhaltung
VIERTELN	8	14	Vierteln
VIKAR	5	14	Vikar
VOLKSGRUPPE	11	14	Volksgruppe
VOLKSLIED	9	14	Volkslied
VORDERRAND	10	14	Vorderrand
VORGEWARNT	10	14	vorgewarnt
VORHANDENES	11	14	vorhandenes
VORRANGIGES	11	14	Vorrangiges
VORSTELLT	9	14	vorstellt
VORVERLEGT	10	14	vorverlegt
VORZUWEISEN	11	14	vorzuweisen
WAERS	5	14	wärs
WAHLKAEMPFE	11	14	Wahlkämpfe
WALZEN	6	14	Walzen
WARENDORF	9	14	Warendorf
WARNE	5	14	warne
WASSERWERKE	11	14	Wasserwerke
WECHSELNDER	11	14	wechselnder
WEIBLICHES	10	14	weibliches
WEIHEN	6	14	Weihen
WEISSLICHEN	11	14	weißlichen
WEITESTE	8	14	weiteste
WEITETEN	8	14	weiteten
WELTORDNUNG	11	14	Weltordnung
WENDEZEIT	9	14	Wendezeit
WERBER	6	14	Werber
WESTERWALD	10	14	Westerwald
WESTUFER	8	14	Westufer
WIDRIGEN	8	14	widrigen
WIEGELT	7	14	wiegelt
WINDESEILE	10	14	Windeseile
WINDKRAFT	9	14	Windkraft
WINDPARK	8	14	Windpark
WINKTEN	7	14	winkten
WIPPE	5	14	Wippe
WITZIGE	7	14	witzige
WOHLAUF	7	14	wohlauf
WOHNBAU	7	14	Wohnbau
WORMSER	7	14	Wormser
WUENSCHTEN	10	14	wünschten
WUESSTEN	8	14	wüssten
WUNDERVOLL	10	14	wundervoll
WYOMING	7	14	Wyoming
ZEITLANG	8	14	Zeitlang
ZEITRAUMS	9	14	Zeitraums
ZERSCHLUGEN	11	14	zerschlugen
ZISTERNE	8	14	Zisterne
ZIVILRECHT	10	14	Zivilrecht
ZOELLE	6	14	Zölle
ZOOLOGIE	8	14	Zoologie
ZUENFTE	7	14	Zünfte
ZUENFTIGE	9	14	zünftige
ZUGFAHRT	8	14	Zugfahrt
ZUGMASCHINE	11	14	Zugmaschine
ZULIEFERERN	11	14	Zulieferern
ZUNAHM	6	14	zunahm
ZUSPITZUNG	10	14	Zuspitzung
ZWEIFACH	8	14	zweifach
ZWEIKAEMPFE	11	14	Zweikämpfe
ZWEITAEGIGE	11	14	zweitägige
ZWICKAUER	9	14	Zwickauer
ABBESTELLEN	11	13	abbestellen
ABCHASIEN	9	13	Abchasien
ABFALLENDE	10	13	abfallende
ABFASSUNG	9	13	Abfassung
ABFERTIGUNG	11	13	Abfertigung
ABGAB	5	13	abgab
ABGEFEDERT	10	13	abgefedert
ABGEKLUNGEN	11	13	abgeklungen
ABGENEIGT	9	13	abgeneigt
ABGESACKT	9	13	abgesackt
ABGESTIMMTE	11	13	abgestimmte
ABGESTOSSEN	11	13	abgestoßen
ABHAENGIGE	10	13	abhängige
ABLEITET	8	13	ableitet
ABSATZKRISE	11	13	Absatzkrise
ABSCHUESSE	10	13	Abschüsse
ABSTUFUNG	9	13	Abstufung
ABSURDEN	8	13	absurden
ABWICKELN	9	13	abwickeln
ABZUHOLEN	9	13	abzuholen
ADOPTIERTE	10	13	adoptierte
ADVISORY	8	13	Advisory
AELTESTES	9	13	ältestes
AEQUATOR	8	13	Äquator
AKADEMISCH	10	13	akademisch
AKNE	4	13	Akne
AKTIENRECHT	11	13	Aktienrecht
AKTIVIERTE	10	13	aktivierte
ALARMSTUFE	10	13	Alarmstufe
ALMATY	6	13	Almaty
ALTPAPIER	9	13	Altpapier
AMATEURLIGA	11	13	Amateurliga
AMAZONEN	8	13	Amazonen
AMBIVALENZ	10	13	Ambivalenz
AMELIA	6	13	Amelia
AMTIERENDER	11	13	amtierender
ANANAS	6	13	Ananas
ANBAUEN	7	13	anbauen
ANBRINGUNG	10	13	Anbringung
ANDERSHERUM	11	13	andersherum
ANDORRA	7	13	Andorra
ANEKDOTE	8	13	Anekdote
ANGEKNUEPFT	11	13	angeknüpft
ANGEPASSTEN	11	13	angepassten
ANGERATEN	9	13	angeraten
ANGERUECKT	10	13	angerückt
ANGESEHENER	11	13	angesehener
ANGESETZTE	10	13	angesetzte
ANHAENGE	8	13	Anhänge
ANHIELT	7	13	anhielt
ANIMAL	6	13	Animal
ANKAMEN	7	13	ankamen
ANKOMMENDE	10	13	ankommende
ANLIEGEND	9	13	anliegend
ANRAINER	8	13	Anrainer
ANRUFUNG	8	13	Anrufung
ANSAGEN	7	13	Ansagen
ANSIEHT	7	13	ansieht
ANSPRICHT	9	13	anspricht
ANSTAENDIG	10	13	anständig
ANSTREBTE	9	13	anstrebte
ANTALYA	7	13	Antalya
ANWALTS	7	13	Anwalts
APPROBATION	11	13	Approbation
APSIDEN	7	13	Apsiden
ARCHAISCHE	10	13	archaische
ARENEN	6	13	Arenen
ASCHEWOLKE	10	13	Aschewolke
ASSESSMENT	10	13	Assessment
ASSISTIERTE	11	13	assistierte
ATLANTEN	8	13	Atlanten
ATOMKRIEG	9	13	Atomkrieg
ATTENTATEN	10	13	Attentaten
AUFBAUEND	9	13	aufbauend
AUFBRUCHS	9	13	Aufbruchs
AUFGEHEIZT	10	13	aufgeheizt
AUFGUSS	7	13	Aufguss
AUFHAENGEN	10	13	Aufhängen
AUFLOESTE	9	13	auflöste
AUFREGENDEN	11	13	aufregenden
AUFRICHTIG	10	13	aufrichtig
AUFSCHWUNGS	11	13	Aufschwungs
AUFSTAENDE	10	13	Aufstände
AUFTEILEN	9	13	aufteilen
AUGENBRAUE	10	13	Augenbraue
AUSERKOREN	10	13	auserkoren
AUSGRAEBER	10	13	Ausgräber
AUSHUB	6	13	Aushub
AUSLEBEN	8	13	ausleben
AUSLOTEN	8	13	ausloten
AUSRUFUNG	9	13	Ausrufung
AUSSTEHENDE	11	13	ausstehende
AUSTRETEN	9	13	austreten
AUTODIDAKT	10	13	Autodidakt
AUTOREIFEN	10	13	Autoreifen
AUTORITAERE	11	13	autoritäre
AVANCEN	7	13	Avancen
AVIGNON	7	13	Avignon
BADEHAUS	8	13	Badehaus
BADESAISON	10	13	Badesaison
BAECKEREIEN	11	13	Bäckereien
BAEDERN	7	13	Bädern
BAEUMCHEN	9	13	Bäumchen
BAHNTRASSE	10	13	Bahntrasse
BALANCIERT	10	13	balanciert
BALDACHIN	9	13	Baldachin
BALLBESITZ	10	13	Ballbesitz
BALLEN	6	13	Ballen
BANDNAME	8	13	Bandname
BARZAHLUNG	10	13	Barzahlung
BASIERENDE	10	13	basierende
BAUGLEICHE	10	13	baugleiche
BAUSCHUTT	9	13	Bauschutt
BAUSTEINEN	10	13	Bausteinen
BAUTRAEGER	10	13	Bauträger
BAVARIA	7	13	Bavaria
BEAMER	6	13	Beamer
BEBTE	5	13	bebte
BEDANKE	7	13	bedanke
BEDIENER	8	13	Bediener
BEENGTEN	8	13	beengten
BEFUELLEN	9	13	Befüllen
BEFUGNIS	8	13	Befugnis
BEGABUNGEN	10	13	Begabungen
BEGEHBAREN	10	13	begehbaren
BEGINNS	7	13	Beginns
BEIER	5	13	Beier
BEIGEFUEGTE	11	13	beigefügte
BEIRATES	8	13	Beirates
BEIZUTRAGEN	11	13	beizutragen
BEJAHTE	7	13	bejahte
BEJUBELN	8	13	bejubeln
BELAGERER	9	13	Belagerer
BELAUSCHT	9	13	belauscht
BELEHNT	7	13	belehnt
BELGRADER	9	13	Belgrader
BELICHTUNG	10	13	Belichtung
BELIESS	7	13	beließ
BELLEN	6	13	Bellen
BELLEVUE	8	13	Bellevue
BENSON	6	13	Benson
BENUETZEN	9	13	benützen
BENZINPREIS	11	13	Benzinpreis
BERATERIN	9	13	Beraterin
BEREINIGUNG	11	13	Bereinigung
BERGHANG	8	13	Berghang
BERGHEIM	8	13	Bergheim
BESATZERN	9	13	Besatzern
BESCHISSEN	10	13	beschissen
BESEITIGTE	10	13	beseitigte
BESSERN	7	13	bessern
BESTAUNT	8	13	bestaunt
BESTELLERS	10	13	Bestellers
BESTZEITEN	10	13	Bestzeiten
BETETE	6	13	betete
BETHLEHEM	9	13	Bethlehem
BETONIERT	9	13	betoniert
BETRAEGEN	9	13	Beträgen
BETREFF	7	13	Betreff
BETREUENDEN	11	13	betreuenden
BETREUERN	9	13	Betreuern
BEUGEN	6	13	beugen
BEUNRUHIGEN	11	13	beunruhigen
BEURKUNDUNG	11	13	Beurkundung
BEVOELKERN	10	13	bevölkern
BEVORZUGE	9	13	bevorzuge
BEWAG	5	13	Bewag
BEWUNDERE	9	13	bewundere
BEZUGSPREIS	11	13	Bezugspreis
BILDLICHE	9	13	bildliche
BILDSCHIRMS	11	13	Bildschirms
BINDESTRICH	11	13	Bindestrich
BINNENMARKT	11	13	Binnenmarkt
BLANKENBURG	11	13	Blankenburg
BLENDE	6	13	Blende
BLOCKBUSTER	11	13	Blockbuster
BLUTSPENDEN	11	13	Blutspenden
BOESARTIGE	10	13	bösartige
BOETE	5	13	böte
BOHRER	6	13	Bohrer
BOLSCHEWIKI	11	13	Bolschewiki
BONBONS	7	13	Bonbons
BOOMEN	6	13	boomen
BOUTIQUE	8	13	Boutique
BRANDORT	8	13	Brandort
BRANDSTELLE	11	13	Brandstelle
BRAUNAU	7	13	Braunau
BREDOUILLE	10	13	Bredouille
BREITESTEN	10	13	breitesten
BROECKELTEN	11	13	bröckelten
BROTZEIT	8	13	Brotzeit
BUEFETT	7	13	Büfett
BUERGEN	7	13	bürgen
BUERGT	6	13	bürgt
BURGSTALL	9	13	Burgstall
CAIRNS	6	13	Cairns
CALDERA	7	13	Caldera
CARPORT	7	13	Carport
CELTICS	7	13	Celtics
CHEATS	6	13	Cheats
CHESTER	7	13	Chester
CHIPSATZ	8	13	Chipsatz
CHORGESANG	10	13	Chorgesang
COMMAND	7	13	Command
COMTE	5	13	Comte
CONSEIL	7	13	Conseil
CONTACT	7	13	Contact
CONTAINERN	10	13	Containern
CORNWALL	8	13	Cornwall
CURSOR	6	13	Cursor
CUTTER	6	13	Cutter
CYBERSPACE	10	13	Cyberspace
DACHS	5	13	Dachs
DACHZIEGEL	10	13	Dachziegel
DADDY	5	13	Daddy
DAENISCH	8	13	Dänisch
DAHLEM	6	13	Dahlem
DAMMBRUCH	9	13	Dammbruch
DEFENSE	7	13	Defense
DELIKATESSE	11	13	Delikatesse
DELIKT	6	13	Delikt
DEMOKRATIEN	11	13	Demokratien
DEPUTY	6	13	Deputy
DERBE	5	13	derbe
DERGLEICHEN	11	13	dergleichen
DERZEITIGER	11	13	Derzeitiger
DETONIERTE	10	13	detonierte
DEVON	5	13	Devon
DICHTESTEN	10	13	dichtesten
DIEBEN	6	13	Dieben
DIENENDEN	9	13	dienenden
DIENSTWAGEN	11	13	Dienstwagen
DIESSEITS	9	13	Diesseits
DISTRIKTEN	10	13	Distrikten
DIVERSITAET	11	13	Diversität
DOCUMENTA	9	13	Documenta
DOMAENEN	8	13	Domänen
DOMINIKANER	11	13	Dominikaner
DOMINION	8	13	Dominion
DOMPLATZ	8	13	Domplatz
DOPINGFALL	10	13	Dopingfall
DOPPELLEBEN	11	13	Doppelleben
DORFSCHULE	10	13	Dorfschule
DORSTEN	7	13	Dorsten
DOTIERTEN	9	13	dotierten
DREISEITIG	10	13	dreiseitig
DREIST	6	13	dreist
DROGENSUCHT	11	13	Drogensucht
DUENNES	7	13	dünnes
DUKES	5	13	Dukes
DURCHGANGS	10	13	Durchgangs
EBENSOWENIG	11	13	Ebensowenig
EHELICHEN	9	13	ehelichen
EHRENGAST	9	13	Ehrengast
EHRENPLATZ	10	13	Ehrenplatz
EIGENARBEIT	11	13	Eigenarbeit
EIGENWILLIG	11	13	eigenwillig
EIGNETEN	8	13	eigneten
EILAND	6	13	Eiland
EINDAEMMUNG	11	13	Eindämmung
EINFETTEN	9	13	einfetten
EINFRIEDUNG	11	13	Einfriedung
EINGEBAUTEM	11	13	eingebautem
EINGEFUNDEN	11	13	eingefunden
EINGEPRAEGT	11	13	eingeprägt
EINGRENZEN	10	13	eingrenzen
EINKAEUFER	10	13	Einkäufer
EINZUORDNEN	11	13	einzuordnen
EISENSTADT	10	13	Eisenstadt
EISLEBEN	8	13	Eisleben
EIZELLEN	8	13	Eizellen
EKSTASE	7	13	Ekstase
ELASTISCHEN	11	13	elastischen
ELCHE	5	13	Elche
ELEKTRIK	8	13	Elektrik
ELEKTRIKER	10	13	Elektriker
ENDLICHE	8	13	endliche
ENGLISCHES	10	13	englisches
ENSTEHT	7	13	ensteht
ENTBEHRLICH	11	13	entbehrlich
ENTBEHRT	8	13	entbehrt
ENTKERNT	8	13	entkernt
ENTLEEREN	9	13	entleeren
ENTMUTIGEN	10	13	entmutigen
ENTSPANNEND	11	13	entspannend
ENTWARFEN	9	13	entwarfen
ENTWENDEN	9	13	entwenden
ENTWERTET	9	13	entwertet
ERBAERMLICH	11	13	erbärmlich
ERBEUTEN	8	13	erbeuten
ERBLICH	7	13	erblich
ERDWAELLE	9	13	Erdwälle
ERDWALL	7	13	Erdwall
ERFAEHRST	9	13	erfährst
ERFAHRE	7	13	erfahre
ERFORDERNIS	11	13	Erfordernis
ERFORDERTEN	11	13	erforderten
ERHABEN	7	13	erhaben
ERHOBENE	8	13	erhobene
ERHOLSAME	9	13	erholsame
ERKAEMPFEN	10	13	erkämpfen
ERKLAERBAR	10	13	erklärbar
ERKLIMMEN	9	13	erklimmen
ERMUTIGEN	9	13	ermutigen
ERMUTIGUNG	10	13	Ermutigung
ERNIEDRIGT	10	13	erniedrigt
EROBERER	8	13	Eroberer
EROERTERUNG	11	13	Erörterung
ERRICHTETES	11	13	errichtetes
ERSCHLOSS	9	13	erschloss
ERSCHOEPFTE	11	13	erschöpfte
ERSCHWERE	9	13	erschwere
ERSTANDEN	9	13	erstanden
ERSTARRUNG	10	13	Erstarrung
ERSTEIGERN	10	13	ersteigern
ERSTERER	8	13	Ersterer
ERSTMALIGEN	11	13	erstmaligen
ERSTRECKTEN	11	13	erstreckten
ERSTSTIMMEN	11	13	Erststimmen
ERTRINKT	8	13	ertrinkt
ERWARTENDEN	11	13	erwartenden
ERZWUNGENEN	11	13	erzwungenen
ESSTISCH	8	13	Esstisch
ESTRICH	7	13	Estrich
ETIKETTE	8	13	Etikette
ETWAIGEN	8	13	etwaigen
EULEN	5	13	Eulen
EXPORTEN	8	13	Exporten
EXTREMISMUS	11	13	Extremismus
FACHBUECHER	11	13	Fachbücher
FACHTAGUNG	10	13	Fachtagung
FACILITY	8	13	Facility
FAEUSTEN	8	13	Fäusten
FAHRERHAUS	10	13	Fahrerhaus
FAHRERTUER	10	13	Fahrertür
FAIBLE	6	13	Faible
FALLSTRICKE	11	13	Fallstricke
FALLSTUDIE	10	13	Fallstudie
FANCLUB	7	13	Fanclub
FAUXPAS	7	13	Fauxpas
FAVORITIN	9	13	Favoritin
FEGEFEUER	9	13	Fegefeuer
FEGT	4	13	fegt
FELSWAENDE	10	13	Felswände
FERNSEHSHOW	11	13	Fernsehshow
FERNSEHTURM	11	13	Fernsehturm
FERNSTRASSE	11	13	Fernstraße
FERTIGES	8	13	fertiges
FESTLICHEN	10	13	festlichen
FESTMAHL	8	13	Festmahl
FEUCHTES	8	13	feuchtes
FEUERALARM	10	13	Feueralarm
FINNISCHER	10	13	finnischer
FISCHERS	8	13	Fischers
FISCHMARKT	10	13	Fischmarkt
FISCHZUCHT	10	13	Fischzucht
FLOEHE	6	13	Flöhe
FLUCHTWAGEN	11	13	Fluchtwagen
FLUECHTIGER	11	13	flüchtiger
FLUESSIGER	10	13	flüssiger
FLUGBAHN	8	13	Flugbahn
FLUGZEUGBAU	11	13	Flugzeugbau
FLURSTUECK	10	13	Flurstück
FOERDERNDE	10	13	fördernde
FOLGENLOS	9	13	folgenlos
FORMIEREN	9	13	formieren
FORTSETZTE	10	13	fortsetzte
FRAUENQUOTE	11	13	Frauenquote
FREISETZUNG	11	13	Freisetzung
FRIEDLICHER	11	13	friedlicher
FRISTLOSE	9	13	fristlose
FUECHSEN	8	13	Füchsen
FUEGTEN	7	13	fügten
FUGGER	6	13	Fugger
FURCHE	6	13	Furche
FUSSBALLFAN	11	13	Fußballfan
GALAXIS	7	13	Galaxis
GALLE	5	13	Galle
GARDINEN	8	13	Gardinen
GARNISONEN	10	13	Garnisonen
GASTES	6	13	Gastes
GASTGEWERBE	11	13	Gastgewerbe
GASTIERTE	9	13	gastierte
GEADELT	7	13	geadelt
GEBORENER	9	13	geborener
GEDECKELT	9	13	gedeckelt
GEDRUNGEN	9	13	gedrungen
GEFAESSES	9	13	Gefäßes
GEFAHRENEN	10	13	gefahrenen
GEFLOCHTEN	10	13	geflochten
GEFOERDERTE	11	13	geförderte
GEFUNDENES	10	13	gefundenes
GEGENLIEBE	10	13	Gegenliebe
GEHORCHT	8	13	gehorcht
GEHZEIT	7	13	Gehzeit
GEISTE	6	13	Geiste
GEKEHRT	7	13	gekehrt
GEKRACHT	8	13	gekracht
GELBEM	6	13	gelbem
GELDANLAGEN	11	13	Geldanlagen
GELECKT	7	13	geleckt
GELINGE	7	13	gelinge
GEMAECHLICH	11	13	gemächlich
GEMALTEN	8	13	gemalten
GEMISCHTER	10	13	gemischter
GENAUESTENS	11	13	genauestens
GENDER	6	13	Gender
GENERIERUNG	11	13	Generierung
GENESEN	7	13	genesen
GEOLOGISCH	10	13	geologisch
GEQUETSCHT	10	13	gequetscht
GERAEUSCHEN	11	13	Geräuschen
GERAST	6	13	gerast
GERUCHSSINN	11	13	Geruchssinn
GESAMTPREIS	11	13	Gesamtpreis
GESANDTE	8	13	Gesandte
GESCHIEDENE	11	13	geschiedene
GESCHLUEPFT	11	13	geschlüpft
GESCHOEPFT	10	13	geschöpft
GESTECKTEN	10	13	gesteckten
GESUNDUNG	9	13	Gesundung
GETIPPT	7	13	getippt
GETRAGENEN	10	13	getragenen
GEWAEHRTEN	10	13	gewährten
GEWALTTAT	9	13	Gewalttat
GEWANDERT	9	13	gewandert
GINGS	5	13	gings
GIRO	4	13	Giro
GLASFASSADE	11	13	Glasfassade
GLASUR	6	13	Glasur
GLEISBETT	9	13	Gleisbett
GLITT	5	13	glitt
GNADENLOSER	11	13	gnadenloser
GORILLAS	8	13	Gorillas
GRABMAELER	10	13	Grabmäler
GRAEBT	6	13	gräbt
GRAMMY	6	13	Grammy
GRAUGRUEN	9	13	graugrün
GROSSFEUER	10	13	Großfeuer
GROSSKUNDEN	11	13	Großkunden
GROSSMACHT	10	13	Großmacht
GROSSMARKT	10	13	Großmarkt
GRUPPENRAUM	11	13	Gruppenraum
GUELLE	6	13	Gülle
GUELTIGER	9	13	gültiger
GUETLICHE	9	13	gütliche
GULAG	5	13	Gulag
HABITUS	7	13	Habitus
HADERT	6	13	hadert
HAEKCHEN	8	13	Häkchen
HAENDLERS	9	13	Händlers
HAENGEND	8	13	hängend
HAENGENDE	9	13	hängende
HAERTEREN	9	13	härteren
HAEUTUNG	8	13	Häutung
HAGER	5	13	Hager
HALLENSER	9	13	Hallenser
HALLESCHE	9	13	Hallesche
HANDFESTEN	10	13	handfesten
HANDSCHUH	9	13	Handschuh
HAUCHDUENN	10	13	hauchdünn
HAUPTARBEIT	11	13	Hauptarbeit
HAUPTINSEL	10	13	Hauptinsel
HAUSTECHNIK	11	13	Haustechnik
HAUSVERBOT	10	13	Hausverbot
HAUTKREBS	9	13	Hautkrebs
HEADER	6	13	Header
HEBRAEISCHE	11	13	hebräische
HEIMATBUCH	10	13	Heimatbuch
HEISE	5	13	Heise
HEIZUNGEN	9	13	Heizungen
HELLERE	7	13	hellere
HELLEREN	8	13	helleren
HERRENBERG	10	13	Herrenberg
HERZBLUT	8	13	Herzblut
HINDERLICH	10	13	hinderlich
HINDERT	7	13	hindert
HINRICHTEN	10	13	hinrichten
HITCHCOCK	9	13	Hitchcock
HITLISTE	8	13	Hitliste
HOCHKULTUR	10	13	Hochkultur
HOCHSPRUNG	10	13	Hochsprung
HOCHSTAPLER	11	13	Hochstapler
HOCHSTUFUNG	11	13	Hochstufung
HOELZERNES	10	13	hölzernes
HOERBUECHER	11	13	Hörbücher
HOERNERN	8	13	Hörnern
HOLZBAU	7	13	Holzbau
HOLZHAUS	8	13	Holzhaus
HUEHNCHEN	9	13	Hühnchen
HUEHNERN	8	13	Hühnern
HUETER	6	13	Hüter
HUMORVOLLE	10	13	humorvolle
HUNGRIGE	8	13	hungrige
HYDRANTEN	9	13	Hydranten
HYPERLINKS	10	13	Hyperlinks
ICONS	5	13	Icons
IHRHOVE	7	13	Ihrhove
IKONEN	6	13	Ikonen
IMAGINES	8	13	Imagines
IMMERNOCH	9	13	immernoch
IMPERIAL	8	13	Imperial
IMPLANTAT	9	13	Implantat
IMPLANTIERT	11	13	implantiert
INDEXSPITZE	11	13	Indexspitze
INDIZIERUNG	11	13	Indizierung
INFEKT	6	13	Infekt
INFORMANT	9	13	Informant
INFORMELLE	10	13	informelle
INJIZIERT	9	13	injiziert
INNENRAUMS	10	13	Innenraums
INNIGE	6	13	innige
INSOLVENTEN	11	13	insolventen
INSTINKT	8	13	Instinkt
INSTRUKTION	11	13	Instruktion
INTEGRALER	10	13	integraler
INTRO	5	13	Intro
INVENTUR	8	13	Inventur
IRRATIONAL	10	13	irrational
IRREPARABEL	11	13	irreparabel
JEWISH	6	13	Jewish
JOBSUCHE	8	13	Jobsuche
JUDOKA	6	13	Judoka
JUNIORINNEN	11	13	Juniorinnen
KABARETTIST	11	13	Kabarettist
KADETTEN	8	13	Kadetten
KAHLEN	6	13	kahlen
KANTONALE	9	13	kantonale
KAPITOL	7	13	Kapitol
KAPUTTE	7	13	kaputte
KARABINER	9	13	Karabiner
KARAT	5	13	Karat
KARLSBAD	8	13	Karlsbad
KARWOCHE	8	13	Karwoche
KENNUNG	7	13	Kennung
KERNEL	6	13	Kernel
KERNS	5	13	Kerns
KESSELHAUS	10	13	Kesselhaus
KINDERLOSE	10	13	kinderlose
KINOSAAL	8	13	Kinosaal
KLAGEWELLE	10	13	Klagewelle
KLAMM	5	13	klamm
KLATSCH	7	13	Klatsch
KLAVIERE	8	13	Klaviere
KLICKT	6	13	klickt
KLINKE	6	13	Klinke
KNUELLER	8	13	Knüller
KODIERUNG	9	13	Kodierung
KOESENER	8	13	Kösener
KOFFERN	7	13	Koffern
KOMISCHES	9	13	komisches
KONSULN	7	13	Konsuln
KONSUMKLIMA	11	13	Konsumklima
KONTERT	7	13	kontert
KONVEKTION	10	13	Konvektion
KONVOIS	7	13	Konvois
KOPFSCHUSS	10	13	Kopfschuss
KORNGROESSE	11	13	Korngröße
KOSTBAR	7	13	kostbar
KRACHER	7	13	Kracher
KRAENE	6	13	Kräne
KRAFTAKT	8	13	Kraftakt
KREISBAHN	9	13	Kreisbahn
KREISFREIEN	11	13	kreisfreien
KRIECHT	7	13	kriecht
KRIPPEN	7	13	Krippen
KRONPRINZEN	11	13	Kronprinzen
KUNDENSTAMM	11	13	Kundenstamm
KUNSTVOLLEN	11	13	kunstvollen
KURHAUS	7	13	Kurhaus
KURSSTURZ	9	13	Kurssturz
LADEGLEIS	9	13	Ladegleis
LADENS	6	13	Ladens
LADEVOLUMEN	11	13	Ladevolumen
LADUNGEN	8	13	Ladungen
LAENGSSEITE	11	13	Längsseite
LAENGSTENS	10	13	längstens
LAEUTET	7	13	läutet
LAMBORGHINI	11	13	Lamborghini
LANDFLAECHE	11	13	Landfläche
LANDSHUTER	10	13	Landshuter
LANDSITZ	8	13	Landsitz
LANGWEILT	9	13	langweilt
LAUFWERKE	9	13	Laufwerke
LEGALISIERT	11	13	legalisiert
LEIBE	5	13	Leibe
LEITE	5	13	leite
LESBARKEIT	10	13	Lesbarkeit
LESERBRIEFE	11	13	Leserbriefe
LESESAAL	8	13	Lesesaal
LETHARGIE	9	13	Lethargie
LICHTSTRAHL	11	13	Lichtstrahl
LIEBES	6	13	liebes
LIEDTEXT	8	13	Liedtext
LIGAPOKAL	9	13	Ligapokal
LINGEN	6	13	Lingen
LINGUISTIK	10	13	Linguistik
LINKSAUSSEN	11	13	Linksaußen
LITERATEN	9	13	Literaten
LIVING	6	13	Living
LOCKERT	7	13	lockert
LUENEBURGER	11	13	Lüneburger
LUENEN	6	13	Lünen
LUFTFEUCHTE	11	13	Luftfeuchte
LUFTFILTER	10	13	Luftfilter
LUKEN	5	13	Luken
LUNGEN	6	13	Lungen
LYRISCHEN	9	13	lyrischen
MACAU	5	13	Macau
MACHERN	7	13	Machern
MACHTVAKUUM	11	13	Machtvakuum
MADISON	7	13	Madison
MAEDEL	6	13	Mädel
MAENNLICHES	11	13	männliches
MAESSIGEM	9	13	mäßigem
MAHNUNGEN	9	13	Mahnungen
MAILT	5	13	Mailt
MALMOE	6	13	Malmö
MANAGEN	7	13	managen
MANCHEM	7	13	manchem
MANGAS	6	13	Mangas
MANGELNDES	10	13	mangelndes
MANUELLES	9	13	manuelles
MAPPE	5	13	Mappe
MARKER	6	13	Marker
MASKIERTE	9	13	maskierte
MASSENMARKT	11	13	Massenmarkt
MAUERBAU	8	13	Mauerbau
MEHRAUFWAND	11	13	Mehraufwand
MENNONITEN	10	13	Mennoniten
MENU	4	13	Menu
MIETERBUND	10	13	Mieterbund
MILCHLING	9	13	Milchling
MINDERUNG	9	13	Minderung
MINIMALER	9	13	minimaler
MINISTERAMT	11	13	Ministeramt
MINNEAPOLIS	11	13	Minneapolis
MISCHUNGEN	10	13	Mischungen
MITGEGEBEN	10	13	mitgegeben
MITGEHEN	8	13	mitgehen
MITGENUTZT	10	13	mitgenutzt
MITSCHULDIG	11	13	mitschuldig
MITTELBAU	9	13	Mittelbau
MITTELLAUF	10	13	Mittellauf
MITZUWIRKEN	11	13	mitzuwirken
MODELLREIHE	11	13	Modellreihe
MODERNEM	8	13	modernem
MODEWELT	8	13	Modewelt
MOL	3	13	Mol
MONATLICHES	11	13	monatliches
MONTIERTE	9	13	montierte
MONUMENTS	9	13	Monuments
MOPED	5	13	Moped
MUEHSELIG	9	13	mühselig
MUELLKIPPE	10	13	Müllkippe
MUETZEN	7	13	Mützen
MUSCHELKALK	11	13	Muschelkalk
MUSE	4	13	Muse
MUSEALEN	8	13	musealen
MUSEO	5	13	Museo
MUSICA	6	13	Musica
MUSISCHE	8	13	musische
NABE	4	13	Nabe
NACHLADEN	9	13	Nachladen
NACHTTISCH	10	13	Nachttisch
NACHTWACHE	10	13	Nachtwache
NAEHERUNG	9	13	Näherung
NAIROBI	7	13	Nairobi
NATIVE	6	13	Native
NATURNAHE	9	13	naturnahe
NEBENERWERB	11	13	Nebenerwerb
NEBENWERTEN	11	13	Nebenwerten
NEBENZIMMER	11	13	Nebenzimmer
NETBOOKS	8	13	Netbooks
NEUHAUSEN	9	13	Neuhausen
NEUIGKEIT	9	13	Neuigkeit
NEURONALEN	10	13	neuronalen
NEWSGROUPS	10	13	Newsgroups
NIMBUS	6	13	Nimbus
NIMMER	6	13	nimmer
NORDENDE	8	13	Nordende
NORDEUROPA	10	13	Nordeuropa
NORDUFER	8	13	Nordufer
NOTAERZTE	9	13	Notärzte
NOTRUFE	7	13	Notrufe
OAKLAND	7	13	Oakland
OBELISK	7	13	Obelisk
OBLIEGEN	8	13	obliegen
OBOE	4	13	Oboe
OBSCHON	7	13	obschon
OKTAVE	6	13	Oktave
OLYMP	5	13	Olymp
OMAN	4	13	Oman
OMBUDSMANN	10	13	Ombudsmann
OPERATIVES	10	13	operatives
ORDINARIAT	10	13	Ordinariat
ORGANISCHER	11	13	organischer
ORGANSPENDE	11	13	Organspende
ORKS	4	13	Orks
ORTSVEREINE	11	13	Ortsvereine
OUTPUT	6	13	Output
OUVERTUERE	10	13	Ouvertüre
PALETTEN	8	13	Paletten
PAPENBURG	9	13	Papenburg
PAPPELN	7	13	Pappeln
PARADOXON	9	13	Paradoxon
PARKPLATZES	11	13	Parkplatzes
PARTEIBASIS	11	13	Parteibasis
PARTERRE	8	13	Parterre
PARTIDO	7	13	Partido
PASSES	6	13	Passes
PASSIERBAR	10	13	passierbar
PASSIERTEN	10	13	passierten
PEKINGER	8	13	Pekinger
PELLETS	7	13	Pellets
PENSUM	6	13	Pensum
PFARRBUERO	10	13	Pfarrbüro
PICCOLO	7	13	Piccolo
PIERCING	8	13	Piercing
PIRAT	5	13	Pirat
PIRNA	5	13	Pirna
PLAYERS	7	13	Players
POET	4	13	Poet
POINTEN	7	13	Pointen
POLICY	6	13	Policy
PORTOKOSTEN	11	13	Portokosten
PORTUGIESE	10	13	Portugiese
POSIERT	7	13	posiert
POSSE	5	13	Posse
POTENTIALE	10	13	Potentiale
POWERPLAY	9	13	Powerplay
PRAEFEKT	8	13	Präfekt
PRAEVENTIVE	11	13	präventive
PRAKTIKABLE	11	13	praktikable
PREISLICH	9	13	Preislich
PRIESTERS	9	13	Priesters
PRIMITIVEN	10	13	primitiven
PRIVATBANK	10	13	Privatbank
PRIVATSACHE	11	13	Privatsache
PROCEDERE	9	13	Procedere
PROFESSUREN	11	13	Professuren
PROFILIGA	9	13	Profiliga
PROFITEURE	10	13	Profiteure
PROGRESSION	11	13	Progression
PROST	5	13	Prost
PUNKTSPIEL	10	13	Punktspiel
PUNTA	5	13	Punta
QUALVOLL	8	13	qualvoll
QUARTALEN	9	13	Quartalen
QUERT	5	13	quert
QUITTIERTE	10	13	quittierte
RADELN	6	13	Radeln
RADES	5	13	Rades
RADFAHRERN	10	13	Radfahrern
RADIALEN	8	13	radialen
RADIOAKTIV	10	13	radioaktiv
RAFFINIERTE	11	13	raffinierte
RAUBT	5	13	raubt
RAUBTIERE	9	13	Raubtiere
READING	7	13	Reading
REALER	6	13	realer
REFERENDUMS	11	13	Referendums
REGISSEUREN	11	13	Regisseuren
REGULAERER	10	13	regulärer
REIBEREIEN	10	13	Reibereien
REIM	4	13	Reim
REISENDER	9	13	Reisender
REKORDWERT	10	13	Rekordwert
RENNSPORT	9	13	Rennsport
RENTIEREN	9	13	rentieren
RENTIERT	8	13	rentiert
RESISTENZ	9	13	Resistenz
RESPEKTIERE	11	13	respektiere
RESTRISIKO	10	13	Restrisiko
REZIPIENTEN	11	13	Rezipienten
RICHTWERTE	10	13	Richtwerte
RIND	4	13	Rind
RINGES	6	13	Ringes
RITTERSAAL	10	13	Rittersaal
RITUELLEN	9	13	rituellen
RODUNG	6	13	Rodung
ROHDATEN	8	13	Rohdaten
ROLLENDE	8	13	rollende
ROTENBURG	9	13	Rotenburg
ROTLICHT	8	13	Rotlicht
ROYALS	6	13	Royals
RUDOLSTADT	10	13	Rudolstadt
RUECKRAUM	9	13	Rückraum
RUFUS	5	13	Rufus
RUNDUMSICHT	11	13	Rundumsicht
RUSSISCHES	10	13	russisches
SABBAT	6	13	Sabbat
SAISONEN	8	13	Saisonen
SANDALEN	8	13	Sandalen
SANITAERE	9	13	sanitäre
SCANNEN	7	13	Scannen
SCHAFZUCHT	10	13	Schafzucht
SCHATTIGE	9	13	schattige
SCHELTE	7	13	Schelte
SCHIMMERN	9	13	schimmern
SCHIMPFT	8	13	schimpft
SCHIMPFWORT	11	13	Schimpfwort
SCHLAFRAUM	10	13	Schlafraum
SCHLICK	7	13	Schlick
SCHLOESSERN	11	13	Schlössern
SCHMUGGEL	9	13	Schmuggel
SCHNELLSTER	11	13	Schnellster
SCHREIBST	9	13	schreibst
SCHREINEREI	11	13	Schreinerei
SCHULALLTAG	11	13	Schulalltag
SCHULDIGE	9	13	Schuldige
SCHULFORM	9	13	Schulform
SCHULFORMEN	11	13	Schulformen
SCHULGESETZ	11	13	Schulgesetz
SCHWAEGERIN	11	13	Schwägerin
SCHWAERME	9	13	Schwärme
SCHWAERMTE	10	13	schwärmte
SCHWANZES	9	13	Schwanzes
SCHWAPPT	8	13	schwappt
SCHWEBEND	9	13	schwebend
SCHWECHAT	9	13	Schwechat
SCHWEIF	7	13	Schweif
SCHWEIZERIN	11	13	Schweizerin
SCHWENK	7	13	Schwenk
SCHWEREGRAD	11	13	Schweregrad
SCHWILLT	8	13	schwillt
SCREENSHOT	10	13	Screenshot
SEEFAHRER	9	13	Seefahrer
SEILWINDE	9	13	Seilwinde
SELIGEN	7	13	seligen
SEMINARRAUM	11	13	Seminarraum
SEXKONTAKTE	11	13	Sexkontakte
SIEGREICHE	10	13	siegreiche
SIGNALS	7	13	Signals
SITZBAENKE	10	13	Sitzbänke
SKALIERUNG	10	13	Skalierung
SKANDALEN	9	13	Skandalen
SKETCHE	7	13	Sketche
SKILIFT	7	13	Skilift
SKURRILE	8	13	skurrile
SONDEN	6	13	Sonden
SOTSCHI	7	13	Sotschi
SOZIETAET	9	13	Sozietät
SPAERLICHE	10	13	spärliche
SPAGHETTI	9	13	Spaghetti
SPEISE	6	13	Speise
SPENDETEN	9	13	spendeten
SPERMA	6	13	Sperma
SPERRZEIT	9	13	Sperrzeit
SPESEN	6	13	Spesen
SPIELSZENEN	11	13	Spielszenen
SPIELTISCH	10	13	Spieltisch
SPITAELER	9	13	Spitäler
SPITZBOGIGE	11	13	spitzbogige
SPITZTE	7	13	spitzte
SPONTANER	9	13	spontaner
SPORTLERIN	10	13	Sportlerin
SPORTSCHULE	11	13	Sportschule
SPRECHENDE	10	13	sprechende
SPROEDE	7	13	spröde
SPROSSEN	8	13	Sprossen
STAATL	6	13	Staatl
STACK	5	13	Stack
STAENDER	8	13	Ständer
STAHLSEIL	9	13	Stahlseil
STAMMTALKER	11	13	Stammtalker
STATTETE	8	13	stattete
STAUFER	7	13	Staufer
STEMMT	6	13	stemmt
STENDAL	7	13	Stendal
STERNBILD	9	13	Sternbild
STEWARDESS	10	13	Stewardess
STICHWORTEN	11	13	Stichworten
STOEHNT	7	13	stöhnt
STOEREND	8	13	störend
STRAFFE	7	13	straffe
STRAFPUNKTE	11	13	Strafpunkte
STRECKUNG	9	13	Streckung
STRITTIGE	9	13	strittige
STROMKREIS	10	13	Stromkreis
STUMPFEN	8	13	stumpfen
SUCHENDEN	9	13	Suchenden
SUDHAUS	7	13	Sudhaus
SUESSES	7	13	Süßes
SUMMIERTE	9	13	summierte
SUNSHINE	8	13	Sunshine
SUPERLATIV	10	13	Superlativ
SYNAGOGEN	9	13	Synagogen
TABERNAKEL	10	13	Tabernakel
TAGESSIEG	9	13	Tagessieg
TAIPEH	6	13	Taipeh
TALON	5	13	Talon
TARGET	6	13	Target
TASTATUREN	10	13	Tastaturen
TASTET	6	13	tastet
TATORTE	7	13	Tatorte
TAUGLICH	8	13	tauglich
TAUNUS	6	13	Taunus
TAXEN	5	13	Taxen
TEER	4	13	Teer
TEILSTUECKE	11	13	Teilstücke
TEMPORAEREN	11	13	temporären
TENNISSPORT	11	13	Tennissport
TERRARIUM	9	13	Terrarium
TERRE	5	13	Terre
TERRITORIAL	11	13	territorial
TESSIN	6	13	Tessin
TESTBERICHT	11	13	Testbericht
THEOLOGE	8	13	Theologe
THERAPEUT	9	13	Therapeut
TIERAERZTIN	11	13	Tierärztin
TISCHES	7	13	Tisches
TITANIC	7	13	Titanic
TOLERIEREN	10	13	tolerieren
TONART	6	13	Tonart
TONFALL	7	13	Tonfall
TONLAGE	7	13	Tonlage
TORBAU	6	13	Torbau
TORHUETERIN	11	13	Torhüterin
TOTALES	7	13	totales
TRABANT	7	13	Trabant
TRAGBARE	8	13	tragbare
TRAGFAEHIG	10	13	tragfähig
TRAUE	5	13	traue
TRAUMPAAR	9	13	Traumpaar
TRENDUMKEHR	11	13	Trendumkehr
TRIPLE	6	13	Triple
TRONDHEIM	9	13	Trondheim
TROPF	5	13	Tropf
TRUGSCHLUSS	11	13	Trugschluss
TSUNAMIS	8	13	Tsunamis
TUBA	4	13	Tuba
TUERKISCHES	11	13	türkisches
TUETEN	6	13	Tüten
TUEV	4	13	Tüv
TULPEN	6	13	Tulpen
TUMULT	6	13	Tumult
TURBAN	6	13	Turban
TURMHELM	8	13	Turmhelm
TURMUHR	7	13	Turmuhr
UEBERDAUERN	11	13	überdauern
UEBERFALLS	10	13	Überfalls
UGANDA	6	13	Uganda
UHRWERK	7	13	Uhrwerk
ULSTER	6	13	Ulster
UMGEKIPPT	9	13	umgekippt
UMGESCHULT	10	13	umgeschult
UMSTIMMEN	9	13	umstimmen
UMWELTAMT	9	13	Umweltamt
UMWERFEND	9	13	umwerfend
UMZOG	5	13	umzog
UNBEKANNTEM	11	13	unbekanntem
UNEHELICHEN	11	13	unehelichen
UNGEBORENEN	11	13	ungeborenen
UNGEHEUREN	10	13	ungeheuren
UNLOESLICH	10	13	unlöslich
UNMERKLICH	10	13	unmerklich
UNSCHAERFE	10	13	Unschärfe
UNTAUGLICH	10	13	untauglich
UNTERLIEF	9	13	unterlief
UNTERMALUNG	11	13	Untermalung
UNTRAGBAR	9	13	untragbar
UNWOHL	6	13	unwohl
URBANE	6	13	urbane
URLAUBS	7	13	Urlaubs
URLAUBSTAGE	11	13	Urlaubstage
URNENGANG	9	13	Urnengang
URSPRUENGEN	11	13	Ursprüngen
UTOPISCH	8	13	utopisch
VATIKANS	8	13	Vatikans
VECHTA	6	13	Vechta
VERANKERN	9	13	verankern
VERARMTE	8	13	verarmte
VERBLASSEN	10	13	verblassen
VERBOTS	7	13	Verbots
VERDUNSTET	10	13	verdunstet
VERFLUCHTE	10	13	verfluchte
VERFUEHRUNG	11	13	Verführung
VERGANGENES	11	13	Vergangenes
VERGEBENE	9	13	vergebene
VERGOLDETE	10	13	vergoldete
VERHINDERE	10	13	verhindere
VERJAGT	7	13	verjagt
VERLAGERN	9	13	verlagern
VERLAGSHAUS	11	13	Verlagshaus
VERLASS	7	13	Verlass
VERPUPPUNG	10	13	Verpuppung
VERRUF	6	13	Verruf
VERRUSST	8	13	verrußt
VERSEHENEN	10	13	versehenen
VERSEUCHTE	10	13	verseuchte
VERSPRACHEN	11	13	versprachen
VERSTOPFUNG	11	13	Verstopfung
VERSTUMMEN	10	13	verstummen
VERTAGUNG	9	13	Vertagung
VERTIEFENDE	11	13	vertiefende
VERTROESTET	11	13	vertröstet
VERWERFLICH	11	13	verwerflich
VERWITWETEN	11	13	verwitweten
VERWUNDERN	10	13	verwundern
VERZEIHT	8	13	verzeiht
VIDEOBAND	9	13	Videoband
VIERUNG	7	13	Vierung
VIOLINEN	8	13	Violinen
VOLATIL	7	13	volatil
VOLLAUF	7	13	vollauf
VOLLENDETEN	11	13	vollendeten
VOREILIG	8	13	voreilig
VORHOF	6	13	Vorhof
VORIGE	6	13	vorige
VORORTEN	8	13	Vororten
VORRANGIGEN	11	13	vorrangigen
VORSTEHENDE	11	13	vorstehende
VORTAGES	8	13	Vortages
VORWAHL	7	13	Vorwahl
WACHSENDES	10	13	wachsendes
WADI	4	13	Wadi
WAEHLERISCH	11	13	wählerisch
WAEHNT	6	13	wähnt
WAELDCHEN	9	13	Wäldchen
WAESSRIGE	9	13	wässrige
WAFFENRECHT	11	13	Waffenrecht
WAHLLOKAL	9	13	Wahllokal
WAHLMAENNER	11	13	Wahlmänner
WAHNSINNIGE	11	13	wahnsinnige
WALISISCHEN	11	13	walisischen
WANNSEE	7	13	Wannsee
WECKTEN	7	13	weckten
WEGWERFEN	9	13	wegwerfen
WEGZUG	6	13	Wegzug
WEHRANLAGEN	11	13	Wehranlagen
WEHRLEUTE	9	13	Wehrleute
WEINFEST	8	13	Weinfest
WEISSBROT	9	13	Weißbrot
WELTBEKANNT	11	13	weltbekannt
WELTFRIEDEN	11	13	Weltfrieden
WELTSICHT	9	13	Weltsicht
WERBEFREI	9	13	werbefrei
WERTVERLUST	11	13	Wertverlust
WESTENDE	8	13	Westende
WESTGRENZE	10	13	Westgrenze
WESTMINSTER	11	13	Westminster
WETTERFAHNE	11	13	Wetterfahne
WIDERSETZTE	11	13	widersetzte
WINDMUEHLEN	11	13	Windmühlen
WINDRAEDER	10	13	Windräder
WINTERLICHE	11	13	winterliche
WIRECARD	8	13	Wirecard
WIRKENDER	9	13	wirkender
WOCHENTAGS	10	13	wochentags
WOHLGEMERKT	11	13	wohlgemerkt
WOHNBLOCKS	10	13	Wohnblocks
WOHNGEGEND	10	13	Wohngegend
WUCHTIGE	8	13	wuchtige
WUERDIGER	9	13	würdiger
WUETENDER	9	13	wütender
WUETET	6	13	wütet
YOKOHAMA	8	13	Yokohama
ZEBRA	5	13	Zebra
ZEHLENDORF	10	13	Zehlendorf
ZEITDAUER	9	13	Zeitdauer
ZEITLIMIT	9	13	Zeitlimit
ZEITLUPE	8	13	Zeitlupe
ZENTRIERT	9	13	zentriert
ZEREMONIELL	11	13	Zeremoniell
ZERLEGUNG	9	13	Zerlegung
ZERSTOERERN	11	13	Zerstörern
ZIELSCHEIBE	11	13	Zielscheibe
ZIEMLICHER	10	13	ziemlicher
ZIERLICHE	9	13	zierliche
ZINNEN	6	13	Zinnen
ZOLLBEAMTEN	11	13	Zollbeamten
ZUCHTHAUS	9	13	Zuchthaus
ZUEGEL	6	13	Zügel
ZUGEGANGEN	10	13	zugegangen
ZUGEKAUFT	9	13	zugekauft
ZUGEZOGENEN	11	13	zugezogenen
ZUHAELTER	9	13	Zuhälter
ZUMUTBAR	8	13	zumutbar
ZUNIMMT	7	13	zunimmt
ZUSENDEN	8	13	zusenden
ZUSTANDS	8	13	Zustands
ZWEIFACHEN	10	13	zweifachen
ZWEIFELTE	9	13	zweifelte
ZWEISITZER	10	13	Zweisitzer
ZYKLISCHE	9	13	zyklische
ABERKENNUNG	11	12	Aberkennung
ABFLIESSEN	10	12	abfließen
ABGEKOPPELT	11	12	abgekoppelt
ABGEREIST	9	12	abgereist
ABGESPECKTE	11	12	abgespeckte
ABGESTRAFT	10	12	abgestraft
ABGESTUFT	9	12	abgestuft
ABGEWANDELT	11	12	abgewandelt
ABLAUFENDEN	11	12	ablaufenden
ABLEITUNGEN	11	12	Ableitungen
ABLUFT	6	12	Abluft
ABONNEMENTS	11	12	Abonnements
ABSORBIEREN	11	12	absorbieren
ABTEIKIRCHE	11	12	Abteikirche
ABWAEGEN	8	12	abwägen
ABWANDLUNG	10	12	Abwandlung
ABWEISUNG	9	12	Abweisung
ABZUREISSEN	11	12	abzureißen
ABZUSETZEN	10	12	abzusetzen
ABZUWENDEN	10	12	abzuwenden
ADAEQUATEN	10	12	adäquaten
ADLERS	6	12	Adlers
ADRIA	5	12	Adria
ADVOKAT	7	12	Advokat
AEGAEIS	7	12	Ägäis
AEPFELN	7	12	Äpfeln
AERMSTE	7	12	ärmste
AERZTLICHES	11	12	ärztliches
AGIERENDEN	10	12	agierenden
AHNUNGSLOS	10	12	ahnungslos
AIRPORTS	8	12	Airports
AKTIVITAS	9	12	Aktivitas
ALCOTEST	8	12	Alcotest
ALLEGRO	7	12	Allegro
ALLERLETZTE	11	12	allerletzte
ALLERORTEN	10	12	allerorten
ALLIGATOR	9	12	Alligator
AMBULANTER	10	12	ambulanter
ANBAUGEBIET	11	12	Anbaugebiet
ANGELEGTER	10	12	angelegter
ANGEREGTE	9	12	angeregte
ANGERUEHRT	10	12	angerührt
ANKAEMPFEN	10	12	ankämpfen
ANMIETUNG	9	12	Anmietung
ANSTREBEN	9	12	anstreben
ANTUN	5	12	antun
ANWOHNERIN	10	12	Anwohnerin
ANZEIGT	7	12	anzeigt
ANZIEHUNG	9	12	Anziehung
APEX	4	12	Apex
APHRODITE	9	12	Aphrodite
APOLDA	6	12	Apolda
ARBEITSPLAN	11	12	Arbeitsplan
ARMENHAUS	9	12	Armenhaus
ARZNEI	6	12	Arznei
ASSIMILIERT	11	12	assimiliert
ATTACKIEREN	11	12	attackieren
AUFGEBAUTE	10	12	aufgebaute
AUFGEMALT	9	12	aufgemalt
AUFGEWORFEN	11	12	aufgeworfen
AUFGING	7	12	aufging
AUFLEBEN	8	12	aufleben
AUFMACHEN	9	12	aufmachen
AUFMERKSAME	11	12	aufmerksame
AUFTRAGE	8	12	Auftrage
AUFWENDIGES	11	12	aufwendiges
AUFZUHEBEN	10	12	aufzuheben
AUGENFARBE	10	12	Augenfarbe
AUGENKLINIK	11	12	Augenklinik
AURICHER	8	12	Auricher
AUSBRUCHS	9	12	Ausbruchs
AUSFORMUNG	10	12	Ausformung
AUSGEDUENNT	11	12	ausgedünnt
AUSGELESEN	10	12	ausgelesen
AUSGEPACKT	10	12	ausgepackt
AUSPACKEN	9	12	Auspacken
AUSRUF	6	12	Ausruf
AUSRUFEN	8	12	ausrufen
AUSUEBT	7	12	ausübt
AUSWECHSELN	11	12	auswechseln
AUSZULOESEN	11	12	auszulösen
AUTOHAEUSER	11	12	Autohäuser
AUTOKORSO	9	12	Autokorso
AUTOWRACK	9	12	Autowrack
BADESEE	7	12	Badesee
BAENDERUNG	10	12	Bänderung
BAKTERIELLE	11	12	bakterielle
BANDIT	6	12	Bandit
BANDSCHEIBE	11	12	Bandscheibe
BANKWERTE	9	12	Bankwerte
BARBAREI	8	12	Barbarei
BARONE	6	12	Barone
BARONIN	7	12	Baronin
BASALE	6	12	basale
BASISMODELL	11	12	Basismodell
BASISPREIS	10	12	Basispreis
BASSO	5	12	Basso
BAUFIRMEN	9	12	Baufirmen
BAUMSTAMM	9	12	Baumstamm
BAUZAUN	7	12	Bauzaun
BEACHTETEN	10	12	beachteten
BEANSTANDEN	11	12	beanstanden
BEDANKTEN	9	12	bedankten
BEDECKUNG	9	12	Bedeckung
BEDEUTSAMEN	11	12	bedeutsamen
BEDINGEN	8	12	bedingen
BEDUINEN	8	12	Beduinen
BEFUELLUNG	10	12	Befüllung
BEGEHRTER	9	12	begehrter
BEGLEITBAND	11	12	Begleitband
BEGRIFFLICH	11	12	begrifflich
BEHERZIGEN	10	12	beherzigen
BEIHILFEN	9	12	Beihilfen
BEILIEGENDE	11	12	beiliegende
BEINAH	6	12	beinah
BEJAGUNG	8	12	Bejagung
BELAEGE	7	12	Beläge
BELAGERTEN	10	12	belagerten
BELEIDIGTE	10	12	beleidigte
BELGISCHER	10	12	belgischer
BELOHNEN	8	12	belohnen
BENENNUNGEN	11	12	Benennungen
BERGWERTUNG	11	12	Bergwertung
BERICHTSTAG	11	12	Berichtstag
BERITTENEN	10	12	berittenen
BERUEHRTEN	10	12	berührten
BESCHERUNG	10	12	Bescherung
BESCHRAENKE	11	12	beschränke
BESCHWERTE	10	12	beschwerte
BESIEGELTE	10	12	besiegelte
BESPANNT	8	12	bespannt
BESPRICHT	9	12	bespricht
BESTECHEND	10	12	bestechend
BESTIMMENDE	11	12	bestimmende
BETAGTE	7	12	betagte
BETEUERTE	9	12	beteuerte
BEUTETIERE	10	12	Beutetiere
BEWACHTEN	9	12	bewachten
BEWAHRE	7	12	bewahre
BEWARFEN	8	12	bewarfen
BEWEGENDEN	10	12	bewegenden
BEWERBE	7	12	Bewerbe
BEZWINGEN	9	12	bezwingen
BIERES	6	12	Bieres
BILATERALE	10	12	bilaterale
BILDAUFBAU	10	12	Bildaufbau
BILLIGUNG	9	12	Billigung
BISSEN	6	12	Bissen
BISTUEMER	9	12	Bistümer
BITKOM	6	12	Bitkom
BLASSE	6	12	blasse
BLAUBEUREN	10	12	Blaubeuren
BLAUGRAU	8	12	blaugrau
BLINKER	7	12	Blinker
BLITZE	6	12	Blitze
BLOESSE	7	12	Blöße
BLUTZUCKER	10	12	Blutzucker
BOARDS	6	12	Boards
BODENREFORM	11	12	Bodenreform
BOESEWICHT	10	12	Bösewicht
BOLLWERK	8	12	Bollwerk
BRANDS	6	12	Brands
BRATWURST	9	12	Bratwurst
BRAUNES	7	12	braunes
BRAUST	6	12	braust
BRAUTPAAR	9	12	Brautpaar
BREITENGRAD	11	12	Breitengrad
BREITETEN	9	12	breiteten
BREMSSYSTEM	11	12	Bremssystem
BRETAGNE	8	12	Bretagne
BRILLANTEN	10	12	brillanten
BRILON	6	12	Brilon
BRITANNIEN	10	12	Britannien
BUCHLADEN	9	12	Buchladen
BUCHVERLAG	10	12	Buchverlag
BUCHWERT	8	12	Buchwert
BUEGELN	7	12	Bügeln
BUENDELUNG	10	12	Bündelung
BUERGERWEHR	11	12	Bürgerwehr
BUERSTEN	8	12	Bürsten
BUHLEN	6	12	buhlen
BUNDESHEER	10	12	Bundesheer
BUNDESRATS	10	12	Bundesrats
BURGKAPELLE	11	12	Burgkapelle
BUSHS	5	12	Bushs
CABECERA	8	12	cabecera
CAPITALS	8	12	Capitals
CARACAS	7	12	Caracas
CHEVALIER	9	12	Chevalier
CHROMOSOM	9	12	Chromosom
CLEVERE	7	12	clevere
COACHES	7	12	Coaches
COMEDIAN	8	12	Comedian
COMET	5	12	Comet
COMMON	6	12	Common
COOLER	6	12	cooler
COUNCILS	8	12	Councils
COUPE	5	12	Coupe
DACHFLAECHE	11	12	Dachfläche
DAEMLICH	8	12	dämlich
DAEMPFUNG	9	12	Dämpfung
DAKAR	5	12	Dakar
DAMPFLOK	8	12	Dampflok
DANKTEN	7	12	dankten
DANZIGER	8	12	Danziger
DASEINS	7	12	Daseins
DATEINAME	9	12	Dateiname
DAYTON	6	12	Dayton
DAYTONA	7	12	Daytona
DECKNAMEN	9	12	Decknamen
DEHNEN	6	12	Dehnen
DELAWARE	8	12	Delaware
DELIKTEN	8	12	Delikten
DELPHIN	7	12	Delphin
DEMOCRATIC	10	12	Democratic
DEMONSTRANT	11	12	Demonstrant
DERMASSEN	9	12	dermaßen
DERZEITIGEM	11	12	derzeitigem
DESGLEICHEN	11	12	Desgleichen
DESIGNERIN	10	12	Designerin
DESSERTS	8	12	Desserts
DIALOGBOX	9	12	Dialogbox
DIALOGFELD	10	12	Dialogfeld
DIENENDE	8	12	dienende
DIENSTGRADE	11	12	Dienstgrade
DIRIGIEREN	10	12	Dirigieren
DISCOS	6	12	Discos
DISKURSES	9	12	Diskurses
DISPUTATION	11	12	Disputation
DOGMA	5	12	Dogma
DOKTRIN	7	12	Doktrin
DOMAINNAMEN	11	12	Domainnamen
DONJON	6	12	Donjon
DOPPELN	7	12	Doppeln
DOTIERUNG	9	12	Dotierung
DREHE	5	12	drehe
DREHUNGEN	9	12	Drehungen
DREISTER	8	12	dreister
DRESS	5	12	Dress
DROSSELN	8	12	drosseln
DRUMMER	7	12	Drummer
DUEMMER	7	12	Dümmer
DUESE	5	12	Düse
DULDUNG	7	12	Duldung
DUMA	4	12	Duma
DUNKLERE	8	12	dunklere
DURBAN	6	12	Durban
DURCHLIEFEN	11	12	durchliefen
DUTZENDEN	9	12	Dutzenden
EBER	4	12	Eber
ECKIGEN	7	12	eckigen
EDELSTEIN	9	12	Edelstein
EDELSTEINEN	11	12	Edelsteinen
EDLER	5	12	Edler
EHRENDOKTOR	11	12	Ehrendoktor
EHRFURCHT	9	12	Ehrfurcht
EINBIEGEN	9	12	einbiegen
EINBRECHERN	11	12	Einbrechern
EINDHOVEN	9	12	Eindhoven
EINDRINGT	9	12	eindringt
EINGEFLOGEN	11	12	eingeflogen
EINGEKNICKT	11	12	eingeknickt
EINGELEGTE	10	12	eingelegte
EINGESTIMMT	11	12	eingestimmt
EINGEZAEUNT	11	12	eingezäunt
EINLOESEN	9	12	einlösen
EINMISCHEN	10	12	einmischen
EINNAHM	7	12	einnahm
EINSENDEN	9	12	einsenden
EINSETZENDE	11	12	einsetzende
EINZOG	6	12	einzog
EINZUBAUEN	10	12	einzubauen
EINZULEITEN	11	12	einzuleiten
EISBAHN	7	12	Eisbahn
ELBERFELD	9	12	Elberfeld
ELEGANTER	9	12	eleganter
ELEKTROSMOG	11	12	Elektrosmog
ELFE	4	12	Elfe
ELFER	5	12	Elfer
ELFMAL	6	12	elfmal
ELLIPTISCHE	11	12	elliptische
EMBARGO	7	12	Embargo
EMIRAT	6	12	Emirat
EMPFANGENEN	11	12	empfangenen
EMPFOHLENEN	11	12	empfohlenen
ENDZEIT	7	12	Endzeit
ENGAGIERTES	11	12	engagiertes
ENGLISCHEM	10	12	englischem
ENTGEGNET	9	12	entgegnet
ENTGLEISTE	10	12	entgleiste
ENTLAESST	9	12	entlässt
ENTLEERUNG	10	12	Entleerung
ENTPACKT	8	12	entpackt
ENTRUESTET	10	12	entrüstet
ENTSCHEIDER	11	12	Entscheider
ENTSPANNTEN	11	12	entspannten
ENTWEICHT	9	12	entweicht
ENTZUECKT	9	12	entzückt
EPITAPH	7	12	Epitaph
ERBLICHEN	9	12	erblichen
ERBLICKEN	9	12	erblicken
ERGIEBIG	8	12	ergiebig
ERHAERTEN	9	12	erhärten
ERHALTENER	10	12	erhaltener
ERKLANG	7	12	erklang
ERLASSENEN	10	12	erlassenen
ERLEGT	6	12	erlegt
ERLERNBAR	9	12	erlernbar
ERLOESER	8	12	Erlöser
ERLOESTE	8	12	erlöste
ERMAHNUNG	9	12	Ermahnung
ERNTETEN	8	12	ernteten
ERRICHTETER	11	12	errichteter
ERSCHROCKEN	11	12	erschrocken
ERSEHNTEN	9	12	ersehnten
ERSTATTETEN	11	12	erstatteten
ERSTEREN	8	12	ersteren
ERSTRAHLT	9	12	erstrahlt
ERTOENEN	8	12	ertönen
ERWARTEST	9	12	erwartest
ERZAEHLERS	10	12	Erzählers
ERZWUNGENE	10	12	erzwungene
ESCHWEILER	10	12	Eschweiler
ESSENTIELL	10	12	essentiell
ETHNISCHER	10	12	ethnischer
EUROP	5	12	europ
EURORAUM	8	12	Euroraum
EUTIN	5	12	Eutin
EVENTUELLER	11	12	eventueller
EVIDENZ	7	12	Evidenz
EXAKTES	7	12	exaktes
EXEKUTIERT	10	12	exekutiert
EXPLORATION	11	12	Exploration
EXTRAHIERT	10	12	extrahiert
FABRIKANTEN	11	12	Fabrikanten
FACETTE	7	12	Facette
FAERBEREI	9	12	Färberei
FAHRBAREN	9	12	fahrbaren
FAHRDIENST	10	12	Fahrdienst
FAHRTWIND	9	12	Fahrtwind
FALLWEISE	9	12	fallweise
FALSCHEM	8	12	falschem
FAMILIENTAG	11	12	Familientag
FASNACHT	8	12	Fasnacht
FAULHEIT	8	12	Faulheit
FEHLALARM	9	12	Fehlalarm
FEHLERFREIE	11	12	fehlerfreie
FEINDLICHER	11	12	feindlicher
FELDHERRN	9	12	Feldherrn
FELSSPALTEN	11	12	Felsspalten
FESSELT	7	12	fesselt
FESTGEMACHT	11	12	festgemacht
FESTHIELT	9	12	festhielt
FESTIGT	7	12	festigt
FESTTAGEN	9	12	Festtagen
FETE	4	12	Fete
FEUERWAFFEN	11	12	Feuerwaffen
FIELE	5	12	fiele
FIGARO	6	12	Figaro
FILMTITEL	9	12	Filmtitel
FILTERS	7	12	Filters
FILZIG	6	12	filzig
FINALSPIELE	11	12	Finalspiele
FINANZMARKT	11	12	Finanzmarkt
FIRMIERUNG	10	12	Firmierung
FIXE	4	12	fixe
FLACHS	6	12	Flachs
FLAUMIG	7	12	flaumig
FLIESSBAND	10	12	Fließband
FLIRT	5	12	Flirt
FLOESSEN	8	12	flössen
FLOTTILLE	9	12	Flottille
FLUCHEN	7	12	Fluchen
FLUGLEHRER	10	12	Fluglehrer
FLUGVERBOT	10	12	Flugverbot
FLURE	5	12	Flure
FLUTWELLE	9	12	Flutwelle
FOEHN	5	12	Föhn
FOKUSSIEREN	11	12	fokussieren
FORMATIEREN	11	12	formatieren
FORTUNE	7	12	Fortune
FRAGEBOGENS	11	12	Fragebogens
FREGATTEN	9	12	Fregatten
FREIBRIEF	9	12	Freibrief
FREIHERREN	10	12	Freiherren
FRESSFEINDE	11	12	Fressfeinde
FRIEREN	7	12	frieren
FRIESE	6	12	Friese
FROHSINN	8	12	Frohsinn
FUENFFACHE	10	12	Fünffache
FUNDIERTEN	10	12	fundierten
FUNGIERTEN	10	12	fungierten
FUNKVERKEHR	11	12	Funkverkehr
FUSIONIERT	10	12	fusioniert
GAEBEN	6	12	gäben
GAESTELISTE	11	12	Gästeliste
GALERISTEN	10	12	Galeristen
GANGES	6	12	Ganges
GANZEM	6	12	ganzem
GASAG	5	12	Gasag
GASTGEBERIN	11	12	Gastgeberin
GASTGEBERS	10	12	Gastgebers
GEBADET	7	12	gebadet
GEBEUGT	7	12	gebeugt
GEBILDETER	10	12	gebildeter
GEDANKLICH	10	12	gedanklich
GEDECKTE	8	12	gedeckte
GEFAEHRTE	9	12	Gefährte
GEFECHTS	8	12	Gefechts
GEFEIT	6	12	gefeit
GEFESSELTEN	11	12	gefesselten
GEFISCHT	8	12	gefischt
GEFLECHT	8	12	Geflecht
GEGART	6	12	gegart
GEHEISSEN	9	12	geheißen
GEHOERLOSEN	11	12	gehörlosen
GEKUERZTEN	10	12	gekürzten
GELDPREISE	10	12	Geldpreise
GELEIT	6	12	Geleit
GELEITETEN	10	12	geleiteten
GELEITWORT	10	12	Geleitwort
GELEUGNET	9	12	geleugnet
GELINDERT	9	12	gelindert
GELOETET	8	12	gelötet
GEMUSTERT	9	12	gemustert
GENDARMERIE	11	12	Gendarmerie
GEORDNETES	10	12	geordnetes
GEPRUEGELT	10	12	geprügelt
GERANNT	7	12	gerannt
GERECHTES	9	12	gerechtes
GERUEHMT	8	12	gerühmt
GESAMTER	8	12	gesamter
GESCHLAGENE	11	12	geschlagene
GESCHNEIT	9	12	geschneit
GESCHOEPF	9	12	Geschöpf
GESCHOSSES	10	12	Geschosses
GESCHULTE	9	12	geschulte
GESTALTER	9	12	Gestalter
GESTALTETER	11	12	gestalteter
GESTANDENE	10	12	gestandene
GESTIFTETE	10	12	gestiftete
GESTUET	7	12	Gestüt
GETRAGENE	9	12	getragene
GETRAUT	7	12	getraut
GETROFFENE	10	12	getroffene
GEUEBTE	7	12	geübte
GEWAEHLTES	10	12	gewähltes
GEWAESSERS	10	12	Gewässers
GEWELLT	7	12	gewellt
GEWERBEPARK	11	12	Gewerbepark
GEWERBLICH	10	12	gewerblich
GEWICHTS	8	12	Gewichts
GEZIELTES	9	12	gezieltes
GEZOGENE	8	12	gezogene
GIBBS	5	12	Gibbs
GIGABYTE	8	12	Gigabyte
GLAENZTEN	9	12	glänzten
GLICHEN	7	12	glichen
GLUEHEN	7	12	glühen
GLUEHLAMPEN	11	12	Glühlampen
GMUENDER	8	12	Gmünder
GNAEDIG	7	12	gnädig
GOLDRICHTIG	11	12	goldrichtig
GOLFER	6	12	Golfer
GONDELN	7	12	Gondeln
GRANDIOSEN	10	12	grandiosen
GRASLAND	8	12	Grasland
GRATE	5	12	Grate
GRENZFALL	9	12	Grenzfall
GRIP	4	12	Grip
GRUENBERG	9	12	Grünberg
GRUENDERIN	10	12	Gründerin
GRUNDSTEUER	11	12	Grundsteuer
GRUPPIERTEN	11	12	gruppierten
GUADALAJARA	11	12	Guadalajara
GUTMUETIG	9	12	gutmütig
HAARAUSFALL	11	12	Haarausfall
HAEUSLER	8	12	Häusler
HAIFA	5	12	Haifa
HALBFERTIGE	11	12	halbfertige
HALTERN	7	12	Haltern
HANAUER	7	12	Hanauer
HANDBREMSE	10	12	Handbremse
HANGLAGEN	9	12	Hanglagen
HARN	4	12	Harn
HARTEM	6	12	hartem
HASCHISCH	9	12	Haschisch
HATTRICK	8	12	Hattrick
HAUPTBAU	8	12	Hauptbau
HAUPTBERUF	10	12	Hauptberuf
HECHINGEN	9	12	Hechingen
HEIDNISCHE	10	12	heidnische
HEIKLES	7	12	heikles
HEILAND	7	12	Heiland
HEILSAME	8	12	heilsame
HEIMATMARKT	11	12	Heimatmarkt
HEIMKEHRER	10	12	Heimkehrer
HEIZKESSEL	10	12	Heizkessel
HELLBRAUNEN	11	12	hellbraunen
HENSCHEL	8	12	Henschel
HEPPENHEIM	10	12	Heppenheim
HERMETISCH	10	12	hermetisch
HERNACH	7	12	Hernach
HERZANFALL	10	12	Herzanfall
HETZJAGD	8	12	Hetzjagd
HIERUNTER	9	12	Hierunter
HIMALAYA	8	12	Himalaya
HINDERTE	8	12	hinderte
HINDEUTET	9	12	hindeutet
HINDUS	6	12	Hindus
HINTERENDE	10	12	Hinterende
HINTERHAUS	10	12	Hinterhaus
HIRSCHBERG	10	12	Hirschberg
HISTORIQUE	10	12	historique
HITZIG	6	12	hitzig
HOCHADEL	8	12	Hochadel
HOCHDEUTSCH	11	12	Hochdeutsch
HOCHHAUSES	10	12	Hochhauses
HOCHMUT	7	12	Hochmut
HOCHSAISON	10	12	Hochsaison
HOCKT	5	12	hockt
HOEFISCHEN	10	12	höfischen
HOERGERAET	10	12	Hörgerät
HOFLADEN	8	12	Hofladen
HOFTHEATER	10	12	Hoftheater
HOLIDAY	7	12	Holiday
HORUS	5	12	Horus
HOTELIER	8	12	Hotelier
HUEGELIGEN	10	12	hügeligen
HUELSEN	7	12	Hülsen
HUFEISEN	8	12	Hufeisen
HUMMER	6	12	Hummer
ILLUSORISCH	11	12	illusorisch
IMMUNABWEHR	11	12	Immunabwehr
IMPFEN	6	12	Impfen
IMPORTIERTE	11	12	importierte
INDISCHER	9	12	indischer
INFORMIERE	10	12	informiere
INHABERIN	9	12	Inhaberin
INSEKT	6	12	Insekt
INSTABILE	9	12	instabile
INSULANER	9	12	Insulaner
INTERMEZZO	10	12	Intermezzo
INTERVALL	9	12	Intervall
INTIMEN	7	12	intimen
INVESTIERE	10	12	investiere
IONISCHEN	9	12	ionischen
IROKESEN	8	12	Irokesen
IRRFAHRT	8	12	Irrfahrt
ISAR	4	12	Isar
ISERLOHNER	10	12	Iserlohner
ISLANDERS	9	12	Islanders
JAHRESRATE	10	12	Jahresrate
JAHRESTAGES	11	12	Jahrestages
JAPANISCHES	11	12	japanisches
JAZZBAND	8	12	Jazzband
JUBILAR	7	12	Jubilar
JUWELEN	7	12	Juwelen
KADERS	6	12	Kaders
KAEMPFENDEN	11	12	kämpfenden
KAISERHOF	9	12	Kaiserhof
KALENDERS	9	12	Kalenders
KALKUTTA	8	12	Kalkutta
KALTBLUETIG	11	12	kaltblütig
KAMEL	5	12	Kamel
KAMPFGRUPPE	11	12	Kampfgruppe
KANDAHAR	8	12	Kandahar
KANISTER	8	12	Kanister
KANTOREI	8	12	Kantorei
KAPITAENE	9	12	Kapitäne
KAUFHAEUSER	11	12	Kaufhäuser
KAUSALITAET	11	12	Kausalität
KEHLEN	6	12	Kehlen
KEINS	5	12	keins
KENNENLERNT	11	12	kennenlernt
KERAMISCHEN	11	12	keramischen
KERNRATE	8	12	Kernrate
KETTENSAEGE	11	12	Kettensäge
KHANS	5	12	Khans
KIRCHTURMS	10	12	Kirchturms
KLAREREN	8	12	klareren
KLASSEMENT	10	12	Klassement
KLAUSE	6	12	Klause
KLAVIATUR	9	12	Klaviatur
KLIMATISCH	10	12	klimatisch
KLIMAZONEN	10	12	Klimazonen
KLINGEL	7	12	Klingel
KNALLTE	7	12	knallte
KNAPPHEIT	9	12	Knappheit
KNOTENS	7	12	Knotens
KNOWHOW	7	12	Knowhow
KOCHTE	6	12	kochte
KOECHELN	8	12	köcheln
KOENIGL	7	12	Königl
KOEXISTENZ	10	12	Koexistenz
KOLUMBIANER	11	12	Kolumbianer
KOMPLEXERE	10	12	komplexere
KOMPLEXEREN	11	12	komplexeren
KOMPOST	7	12	Kompost
KONFIRMIERT	11	12	konfirmiert
KONTRAKTION	11	12	Kontraktion
KONTRAPUNKT	11	12	Kontrapunkt
KONTRASTE	9	12	Kontraste
KONZERTES	9	12	Konzertes
KONZIPIERTE	11	12	konzipierte
KOPFHAUT	8	12	Kopfhaut
KOSMONAUTEN	11	12	Kosmonauten
KRAD	4	12	Krad
KRAEFTIGEM	10	12	kräftigem
KRAFTVOLL	9	12	kraftvoll
KRALLE	6	12	Kralle
KRAMPFADERN	11	12	Krampfadern
KRANICH	7	12	Kranich
KRAWALLEN	9	12	Krawallen
KREIERTE	8	12	kreierte
KRIEGST	7	12	kriegst
KROENT	6	12	krönt
KROETE	6	12	Kröte
KROETEN	7	12	Kröten
KRUEMMEL	8	12	Krümmel
KUBUS	5	12	Kubus
KUEHLEREN	9	12	kühleren
KUENFTIGES	10	12	künftiges
KUEREN	6	12	küren
KUESSTE	7	12	küsste
KULTIVIEREN	11	12	kultivieren
KULTURPREIS	11	12	Kulturpreis
KUNDENKARTE	11	12	Kundenkarte
KUNSTWERKS	10	12	Kunstwerks
KURSPLUS	8	12	Kursplus
KURSVERFALL	11	12	Kursverfall
KURZURLAUB	10	12	Kurzurlaub
KURZWEILIGE	11	12	kurzweilige
KUWAIT	6	12	Kuwait
LACHE	5	12	lache
LAERMPEGEL	10	12	Lärmpegel
LAEUTETE	8	12	läutete
LAGERRAEUME	11	12	Lagerräume
LANCIA	6	12	Lancia
LANDFLUCHT	10	12	Landflucht
LANDZUNGE	9	12	Landzunge
LANGWEILEN	10	12	langweilen
LAUTEM	6	12	lautem
LEBENSPHASE	11	12	Lebensphase
LEERT	5	12	leert
LEERTASTE	9	12	Leertaste
LEHRGAENGEN	11	12	Lehrgängen
LEHRSTUECK	10	12	Lehrstück
LEICHTESTEN	11	12	leichtesten
LEIHEN	6	12	leihen
LERNER	6	12	Lerner
LESENSWERT	10	12	lesenswert
LEUCHTE	7	12	Leuchte
LEUCHTFEUER	11	12	Leuchtfeuer
LIEBSTES	8	12	liebstes
LIEGENDER	9	12	liegender
LILIEN	6	12	Lilien
LIMOUSINEN	10	12	Limousinen
LINDAUER	8	12	Lindauer
LISTENPLATZ	11	12	Listenplatz
LIVEMUSIK	9	12	Livemusik
LOBBYARBEIT	11	12	Lobbyarbeit
LOBEND	6	12	lobend
LOBENSWERT	10	12	lobenswert
LOGEN	5	12	Logen
LOUISIANA	9	12	Louisiana
LUEFTE	6	12	Lüfte
LUFTBILD	8	12	Luftbild
LUFTLINIE	9	12	Luftlinie
LUXURIOESEN	11	12	luxuriösen
MACHO	5	12	Macho
MAENNERWELT	11	12	Männerwelt
MAESSIGUNG	10	12	Mäßigung
MAEZEN	6	12	Mäzen
MAGEREN	7	12	mageren
MANUALEN	8	12	Manualen
MAPPEN	6	12	Mappen
MARIENPLATZ	11	12	Marienplatz
MARKTMACHT	10	12	Marktmacht
MARMELADE	9	12	Marmelade
MASSENMORD	10	12	Massenmord
MASSIEREN	9	12	Massieren
MATCHWINNER	11	12	Matchwinner
MATROSE	7	12	Matrose
MAXIMA	6	12	Maxima
MAXIMALES	9	12	maximales
MEDIAL	6	12	medial
MEDIATHEK	9	12	Mediathek
MEDIENECHO	10	12	Medienecho
MEEREN	6	12	Meeren
MEGAPIXELN	10	12	Megapixeln
MERAN	5	12	Meran
MERCURY	7	12	Mercury
METALLISCH	10	12	metallisch
MIENEN	6	12	Mienen
MIETERS	7	12	Mieters
MIETRECHT	9	12	Mietrecht
MIETSPIEGEL	11	12	Mietspiegel
MIKROWELLE	10	12	Mikrowelle
MILCHPREIS	10	12	Milchpreis
MILDERN	7	12	mildern
MIMIK	5	12	Mimik
MITBESTIMMT	11	12	mitbestimmt
MITBRINGSEL	11	12	Mitbringsel
MITGETRAGEN	11	12	mitgetragen
MITSINGEN	9	12	Mitsingen
MODERNITAET	11	12	Modernität
MOEBELHAUS	10	12	Möbelhaus
MOECHTET	8	12	möchtet
MOFA	4	12	Mofa
MOMMENHEIM	10	12	Mommenheim
MONGOLISCHE	11	12	mongolische
MONSTERS	8	12	Monsters
MORBUS	6	12	Morbus
MORPHOLOGIE	11	12	Morphologie
MOTORBOOT	9	12	Motorboot
MOTTE	5	12	Motte
MUEHSAMER	9	12	mühsamer
MUELLTONNE	10	12	Mülltonne
MUSIKVERLAG	11	12	Musikverlag
MUSTERS	7	12	Musters
MUTANTEN	8	12	Mutanten
MUTES	5	12	Mutes
MUTET	5	12	mutet
NACHBARORTE	11	12	Nachbarorte
NACHFOLGERS	11	12	Nachfolgers
NACHKOMME	9	12	Nachkomme
NACHLAESSE	10	12	Nachlässe
NACHLASSES	10	12	Nachlasses
NACHRUECKER	11	12	Nachrücker
NACHSCHLAG	10	12	Nachschlag
NACHSORGE	9	12	Nachsorge
NACHTRAGEND	11	12	nachtragend
NAERRISCHE	10	12	närrische
NAERRISCHEN	11	12	närrischen
NAHELIEGEND	11	12	naheliegend
NAHKAMPF	8	12	Nahkampf
NAMHAFTER	9	12	namhafter
NASEN	5	12	Nasen
NERVIG	6	12	nervig
NERVIGE	7	12	nervige
NEUROLOGIE	10	12	Neurologie
NEUTRONEN	9	12	Neutronen
NIEDERLEGEN	11	12	niederlegen
NIESELREGEN	11	12	Nieselregen
NOCHMALIGE	10	12	nochmalige
NOETEN	6	12	Nöten
NORDGRENZE	10	12	Nordgrenze
NORMIERUNG	10	12	Normierung
NOTARS	6	12	Notars
NOUVELLE	8	12	Nouvelle
NUECHTERNEN	11	12	nüchternen
OBERBAU	7	12	Oberbau
OBERSTADT	9	12	Oberstadt
OBSTANBAU	9	12	Obstanbau
OEFFNE	6	12	öffne
OELTEPPICH	10	12	Ölteppich
ORION	5	12	Orion
ORTHODOXIE	10	12	Orthodoxie
OSIRIS	6	12	Osiris
OSTERFEST	9	12	Osterfest
OSTERHASEN	10	12	Osterhasen
OSTERODE	8	12	Osterode
PACKERS	7	12	Packers
PADDEL	6	12	Paddel
PAEPSTLICHE	11	12	päpstliche
PAESSEN	7	12	Pässen
PAKETS	6	12	Pakets
PANISCH	7	12	panisch
PANORAMEN	9	12	Panoramen
PAPIERKORB	10	12	Papierkorb
PARAGRAPHEN	11	12	Paragraphen
PARAMOUNT	9	12	Paramount
PARKES	6	12	Parkes
PARKHAEUSER	11	12	Parkhäuser
PARTITIONEN	11	12	Partitionen
PARZELLIERT	11	12	parzelliert
PASSIVES	8	12	passives
PASTE	5	12	Paste
PATT	4	12	Patt
PAUSENLOS	9	12	pausenlos
PAZIFISMUS	10	12	Pazifismus
PEINER	6	12	Peiner
PERIODISCHE	11	12	periodische
PERSONENZUG	11	12	Personenzug
PESSIMISTEN	11	12	Pessimisten
PFLANZUNG	9	12	Pflanzung
PFLEGESTUFE	11	12	Pflegestufe
PHOBIE	6	12	Phobie
PIRMASENS	9	12	Pirmasens
PLAEDIERTEN	11	12	plädierten
PLANES	6	12	Planes
PLAYBOY	7	12	Playboy
PLOEN	5	12	Plön
PLUMPE	6	12	plumpe
POKALSPIEL	10	12	Pokalspiel
POLICEN	7	12	Policen
POLLER	6	12	Poller
POMPEJI	7	12	Pompeji
PORTIKUS	8	12	Portikus
POSTSTELLE	10	12	Poststelle
POTENZ	6	12	Potenz
PRAEAMBEL	9	12	Präambel
PRAEFIX	7	12	Präfix
PRALLT	6	12	prallt
PRAXISBEZUG	11	12	Praxisbezug
PREDIGTE	8	12	predigte
PREISGEBEN	10	12	preisgeben
PROFIKADER	10	12	Profikader
PROFILIERTE	11	12	profilierte
PROFILSEITE	11	12	Profilseite
PROMETHEUS	10	12	Prometheus
PROMINENTES	11	12	prominentes
PROTOTYPS	9	12	Prototyps
PRUEGELEIEN	11	12	Prügeleien
PRUEGELN	8	12	prügeln
PSALMEN	7	12	Psalmen
PSEUDONYMEN	11	12	Pseudonymen
PSYCHOSE	8	12	Psychose
PUBLISHER	9	12	Publisher
PUFFERZONE	10	12	Pufferzone
PULT	4	12	Pult
PURZELN	7	12	purzeln
PUTZT	5	12	putzt
PYTHON	6	12	Python
QUAD	4	12	Quad
QUADER	6	12	Quader
QUALM	5	12	Qualm
QUARTER	7	12	Quarter
QUELLTEXT	9	12	Quelltext
QUERUNG	7	12	Querung
RAEUMLICHER	11	12	räumlicher
RAHMENS	7	12	Rahmens
RAMMT	5	12	rammt
RAMMTE	6	12	rammte
RANDDORNEN	10	12	Randdornen
RANKINGS	8	12	Rankings
RAPPERS	7	12	Rappers
RASPUTIN	8	12	Rasputin
RAUF	4	12	rauf
RAUMPLANUNG	11	12	Raumplanung
REAKTORS	8	12	Reaktors
REBFLAECHEN	11	12	Rebflächen
REDETEN	7	12	redeten
REDLICH	7	12	redlich
REGELSATZ	9	12	Regelsatz
REHHAGEL	8	12	Rehhagel
REICHSTALER	11	12	Reichstaler
REIFER	6	12	reifer
REISELUST	9	12	Reiselust
REIZUNG	7	12	Reizung
REKTORS	7	12	Rektors
RENTAMT	7	12	Rentamt
RENTNERS	8	12	Rentners
REPERTOIRES	11	12	Repertoires
REPLIKATION	11	12	Replikation
RESIDIERT	9	12	residiert
RESPEKTABLE	11	12	respektable
REVERSIBEL	10	12	reversibel
REVISIONEN	10	12	Revisionen
RHODE	5	12	Rhode
RIGOROSEN	9	12	rigorosen
RINGFOERMIG	11	12	ringförmig
RINGSTRASSE	11	12	Ringstraße
RINNT	5	12	rinnt
RIPPE	5	12	Rippe
ROBUSTES	8	12	robustes
ROCKETS	7	12	Rockets
ROLLSTUEHLE	11	12	Rollstühle
ROMANTIKER	10	12	Romantiker
ROSENKRANZ	10	12	Rosenkranz
ROSTFREIEM	10	12	rostfreiem
ROTHAARIGE	10	12	Rothaarige
ROTHE	5	12	Rothe
ROTTEN	6	12	Rotten
ROTWEINE	8	12	Rotweine
RUDIMENTAER	11	12	rudimentär
RUEBEN	6	12	Rüben
RUECKBLENDE	11	12	Rückblende
RUECKGRIFF	10	12	Rückgriff
RUEGTE	6	12	rügte
RUEHRTE	7	12	rührte
RUNDBRIEF	9	12	Rundbrief
RUNDFAHRTEN	11	12	Rundfahrten
RUNDFENSTER	11	12	Rundfenster
RUNDFUNKRAT	11	12	Rundfunkrat
RUNDLICHEN	10	12	rundlichen
RUNDUMBLICK	11	12	Rundumblick
RUSSISCHEM	10	12	russischem
SACHSPENDEN	11	12	Sachspenden
SACKT	5	12	sackt
SAEMTLICHES	11	12	sämtliches
SAEUMTEN	8	12	säumten
SALBEN	6	12	Salben
SALONFAEHIG	11	12	salonfähig
SAMMELKLAGE	11	12	Sammelklage
SANATORIUM	10	12	Sanatorium
SANDUHR	7	12	Sanduhr
SANFTES	7	12	sanftes
SARTRE	6	12	Sartre
SATTEN	6	12	satten
SCHABLONE	9	12	Schablone
SCHAEDIGT	9	12	schädigt
SCHAERFEREN	11	12	schärferen
SCHAMLOS	8	12	schamlos
SCHANZEN	8	12	Schanzen
SCHEINBAREN	11	12	scheinbaren
SCHEUTE	7	12	scheute
SCHIFFAHRT	10	12	Schiffahrt
SCHIFFBRUCH	11	12	Schiffbruch
SCHIFFER	8	12	Schiffer
SCHIFFSTYP	10	12	Schiffstyp
SCHILDCHEN	10	12	Schildchen
SCHLEIM	7	12	Schleim
SCHLUMMERT	10	12	schlummert
SCHMEISSEN	10	12	schmeißen
SCHMUGGELN	10	12	schmuggeln
SCHOCKS	7	12	Schocks
SCHOENEBERG	11	12	Schöneberg
SCHOENERE	9	12	schönere
SCHORNDORF	10	12	Schorndorf
SCHRAENKTE	10	12	schränkte
SCHROFFEN	9	12	schroffen
SCHUERT	7	12	schürt
SCHUETZEND	10	12	schützend
SCHULHAUSES	11	12	Schulhauses
SCHUTZES	8	12	Schutzes
SCHWARZBACH	11	12	Schwarzbach
SCHWEBEBAHN	11	12	Schwebebahn
SCHWEDT	7	12	Schwedt
SCHWEIFEN	9	12	schweifen
SCHWELBRAND	11	12	Schwelbrand
SCHWELM	7	12	Schwelm
SCORE	5	12	Score
SEELISCH	8	12	seelisch
SEGELSCHIFF	11	12	Segelschiff
SEGELT	6	12	segelt
SEIDIG	6	12	seidig
SELEKTIVEN	10	12	selektiven
SELIG	5	12	selig
SENDEZEIT	9	12	Sendezeit
SENECA	6	12	Seneca
SERBE	5	12	Serbe
SERGEANT	8	12	Sergeant
SIGNIERTE	9	12	signierte
SILBERN	7	12	silbern
SILIKON	7	12	Silikon
SILVERSTONE	11	12	Silverstone
SIMPLEN	7	12	simplen
SINGAPORE	9	12	Singapore
SIRENEN	7	12	Sirenen
SKILANGLAUF	11	12	Skilanglauf
SKIPPER	7	12	Skipper
SKORPION	8	12	Skorpion
SKRIPTE	7	12	Skripte
SKRUPELLOS	10	12	skrupellos
SLOT	4	12	Slot
SNOWBOARDER	11	12	Snowboarder
SOFFIN	6	12	Soffin
SOFORTHILFE	11	12	Soforthilfe
SONDERZUEGE	11	12	Sonderzüge
SONNENBADEN	11	12	Sonnenbaden
SOUTHWEST	9	12	Southwest
SOUVERAENER	11	12	souveräner
SPAERLICHEN	11	12	spärlichen
SPAICHINGEN	11	12	Spaichingen
SPANNENDSTE	11	12	spannendste
SPANNTE	7	12	spannte
SPATEN	6	12	Spaten
SPEZIELLEM	10	12	speziellem
SPHAERISCHE	11	12	sphärische
SPIELSPASS	10	12	Spielspaß
SPINNT	6	12	spinnt
SPIRALIG	8	12	spiralig
SPONSORS	8	12	Sponsors
SPORN	5	12	Sporn
SPORTHALLEN	11	12	Sporthallen
SPRIESSEN	9	12	sprießen
SPRINGE	7	12	springe
SPRUECHEN	9	12	Sprüchen
SPUELT	6	12	spült
STAATSFORM	10	12	Staatsform
STABES	6	12	Stabes
STADTKASSE	10	12	Stadtkasse
STADTKERNS	10	12	Stadtkerns
STADTPLANER	11	12	Stadtplaner
STAELLEN	8	12	Ställen
STAEMMCHEN	10	12	Stämmchen
STAERKERER	10	12	stärkerer
STAERKTEN	9	12	stärkten
STAHLWERTE	10	12	Stahlwerte
STAMMHAUS	9	12	Stammhaus
STANDART	8	12	Standart
STANDZEIT	9	12	Standzeit
STARTHILFE	10	12	Starthilfe
STATISTEN	9	12	Statisten
STATIV	6	12	Stativ
STATTHAFT	9	12	statthaft
STAUNT	6	12	staunt
STAUSEEN	8	12	Stauseen
STAUSEES	8	12	Stausees
STECKDOSEN	10	12	Steckdosen
STEIG	5	12	Steig
STEINERNES	10	12	steinernes
STERBEND	8	12	sterbend
STERBENDE	9	12	Sterbende
STEREOTYPE	10	12	Stereotype
STICHFLAMME	11	12	Stichflamme
STOCKHAUSEN	11	12	Stockhausen
STOERTEN	8	12	störten
STORNIERUNG	11	12	Stornierung
STRAFFEN	8	12	straffen
STRAHLTEN	9	12	strahlten
STRAUSBERG	10	12	Strausberg
STRICKEN	8	12	stricken
STRING	6	12	String
STROHHALM	9	12	Strohhalm
STUDIERTEN	10	12	studierten
SUBJEKTS	8	12	Subjekts
SUBTILER	8	12	subtiler
SUBVENTION	10	12	Subvention
SUCOS	5	12	Sucos
SUDETENLAND	11	12	Sudetenland
SUEDFASSADE	11	12	Südfassade
SUEDFLANKE	10	12	Südflanke
SUEDHANG	8	12	Südhang
SUEDITALIEN	11	12	Süditalien
SUEDLAENDER	11	12	Südländer
SUENDENFALL	11	12	Sündenfall
SULZER	6	12	Sulzer
SUMMIEREN	9	12	summieren
SUPPEN	6	12	Suppen
SYMPOSIUMS	10	12	Symposiums
TABLETTE	8	12	Tablette
TABS	4	12	Tabs
TACITUS	7	12	Tacitus
TAEGLICHER	10	12	täglicher
TAFELSILBER	11	12	Tafelsilber
TAGAKTIV	8	12	tagaktiv
TAGESGELD	9	12	Tagesgeld
TAGESMUTTER	11	12	Tagesmutter
TAGESZEITEN	11	12	Tageszeiten
TAKTIKEN	8	12	Taktiken
TALBODEN	8	12	Talboden
TALEBENE	8	12	Talebene
TALENTIERT	10	12	talentiert
TANZGRUPPE	10	12	Tanzgruppe
TAPFERE	7	12	tapfere
TAPPT	5	12	tappt
TARNEN	6	12	tarnen
TAU	3	12	Tau
TAUFTE	6	12	taufte
TAVERNE	7	12	Taverne
TEILGEBIET	10	12	Teilgebiet
TEMPLIN	7	12	Templin
TENNISCLUB	10	12	Tennisclub
TESTFLUG	8	12	Testflug
TEXTEDITOR	10	12	Texteditor
THEBEN	6	12	Theben
THEME	5	12	Theme
THEORETIKER	11	12	Theoretiker
THERMISCH	9	12	thermisch
THUNFISCH	9	12	Thunfisch
THURGAU	7	12	Thurgau
TIBETISCHE	10	12	tibetische
TICK	4	12	Tick
TICKEN	6	12	ticken
TIEFBAU	7	12	Tiefbau
TIEFSCHLAF	10	12	Tiefschlaf
TIERART	7	12	Tierart
TINNITUS	8	12	Tinnitus
TISCHLEREI	10	12	Tischlerei
TISCHPLATTE	11	12	Tischplatte
TITELLIED	9	12	Titellied
TOEPFEN	7	12	Töpfen
TOPMODEL	8	12	Topmodel
TORGAU	6	12	Torgau
TORRES	6	12	Torres
TORVORLAGEN	11	12	Torvorlagen
TOTTENHAM	9	12	Tottenham
TRAGWEITE	9	12	Tragweite
TRANCHE	7	12	Tranche
TRANSPORTS	10	12	Transports
TRAUERNDE	9	12	Trauernde
TREFFPUNKTE	11	12	Treffpunkte
TREIBE	6	12	treibe
TRIEBZUEGE	10	12	Triebzüge
TRINKER	7	12	Trinker
TRIVIAL	7	12	trivial
TROLL	5	12	Troll
TROPISCHES	10	12	tropisches
TUNNELN	7	12	Tunneln
TURINER	7	12	Turiner
TURNVEREINS	11	12	Turnvereins
UCKERMARK	9	12	Uckermark
UEBERFAELLT	11	12	überfällt
UEBERFIEL	9	12	überfiel
UEBERLEGENE	11	12	überlegene
UEBERREDETE	11	12	überredete
UEBERSPIELT	11	12	überspielt
UEBLICHES	9	12	übliches
UMGEFALLEN	10	12	umgefallen
UMGESTIEGEN	11	12	umgestiegen
UMGETAUFT	9	12	umgetauft
UMRUNDET	8	12	umrundet
UMZINGELT	9	12	umzingelt
UNBENANNTEN	11	12	unbenannten
UNBEQUEME	9	12	unbequeme
UNBEWEGLICH	11	12	unbeweglich
UNDERGROUND	11	12	Underground
UNDICHT	7	12	undicht
UNERHOERT	9	12	unerhört
UNFASSBAR	9	12	unfassbar
UNGEBORENE	10	12	Ungeborene
UNGERADEN	9	12	ungeraden
UNGERUEHRT	10	12	ungerührt
UNGESCHICKT	11	12	ungeschickt
UNGEWOHNTEN	11	12	ungewohnten
UNGUTES	7	12	ungutes
UNHEILBAREN	11	12	unheilbaren
UNIKATE	7	12	Unikate
UNIMOG	6	12	Unimog
UNKENNTLICH	11	12	unkenntlich
UNLAUTEREN	10	12	unlauteren
UNPASSEND	9	12	unpassend
UNPRAKTISCH	11	12	unpraktisch
UNSANFT	7	12	unsanft
UNSICHERER	10	12	unsicherer
UNSOZIAL	8	12	unsozial
UNTERBOT	8	12	unterbot
UNTERDRUCK	10	12	Unterdruck
UNTERGRENZE	11	12	Untergrenze
UNTERKOMMEN	11	12	unterkommen
UNTERREDUNG	11	12	Unterredung
UNTERWARF	9	12	unterwarf
URALTES	7	12	uraltes
URBAR	5	12	urbar
USENET	6	12	Usenet
VAETERN	7	12	Vätern
VERBLENDET	10	12	verblendet
VERBOGEN	8	12	verbogen
VERBUENDET	10	12	verbündet
VERDAMPFER	10	12	Verdampfer
VERFEINDET	10	12	verfeindet
VERFLUCHT	9	12	verflucht
VERHALTE	8	12	verhalte
VERJUENGUNG	11	12	Verjüngung
VERKEHRSWEG	11	12	Verkehrsweg
VERLETZLICH	11	12	verletzlich
VERLIES	7	12	Verlies
VERLOCKUNG	10	12	Verlockung
VERLOGEN	8	12	verlogen
VERMACHT	8	12	vermacht
VERMIETERIN	11	12	Vermieterin
VERPACKEN	9	12	Verpacken
VERRINGERE	10	12	verringere
VERSAEUMEN	10	12	versäumen
VERSAGER	8	12	Versager
VERSCHMAEHT	11	12	verschmäht
VERSCHMILZT	11	12	verschmilzt
VERSENDUNG	10	12	Versendung
VERSPUEREN	10	12	verspüren
VERSTELLBAR	11	12	verstellbar
VERSTUMMTE	10	12	verstummte
VERSUS	6	12	versus
VERTONT	7	12	vertont
VERWAHRLOST	11	12	verwahrlost
VERWAHRTE	9	12	verwahrte
VERWERTEN	9	12	verwerten
VERWILDERT	10	12	verwildert
VERWILDERTE	11	12	verwilderte
VERWITWET	9	12	verwitwet
VERZWEIGUNG	11	12	Verzweigung
VIADUKT	7	12	Viadukt
VIENNA	6	12	Vienna
VIERERKETTE	11	12	Viererkette
VILLE	5	12	Ville
VIOLETTE	8	12	violette
VIOLETTEN	9	12	violetten
VISIONAER	9	12	Visionär
VOKABELN	8	12	Vokabeln
VOLKSKUNST	10	12	Volkskunst
VOLLBRINGEN	11	12	vollbringen
VOLLPENSION	11	12	Vollpension
VORAUSGEHEN	11	12	vorausgehen
VORDERENDE	10	12	Vorderende
VORHAND	7	12	Vorhand
VORLADUNG	9	12	Vorladung
VORLAG	6	12	vorlag
VORSEHEN	8	12	vorsehen
VORSTAEDTE	10	12	Vorstädte
VORZEIGEN	9	12	vorzeigen
VORZUZIEHEN	11	12	vorzuziehen
VOTEN	5	12	Voten
VULKANISMUS	11	12	Vulkanismus
WAERMEREN	9	12	wärmeren
WAHLABEND	9	12	Wahlabend
WAHRNEHMBAR	11	12	wahrnehmbar
WALLISER	8	12	Walliser
WANDERERN	9	12	Wanderern
WAPPENTIER	10	12	Wappentier
WARNEMUENDE	11	12	Warnemünde
WASSERRAD	9	12	Wasserrad
WECHSELND	9	12	wechselnd
WEGGEZOGEN	10	12	weggezogen
WEHRMAUER	9	12	Wehrmauer
WEICHSEL	8	12	Weichsel
WEILERS	7	12	Weilers
WEINANBAU	9	12	Weinanbau
WEINGAERTEN	11	12	Weingärten
WEINGUETER	10	12	Weingüter
WEINS	5	12	Weins
WELPE	5	12	Welpe
WELTHANDEL	10	12	Welthandel
WELTKUGEL	9	12	Weltkugel
WELTMEERE	9	12	Weltmeere
WERTPAPIER	10	12	Wertpapier
WESELER	7	12	Weseler
WIDERSETZT	10	12	widersetzt
WILKOMMEN	9	12	Wilkommen
WINCHESTER	10	12	Winchester
WINTERRUHE	10	12	Winterruhe
WIRBELT	7	12	wirbelt
WIRBELTIERE	11	12	Wirbeltiere
WITTMUND	8	12	Wittmund
WOCHENTAG	9	12	Wochentag
WOELBUNG	8	12	Wölbung
WOHLFAHRT	9	12	Wohlfahrt
WOHLSTANDS	10	12	Wohlstands
WOHNMOBILE	10	12	Wohnmobile
WOHNTURM	8	12	Wohnturm
WRACKS	6	12	Wracks
WUNDERKIND	10	12	Wunderkind
WUNDHEILUNG	11	12	Wundheilung
WURZELT	7	12	wurzelt
XINJIANG	8	12	Xinjiang
ZAERTLICH	9	12	zärtlich
ZAHNBUERSTE	11	12	Zahnbürste
ZAHNMEDIZIN	11	12	Zahnmedizin
ZAHNRAEDER	10	12	Zahnräder
ZARIN	5	12	Zarin
ZEBRAS	6	12	Zebras
ZECKE	5	12	Zecke
ZEICHENSATZ	11	12	Zeichensatz
ZEITZEUGE	9	12	Zeitzeuge
ZELTSTADT	9	12	Zeltstadt
ZERFETZT	8	12	zerfetzt
ZERSETZUNG	10	12	Zersetzung
ZERSTRITT	9	12	zerstritt
ZIELES	6	12	Zieles
ZIERTE	6	12	zierte
ZINSNIVEAU	10	12	Zinsniveau
ZOFF	4	12	Zoff
ZOLLHAUS	8	12	Zollhaus
ZUCKERROHR	10	12	Zuckerrohr
ZUENDENDE	9	12	zündende
ZUGETRAGEN	10	12	zugetragen
ZUGPFERD	8	12	Zugpferd
ZUPFEN	6	12	zupfen
ZUTAT	5	12	Zutat
ZUTUN	5	12	Zutun
ZUWACHSRATE	11	12	Zuwachsrate
ZUZAHLUNGEN	11	12	Zuzahlungen
ZWICKEL	7	12	Zwickel
AARE	4	11	Aare
ABBILDER	8	11	Abbilder
ABDANKUNG	9	11	Abdankung
ABERGLAUBE	10	11	Aberglaube
ABFAHREN	8	11	Abfahren
ABFEUERN	8	11	abfeuern
ABFLUESSE	9	11	Abflüsse
ABGEMILDERT	11	11	abgemildert
ABGESTRAHLT	11	11	abgestrahlt
ABGEWICHEN	10	11	abgewichen
ABGIESSEN	9	11	abgießen
ABHELFEN	8	11	abhelfen
ABKLINGEN	9	11	Abklingen
ABLEGTE	7	11	ablegte
ABLOESEFREI	11	11	ablösefrei
ABNEHMENDEN	11	11	abnehmenden
ABNIMMT	7	11	abnimmt
ABSCHEU	7	11	Abscheu
ABSCHICKEN	10	11	abschicken
ABSTEHEND	9	11	abstehend
ABSTEHENDEN	11	11	abstehenden
ABSTUERZEN	10	11	abstürzen
ABVERKAUF	9	11	Abverkauf
ABWEHRCHEF	10	11	Abwehrchef
ABZUWEHREN	10	11	abzuwehren
ACHTSAMKEIT	11	11	Achtsamkeit
ACRES	5	11	Acres
ADJEKTIVE	9	11	Adjektive
ADJUTANT	8	11	Adjutant
AIRBAG	6	11	Airbag
AIRLINE	7	11	Airline
AKKORD	6	11	Akkord
AKROBATIK	9	11	Akrobatik
AKTENKUNDIG	11	11	aktenkundig
AKTIENPAKET	11	11	Aktienpaket
AKZEPTIERE	10	11	akzeptiere
ALGARVE	7	11	Algarve
ALLAH	5	11	Allah
ALLERGENE	9	11	Allergene
ALLGEMEINEM	11	11	allgemeinem
ALLMACHT	8	11	Allmacht
ALTENPFLEGE	11	11	Altenpflege
ALTONAER	8	11	Altonaer
AMEISE	6	11	Ameise
AMUESIEREN	10	11	amüsieren
ANALYTISCH	10	11	analytisch
ANATOLIEN	9	11	Anatolien
ANBRATEN	8	11	anbraten
ANDAUERND	9	11	andauernd
ANDEN	5	11	Anden
ANDERSEITS	10	11	Anderseits
ANDEUTEN	8	11	andeuten
ANERKENNT	9	11	anerkennt
ANGEBOREN	9	11	angeboren
ANGEKLICKT	10	11	angeklickt
ANGENAEHERT	11	11	angenähert
ANGERER	7	11	Angerer
ANGESPIELT	10	11	angespielt
ANGEWIDERT	10	11	angewidert
ANGLISTIK	9	11	Anglistik
ANHALTENDES	11	11	anhaltendes
ANIMIERTEN	10	11	animierten
ANKUENDIGT	10	11	ankündigt
ANLAGENBAU	10	11	Anlagenbau
ANMUT	5	11	Anmut
ANODE	5	11	Anode
ANSPRACHEN	10	11	Ansprachen
ANSTIEGS	8	11	Anstiegs
ANTEILIGE	9	11	anteilige
ANTREFFEN	9	11	antreffen
ANZUHALTEN	10	11	anzuhalten
ANZUSIEDELN	11	11	anzusiedeln
APERTURA	8	11	Apertura
APOLLON	7	11	Apollon
ARBEITSORT	10	11	Arbeitsort
AROMEN	6	11	Aromen
ARTERIELLEN	11	11	arteriellen
ASPEN	5	11	Aspen
ASSE	4	11	Asse
ASSOCIATES	10	11	Associates
ATOMARE	7	11	atomare
ATOMBOMBEN	10	11	Atombomben
ATOMSTROM	9	11	Atomstrom
AUFGEGEBENE	11	11	aufgegebene
AUFGESETZTE	11	11	aufgesetzte
AUFRAGENDEN	11	11	aufragenden
AUFSTIEGS	9	11	Aufstiegs
AUFWEICHUNG	11	11	Aufweichung
AUFZUWEISEN	11	11	aufzuweisen
AUGENLIDER	10	11	Augenlider
AUGENMASS	9	11	Augenmaß
AUSDAUERND	10	11	ausdauernd
AUSDRUCKE	9	11	Ausdrucke
AUSFLUEGLER	11	11	Ausflügler
AUSGEBREMST	11	11	ausgebremst
AUSGELOESTE	11	11	ausgelöste
AUSGEREIFTE	11	11	ausgereifte
AUSKOMMT	8	11	auskommt
AUSLADENDEN	11	11	ausladenden
AUSLAEUFERN	11	11	Ausläufern
AUSLAUFENDE	11	11	auslaufende
AUSLIEFERN	10	11	ausliefern
AUSLOESENDE	11	11	auslösende
AUSMASSEN	9	11	Ausmaßen
AUSSAH	6	11	aussah
AUSSEHENS	9	11	Aussehens
AUSTRITTE	9	11	Austritte
AUSWEISES	9	11	Ausweises
AUSWIRKTE	9	11	auswirkte
AUTARK	6	11	autark
AUTOFOKUS	9	11	Autofokus
AUTORITAER	10	11	autoritär
AVATAR	6	11	Avatar
AVENIDA	7	11	Avenida
BABIES	6	11	Babies
BACKUPS	7	11	Backups
BAHNBAU	7	11	Bahnbau
BAHNKUNDEN	10	11	Bahnkunden
BALTISCHE	9	11	baltische
BALUSTRADE	10	11	Balustrade
BAMBUS	6	11	Bambus
BANANE	6	11	Banane
BANATER	7	11	Banater
BANDLEADER	10	11	Bandleader
BANKKONTO	9	11	Bankkonto
BAPTISTEN	9	11	Baptisten
BASKENLAND	10	11	Baskenland
BASRA	5	11	Basra
BAST	4	11	Bast
BAUFLAECHEN	11	11	Bauflächen
BAUGRUPPE	9	11	Baugruppe
BAUMSCHULE	10	11	Baumschule
BAUPROGRAMM	11	11	Bauprogramm
BEDENKENLOS	11	11	bedenkenlos
BEDROHLICHE	11	11	bedrohliche
BEFAHRENEN	10	11	befahrenen
BEFESTIGTES	11	11	befestigtes
BEFREMDLICH	11	11	befremdlich
BEFUERCHTE	10	11	befürchte
BEGATTUNG	9	11	Begattung
BEHANDELNDE	11	11	behandelnde
BEIT	4	11	Beit
BEKAEMPFTEN	11	11	bekämpften
BEKEHRUNG	9	11	Bekehrung
BEKLEIDETEN	11	11	bekleideten
BELEIDIGEN	10	11	beleidigen
BELOHNUNGEN	11	11	Belohnungen
BEMALEN	7	11	bemalen
BEMANNTE	8	11	bemannte
BEMESSUNG	9	11	Bemessung
BENOETIGST	10	11	benötigst
BENSHEIM	8	11	Bensheim
BENZINER	8	11	Benziner
BEOBACHTERS	11	11	Beobachters
BERATE	6	11	berate
BERBER	6	11	Berber
BERGBAHNEN	10	11	Bergbahnen
BERGFUEHRER	11	11	Bergführer
BERGWELT	8	11	Bergwelt
BERUFSWELT	10	11	Berufswelt
BERUHTEN	8	11	beruhten
BESCHAFFTE	10	11	beschaffte
BESCHEUERT	10	11	bescheuert
BESCHLAEGE	10	11	Beschläge
BESINNLICHE	11	11	besinnliche
BESTAENDIGE	11	11	beständige
BESTENLISTE	11	11	Bestenliste
BESTIE	6	11	Bestie
BESTUERZUNG	11	11	Bestürzung
BESUCHERIN	10	11	Besucherin
BETRAEUFELN	11	11	beträufeln
BETRIEBSART	11	11	Betriebsart
BETRUNKENER	11	11	Betrunkener
BETSAAL	7	11	Betsaal
BETTELN	7	11	betteln
BEURLAUBUNG	11	11	Beurlaubung
BEURTEILTEN	11	11	beurteilten
BEVORZUGUNG	11	11	Bevorzugung
BEWAHRTEN	9	11	bewahrten
BEWEHRT	7	11	bewehrt
BEWOELKT	8	11	bewölkt
BEWUNDERER	10	11	Bewunderer
BHUTAN	6	11	Bhutan
BIERSORTEN	10	11	Biersorten
BILDQUELLE	10	11	Bildquelle
BITUMEN	7	11	Bitumen
BLITZLICHT	10	11	Blitzlicht
BLOCKHAUS	9	11	Blockhaus
BLOEDEN	7	11	blöden
BODENLOSE	9	11	Bodenlose
BOESARTIG	9	11	bösartig
BOOKMARKS	9	11	Bookmarks
BOOMENDEN	9	11	boomenden
BOOMTE	6	11	boomte
BOPPARD	7	11	Boppard
BOSNIAKEN	9	11	Bosniaken
BOSNISCHE	9	11	bosnische
BRAECHTEN	9	11	brächten
BRANDGEFAHR	11	11	Brandgefahr
BRAUHAUS	8	11	Brauhaus
BRAUNEM	7	11	braunem
BRAUTKLEID	10	11	Brautkleid
BRAVE	5	11	Brave
BRECHEND	8	11	brechend
BREDA	5	11	Breda
BREMSWEG	8	11	Bremsweg
BRENDA	6	11	Brenda
BRENNENDER	10	11	brennender
BRIEFPOST	9	11	Briefpost
BRITIN	6	11	Britin
BRITISCHEM	10	11	britischem
BRUELLEN	8	11	brüllen
BRUTDAUER	9	11	Brutdauer
BUCHHANDELS	11	11	Buchhandels
BUDDHIST	8	11	Buddhist
BUEHNENSHOW	11	11	Bühnenshow
BUENDELT	8	11	bündelt
BUENDIG	7	11	bündig
BUENDNER	8	11	Bündner
BUERGERLICH	11	11	bürgerlich
BUFFALO	7	11	Buffalo
BUFFETT	7	11	Buffett
BULLISCHEN	10	11	bullischen
BULLS	5	11	Bulls
BUNKERN	7	11	Bunkern
BURGGRABEN	10	11	Burggraben
BURGTHEATER	11	11	Burgtheater
BURGTURM	8	11	Burgturm
CARTOON	7	11	Cartoon
CASTINGS	8	11	Castings
CASTOR	6	11	Castor
CELLA	5	11	Cella
CELLIST	7	11	Cellist
CHAMPAGNE	9	11	Champagne
CHAPTER	7	11	Chapter
CHATROOM	8	11	Chatroom
CHIANG	6	11	Chiang
CHILI	5	11	Chili
CHIRURGISCH	11	11	chirurgisch
CHORBOGEN	9	11	Chorbogen
CHRISTBAUM	10	11	Christbaum
CHRISTL	7	11	Christl
CONDOR	6	11	Condor
CONNOR	6	11	Connor
COUNTER	7	11	Counter
CRACK	5	11	Crack
DAMENEINZEL	11	11	Dameneinzel
DARGEBRACHT	11	11	dargebracht
DATENRATEN	10	11	Datenraten
DAZUGELERNT	11	11	dazugelernt
DEFINIERTER	11	11	definierter
DEFINITIVEN	11	11	definitiven
DEFORMIERT	10	11	deformiert
DEKANS	6	11	Dekans
DELFINE	7	11	Delfine
DEMENTIEREN	11	11	dementieren
DEMGEMAESS	10	11	demgemäß
DEMOKRAT	8	11	Demokrat
DENKBARE	8	11	denkbare
DEPRIMIERT	10	11	deprimiert
DERARTIG	8	11	derartig
DERIVATE	8	11	Derivate
DESOLAT	7	11	desolat
DETEKTIVE	9	11	Detektive
DICKICHT	8	11	Dickicht
DIENSTREISE	11	11	Dienstreise
DIOEZESEN	9	11	Diözesen
DIPLOME	7	11	Diplome
DISKURSE	8	11	Diskurse
DISSENS	7	11	Dissens
DOEBELN	7	11	Döbeln
DOKTORGRAD	10	11	Doktorgrad
DOLLARKURS	10	11	Dollarkurs
DOMINIEREND	11	11	dominierend
DOMKIRCHE	9	11	Domkirche
DOPPELNAMEN	11	11	Doppelnamen
DOPPELPUNKT	11	11	Doppelpunkt
DOPPELTEM	9	11	doppeltem
DRAHTLOSE	9	11	drahtlose
DRAINAGE	8	11	Drainage
DRESDENER	9	11	Dresdener
DROHENDER	9	11	drohender
DRUMHERUM	9	11	Drumherum
DUKATEN	7	11	Dukaten
DUNKLEREN	9	11	dunkleren
DURCHGAENGE	11	11	Durchgänge
DYNASTIEN	9	11	Dynastien
EBENDIESE	9	11	ebendiese
EDELMANN	8	11	Edelmann
EGELSBACH	9	11	Egelsbach
EHEMAENNER	10	11	Ehemänner
EHERING	7	11	Ehering
EICHENLAUB	10	11	Eichenlaub
EIFFELTURM	10	11	Eiffelturm
EINCHECKEN	10	11	Einchecken
EINGABEFELD	11	11	Eingabefeld
EINGEKLEBT	10	11	eingeklebt
EINGEPASST	10	11	eingepasst
EINGESCANNT	11	11	eingescannt
EINGLEISIG	10	11	eingleisig
EINGLEISIGE	11	11	eingleisige
EINHELLIGE	10	11	einhellige
EINKEHREN	9	11	einkehren
EINKLASSIGE	11	11	einklassige
EINRAEUMEN	10	11	einräumen
EINSICHTIG	10	11	einsichtig
EINTAEGIGEN	11	11	eintägigen
EINTOENIG	9	11	eintönig
EINZUBINDEN	11	11	einzubinden
EINZUSTUFEN	11	11	einzustufen
EISES	5	11	Eises
EISIGER	7	11	eisiger
EISSCHICHT	10	11	Eisschicht
EISSCHOLLEN	11	11	Eisschollen
ELCH	4	11	Elch
ELEKTRA	7	11	Elektra
ELLBOGEN	8	11	Ellbogen
EMDER	5	11	Emder
EMITTIERT	9	11	emittiert
EMPATHIE	8	11	Empathie
ENDBAHNHOF	10	11	Endbahnhof
ENDKAMPF	8	11	Endkampf
ENGSTELLE	9	11	Engstelle
ENTBEHREN	9	11	entbehren
ENTFALLE	8	11	entfalle
ENTHAUPTUNG	11	11	Enthauptung
ENTHUELLTE	10	11	enthüllte
ENTLEDIGEN	10	11	entledigen
ENTLEGENEN	10	11	entlegenen
ENTLIEHEN	9	11	entliehen
ENTRINNEN	9	11	entrinnen
ENTSANDTEN	10	11	entsandten
ENTSTUENDE	10	11	entstünde
ENTWICKELE	10	11	entwickele
ENTWICKLE	9	11	entwickle
ENTWIRFT	8	11	entwirft
EPISCHE	7	11	epische
ERBARMEN	8	11	Erbarmen
ERBITTEN	8	11	erbitten
ERBLINDUNG	10	11	Erblindung
ERDRUTSCHE	10	11	Erdrutsche
EREKTION	8	11	Erektion
ERFAHRENES	10	11	erfahrenes
ERFREUTEN	9	11	erfreuten
ERFUNDENE	9	11	erfundene
ERGRUENDEN	10	11	ergründen
ERKELENZ	8	11	Erkelenz
ERKLANGEN	9	11	erklangen
ERKUNDETEN	10	11	erkundeten
ERLOESENDE	10	11	erlösende
ERMAECHTIGT	11	11	ermächtigt
ERPRESSER	9	11	Erpresser
ERSCHAFFUNG	11	11	Erschaffung
ERSCHRICKT	10	11	erschrickt
ERSCHUF	7	11	erschuf
ERSPIELTE	9	11	erspielte
ERSTNOTIZ	9	11	Erstnotiz
ERTRAEGLICH	11	11	erträglich
ERTRAEGT	8	11	erträgt
ERUPTION	8	11	Eruption
ERWEICHEN	9	11	erweichen
ERWERBER	8	11	Erwerber
ERWIDERTEN	10	11	erwiderten
ERZDIOEZESE	11	11	Erzdiözese
ERZRIVALEN	10	11	Erzrivalen
ERZWANGEN	9	11	erzwangen
ESKADRON	8	11	Eskadron
ESKAPADEN	9	11	Eskapaden
ESMERALDA	9	11	Esmeralda
ESPRESSO	8	11	Espresso
ESSENS	6	11	Essens
EUROLAND	8	11	Euroland
EUROVISION	10	11	Eurovision
EVAKUIEREN	10	11	evakuieren
EXISTENZEN	10	11	Existenzen
EXPERTIN	8	11	Expertin
EXPONIERTE	10	11	exponierte
EXTENSION	9	11	Extension
EXTENSIVE	9	11	extensive
EXZENTRISCH	11	11	exzentrisch
FACHGRUPPEN	11	11	Fachgruppen
FAELSCHER	9	11	Fälscher
FAENGEN	7	11	Fängen
FAENGER	7	11	Fänger
FAHNDEN	7	11	fahnden
FAHRBARE	8	11	fahrbare
FAHRERINNEN	11	11	Fahrerinnen
FAHRMOTOREN	11	11	Fahrmotoren
FAHRPREISE	10	11	Fahrpreise
FALLUDSCHA	10	11	Falludscha
FALTUNG	7	11	Faltung
FASTNACHT	9	11	Fastnacht
FATAH	5	11	Fatah
FATALER	7	11	fataler
FEDERKLEID	10	11	Federkleid
FEHLERSUCHE	11	11	Fehlersuche
FEHLSTELLEN	11	11	Fehlstellen
FEIERTAGES	10	11	Feiertages
FEIGEN	6	11	Feigen
FEINSCHLIFF	11	11	Feinschliff
FELSWAENDEN	11	11	Felswänden
FERNZUEGE	9	11	Fernzüge
FESTHAELT	9	11	festhält
FESTPREIS	9	11	Festpreis
FEUERPAUSE	10	11	Feuerpause
FICKEN	6	11	Ficken
FIES	4	11	fies
FIKTIONALEN	11	11	fiktionalen
FILE	4	11	File
FILMSTUDIO	10	11	Filmstudio
FILMT	5	11	filmt
FILMTE	6	11	filmte
FILTERUNG	9	11	Filterung
FINALSPIEL	10	11	Finalspiel
FINDLING	8	11	Findling
FISCHES	7	11	Fisches
FLACHDECKE	10	11	Flachdecke
FLACHES	7	11	flaches
FLANKIEREN	10	11	flankieren
FLATTERT	8	11	flattert
FLETCHER	8	11	Fletcher
FLIEHENDEN	10	11	fliehenden
FLINT	5	11	Flint
FLORENTINER	11	11	Florentiner
FLUGPLAETZE	11	11	Flugplätze
FLUGREISEN	10	11	Flugreisen
FOERMLICHEN	11	11	förmlichen
FOLGEJAHRES	11	11	Folgejahres
FOLTERN	7	11	foltern
FORCIEREN	9	11	forcieren
FORMATIERT	10	11	formatiert
FORMTEN	7	11	formten
FORMULA	7	11	Formula
FORMULAREN	10	11	Formularen
FORSCH	6	11	forsch
FOSSILER	8	11	fossiler
FRAGIL	6	11	fragil
FRAPPIEREND	11	11	frappierend
FREAKS	6	11	Freaks
FRECHE	6	11	freche
FREIBAEDER	10	11	Freibäder
FREIHERRN	9	11	Freiherrn
FREIKIRCHE	10	11	Freikirche
FREISETZEN	10	11	freisetzen
FREISTADT	9	11	Freistadt
FREIZEITEN	10	11	Freizeiten
FRIESEN	7	11	Friesen
FRIESISCHE	10	11	friesische
FROHEN	6	11	frohen
FRONTLINIE	10	11	Frontlinie
FRUCHTBARER	11	11	fruchtbarer
FRUEHESTER	10	11	frühester
FUERSTLICH	10	11	Fürstlich
FUGE	4	11	Fuge
FULDAER	7	11	Fuldaer
FULMINANTEN	11	11	fulminanten
FUNDSTUECK	10	11	Fundstück
FUNKELN	7	11	funkeln
FURIOS	6	11	furios
FUSIONIEREN	11	11	fusionieren
GANZHEIT	8	11	Ganzheit
GASES	5	11	Gases
GASTREDNER	10	11	Gastredner
GATEWAY	7	11	Gateway
GAULEITER	9	11	Gauleiter
GAULIGA	7	11	Gauliga
GEBAENDERT	10	11	gebändert
GEBAUTER	8	11	gebauter
GEBEUTELT	9	11	gebeutelt
GEBLAESE	8	11	Gebläse
GEBROCHENER	11	11	gebrochener
GEBUNDENER	10	11	gebundener
GEDRUCKTER	10	11	gedruckter
GEENDET	7	11	geendet
GEFEIERTE	9	11	gefeierte
GEFROREN	8	11	gefroren
GEGNERIN	8	11	Gegnerin
GEHANDICAPT	11	11	gehandicapt
GEHIRNE	7	11	Gehirne
GEHOELZ	7	11	Gehölz
GEISLINGEN	10	11	Geislingen
GEJUBELT	8	11	gejubelt
GEKOEPFT	8	11	geköpft
GEKREUZTEN	10	11	gekreuzten
GEKRUEMMTE	10	11	gekrümmte
GEKUEMMERT	10	11	gekümmert
GELAGERTEN	10	11	gelagerten
GELDPREIS	9	11	Geldpreis
GELDSPENDEN	11	11	Geldspenden
GELDSUMME	9	11	Geldsumme
GELOST	6	11	gelost
GELTENDES	9	11	geltendes
GEMEINTE	8	11	gemeinte
GEMETZEL	8	11	Gemetzel
GENAEHRT	8	11	genährt
GENITALIEN	10	11	Genitalien
GEPRIESEN	9	11	gepriesen
GERADLINIGE	11	11	geradlinige
GEREIFT	7	11	gereift
GERSTE	6	11	Gerste
GERUFENE	8	11	gerufene
GESAENGEN	9	11	Gesängen
GESAMT	6	11	gesamt
GESCHIMPFT	10	11	geschimpft
GESCHMIERT	10	11	geschmiert
GESINNTEN	9	11	gesinnten
GESTAFFELTE	11	11	gestaffelte
GESTAPELT	9	11	gestapelt
GESTOLPERT	10	11	gestolpert
GESTREIFTEN	11	11	gestreiften
GESTUTZT	8	11	gestutzt
GESUNGENEN	10	11	gesungenen
GETANKT	7	11	getankt
GETOENT	7	11	getönt
GETOESE	7	11	Getöse
GEWALTFREIE	11	11	gewaltfreie
GEWERKE	7	11	Gewerke
GEWUERZ	7	11	Gewürz
GEZEICHNETE	11	11	gezeichnete
GEZWEIFELT	10	11	gezweifelt
GIBBONS	7	11	Gibbons
GIFHORN	7	11	Gifhorn
GLARUS	6	11	Glarus
GLASKLAR	8	11	glasklar
GLASKUPPEL	10	11	Glaskuppel
GLATZE	6	11	Glatze
GLAUBST	7	11	Glaubst
GLUEHENDEN	10	11	glühenden
GLUTNESTER	10	11	Glutnester
GOLFPLAETZE	11	11	Golfplätze
GRAEFLICHEN	11	11	gräflichen
GRAPHIK	7	11	Graphik
GRAPHISCH	9	11	graphisch
GRAUS	5	11	Graus
GRAUSAMER	9	11	grausamer
GRENZENLOSE	11	11	grenzenlose
GROLL	5	11	Groll
GRUEPPCHEN	10	11	Grüppchen
GRUNDFRAGEN	11	11	Grundfragen
GRUNDLOS	8	11	grundlos
GRUNDTON	8	11	Grundton
GRUNDWISSEN	11	11	Grundwissen
GUCKTE	6	11	guckte
GUERRA	6	11	Guerra
GUTACHTERN	10	11	Gutachtern
GUTSHOFES	9	11	Gutshofes
GYMNASIALE	10	11	gymnasiale
HAENGTE	7	11	hängte
HAESSLICHE	10	11	hässliche
HAIEN	5	11	Haien
HAKTE	5	11	hakte
HALBEM	6	11	halbem
HALBJAHRES	10	11	Halbjahres
HALDE	5	11	Halde
HALDEN	6	11	Halden
HALIFAX	7	11	Halifax
HAMBURGERN	10	11	Hamburgern
HAMMERS	7	11	Hammers
HANDGRIFFE	10	11	Handgriffe
HANGLAGE	8	11	Hanglage
HAPERTE	7	11	haperte
HARMLOSER	9	11	harmloser
HAUPTANTEIL	11	11	Hauptanteil
HAUPTMOTIV	10	11	Hauptmotiv
HAUPTRENNEN	11	11	Hauptrennen
HAUPTTURM	9	11	Hauptturm
HAUSMUELL	9	11	Hausmüll
HAUSRAT	7	11	Hausrat
HAVARIE	7	11	Havarie
HEBELTE	7	11	hebelte
HEIMATHAFEN	11	11	Heimathafen
HEIMWERKER	10	11	Heimwerker
HEISSESTE	9	11	heißeste
HEIZER	6	11	Heizer
HEKTISCHEN	10	11	hektischen
HELLBLAUE	9	11	hellblaue
HERAUSGAB	9	11	herausgab
HERRLICHEM	10	11	herrlichem
HERVORGEHEN	11	11	hervorgehen
HERZKAMMER	10	11	Herzkammer
HILFSPAKET	10	11	Hilfspaket
HINDUISMUS	10	11	Hinduismus
HINFAHRT	8	11	Hinfahrt
HOCHBAU	7	11	Hochbau
HOCHGELADEN	11	11	hochgeladen
HOCHLADEN	9	11	hochladen
HOCHSTIFTS	10	11	Hochstifts
HOCHVERRAT	10	11	Hochverrat
HOCHZIEHEN	10	11	Hochziehen
HOELZERNER	10	11	hölzerner
HOERERN	7	11	Hörern
HOERPROBEN	10	11	Hörproben
HOFGUT	6	11	Hofgut
HOFHALTUNG	10	11	Hofhaltung
HOFRAT	6	11	Hofrat
HOLZHAEUSER	11	11	Holzhäuser
HOMOSEXUELL	11	11	homosexuell
HOPFEN	6	11	Hopfen
HORNETS	7	11	Hornets
HUEPFEN	7	11	hüpfen
HUMANEN	7	11	humanen
HUMANISTEN	10	11	Humanisten
HURRICANE	9	11	Hurricane
HURRIKANS	9	11	Hurrikans
HUSCHT	6	11	huscht
HYDRAULIK	9	11	Hydraulik
IDYLLISCH	9	11	idyllisch
IMMENSER	8	11	immenser
IMPORTEN	8	11	Importen
IMPORTEUR	9	11	Importeur
INDEXFONDS	10	11	Indexfonds
INDEXPUNKTE	11	11	Indexpunkte
INDIANISCHE	11	11	indianische
INHABERS	8	11	Inhabers
INJEKTIONEN	11	11	Injektionen
INNINGS	7	11	Innings
INTERCITY	9	11	Intercity
INTERFERENZ	11	11	Interferenz
INTERSTATE	10	11	Interstate
IRRSINN	7	11	Irrsinn
IRVINE	6	11	Irvine
JAHRESMITTE	11	11	Jahresmitte
JAMMER	6	11	Jammer
JENSEITIGEN	11	11	jenseitigen
JUBELND	7	11	jubelnd
JUBILARE	8	11	Jubilare
JUENGERES	9	11	jüngeres
JUGENDCLUB	10	11	Jugendclub
JUGENDSTILS	11	11	Jugendstils
JUNGTIER	8	11	Jungtier
JUROR	5	11	Juror
JURYS	5	11	Jurys
JUWELIER	8	11	Juwelier
KABELN	6	11	Kabeln
KAEFERN	7	11	Käfern
KAEMMEN	7	11	Kämmen
KALIF	5	11	Kalif
KAMPFKRAFT	10	11	Kampfkraft
KANADISCHER	11	11	kanadischer
KANNIBALEN	10	11	Kannibalen
KANZLEIEN	9	11	Kanzleien
KASCHIEREN	10	11	kaschieren
KASKADE	7	11	Kaskade
KASPER	6	11	Kasper
KASTRIERT	9	11	kastriert
KAUFLEUTEN	10	11	Kaufleuten
KEIMUNG	7	11	Keimung
KEINSTER	8	11	keinster
KERNBURG	8	11	Kernburg
KERNGEBIET	10	11	Kerngebiet
KERNPROBLEM	11	11	Kernproblem
KERZENLICHT	11	11	Kerzenlicht
KIELLEGUNG	10	11	Kiellegung
KINDERBETT	10	11	Kinderbett
KINDERLOSEN	11	11	kinderlosen
KINOFILME	9	11	Kinofilme
KIOSKE	6	11	Kioske
KIRCHWEIHE	10	11	Kirchweihe
KITTEN	6	11	Kitten
KITZBUEHEL	10	11	Kitzbühel
KITZINGEN	9	11	Kitzingen
KLASSIKERS	10	11	Klassikers
KLATSCHTE	9	11	klatschte
KLEMMT	6	11	klemmt
KLETTERWAND	11	11	Kletterwand
KLINGENDE	9	11	klingende
KLINKER	7	11	Klinker
KLONE	5	11	Klone
KLOTEN	6	11	Kloten
KNICK	5	11	Knick
KNICKS	6	11	Knicks
KNIRSCHT	8	11	knirscht
KOENIGSPAAR	11	11	Königspaar
KOENNER	7	11	Könner
KOERPERFORM	11	11	Körperform
KOLONIALE	9	11	koloniale
KOMMENTATOR	11	11	Kommentator
KONDENSIERT	11	11	kondensiert
KONFLIKTES	10	11	Konfliktes
KONJUNKTIV	10	11	Konjunktiv
KONSUMS	7	11	Konsums
KONVEX	6	11	konvex
KOPFBAHNHOF	11	11	Kopfbahnhof
KOPFUEBER	9	11	kopfüber
KOPPEL	6	11	Koppel
KORREKTER	9	11	korrekter
KORRUPT	7	11	korrupt
KOSMETIKA	9	11	Kosmetika
KOSTBARES	9	11	kostbares
KRAFTWERKEN	11	11	Kraftwerken
KRAMPF	6	11	Krampf
KRANKENGELD	11	11	Krankengeld
KRASSEN	7	11	krassen
KRASSER	7	11	krasser
KREBSRISIKO	11	11	Krebsrisiko
KREISRAETE	10	11	Kreisräte
KRIEGSRECHT	11	11	Kriegsrecht
KROCH	5	11	kroch
KUEHEN	6	11	Kühen
KUEHLHAUS	9	11	Kühlhaus
KUEHNEN	7	11	kühnen
KUEMMERE	8	11	kümmere
KUENFTIGER	10	11	künftiger
KUESSE	6	11	Küsse
KUNSTMALER	10	11	Kunstmaler
KURSVERLAUF	11	11	Kursverlauf
KURZWEIL	8	11	Kurzweil
LACKIERTEN	10	11	lackierten
LADENTISCH	10	11	Ladentisch
LAEUSE	6	11	Läuse
LANDAUER	8	11	Landauer
LANDEPLATZ	10	11	Landeplatz
LANGSAMES	9	11	langsames
LANGSAMKEIT	11	11	Langsamkeit
LANGT	5	11	langt
LEARNING	8	11	Learning
LEBST	5	11	lebst
LEDERJACKE	10	11	Lederjacke
LEERUNG	7	11	Leerung
LEGITIMEN	9	11	legitimen
LEHRANGEBOT	11	11	Lehrangebot
LEHRSTUEHLE	11	11	Lehrstühle
LEITBILDER	10	11	Leitbilder
LEITWERK	8	11	Leitwerk
LEOBEN	6	11	Leoben
LERNFAEHIG	10	11	lernfähig
LEUGNET	7	11	leugnet
LEXINGTON	9	11	Lexington
LHASA	5	11	Lhasa
LICHTENAU	9	11	Lichtenau
LIEBEVOLLE	10	11	liebevolle
LIEDTEXTE	9	11	Liedtexte
LINDENHOF	9	11	Lindenhof
LINGUISTEN	10	11	Linguisten
LINIENNETZ	10	11	Liniennetz
LINKSFUSS	9	11	Linksfuß
LINKSKURVE	10	11	Linkskurve
LIVESTREAM	10	11	Livestream
LOCAL	5	11	Local
LOCATIONS	9	11	Locations
LOHNENDES	9	11	lohnendes
LOUVRE	6	11	Louvre
LUEBBEN	7	11	Lübben
LUEFTET	7	11	lüftet
LUFTZUFUHR	10	11	Luftzufuhr
LUGT	4	11	lugt
LUKRATIVER	10	11	lukrativer
LUKRATIVES	10	11	lukratives
LUSTGARTEN	10	11	Lustgarten
LUXURIOESE	10	11	luxuriöse
LYRISCHE	8	11	lyrische
MADEIRA	7	11	Madeira
MADEN	5	11	Maden
MAENNLEIN	9	11	Männlein
MAGERSUCHT	10	11	Magersucht
MAGMA	5	11	Magma
MAGNUM	6	11	Magnum
MALL	4	11	Mall
MANDATS	7	11	Mandats
MANEGE	6	11	Manege
MANUALE	7	11	Manuale
MARIONETTE	10	11	Marionette
MARKTPREIS	10	11	Marktpreis
MARZAHNER	9	11	Marzahner
MASCHINIST	10	11	Maschinist
MASERATI	8	11	Maserati
MASSENHAFTE	11	11	massenhafte
MASSENWEISE	11	11	massenweise
MATTER	6	11	matter
MEDIZINERN	10	11	Medizinern
MEHRER	6	11	mehrer
MEHRKAMPF	9	11	Mehrkampf
MEHRTEN	7	11	mehrten
MEISTERTE	9	11	meisterte
MEPPEN	6	11	Meppen
MESSBEREICH	11	11	Meßbereich
MESSWERT	8	11	Messwert
MET	3	11	Met
METALLISCHE	11	11	metallische
METASTASEN	10	11	Metastasen
METERHOHE	9	11	meterhohe
METROPOLIT	10	11	Metropolit
MINERALE	8	11	Minerale
MINIS	5	11	Minis
MINUSPUNKTE	11	11	Minuspunkte
MINUTIOES	9	11	minutiös
MINZE	5	11	Minze
MISERABLE	9	11	miserable
MISERABLEN	10	11	miserablen
MISSFAELLT	10	11	missfällt
MITBUERGERN	11	11	Mitbürgern
MITDENKEN	9	11	mitdenken
MITINHABER	10	11	Mitinhaber
MITMISCHEN	10	11	mitmischen
MITTELBARE	10	11	mittelbare
MITTELTURM	10	11	Mittelturm
MITWISSER	9	11	Mitwisser
MITZIEHEN	9	11	mitziehen
MIXTUR	6	11	Mixtur
MODEN	5	11	Moden
MODULS	6	11	Moduls
MOEBLIERUNG	11	11	Möblierung
MOLDAWIEN	9	11	Moldawien
MOLE	4	11	Mole
MOLEKULAREN	11	11	molekularen
MOMENTUM	8	11	Momentum
MONIERTE	8	11	monierte
MONUMENTE	9	11	Monumente
MORALISCHES	11	11	moralisches
MORTIMER	8	11	Mortimer
MORTON	6	11	Morton
MOTORSPORTS	11	11	Motorsports
MOTORWAGEN	10	11	Motorwagen
MULDEN	6	11	Mulden
MUNDARTEN	9	11	Mundarten
MUNDSTUECK	10	11	Mundstück
MURNAU	6	11	Murnau
MUSKELKATER	11	11	Muskelkater
MUTTERLAND	10	11	Mutterland
MYTHISCHE	9	11	mythische
NACHNUTZUNG	11	11	Nachnutzung
NACHPRUEFEN	11	11	nachprüfen
NACHTEILEN	10	11	Nachteilen
NACHZUCHT	9	11	Nachzucht
NACHZULESEN	11	11	nachzulesen
NAEHERTEN	9	11	näherten
NAHBEREICH	10	11	Nahbereich
NAIVEN	6	11	naiven
NAMENSTAG	9	11	Namenstag
NANTES	6	11	Nantes
NATURKUNDE	10	11	Naturkunde
NEBENBUHLER	11	11	Nebenbuhler
NEBENJOB	8	11	Nebenjob
NEBENRAEUME	11	11	Nebenräume
NECKARSULM	10	11	Neckarsulm
NEISSE	6	11	Neiße
NESTLINGE	9	11	Nestlinge
NEUBILDUNG	10	11	Neubildung
NEUESTES	8	11	neuestes
NEUGOTISCH	10	11	neugotisch
NEUKOELLNER	11	11	Neuköllner
NEUMOND	7	11	Neumond
NIEDERLIESS	11	11	niederließ
NIENHAGEN	9	11	Nienhagen
NIGER	5	11	Niger
NINJA	5	11	Ninja
NOBEL	5	11	nobel
NOMADEN	7	11	Nomaden
NORDOSTECKE	11	11	Nordostecke
NORDSTADT	9	11	Nordstadt
NORDWIND	8	11	Nordwind
NOTARIELLEN	11	11	notariellen
NOTLANDEN	9	11	notlanden
NUETZLICHER	11	11	nützlicher
NUTZBAREN	9	11	nutzbaren
OBENAUF	7	11	obenauf
OBERDORF	8	11	Oberdorf
OBERHAUSES	10	11	Oberhauses
OBERITALIEN	11	11	Oberitalien
OCH	3	11	och
OEKONOM	7	11	Ökonom
OELHEIZUNG	10	11	Ölheizung
OELKONZERNE	11	11	Ölkonzerne
OHNEDIES	8	11	ohnedies
OHRDECKEN	9	11	Ohrdecken
OKTAVEN	7	11	Oktaven
OLIVBRAUN	9	11	olivbraun
OMNIBUS	7	11	Omnibus
OMNIBUSSE	9	11	Omnibusse
OPTIKEN	7	11	Optiken
ORALE	5	11	orale
ORGANISCHES	11	11	organisches
ORGELBAU	8	11	Orgelbau
ORTUNG	6	11	Ortung
OSCARS	6	11	Oscars
OSMANISCHER	11	11	osmanischer
OSTBAHNHOF	10	11	Ostbahnhof
OSTFILDERN	10	11	Ostfildern
OSTGRENZE	9	11	Ostgrenze
OTTER	5	11	Otter
PANTHERS	8	11	Panthers
PAPAGEIEN	9	11	Papageien
PAPER	5	11	Paper
PAPILLEN	8	11	Papillen
PARAGRAPH	9	11	Paragraph
PARTIELLE	9	11	partielle
PARTIELLEN	10	11	partiellen
PARTITION	9	11	Partition
PARZELLE	8	11	Parzelle
PATENTIERTE	11	11	patentierte
PATHETISCH	10	11	pathetisch
PATRIARCHAT	11	11	Patriarchat
PECHVOGEL	9	11	Pechvogel
PEGNITZ	7	11	Pegnitz
PELZE	5	11	Pelze
PERIPHEREN	10	11	peripheren
PETITIONEN	10	11	Petitionen
PFARRERIN	9	11	Pfarrerin
PFAU	4	11	Pfau
PFERDEWAGEN	11	11	Pferdewagen
PFLANZT	7	11	pflanzt
PFLUEGEN	8	11	Pflügen
PFUNDE	6	11	Pfunde
PIERCINGS	9	11	Piercings
PIONIERIN	9	11	Pionierin
PIRAEUS	7	11	Piräus
PITCH	5	11	Pitch
PJOENGJANG	10	11	Pjöngjang
PLACEBO	7	11	Placebo
PLAINS	6	11	Plains
PLANKEN	7	11	Planken
PLAUENER	8	11	Plauener
PLUENDERER	10	11	Plünderer
POEBEL	6	11	Pöbel
POETISCH	8	11	poetisch
POETRY	6	11	Poetry
POLAROID	8	11	Polaroid
POLNISCHES	10	11	polnisches
POLYMER	7	11	Polymer
PORTALEN	8	11	Portalen
PORTE	5	11	Porte
PORTIERUNG	10	11	Portierung
POSTING	7	11	Posting
POSTINGS	8	11	Postings
POTENZIELL	10	11	potenziell
PRACTICE	8	11	Practice
PRAERIE	7	11	Prärie
PRAEVENTIV	10	11	präventiv
PRATT	5	11	Pratt
PREIST	6	11	preist
PREKAERE	8	11	prekäre
PREKAEREN	9	11	prekären
PREMIERS	8	11	Premiers
PRESSERAT	9	11	Presserat
PRESST	6	11	presst
PRIESTERIN	10	11	Priesterin
PRIMAERER	9	11	primärer
PRIMARY	7	11	Primary
PROGRESSIV	10	11	progressiv
PROKLAMIERT	11	11	proklamiert
PROMOTER	8	11	Promoter
PROPSTEI	8	11	Propstei
PROTEKTION	10	11	Protektion
PROTEKTORAT	11	11	Protektorat
PROVENCE	8	11	Provence
PROVIDERN	9	11	Providern
PRUNK	5	11	Prunk
PTOLEMAIOS	10	11	Ptolemaios
PUDERZUCKER	11	11	Puderzucker
PUNKTIERT	9	11	punktiert
PUNKTSIEG	9	11	Punktsieg
PURES	5	11	pures
PUTZBAU	7	11	Putzbau
QUARTALE	8	11	Quartale
QUERBALKEN	10	11	Querbalken
QUITTIERTEN	11	11	quittierten
RABATTEN	8	11	Rabatten
RAETEN	6	11	Räten
RAETSELS	8	11	Rätsels
RAEUMLICHES	11	11	räumliches
RAIDERS	7	11	Raiders
RANDLAGE	8	11	Randlage
RAPPELVOLL	10	11	rappelvoll
RATIONIERT	10	11	rationiert
RATSHERRN	9	11	Ratsherrn
RAUMORDNUNG	11	11	Raumordnung
REAGENZGLAS	11	11	Reagenzglas
REDAKTEUREN	11	11	Redakteuren
REDNERPULT	10	11	Rednerpult
REDUZIERTER	11	11	reduzierter
REFEREE	7	11	Referee
REIHT	5	11	reiht
REIHTE	6	11	reihte
REKLAMATION	11	11	Reklamation
REKORDJAGD	10	11	Rekordjagd
REKORDMARKE	11	11	Rekordmarke
REKRUTIERTE	11	11	rekrutierte
RELEVANTER	10	11	relevanter
RENATURIERT	11	11	renaturiert
RENTENINDEX	11	11	Rentenindex
RESIDENZEN	10	11	Residenzen
RESIGNIEREN	11	11	resignieren
RESTMUELL	9	11	Restmüll
RESUEMIERT	10	11	resümiert
RETTENDEN	9	11	rettenden
RHYTHMIK	8	11	Rhythmik
RHYTHMISCH	10	11	rhythmisch
RIGOROSE	8	11	rigorose
RINGFINGER	10	11	Ringfinger
RISKANTEN	9	11	riskanten
RITZEN	6	11	Ritzen
RIVERSIDE	9	11	Riverside
ROCKKONZERT	11	11	Rockkonzert
ROLLLAEDEN	10	11	Rollläden
ROLLTREPPE	10	11	Rolltreppe
ROTBRAUNE	9	11	rotbraune
ROUEN	5	11	Rouen
RUDERER	7	11	Ruderer
RUDERSPORT	10	11	Rudersport
RUDOW	5	11	Rudow
RUECKSITZ	9	11	Rücksitz
RUEHREND	8	11	rührend
RUETTELN	8	11	rütteln
RUFZEICHEN	10	11	Rufzeichen
RUINS	5	11	Ruins
RUNDBOEGEN	10	11	Rundbögen
RUNDUNGEN	9	11	Rundungen
RUNTERLADEN	11	11	runterladen
RUR	3	11	Rur
SAECKEN	7	11	Säcken
SAETTIGUNG	10	11	Sättigung
SAGST	5	11	sagst
SAIGON	6	11	Saigon
SAISONTOR	9	11	Saisontor
SAKRAMENT	9	11	Sakrament
SALOON	6	11	Saloon
SALZSAEURE	10	11	Salzsäure
SAME	4	11	Same
SANDKASTEN	10	11	Sandkasten
SARAJEWO	8	11	Sarajewo
SARKOPHAGE	10	11	Sarkophage
SASKIA	6	11	Saskia
SAUDISCHE	9	11	saudische
SAUEN	5	11	Sauen
SCHAERFT	8	11	schärft
SCHALTERN	9	11	Schaltern
SCHATZES	8	11	Schatzes
SCHAUFEL	8	11	Schaufel
SCHAUTAFELN	11	11	Schautafeln
SCHEIDENDE	10	11	scheidende
SCHERZE	7	11	Scherze
SCHLACHTER	10	11	Schlachter
SCHLAENGELT	11	11	schlängelt
SCHLAFPLATZ	11	11	Schlafplatz
SCHLAGLICHT	11	11	Schlaglicht
SCHLEIMHAUT	11	11	Schleimhaut
SCHLESISCHE	11	11	Schlesische
SCHLUESSELN	11	11	Schlüsseln
SCHLUSSMANN	11	11	Schlussmann
SCHNAPSIDEE	11	11	Schnapsidee
SCHNEIDERS	10	11	Schneiders
SCHNEIEN	8	11	schneien
SCHNELLERER	11	11	schnellerer
SCHNELLERES	11	11	schnelleres
SCHNELLTEST	11	11	Schnelltest
SCHOENBRUNN	11	11	Schönbrunn
SCHOENEBECK	11	11	Schönebeck
SCHOENERES	10	11	schöneres
SCHRIFTTUM	10	11	Schrifttum
SCHUETZTEN	10	11	schützten
SCHULFEST	9	11	Schulfest
SCHWABING	9	11	Schwabing
SCHWACHEM	9	11	schwachem
SCHWAECHTEN	11	11	schwächten
SCHWAENE	8	11	Schwäne
SCHWALBEN	9	11	Schwalben
SCHWEBTEN	9	11	schwebten
SCHWEIGENS	10	11	Schweigens
SCHWEIGSAM	10	11	schweigsam
SCHWOR	6	11	schwor
SCHWULER	8	11	schwuler
SCOUT	5	11	Scout
SECHSTES	8	11	sechstes
SEGELTEN	8	11	segelten
SELBSTLOS	9	11	selbstlos
SELECT	6	11	Select
SELEKTIVE	9	11	selektive
SENDESTART	10	11	Sendestart
SENTIMENT	9	11	Sentiment
SHEFFIELD	9	11	Sheffield
SHORTLIST	9	11	Shortlist
SICHERSTEN	10	11	sichersten
SIEGERS	7	11	Siegers
SINNLICH	8	11	sinnlich
SINNVOLLES	10	11	sinnvolles
SINSHEIM	8	11	Sinsheim
SKEPTISCHE	10	11	skeptische
SKIERN	6	11	Skiern
SKODA	5	11	Skoda
SOHNS	5	11	Sohns
SOLIDARISCH	11	11	solidarisch
SOLIDITAET	10	11	Solidität
SOLISTIN	8	11	Solistin
SOLTAU	6	11	Soltau
SOMMERHAUS	10	11	Sommerhaus
SOMMERLOCH	10	11	Sommerloch
SONATEN	7	11	Sonaten
SONNENBERG	10	11	Sonnenberg
SOUVERAENEN	11	11	souveränen
SPAETFOLGEN	11	11	Spätfolgen
SPAZIERT	8	11	spaziert
SPEERSPITZE	11	11	Speerspitze
SPERRGEBIET	11	11	Sperrgebiet
SPIELBANK	9	11	Spielbank
SPIELENDEN	10	11	spielenden
SPIELFELDES	11	11	Spielfeldes
SPIELHALLE	10	11	Spielhalle
SPIELKARTEN	11	11	Spielkarten
SPIESSER	8	11	Spießer
SPIONE	6	11	Spione
SPOILER	7	11	Spoiler
SPORTCLUB	9	11	Sportclub
SPORTING	8	11	Sporting
SPORTPARK	9	11	Sportpark
SPRAECHE	8	11	spräche
SPRENGUNGEN	11	11	Sprengungen
SPROSSE	7	11	Sprosse
SPURT	5	11	Spurt
STAATSPREIS	11	11	Staatspreis
STADTBUMMEL	11	11	Stadtbummel
STADTGRABEN	11	11	Stadtgraben
STAMMELF	8	11	Stammelf
STAMMGAESTE	11	11	Stammgäste
STAMMKRAFT	10	11	Stammkraft
STAMMVEREIN	11	11	Stammverein
STANDBILD	9	11	Standbild
STANDORTS	9	11	Standorts
STARTKLAR	9	11	startklar
STAUDEN	7	11	Stauden
STEELERS	8	11	Steelers
STEENFELDE	10	11	Steenfelde
STEGE	5	11	Stege
STEIFE	6	11	steife
STEILKUESTE	11	11	Steilküste
STEINBAUTEN	11	11	Steinbauten
STEINHAUS	9	11	Steinhaus
STEINMAUER	10	11	Steinmauer
STEINSCHLAG	11	11	Steinschlag
STEREOTYPEN	11	11	Stereotypen
STERNCHEN	9	11	Sternchen
STEUERUNGEN	11	11	Steuerungen
STICKER	7	11	Sticker
STIEFSOHN	9	11	Stiefsohn
STIELEN	7	11	Stielen
STILVOLLE	9	11	stilvolle
STOCKHOLMER	11	11	Stockholmer
STOECKEN	8	11	Stöcken
STOERER	7	11	Störer
STOPPKURS	9	11	Stoppkurs
STOPPUHR	8	11	Stoppuhr
STRAFFER	8	11	straffer
STRAHLENDEN	11	11	strahlenden
STREICHELT	10	11	streichelt
STREITFRAGE	11	11	Streitfrage
STREUBOMBEN	11	11	Streubomben
STRINGS	7	11	Strings
STROTZEN	8	11	strotzen
STUMMEN	7	11	stummen
STURMFLUTEN	11	11	Sturmfluten
STURZES	7	11	Sturzes
SUBTIL	6	11	subtil
SUBTILE	7	11	subtile
SUCHANFRAGE	11	11	Suchanfrage
SUEDHESSEN	10	11	Südhessen
SUEDPORTAL	10	11	Südportal
SUEHNE	6	11	Sühne
SUEMPFEN	8	11	Sümpfen
SUESSER	7	11	süßer
SYRAKUS	7	11	Syrakus
SZENARIOS	9	11	Szenarios
TABAKSTEUER	11	11	Tabaksteuer
TAEUFERS	8	11	Täufers
TAGESPREISE	11	11	Tagespreise
TAGUNGSBAND	11	11	Tagungsband
TAHITI	6	11	Tahiti
TAIFUN	6	11	Taifun
TAMPERE	7	11	Tampere
TASMANIEN	9	11	Tasmanien
TAUGEN	6	11	taugen
TEENS	5	11	Teens
TEICHES	7	11	Teiches
TESTBETRIEB	11	11	Testbetrieb
TESTE	5	11	teste
TEXANISCHEN	11	11	texanischen
TEXTLICH	8	11	textlich
THALIA	6	11	Thalia
THEOLOGISCH	11	11	theologisch
THREADS	7	11	Threads
TIERMEHL	8	11	Tiermehl
TIERPFLEGER	11	11	Tierpfleger
TILGEN	6	11	tilgen
TITANEN	7	11	Titanen
TITELBILD	9	11	Titelbild
TOAST	5	11	Toast
TODESANGST	10	11	Todesangst
TOEDLICHES	10	11	tödliches
TOKIOTER	8	11	Tokioter
TOPMANAGER	10	11	Topmanager
TOPPEN	6	11	toppen
TORTEN	6	11	Torten
TOTENKOPF	9	11	Totenkopf
TRAINERBANK	11	11	Trainerbank
TRAPEZ	6	11	Trapez
TRAUERSPIEL	11	11	Trauerspiel
TRAUERTAG	9	11	Trauertag
TRAUMHAFTEN	11	11	traumhaften
TRAUMS	6	11	Traums
TRENNWAND	9	11	Trennwand
TRITON	6	11	Triton
TROTTEL	7	11	Trottel
TRUNK	5	11	Trunk
TUECHERN	8	11	Tüchern
TUECHTIGEN	10	11	Tüchtigen
TUEFTLER	8	11	Tüftler
TUEMPEL	7	11	Tümpel
TUMULTEN	8	11	Tumulten
TURNAROUND	10	11	Turnaround
TURNHALLEN	10	11	Turnhallen
TURTLES	7	11	Turtles
TYRANNEN	8	11	Tyrannen
UEBERFIELEN	11	11	überfielen
UEBERGRIFF	10	11	Übergriff
UEBERHAND	9	11	überhand
UEBERLAUF	9	11	Überlauf
UEBERLINGEN	11	11	Überlingen
UEBERWOELBT	11	11	überwölbt
UEBERZIEHT	10	11	überzieht
UEBLEN	6	11	üblen
UEBLICHER	9	11	üblicher
UKRAINISCH	10	11	ukrainisch
UMGESTALTEN	11	11	umgestalten
UMGEWORFEN	10	11	umgeworfen
UMKEHRBAR	9	11	umkehrbar
UMKREISEN	9	11	umkreisen
UMLAUTE	7	11	Umlaute
UMSATZMINUS	11	11	Umsatzminus
UMWELTHILFE	11	11	Umwelthilfe
UMZUGS	6	11	Umzugs
UNABLAESSIG	11	11	unablässig
UNANTASTBAR	11	11	unantastbar
UNBEFUGTE	9	11	Unbefugte
UNBELASTET	10	11	unbelastet
UNBESIEGT	9	11	unbesiegt
UNDICHTE	8	11	undichte
UNENTWEGT	9	11	unentwegt
UNERFAHREN	10	11	unerfahren
UNFREI	6	11	unfrei
UNGELIEBTE	10	11	ungeliebte
UNGUELTIGE	10	11	ungültige
UNLOGISCH	9	11	unlogisch
UNMORALISCH	11	11	unmoralisch
UNRUHIGER	9	11	unruhiger
UNTERGANGS	10	11	Untergangs
UNTERSTUFE	10	11	Unterstufe
UNTIEFEN	8	11	Untiefen
UNVERDIENT	10	11	unverdient
UNWORT	6	11	Unwort
UPPSALA	7	11	Uppsala
URHEBERS	8	11	Urhebers
URKNALL	7	11	Urknall
URLAUBSGELD	11	11	Urlaubsgeld
VAGINA	6	11	Vagina
VARIANZ	7	11	Varianz
VARIETAET	9	11	Varietät
VASALLEN	8	11	Vasallen
VATERLANDES	11	11	Vaterlandes
VERABREDEN	10	11	verabreden
VERBANDSTAG	11	11	Verbandstag
VERBINDE	8	11	verbinde
VERBRECHERN	11	11	Verbrechern
VERBRINGE	9	11	verbringe
VERBUESSEN	10	11	verbüßen
VERBUESSTE	10	11	verbüßte
VERDAMMTE	9	11	verdammte
VERDAUEN	8	11	verdauen
VERDECKEN	9	11	verdecken
VERDRAHTET	10	11	verdrahtet
VEREHRTEN	9	11	verehrten
VERFAERBEN	10	11	verfärben
VERFASSERS	10	11	Verfassers
VERFESTIGTE	11	11	verfestigte
VERGEUDET	9	11	vergeudet
VERGIFTETE	10	11	vergiftete
VERHAENGTEN	11	11	verhängten
VERHALFEN	9	11	verhalfen
VERHASSTEN	10	11	verhassten
VERHUETUNG	10	11	Verhütung
VERKLEBEN	9	11	Verkleben
VERKLEINERN	11	11	verkleinern
VERKOHLTE	9	11	verkohlte
VERKOMMT	8	11	verkommt
VERKRAMPFT	10	11	verkrampft
VERLAUTEN	9	11	verlauten
VERLEBTE	8	11	verlebte
VERLEGERN	9	11	Verlegern
VERLESUNG	9	11	Verlesung
VERLOBTER	9	11	Verlobter
VERLORENEM	10	11	verlorenem
VERNAHM	7	11	vernahm
VERPUTZTEN	10	11	verputzten
VERSAUT	7	11	versaut
VERSCHARRT	10	11	verscharrt
VERSCHLANG	10	11	verschlang
VERSCHLOSS	10	11	verschloss
VERSPEIST	9	11	verspeist
VERSPIELTE	10	11	verspielte
VERSPIELTEN	11	11	verspielten
VERSTIMMT	9	11	verstimmt
VERSTOPFEN	10	11	verstopfen
VERTRETERS	10	11	Vertreters
VERWESUNG	9	11	Verwesung
VERWITWETE	10	11	verwitwete
VERWORREN	9	11	verworren
VERZAUBERN	10	11	verzaubern
VERZEHREN	9	11	verzehren
VERZEIHUNG	10	11	Verzeihung
VETTERN	7	11	Vettern
VIERSPURIG	10	11	vierspurig
VIKINGS	7	11	Vikings
VILNIUS	7	11	Vilnius
VIOLONCELLO	11	11	Violoncello
VISITE	6	11	Visite
VITAMINEN	9	11	Vitaminen
VOELLIGES	9	11	völliges
VOGELS	6	11	Vogels
VOLKSKAMMER	11	11	Volkskammer
VOLKSSTIMME	11	11	Volksstimme
VORAHNUNG	9	11	Vorahnung
VORALLEM	8	11	Vorallem
VORANGEHEN	10	11	vorangehen
VORGAERTEN	10	11	Vorgärten
VORGEFAHREN	11	11	vorgefahren
VORHUT	6	11	Vorhut
VORINSTANZ	10	11	Vorinstanz
VORKAM	6	11	vorkam
VORLESEN	8	11	vorlesen
VORLIEGEND	10	11	vorliegend
VORSCHIFF	9	11	Vorschiff
VORSPEISE	9	11	Vorspeise
VORSTELLTE	10	11	vorstellte
VORZUTRAGEN	11	11	vorzutragen
WACHLEUTE	9	11	Wachleute
WAESCHEREI	10	11	Wäscherei
WAGENKASTEN	11	11	Wagenkasten
WAHLKAMPFES	11	11	Wahlkampfes
WAHLLEITER	10	11	Wahlleiter
WAHLZETTEL	10	11	Wahlzettel
WAHNSINNS	9	11	Wahnsinns
WAHRHABEN	9	11	wahrhaben
WALDENBURG	10	11	Waldenburg
WALFAENGER	10	11	Walfänger
WALLACH	7	11	Wallach
WANDBILDER	10	11	Wandbilder
WANDERERS	9	11	Wanderers
WANDERWEGEN	11	11	Wanderwegen
WARDS	5	11	Wards
WARMEM	6	11	warmem
WASSERWACHT	11	11	Wasserwacht
WASSERWEG	9	11	Wasserweg
WEGENETZ	8	11	Wegenetz
WEGNAHME	8	11	Wegnahme
WEGSTRECKE	10	11	Wegstrecke
WEHRHAFTEN	10	11	wehrhaften
WEHRMAENNER	11	11	Wehrmänner
WEICHES	7	11	weiches
WEILERN	7	11	Weilern
WEISSENFELS	11	11	Weißenfels
WEISSWASSER	11	11	Weißwasser
WEITLAEUFIG	11	11	weitläufig
WEITSICHT	9	11	Weitsicht
WELSH	5	11	Welsh
WERBEMITTEL	11	11	Werbemittel
WERFE	5	11	werfe
WERKSTAETTE	11	11	Werkstätte
WETTFAHRT	9	11	Wettfahrt
WETTFAHRTEN	11	11	Wettfahrten
WETTGEMACHT	11	11	wettgemacht
WETTRENNEN	10	11	Wettrennen
WIDERSETZEN	11	11	widersetzen
WILDSCHWEIN	11	11	Wildschwein
WILLS	5	11	Wills
WIMPEL	6	11	Wimpel
WINDELN	7	11	Windeln
WIRRWARR	8	11	Wirrwarr
WISCHT	6	11	wischt
WOGEGEN	7	11	wogegen
WOHNKUECHE	10	11	Wohnküche
WOHNUMFELD	10	11	Wohnumfeld
WOLFSBERG	9	11	Wolfsberg
WOLKENDECKE	11	11	Wolkendecke
WUCHSHOEHE	10	11	Wuchshöhe
WUESTUNG	8	11	Wüstung
WUNDERTE	8	11	wunderte
WURSCHT	7	11	wurscht
YACHTHAFEN	10	11	Yachthafen
YOUNGSTER	9	11	Youngster
ZAEHER	6	11	zäher
ZAHNES	6	11	Zahnes
ZAHNRAD	7	11	Zahnrad
ZANGE	5	11	Zange
ZEHNFACHE	9	11	Zehnfache
ZEITLOSEN	9	11	zeitlosen
ZEITMESSUNG	11	11	Zeitmessung
ZERKNIRSCHT	11	11	zerknirscht
ZERSTREUEN	10	11	zerstreuen
ZERSTREUUNG	11	11	Zerstreuung
ZEUGTE	6	11	zeugte
ZIELGEBIET	10	11	Zielgebiet
ZIERLICHEN	10	11	zierlichen
ZIVILSCHUTZ	11	11	Zivilschutz
ZOELIBAT	8	11	Zölibat
ZUBAU	5	11	Zubau
ZUFRIEDENEN	11	11	zufriedenen
ZUGANGS	7	11	Zugangs
ZUGESAGTE	9	11	zugesagte
ZUGESEHEN	9	11	zugesehen
ZUGEWANDTEN	11	11	zugewandten
ZUGIBT	6	11	zugibt
ZULAUFENDE	10	11	zulaufende
ZULIESS	7	11	zuließ
ZUNCHST	7	11	zunchst
ZUORDNUNGEN	11	11	Zuordnungen
ZUSTIMMEND	10	11	zustimmend
ZWANGSPAUSE	11	11	Zwangspause
ZWEISITZIGE	11	11	zweisitzige
ZWEISTUFIGE	11	11	zweistufige
ZWEITEM	7	11	zweitem
ZWIELICHT	9	11	Zwielicht
ZYKLISCHEN	10	11	zyklischen
AAL	3	10	Aal
AARGAUER	8	10	Aargauer
ABARBEITUNG	11	10	Abarbeitung
ABBILDET	8	10	abbildet
ABBRACH	7	10	abbrach
ABBUCHUNG	9	10	Abbuchung
ABENDLAND	9	10	Abendland
ABENDLICHE	10	10	abendliche
ABERDEEN	8	10	Aberdeen
ABFUELLUNG	10	10	Abfüllung
ABGEBAUTEN	10	10	abgebauten
ABGEBLASEN	10	10	abgeblasen
ABGEDRAENGT	11	10	abgedrängt
ABGEFLACHTE	11	10	abgeflachte
ABGEFUNDEN	10	10	abgefunden
ABGEHOLZT	9	10	abgeholzt
ABGELADEN	9	10	abgeladen
ABGELEGEN	9	10	abgelegen
ABGELEGTEN	10	10	abgelegten
ABGEWANDT	9	10	abgewandt
ABGEWRACKT	10	10	abgewrackt
ABGIBT	6	10	abgibt
ABHANG	6	10	Abhang
ABHOEREN	8	10	abhören
ABHOLT	6	10	abholt
ABLASSEN	8	10	Ablassen
ABLAUFPLAN	10	10	Ablaufplan
ABLIEFERUNG	11	10	Ablieferung
ABMACHUNGEN	11	10	Abmachungen
ABNAHM	6	10	abnahm
ABNUTZUNG	9	10	Abnutzung
ABRUNDEN	8	10	abrunden
ABSCHIESSEN	11	10	Abschießen
ABSEHEN	7	10	absehen
ABSEILEN	8	10	Abseilen
ABSTUERZE	9	10	Abstürze
ABSTUETZEN	10	10	abstützen
ABSURDITAET	11	10	Absurdität
ABTAUCHEN	9	10	Abtauchen
ABTEILE	7	10	Abteile
ABWERTEND	9	10	abwertend
ADAPTIONEN	10	10	Adaptionen
ADDIEREN	8	10	addieren
ADJUTANTEN	10	10	Adjutanten
ADLERSHOF	9	10	Adlershof
AEHNELTEN	9	10	ähnelten
AERMERE	7	10	ärmere
AGIERENDE	9	10	agierende
AGORA	5	10	Agora
ALBANISCH	9	10	Albanisch
ALGERISCHEN	11	10	algerischen
ALKOHOLWERT	11	10	Alkoholwert
ALLERBESTE	10	10	allerbeste
ALLIIERTER	10	10	alliierter
ALLMAECHTIG	11	10	allmächtig
ALMOSEN	7	10	Almosen
AMIGA	5	10	Amiga
AMTLICHES	9	10	amtliches
ANDOCKEN	8	10	andocken
ANFAENGERN	10	10	Anfängern
ANFREUNDEN	10	10	anfreunden
ANGEFASST	9	10	angefasst
ANGEFUEHRTE	11	10	angeführte
ANGEMERKT	9	10	angemerkt
ANGEPACKT	9	10	angepackt
ANGESAMMELT	11	10	angesammelt
ANGESAUGT	9	10	angesaugt
ANGETASTET	10	10	angetastet
ANGLERN	7	10	Anglern
ANKUENDIGEN	11	10	ankündigen
ANLIEGERN	9	10	Anliegern
ANMASSUNG	9	10	Anmaßung
ANMUTIG	7	10	anmutig
ANNAEHERN	9	10	annähern
ANOMALIE	8	10	Anomalie
ANREGEND	8	10	anregend
ANREISEN	8	10	anreisen
ANSAH	5	10	ansah
ANSIEDELTEN	11	10	ansiedelten
ANSTANDSLOS	11	10	anstandslos
ANSTECKEN	9	10	anstecken
ANSTEIGT	8	10	ansteigt
ANZUSTREBEN	11	10	anzustreben
APFELBAUM	9	10	Apfelbaum
APPELLE	7	10	Appelle
ARBEITSRAUM	11	10	Arbeitsraum
ARITHMETIK	10	10	Arithmetik
ARMUTSQUOTE	11	10	Armutsquote
AROSA	5	10	Arosa
ARSCHLOCH	9	10	Arschloch
ARTEFAKT	8	10	Artefakt
ARTWORK	7	10	Artwork
ASIAN	5	10	Asian
ASTOR	5	10	Astor
ATHENA	6	10	Athena
ATMETEN	7	10	atmeten
ATOMAREN	8	10	atomaren
AUFBAUPHASE	11	10	Aufbauphase
AUFBAUTE	8	10	aufbaute
AUFFALLENDE	11	10	auffallende
AUFGERIEBEN	11	10	aufgerieben
AUFGERUNDET	11	10	aufgerundet
AUFGESESSEN	11	10	aufgesessen
AUFGEWIESEN	11	10	aufgewiesen
AUFGEWUEHLT	11	10	aufgewühlt
AUFHELLUNG	10	10	Aufhellung
AUFKLAERER	10	10	Aufklärer
AUFLASSUNG	10	10	Auflassung
AUFLEGEN	8	10	auflegen
AUFSTEIGERS	11	10	Aufsteigers
AUFTANKEN	9	10	Auftanken
AUFZAEHLEN	10	10	aufzählen
AUFZUZEIGEN	11	10	aufzuzeigen
AUGENLICHT	10	10	Augenlicht
AUSBADEN	8	10	ausbaden
AUSBLIEB	8	10	ausblieb
AUSFAHREN	9	10	ausfahren
AUSFLUEGEN	10	10	Ausflügen
AUSGEBRACHT	11	10	ausgebracht
AUSGEFEILTE	11	10	ausgefeilte
AUSGEHENDE	10	10	ausgehende
AUSGERISSEN	11	10	ausgerissen
AUSGESPERRT	11	10	ausgesperrt
AUSREICHTEN	11	10	ausreichten
AUSSCHLAFEN	11	10	ausschlafen
AUSSPRACHEN	11	10	Aussprachen
AUSSTAENDE	10	10	Ausstände
AUSSTEHEN	9	10	ausstehen
AUSTER	6	10	Auster
AUSTOBEN	8	10	austoben
AUSWANDERN	10	10	Auswandern
AUSWEICHEND	11	10	ausweichend
AUSZUBILDEN	11	10	auszubilden
AUTOKRISE	9	10	Autokrise
AUTONOMES	9	10	autonomes
AVISIERT	8	10	avisiert
BACKBLECH	9	10	Backblech
BACKPULVER	10	10	Backpulver
BACKSTUBE	9	10	Backstube
BADEMANTEL	10	10	Bademantel
BAESSE	6	10	Bässe
BAHAMAS	7	10	Bahamas
BAHNLINIEN	10	10	Bahnlinien
BALANCIEREN	11	10	balancieren
BALINGEN	8	10	Balingen
BALLETTS	8	10	Balletts
BALLONFAHRT	11	10	Ballonfahrt
BALTIKUM	8	10	Baltikum
BANDBREITEN	11	10	Bandbreiten
BANKGEWERBE	11	10	Bankgewerbe
BANKWESEN	9	10	Bankwesen
BARBADOS	8	10	Barbados
BARBAREN	8	10	Barbaren
BARGTEHEIDE	11	10	Bargteheide
BARKEEPER	9	10	Barkeeper
BAROCKES	8	10	barockes
BARONIE	7	10	Baronie
BARRIKADE	9	10	Barrikade
BARTON	6	10	Barton
BASKISCHEN	10	10	baskischen
BAUAUSGABEN	11	10	Bauausgaben
BAUBEGINNE	10	10	Baubeginne
BAUBOOM	7	10	Bauboom
BAUDENKMALE	11	10	Baudenkmale
BAUELEMENTE	11	10	Bauelemente
BAUERNMARKT	11	10	Bauernmarkt
BAUGERUEST	10	10	Baugerüst
BAUGESUCH	9	10	Baugesuch
BAUHOEHE	8	10	Bauhöhe
BAULEISTUNG	11	10	Bauleistung
BAUMELT	7	10	baumelt
BAUMHAUS	8	10	Baumhaus
BAUNATAL	8	10	Baunatal
BAUSUMME	8	10	Bausumme
BAUWERKES	9	10	Bauwerkes
BEACHTETE	9	10	beachtete
BEAUFORT	8	10	Beaufort
BEBRUETET	9	10	bebrütet
BEDACHTE	8	10	bedachte
BEDIENE	7	10	bediene
BEFEHLIGTE	10	10	befehligte
BEFLUEGELTE	11	10	beflügelte
BEFREIER	8	10	Befreier
BEFRIEDUNG	10	10	Befriedung
BEFUGT	6	10	befugt
BEGABTER	8	10	begabter
BEGEHRENS	9	10	Begehrens
BEHEIZBAR	9	10	beheizbar
BEHUETET	8	10	behütet
BEIGEMISCHT	11	10	beigemischt
BEIJING	7	10	Beijing
BEISAMMEN	9	10	beisammen
BEISPIELS	9	10	Beispiels
BEJAHEN	7	10	bejahen
BELANGLOS	9	10	belanglos
BELASTENDEN	11	10	belastenden
BEMALTEN	8	10	bemalten
BEMUEHE	7	10	bemühe
BENZINMOTOR	11	10	Benzinmotor
BEREINIGTER	11	10	bereinigter
BERGDORF	8	10	Bergdorf
BERGHUETTE	10	10	Berghütte
BERUFUNGEN	10	10	Berufungen
BESAGEN	7	10	besagen
BESAGTER	8	10	Besagter
BESCHAULICH	11	10	beschaulich
BESCHEREN	9	10	bescheren
BESCHREIBE	10	10	beschreibe
BESPRUEHT	9	10	besprüht
BESTAEUBT	9	10	bestäubt
BESTUECKUNG	11	10	Bestückung
BETRUEBT	8	10	betrübt
BEWAESSERT	10	10	bewässert
BEWEGENDER	10	10	bewegender
BEWIRTEN	8	10	bewirten
BEWUSSTLOSE	11	10	bewusstlose
BEZEUGTE	8	10	bezeugte
BEZIFFERTEN	11	10	bezifferten
BEZUGNAHME	10	10	Bezugnahme
BEZWECKT	8	10	bezweckt
BIATHLETEN	10	10	Biathleten
BIBELN	6	10	Bibeln
BIBLIS	6	10	Biblis
BILANZIERT	10	10	bilanziert
BILDDATEN	9	10	Bilddaten
BILDSPRACHE	11	10	Bildsprache
BILDUNGSWEG	11	10	Bildungsweg
BILLIGT	7	10	billigt
BIOCHEMIE	9	10	Biochemie
BIOGRAPHEN	10	10	Biographen
BIOTONNE	8	10	Biotonne
BIRKENFELD	10	10	Birkenfeld
BISHERIGES	10	10	bisheriges
BLATTADERN	10	10	Blattadern
BLATTWERK	9	10	Blattwerk
BLEICHE	7	10	Bleiche
BLEICHEN	8	10	bleichen
BLENDET	7	10	blendet
BLINDES	7	10	blindes
BLOEDER	7	10	blöder
BLOSSER	7	10	bloßer
BLUTENDE	8	10	blutende
BLUTET	6	10	blutet
BLUTSPENDER	11	10	Blutspender
BLUTWERTE	9	10	Blutwerte
BOERSENKURS	11	10	Börsenkurs
BOLZPLATZ	9	10	Bolzplatz
BORDELLE	8	10	Bordelle
BORDER	6	10	Border
BOTANIKER	9	10	Botaniker
BREAKS	6	10	Breaks
BREITESTE	9	10	breiteste
BREITSEITE	10	10	Breitseite
BRENNDAUER	10	10	Brenndauer
BRIEFING	8	10	Briefing
BRIEFTASCHE	11	10	Brieftasche
BRILLANZ	8	10	Brillanz
BRONZENE	8	10	bronzene
BRUCHSTUECK	11	10	Bruchstück
BRUSTKORB	9	10	Brustkorb
BUCHMARKT	9	10	Buchmarkt
BUDDHISTEN	10	10	Buddhisten
BUESCHEL	8	10	Büschel
BULGARE	7	10	Bulgare
BURGGRAF	8	10	Burggraf
BURGGRAFEN	10	10	Burggrafen
BURGOS	6	10	Burgos
BURGPLATZ	9	10	Burgplatz
BURGTOR	7	10	Burgtor
CHARTBILD	9	10	Chartbild
CHEMISCHES	10	10	chemisches
CHIEFS	6	10	Chiefs
CLAPTON	7	10	Clapton
CLAUSTHAL	9	10	Clausthal
CLEAN	5	10	clean
CLOPPENBURG	11	10	Cloppenburg
CLUSTERN	8	10	Clustern
COBURGER	8	10	Coburger
COLEGIO	7	10	Colegio
CONCORDE	8	10	Concorde
CORVETTE	8	10	Corvette
CREDITS	7	10	Credits
DACHAUER	8	10	Dachauer
DANNEN	6	10	dannen
DARSTELLE	9	10	darstelle
DARZULEGEN	10	10	darzulegen
DATENMENGE	10	10	Datenmenge
DATENMENGEN	11	10	Datenmengen
DATENNETZ	9	10	Datennetz
DATENPAKETE	11	10	Datenpakete
DATES	5	10	Dates
DATIERTEN	9	10	datierten
DATIERUNGEN	11	10	Datierungen
DEFEKTS	7	10	Defekts
DEFIZITEN	9	10	Defiziten
DEFTIGE	7	10	deftige
DEFTIGEN	8	10	deftigen
DEMAGOGIE	9	10	Demagogie
DEMETRIOS	9	10	Demetrios
DENKMAELERN	11	10	Denkmälern
DENKWEISEN	10	10	Denkweisen
DEPONIEN	8	10	Deponien
DESIGNERN	9	10	Designern
DESKTOPS	8	10	Desktops
DESSAUER	8	10	Dessauer
DETEKTOR	8	10	Detektor
DIEBURG	7	10	Dieburg
DIENERN	7	10	Dienern
DIENSTSITZ	10	10	Dienstsitz
DIEPHOLZ	8	10	Diepholz
DIFFERIEREN	11	10	differieren
DIGITALEM	9	10	digitalem
DIKTATUREN	10	10	Diktaturen
DIVERSES	8	10	diverses
DOGMEN	6	10	Dogmen
DONNERN	7	10	donnern
DOPAMIN	7	10	Dopamin
DOPPELHAUS	10	10	Doppelhaus
DORFMITTE	9	10	Dorfmitte
DORFZENTRUM	11	10	Dorfzentrum
DRAENGELN	9	10	drängeln
DREHBEGINN	10	10	Drehbeginn
DREHKREUZ	9	10	Drehkreuz
DREHS	5	10	Drehs
DREIECKE	8	10	Dreiecke
DREIGESTIRN	11	10	Dreigestirn
DREIKAMPF	9	10	Dreikampf
DREIMALIGE	10	10	dreimalige
DREITEILUNG	11	10	Dreiteilung
DRESSLER	8	10	Dressler
DRINGLICH	9	10	dringlich
DRITTBESTE	10	10	drittbeste
DROSSELUNG	10	10	Drosselung
DRUCKERN	8	10	Druckern
DRUCKWELLE	10	10	Druckwelle
DUBIOSE	7	10	dubiose
DUELLS	6	10	Duells
DULDETE	7	10	duldete
DUMPFEN	7	10	dumpfen
DURCHBOHRT	10	10	durchbohrt
DURCHDACHTE	11	10	durchdachte
DURCHGEHEN	10	10	durchgehen
ECKIGE	6	10	eckige
ECKTUERME	9	10	Ecktürme
ECKTURM	7	10	Eckturm
EDISON	6	10	Edison
EDITIEREN	9	10	editieren
EDITORIAL	9	10	Editorial
EFFEKTS	7	10	Effekts
EHEDEM	6	10	ehedem
EHRENKODEX	10	10	Ehrenkodex
EIFEL	5	10	Eifel
EIGENARTEN	10	10	Eigenarten
EIGENHEIT	9	10	Eigenheit
EIGENVERLAG	11	10	Eigenverlag
EILENBURG	9	10	Eilenburg
EILIGE	6	10	eilige
EINBRACHTEN	11	10	einbrachten
EINBRUECHEN	11	10	Einbrüchen
EINFACHEM	9	10	einfachem
EINGEBORENE	11	10	Eingeborene
EINGEGRABEN	11	10	eingegraben
EINGERIEBEN	11	10	eingerieben
EINGEZOGENE	11	10	eingezogene
EINHERGEHT	10	10	einhergeht
EINKUENFTEN	11	10	Einkünften
EINLAEDT	8	10	einlädt
EINMUETIG	9	10	einmütig
EINPLANEN	9	10	einplanen
EINSAMMELN	10	10	einsammeln
EINSCHLUG	9	10	einschlug
EINSCHLUSS	10	10	Einschluss
EINSENDERN	10	10	Einsendern
EINSIEDLER	10	10	Einsiedler
EINSPEISUNG	11	10	Einspeisung
EINSPIELTE	10	10	einspielte
EINTRAFEN	9	10	eintrafen
EINZUSEHEN	10	10	einzusehen
EINZUTRETEN	11	10	einzutreten
EINZUZIEHEN	11	10	einzuziehen
EISBERGS	8	10	Eisbergs
EISCHNEE	8	10	Eischnee
EISFLAECHE	10	10	Eisfläche
EISIGEN	7	10	eisigen
EISKALTEN	9	10	eiskalten
EKLATANTE	9	10	eklatante
ELEMENTARER	11	10	elementarer
ELITESCHULE	11	10	Eliteschule
ELTERNZEIT	10	10	Elternzeit
EMPFANGBAR	10	10	empfangbar
ENDANWENDER	11	10	Endanwender
ENDAUSWAHL	10	10	Endauswahl
ENDLAGER	8	10	Endlager
ENDUNGEN	8	10	Endungen
ENERGISCHEN	11	10	energischen
ENERGISCHER	11	10	energischer
ENGSTEM	7	10	engstem
ENNS	4	10	Enns
ENTLIESSEN	10	10	entließen
ENTRY	5	10	Entry
ENTSETZTEN	10	10	entsetzten
ENTWALDUNG	10	10	Entwaldung
ENTZWEIT	8	10	entzweit
ERBLASSER	9	10	Erblasser
ERBLICHE	8	10	erbliche
ERBSCHAFTEN	11	10	Erbschaften
ERBSEN	6	10	Erbsen
ERDHUEGEL	9	10	Erdhügel
ERDLOCH	7	10	Erdloch
ERDROSSELT	10	10	erdrosselt
ERDRUECKT	9	10	erdrückt
EREIGNEN	8	10	ereignen
ERFOLGSSPUR	11	10	Erfolgsspur
ERGATTERN	9	10	ergattern
ERHABENE	8	10	erhabene
ERHAELST	8	10	erhälst
ERHAELTST	9	10	erhältst
ERHEBE	6	10	erhebe
ERHITZUNG	9	10	Erhitzung
ERLASSE	7	10	Erlasse
ERLEDIGTEN	10	10	erledigten
ERMITTLE	8	10	ermittle
ERODIERT	8	10	erodiert
EROTISCH	8	10	erotisch
ERRECHNETEN	11	10	errechneten
ERREGERN	8	10	Erregern
ERSCHLUG	8	10	erschlug
ERSPARTE	8	10	ersparte
ERSPIELTEN	10	10	erspielten
ERSTAUNTE	9	10	erstaunte
ERSTENMAL	9	10	erstenmal
ERUPTIONEN	10	10	Eruptionen
ERWECKUNG	9	10	Erweckung
ERWEITERE	9	10	erweitere
ERWIDERN	8	10	erwidern
ERWOG	5	10	erwog
ERZENGEL	8	10	Erzengel
ERZUERNT	8	10	erzürnt
ESPLANADE	9	10	Esplanade
EUROPARATES	11	10	Europarates
EUROPARECHT	11	10	Europarecht
EUROS	5	10	Euros
EVAKUIERTE	10	10	evakuierte
EXETER	6	10	Exeter
EXISTENT	8	10	existent
EXKLUSIVER	10	10	exklusiver
EXPLOSIVEN	10	10	explosiven
EXPORTEURE	10	10	Exporteure
EXZELLENTES	11	10	exzellentes
EXZESSE	7	10	Exzesse
EXZESSIVE	9	10	exzessive
FABELWESEN	10	10	Fabelwesen
FACHKUNDIGE	11	10	fachkundige
FACHS	5	10	Fachs
FAELSCHEN	9	10	fälschen
FAENGE	6	10	Fänge
FAHRERSITZ	10	10	Fahrersitz
FAHRGEFUEHL	11	10	Fahrgefühl
FAHRWERKS	9	10	Fahrwerks
FAKE	4	10	Fake
FARBENFROHE	11	10	farbenfrohe
FAULER	6	10	fauler
FAUSTSCHLAG	11	10	Faustschlag
FEIERNDEN	9	10	Feiernden
FEILEN	6	10	Feilen
FEINDES	7	10	Feindes
FEINERE	7	10	feinere
FEINGEFUEHL	11	10	Feingefühl
FEINSTAUB	9	10	Feinstaub
FELDE	5	10	Felde
FELDLAGER	9	10	Feldlager
FELDZUEGEN	10	10	Feldzügen
FELLS	5	10	Fells
FERNSTUDIUM	11	10	Fernstudium
FERRARA	7	10	Ferrara
FERSE	5	10	Ferse
FESTABEND	9	10	Festabend
FESTGABE	8	10	Festgabe
FESTGEZURRT	11	10	festgezurrt
FESTIGUNG	9	10	Festigung
FESTWOCHE	9	10	Festwoche
FETZEN	6	10	Fetzen
FILET	5	10	Filet
FILMDEBUET	10	10	Filmdebüt
FILMMUSIKEN	11	10	Filmmusiken
FILMREIHE	9	10	Filmreihe
FILMZENSUR	10	10	Filmzensur
FINNISCH	8	10	finnisch
FIRMUNG	7	10	Firmung
FIXPUNKT	8	10	Fixpunkt
FLAEMISCHE	10	10	flämische
FLICKEN	7	10	Flicken
FLIESSENDEM	11	10	fließendem
FLIMMERT	8	10	flimmert
FLIRTET	7	10	flirtet
FLUESTERT	9	10	flüstert
FLUGABWEHR	10	10	Flugabwehr
FLUGFELD	8	10	Flugfeld
FLURNAME	8	10	Flurname
FLUSSSEITE	10	10	Flussseite
FOEDERALEN	10	10	föderalen
FOERDERBAND	11	10	Förderband
FOERDERERN	10	10	Förderern
FOLGEJAHRE	10	10	Folgejahre
FORINT	6	10	Forint
FORSTLICHEN	11	10	forstlichen
FOTOAPPARAT	11	10	Fotoapparat
FOTOTERMIN	10	10	Fototermin
FRAESEN	7	10	Fräsen
FRAGLICHE	9	10	fragliche
FRANKENTHAL	11	10	Frankenthal
FREIGEMACHT	11	10	freigemacht
FREIKIRCHEN	11	10	Freikirchen
FREISINGER	10	10	Freisinger
FREISTAATS	10	10	Freistaats
FREITOD	7	10	Freitod
FREMDHEIT	9	10	Fremdheit
FRUEHLINGS	10	10	Frühlings
FRUEHPHASE	10	10	Frühphase
FUERBITTE	9	10	Fürbitte
FUKUSHIMA	9	10	Fukushima
FUNKER	6	10	Funker
GALEN	5	10	Galen
GALLIEN	7	10	Gallien
GALLUS	6	10	Gallus
GAMEPLAY	8	10	Gameplay
GANOVEN	7	10	Ganoven
GARTENSCHAU	11	10	Gartenschau
GASPREISE	9	10	Gaspreise
GASTFAMILIE	11	10	Gastfamilie
GASTHAUSES	10	10	Gasthauses
GEAEUSSERTE	11	10	geäußerte
GEBLOCKT	8	10	geblockt
GEBURTSNAME	11	10	Geburtsname
GEDAEMPFTE	10	10	gedämpfte
GEDAEMPFTER	11	10	gedämpfter
GEDANKENS	9	10	Gedankens
GEDEHNT	7	10	gedehnt
GEDREHTE	8	10	gedrehte
GEEHRTEN	8	10	Geehrten
GEFEGT	6	10	gefegt
GEFIELEN	8	10	gefielen
GEGENSCHLAG	11	10	Gegenschlag
GEHANDELTEN	11	10	gehandelten
GEHASST	7	10	gehasst
GEHOEREND	9	10	gehörend
GEISELHAFT	10	10	Geiselhaft
GEKAPERT	8	10	gekapert
GEKICKT	7	10	gekickt
GEKIELT	7	10	gekielt
GEKLONT	7	10	geklont
GEKOEDERT	9	10	geködert
GEKROENTEN	10	10	gekrönten
GEKRUEMMTEN	11	10	gekrümmten
GEKUERZTE	9	10	gekürzte
GEL	3	10	Gel
GELAPPT	7	10	gelappt
GELDKARTE	9	10	Geldkarte
GELDMARKT	9	10	Geldmarkt
GELDQUELLEN	11	10	Geldquellen
GEMAHLEN	8	10	gemahlen
GEMARKUNGEN	11	10	Gemarkungen
GEMELDETE	9	10	gemeldete
GENIESSBAR	10	10	genießbar
GENITIV	7	10	Genitiv
GENNARO	7	10	Gennaro
GENTHERAPIE	11	10	Gentherapie
GENUEGTEN	9	10	genügten
GENUESSLICH	11	10	genüsslich
GEORGIER	8	10	Georgier
GEPANZERT	9	10	gepanzert
GEPFLEGTER	10	10	gepflegter
GEPRAEGTER	10	10	geprägter
GERATENE	8	10	geratene
GERUEGT	7	10	gerügt
GESAMTDAUER	11	10	Gesamtdauer
GESAMTETAT	10	10	Gesamtetat
GESAMTMASSE	11	10	Gesamtmasse
GESCANNT	8	10	gescannt
GESCHEHENE	10	10	Geschehene
GESCHMISSEN	11	10	geschmissen
GESCHNALLT	10	10	geschnallt
GESCHUETTET	11	10	geschüttet
GESCHWOREN	10	10	geschworen
GESICHTS	8	10	Gesichts
GESINNTE	8	10	gesinnte
GESPALTENE	10	10	gespaltene
GESTALTE	8	10	gestalte
GESTIK	6	10	Gestik
GESTOERTEN	10	10	gestörten
GESTRECKTE	10	10	gestreckte
GESTRICKT	9	10	gestrickt
GETAGT	6	10	getagt
GETREUEN	8	10	Getreuen
GEWAGTEN	8	10	gewagten
GEWEBT	6	10	gewebt
GEWEIH	6	10	Geweih
GEWILLT	7	10	gewillt
GEWINKELT	9	10	gewinkelt
GEWINNMARGE	11	10	Gewinnmarge
GEWITTERN	9	10	Gewittern
GEWOELBES	9	10	Gewölbes
GEZELTET	8	10	gezeltet
GEZERRE	7	10	Gezerre
GLADBECK	8	10	Gladbeck
GLAENZENDES	11	10	glänzendes
GLASDACH	8	10	Glasdach
GLASKUGEL	9	10	Glaskugel
GLEICHAUF	9	10	gleichauf
GLOECKCHEN	10	10	Glöckchen
GLOTZE	6	10	Glotze
GLOUCESTER	10	10	Gloucester
GLUEHT	6	10	glüht
GMUNDEN	7	10	Gmunden
GOENNT	6	10	gönnt
GOLDGRUBE	9	10	Goldgrube
GOLDMUENZEN	11	10	Goldmünzen
GOLDRAUSCH	10	10	Goldrausch
GOLFCLUB	8	10	Golfclub
GOLIATH	7	10	Goliath
GOTHAER	7	10	Gothaer
GOTTHARD	8	10	Gotthard
GOUVERNEURE	11	10	Gouverneure
GRABKAPELLE	11	10	Grabkapelle
GRADEN	6	10	Graden
GRAEFLICHE	10	10	gräfliche
GRANADA	7	10	Granada
GRAUENHAFT	10	10	grauenhaft
GRAVIERT	8	10	graviert
GREENVILLE	10	10	Greenville
GREENWICH	9	10	Greenwich
GRELLEN	7	10	grellen
GRILLABEND	10	10	Grillabend
GRIMMA	6	10	Grimma
GROEBSTE	8	10	Gröbste
GROSSCHANCE	11	10	Großchance
GRUEBELT	8	10	grübelt
GRUENLICHEN	11	10	grünlichen
GRUNDFESTEN	11	10	Grundfesten
GRUNDIERT	9	10	grundiert
GRUNDPLATTE	11	10	Grundplatte
GRUNEWALD	9	10	Grunewald
GRUPPENFOTO	11	10	Gruppenfoto
GUERILLA	8	10	Guerilla
GUJARAT	7	10	Gujarat
GURTE	5	10	Gurte
GURUS	5	10	Gurus
HADAMAR	7	10	Hadamar
HAEHNE	6	10	Hähne
HAENGEMATTE	11	10	Hängematte
HAERCHEN	8	10	Härchen
HAETTET	7	10	Hättet
HAFENBAHN	9	10	Hafenbahn
HAFTPFLICHT	11	10	Haftpflicht
HALBIERUNG	10	10	Halbierung
HALBSEITIG	10	10	halbseitig
HALBSERIE	9	10	Halbserie
HALLTE	6	10	hallte
HALME	5	10	Halme
HALTEND	7	10	haltend
HALTERUNGEN	11	10	Halterungen
HAMMERWERK	10	10	Hammerwerk
HANDRAD	7	10	Handrad
HARFE	5	10	Harfe
HARMONIEN	9	10	Harmonien
HARNROEHRE	10	10	Harnröhre
HARRT	5	10	harrt
HARTPLATZ	9	10	Hartplatz
HASTINGS	8	10	Hastings
HAUPTACHSE	10	10	Hauptachse
HAUPTDECK	9	10	Hauptdeck
HAUPTWACHE	10	10	Hauptwache
HAUSHERRN	9	10	Hausherrn
HAUSKATZE	9	10	Hauskatze
HAUTE	5	10	haute
HAUTTYP	7	10	Hauttyp
HAWKS	5	10	Hawks
HEADHUNTER	10	10	Headhunter
HEERFUEHRER	11	10	Heerführer
HEFTIGSTE	9	10	heftigste
HEGER	5	10	Heger
HEIKLER	7	10	heikler
HEILIGTUMS	10	10	Heiligtums
HEILKUNDE	9	10	Heilkunde
HEIMATSTUBE	11	10	Heimatstube
HEIMISCHEM	10	10	heimischem
HEIMSTAETTE	11	10	Heimstätte
HEIMSUCHUNG	11	10	Heimsuchung
HELFENDE	8	10	helfende
HELLERSDORF	11	10	Hellersdorf
HELLHOERIG	10	10	hellhörig
HELMEN	6	10	Helmen
HELMSTEDT	9	10	Helmstedt
HEMER	5	10	Hemer
HERAKLES	8	10	Herakles
HERALDIK	8	10	Heraldik
HERANGEHEN	10	10	Herangehen
HERMENEUTIK	11	10	Hermeneutik
HERZLICHER	10	10	herzlicher
HERZSCHILD	10	10	Herzschild
HESSENLIGA	10	10	Hessenliga
HIGHLANDS	9	10	Highlands
HILFERUFE	9	10	Hilferufe
HINGERISSEN	11	10	hingerissen
HIRNBLUTUNG	11	10	Hirnblutung
HIRSCHFELD	10	10	Hirschfeld
HIRSE	5	10	Hirse
HITZIGE	7	10	hitzige
HOCHBAHN	8	10	Hochbahn
HOCHGENUSS	10	10	Hochgenuss
HOCHMOORE	9	10	Hochmoore
HOCHNEBEL	9	10	Hochnebel
HOCHSTRASSE	11	10	Hochstraße
HOCHWALD	8	10	Hochwald
HOCKE	5	10	Hocke
HOENOW	6	10	Hönow
HOLST	5	10	Holst
HOLZFIGUREN	11	10	Holzfiguren
HOLZHUETTE	10	10	Holzhütte
HOLZRAHMEN	10	10	Holzrahmen
HONORIERTEN	11	10	honorierten
HORDE	5	10	Horde
HORGEN	6	10	Horgen
HORIZONTE	9	10	Horizonte
HORTEN	6	10	Horten
HOSENTASCHE	11	10	Hosentasche
HUEBSCHER	9	10	hübscher
HUEGELIGE	9	10	hügelige
HUEPFT	6	10	hüpft
HUNGRIGEN	9	10	hungrigen
HUSAREN	7	10	Husaren
HUSKIES	7	10	Huskies
HYDRA	5	10	Hydra
IBERER	6	10	Iberer
IDEELLE	7	10	ideelle
IDEELLEN	8	10	ideellen
IDYLLISCHEN	11	10	idyllischen
ILLUMINIERT	11	10	illuminiert
IMMIGRATION	11	10	Immigration
IMPFAKTION	10	10	Impfaktion
IMPOSANT	8	10	imposant
IMPOTENZ	8	10	Impotenz
INDEXENDE	9	10	Indexende
INDUSTRIEN	10	10	Industrien
INFUSION	8	10	Infusion
INGELHEIM	9	10	Ingelheim
INKA	4	10	Inka
INSERIEREN	10	10	inserieren
INTENTIONEN	11	10	Intentionen
INTIFADA	8	10	Intifada
INUIT	5	10	Inuit
IRGENDEINEM	11	10	irgendeinem
IRGENDEINEN	11	10	irgendeinen
IRRITIEREN	10	10	irritieren
IRRTE	5	10	irrte
IRRTEN	6	10	irrten
JAGDHAUS	8	10	Jagdhaus
JAGDSCHLOSS	11	10	Jagdschloss
JAHNSTRASSE	11	10	Jahnstraße
JAHRS	5	10	Jahrs
JERUSALEMER	11	10	Jerusalemer
JOSEPHUS	8	10	Josephus
JOYSTICK	8	10	Joystick
JUNGGESELLE	11	10	Junggeselle
JUNKIE	6	10	Junkie
KABELS	6	10	Kabels
KAEFIGE	7	10	Käfige
KAEFIGEN	8	10	Käfigen
KAEMPFERIN	10	10	Kämpferin
KAERTCHEN	9	10	Kärtchen
KAESEREI	8	10	Käserei
KAFFEEHAUS	10	10	Kaffeehaus
KAISERN	7	10	Kaisern
KAKTUS	6	10	Kaktus
KAMERATEAM	10	10	Kamerateam
KAMPFKUNST	10	10	Kampfkunst
KAMPFSPORT	10	10	Kampfsport
KAMST	5	10	kamst
KANTIG	6	10	kantig
KAPFENBERG	10	10	Kapfenberg
KAPPEN	6	10	kappen
KARIBISCHE	10	10	Karibische
KARMA	5	10	Karma
KARPATEN	8	10	Karpaten
KARTIERT	8	10	kartiert
KARTUSCHE	9	10	Kartusche
KASPERL	7	10	Kasperl
KASTELLE	8	10	Kastelle
KATHOLIK	8	10	Katholik
KATIONEN	8	10	Kationen
KAUFHAUSES	10	10	Kaufhauses
KEHLKOPF	8	10	Kehlkopf
KEKS	4	10	Keks
KELCHROEHRE	11	10	Kelchröhre
KELLE	5	10	Kelle
KEMPTENER	9	10	Kemptener
KENNLINIE	9	10	Kennlinie
KERBEN	6	10	Kerben
KETZER	6	10	Ketzer
KIRCHBAU	8	10	Kirchbau
KIRCHENBAUS	11	10	Kirchenbaus
KIRCHLICHES	11	10	kirchliches
KIRGISISCHE	11	10	kirgisische
KLAEGERN	8	10	Klägern
KLAMMERT	8	10	klammert
KLEBTE	6	10	klebte
KLEIDET	7	10	kleidet
KLEMMEN	7	10	Klemmen
KLIENT	6	10	Klient
KLINGENDEN	10	10	klingenden
KLOAKE	6	10	Kloake
KLUGEN	6	10	klugen
KLUMPEN	7	10	Klumpen
KNACKT	6	10	knackt
KNIEGELENK	10	10	Kniegelenk
KNOCHENS	8	10	Knochens
KNOSPE	6	10	Knospe
KOCHER	6	10	Kocher
KOERBCHEN	9	10	Körbchen
KOHLS	5	10	Kohls
KOLLEGIUMS	10	10	Kollegiums
KOLLEGS	7	10	Kollegs
KOLLEKTOR	9	10	Kollektor
KOLONNEN	8	10	Kolonnen
KOLOSS	6	10	Koloss
KOLUMNEN	8	10	Kolumnen
KOMISCHER	9	10	komischer
KOMPARSEN	9	10	Komparsen
KOMPENDIUM	10	10	Kompendium
KOMPOSTIERT	11	10	kompostiert
KOMTUREI	8	10	Komturei
KONGLOMERAT	11	10	Konglomerat
KONSERVEN	9	10	Konserven
KONTUR	6	10	Kontur
KONVERGIERT	11	10	konvergiert
KOPPELN	7	10	koppeln
KORRUPTE	8	10	korrupte
KOSAKEN	7	10	Kosaken
KOSTENFRAGE	11	10	Kostenfrage
KRAEMPFE	8	10	Krämpfe
KRAFTPROBE	10	10	Kraftprobe
KRANKER	7	10	kranker
KRAWALL	7	10	Krawall
KREISCHEN	9	10	kreischen
KREISTE	7	10	kreiste
KREUZFEUER	10	10	Kreuzfeuer
KREUZTE	7	10	kreuzte
KRIEGERN	8	10	Kriegern
KRITISCHEM	10	10	kritischem
KROATIN	7	10	Kroatin
KROENEN	7	10	krönen
KROPF	5	10	Kropf
KRUEPPEL	8	10	Krüppel
KUEHLWASSER	11	10	Kühlwasser
KUEMMEL	7	10	Kümmel
KUENDBAR	8	10	kündbar
KUGELIGEN	9	10	kugeligen
KULTE	5	10	Kulte
KULTURLEBEN	11	10	Kulturleben
KULTUS	6	10	Kultus
KUNTERBUNT	10	10	Kunterbunt
KUPFERPREIS	11	10	Kupferpreis
KURIE	5	10	Kurie
KURPFALZ	8	10	Kurpfalz
KURZFILMEN	10	10	Kurzfilmen
KURZSICHTIG	11	10	kurzsichtig
KUSCHELN	8	10	Kuscheln
LACKIEREN	9	10	Lackieren
LAENDLICHER	11	10	ländlicher
LAMPEDUSA	9	10	Lampedusa
LANDFRAUEN	10	10	Landfrauen
LANDRAETIN	10	10	Landrätin
LANDRATS	8	10	Landrats
LANGSAMERE	10	10	langsamere
LASTZUG	7	10	Lastzug
LAUBBAEUMEN	11	10	Laubbäumen
LAUE	4	10	laue
LAUFFLAECHE	11	10	Lauffläche
LAUNCH	6	10	Launch
LAUNISCH	8	10	launisch
LEBENSLAGEN	11	10	Lebenslagen
LEBENSMUT	9	10	Lebensmut
LEHRREICHE	10	10	lehrreiche
LEHRSTELLE	10	10	Lehrstelle
LEICHNAME	9	10	Leichname
LEICHNAMS	9	10	Leichnams
LEICHTESTE	10	10	leichteste
LEIER	5	10	Leier
LEIHGABEN	9	10	Leihgaben
LEIHT	5	10	leiht
LEITSAETZE	10	10	Leitsätze
LENINGRADER	11	10	Leningrader
LEOPARDEN	9	10	Leoparden
LEPRA	5	10	Lepra
LERNTEMPO	9	10	Lerntempo
LESENS	6	10	Lesens
LEUCHTDIODE	11	10	Leuchtdiode
LEUTKIRCH	9	10	Leutkirch
LIBER	5	10	Liber
LIEBENSWERT	11	10	liebenswert
LIEBST	6	10	liebst
LIEDERBUCH	10	10	Liederbuch
LIFTE	5	10	Lifte
LIMITS	6	10	Limits
LIRA	4	10	Lira
LIRE	4	10	Lire
LITAUER	7	10	Litauer
LOCHS	5	10	Lochs
LOCKTEN	7	10	lockten
LOESE	5	10	löse
LOHNEND	7	10	lohnend
LOHNSTEUER	10	10	Lohnsteuer
LOKALEM	7	10	lokalem
LOKALITAET	10	10	Lokalität
LOSES	5	10	loses
LOSUNG	6	10	Losung
LOUISVILLE	10	10	Louisville
LOYALE	6	10	loyale
LUSTENAU	8	10	Lustenau
LUSTLOS	7	10	lustlos
LUTHERISCH	10	10	lutherisch
LYMPHKNOTEN	11	10	Lymphknoten
MAASTRICHT	10	10	Maastricht
MAESSIGE	8	10	mäßige
MAHLEN	6	10	mahlen
MAINTAL	7	10	Maintal
MAISCHE	7	10	Maische
MAISON	6	10	Maison
MAJORS	6	10	Majors
MAKELLOS	8	10	makellos
MAKROS	6	10	Makros
MALEDIVEN	9	10	Malediven
MALZ	4	10	Malz
MANAGERIN	9	10	Managerin
MANDEL	6	10	Mandel
MARGINALEN	10	10	marginalen
MARPINGEN	9	10	Marpingen
MARXISMUS	9	10	Marxismus
MASKIERTEN	10	10	maskierten
MASSENGRAB	10	10	Massengrab
MATER	5	10	Mater
MEDIKAMENTS	11	10	Medikaments
MEDITERRANE	11	10	Mediterrane
MEHRSTUFIGE	11	10	mehrstufige
MEIERHOF	8	10	Meierhof
MEINETWEGEN	11	10	Meinetwegen
MELODISCH	9	10	melodisch
MEMMINGER	9	10	Memminger
MENTOREN	8	10	Mentoren
MERSEBURG	9	10	Merseburg
MESSAGE	7	10	Message
MESSBAREN	9	10	messbaren
MESSGROESSE	11	10	Messgröße
MESSINA	7	10	Messina
MESSMETHODE	11	10	Meßmethode
METALLENEN	10	10	metallenen
METALLER	8	10	Metaller
METEOR	6	10	Meteor
METEORIT	8	10	Meteorit
MEUTE	5	10	Meute
MICHA	5	10	Micha
MIESEN	6	10	miesen
MILCHKUEHE	10	10	Milchkühe
MILCHPREISE	11	10	Milchpreise
MILLERNTOR	10	10	Millerntor
MILLIONAERE	11	10	Millionäre
MINERALOGIE	11	10	Mineralogie
MINES	5	10	Mines
MINIMALEM	9	10	minimalem
MITBENUTZT	10	10	mitbenutzt
MITFEIERN	9	10	Mitfeiern
MITKOMMEN	9	10	mitkommen
MITLAEUFER	10	10	Mitläufer
MITSPRACHE	10	10	Mitsprache
MITTELACHSE	11	10	Mittelachse
MITTELSTUFE	11	10	Mittelstufe
MITTIGEN	8	10	mittigen
MODISCHEN	9	10	modischen
MODULAREN	9	10	modularen
MOEHREN	7	10	Möhren
MOERDERIN	9	10	Mörderin
MOMENTS	7	10	Moments
MONATLICHER	11	10	monatlicher
MONOLOGE	8	10	Monologe
MONOPOLIST	10	10	Monopolist
MONSTRUM	8	10	Monstrum
MONTIERTEN	10	10	montierten
MORGENSONNE	11	10	Morgensonne
MOSKITOS	8	10	Moskitos
MOTORISCHEN	11	10	motorischen
MOTORSAEGE	10	10	Motorsäge
MUEHEVOLL	9	10	mühevoll
MUEHLHEIM	9	10	Mühlheim
MUEHLSTEIN	10	10	Mühlstein
MUELHEIMER	10	10	Mülheimer
MUELLSACK	9	10	Müllsack
MUELLTONNEN	11	10	Mülltonnen
MUENDLICHER	11	10	mündlicher
MULMIGES	8	10	mulmiges
MUMBAI	6	10	Mumbai
MUNICIPIOS	10	10	Municipios
MURDOCH	7	10	Murdoch
MURKS	5	10	Murks
MUSCULUS	8	10	Musculus
MUSIKFANS	9	10	Musikfans
MUSIKSTUECK	11	10	Musikstück
MUSSE	5	10	Muße
MUSTERTE	8	10	musterte
MUTTERHAUS	10	10	Mutterhaus
MYSTERIEN	9	10	Mysterien
NABELSCHNUR	11	10	Nabelschnur
NACHHELFEN	10	10	nachhelfen
NACHSICHT	9	10	Nachsicht
NACHTAKTIVE	11	10	nachtaktive
NACHZAHLUNG	11	10	Nachzahlung
NADELOEHR	9	10	Nadelöhr
NAGASAKI	8	10	Nagasaki
NAGELPROBE	10	10	Nagelprobe
NANOMETER	9	10	Nanometer
NATURRAUM	9	10	Naturraum
NETZAUSBAU	10	10	Netzausbau
NETZHAUT	8	10	Netzhaut
NEUHOF	6	10	Neuhof
NEURONEN	8	10	Neuronen
NEWTONMETER	11	10	Newtonmeter
NICHTMAL	8	10	nichtmal
NIEDLICH	8	10	niedlich
NIEDRIGERES	11	10	niedrigeres
NIEDRIGES	9	10	niedriges
NIKOTIN	7	10	Nikotin
NOMINALE	8	10	nominale
NOMINIEREN	10	10	nominieren
NORDBAHN	8	10	Nordbahn
NORDFASSADE	11	10	Nordfassade
NORDHANG	8	10	Nordhang
NORMATIVE	9	10	normative
NORMUNG	7	10	Normung
NORWICH	7	10	Norwich
NOTARE	6	10	Notare
NOTFALLPLAN	11	10	Notfallplan
NOTOPERIERT	11	10	notoperiert
NOTORISCH	9	10	notorisch
NULLSTELLEN	11	10	Nullstellen
NUMMERIERTE	11	10	nummerierte
NURMEHR	7	10	nurmehr
NYMPHEN	7	10	Nymphen
OBERAMTMANN	11	10	Oberamtmann
OBERLAND	8	10	Oberland
OEHRINGEN	9	10	Öhringen
OEKOSYSTEME	11	10	Ökosysteme
OELBERG	7	10	Ölberg
OELBILDER	9	10	Ölbilder
OESEN	5	10	Ösen
OFENS	5	10	Ofens
OHRWURM	7	10	Ohrwurm
OILERS	6	10	Oilers
OKER	4	10	Oker
OLDIES	6	10	Oldies
OLSENBANDE	10	10	Olsenbande
OLTEN	5	10	Olten
OLYMPISCHES	11	10	olympisches
ONKELZ	6	10	Onkelz
OPERIERTEN	10	10	operierten
ORANGERIE	9	10	Orangerie
ORIGENES	8	10	Origenes
ORIGINAEREN	11	10	originären
ORNAMENTEN	10	10	Ornamenten
ORTSBEREICH	11	10	Ortsbereich
ORTSLAGEN	9	10	Ortslagen
OSTBLOCK	8	10	Ostblock
OSTFLANKE	9	10	Ostflanke
OSTFRIESEN	10	10	Ostfriesen
PADDELN	7	10	Paddeln
PAECHTERN	9	10	Pächtern
PANTOMIME	9	10	Pantomime
PAPARAZZI	9	10	Paparazzi
PARANOID	8	10	paranoid
PARITAET	8	10	Parität
PARKHAUSES	10	10	Parkhauses
PARKT	5	10	parkt
PARKTE	6	10	parkte
PARTEIBUCH	10	10	Parteibuch
PARTYGAESTE	11	10	Partygäste
PASSANTIN	9	10	Passantin
PASSFORM	8	10	Paßform
PASSGENAU	9	10	passgenau
PASSIERE	8	10	passiere
PASSSPIEL	9	10	Passspiel
PASTORAL	8	10	Pastoral
PATRIZIER	9	10	Patrizier
PATROUILLEN	11	10	Patrouillen
PAUSENHOF	9	10	Pausenhof
PELIKAN	7	10	Pelikan
PELLE	5	10	Pelle
PERUECKE	8	10	Perücke
PESTIZIDE	9	10	Pestizide
PFANNKUCHEN	11	10	Pfannkuchen
PFARRHAUSES	11	10	Pfarrhauses
PFLASTERUNG	11	10	Pflasterung
PFLEGEHEIME	11	10	Pflegeheime
PFLEGENDEN	10	10	pflegenden
PHAENOMENAL	11	10	phänomenal
PHARMAWERTE	11	10	Pharmawerte
PICKUP	6	10	Pickup
PILASTER	8	10	Pilaster
PILGERREISE	11	10	Pilgerreise
PILOTPHASE	10	10	Pilotphase
PLAEDIERE	9	10	plädiere
PLAGTE	6	10	plagte
PLATINEN	8	10	Platinen
PLENARSAAL	10	10	Plenarsaal
PNEUMATISCH	11	10	pneumatisch
POGROM	6	10	Pogrom
POKALSIEG	9	10	Pokalsieg
POKALSPIELE	11	10	Pokalspiele
POPULAERSTE	11	10	populärste
PORNO	5	10	Porno
POSTFACH	8	10	Postfach
PRAGMATIKER	11	10	Pragmatiker
PRAXISNAHE	10	10	praxisnahe
PREISKLASSE	11	10	Preisklasse
PRISON	6	10	Prison
PRISTINA	8	10	Pristina
PROBERAUM	9	10	Proberaum
PROBEWEISE	10	10	probeweise
PROFANEN	8	10	profanen
PROFIDEBUET	11	10	Profidebüt
PROFILEN	8	10	Profilen
PROTESTS	8	10	Protests
PROTONEN	8	10	Protonen
PRUEFTEN	8	10	prüften
PSEUDONYME	10	10	Pseudonyme
PSORIASIS	9	10	Psoriasis
PUERIEREN	9	10	pürieren
PUMPT	5	10	pumpt
PUNKTES	7	10	Punktes
PUNKTRUNDE	10	10	Punktrunde
PUNT	4	10	Punt
PUTTEN	6	10	Putten
PYLON	5	10	Pylon
QUAEKER	7	10	Quäker
QUARTIERS	9	10	Quartiers
QUARZ	5	10	Quarz
QUATTRO	7	10	Quattro
QUESTS	6	10	Quests
QUICKBORNER	11	10	Quickborner
QUINTESSENZ	11	10	Quintessenz
QUITO	5	10	Quito
QUOLL	5	10	quoll
RADLADER	8	10	Radlader
RADPROFIS	9	10	Radprofis
RAGTEN	6	10	ragten
RANGUN	6	10	Rangun
RASANTER	8	10	rasanter
RASTLOS	7	10	rastlos
RATHAEUSERN	11	10	Rathäusern
RAUBES	6	10	Raubes
RAUCHE	6	10	rauche
RAUCHTE	7	10	rauchte
RAUMNOT	7	10	Raumnot
RAUMSCHIFFE	11	10	Raumschiffe
RAUSCHENDE	10	10	rauschende
REALSCHULEN	11	10	Realschulen
REANIMATION	11	10	Reanimation
RECHTSHILFE	11	10	Rechtshilfe
REDEZEIT	8	10	Redezeit
REDUZIERE	9	10	reduziere
REFERATEN	9	10	Referaten
REFERATS	8	10	Referats
REFORMSTAU	10	10	Reformstau
REGENTIN	8	10	Regentin
REGIEDEBUET	11	10	Regiedebüt
REICHENDEN	10	10	reichenden
REINHOEREN	10	10	reinhören
REISEZIELE	10	10	Reiseziele
REITERS	7	10	Reiters
REITPLATZ	9	10	Reitplatz
REIZEND	7	10	reizend
REKORDZEIT	10	10	Rekordzeit
REKTORIN	8	10	Rektorin
RELIGIOESEM	11	10	religiösem
RELIKTE	7	10	Relikte
RENNDISTANZ	11	10	Renndistanz
RENOVIERTE	10	10	renovierte
RENTIER	7	10	Rentier
REPORTERN	9	10	Reportern
RESERVATION	11	10	Reservation
RESERVIERTE	11	10	reservierte
RESORBIERT	10	10	resorbiert
RESTAURATOR	11	10	Restaurator
REVEREND	8	10	Reverend
REVERSE	7	10	reverse
REZENSENT	9	10	Rezensent
REZEPTUREN	10	10	Rezepturen
RHEINBAHN	9	10	Rheinbahn
RHEINSBERG	10	10	Rheinsberg
RHETORISCH	10	10	rhetorisch
RHIZOM	6	10	Rhizom
RIEDLINGEN	10	10	Riedlingen
RIGIDEN	7	10	rigiden
RINGSHERUM	10	10	Ringsherum
RISALIT	7	10	Risalit
RISIKOLOS	9	10	risikolos
ROCCO	5	10	Rocco
ROCKEN	6	10	rocken
ROCKSTAR	8	10	Rockstar
RODELN	6	10	Rodeln
ROHOELPREIS	11	10	Rohölpreis
ROHRBACH	8	10	Rohrbach
ROHRES	6	10	Rohres
ROLLENDEN	9	10	rollenden
ROLLERS	7	10	Rollers
ROSIGE	6	10	rosige
ROSINEN	7	10	Rosinen
ROSTBRAUN	9	10	rostbraun
ROTTE	5	10	Rotte
RUCKARTIG	9	10	ruckartig
RUECKKEHRER	11	10	Rückkehrer
RUECKSETZER	11	10	Rücksetzer
RUEDE	5	10	Rüde
RUHEZEIT	8	10	Ruhezeit
RUHRPOTT	8	10	Ruhrpott
RUINIERTEN	10	10	ruinierten
RUMELNER	8	10	Rumelner
RUNDETEN	8	10	rundeten
SAARLAENDER	11	10	Saarländer
SABOTIERT	9	10	sabotiert
SABRES	6	10	Sabres
SACRAMENTO	10	10	Sacramento
SAEEN	5	10	säen
SAEGEWERKE	10	10	Sägewerke
SAISONSPIEL	11	10	Saisonspiel
SAKRAMENTE	10	10	Sakramente
SALAMANDER	10	10	Salamander
SANDBANK	8	10	Sandbank
SANDBODEN	9	10	Sandboden
SANDIGE	7	10	sandige
SANDSAECKE	10	10	Sandsäcke
SAUDISCHEN	10	10	saudischen
SAUFEN	6	10	Saufen
SAURER	6	10	saurer
SCHADETEN	9	10	schadeten
SCHAECHTEN	10	10	Schächten
SCHAEFERS	9	10	Schäfers
SCHAEMT	7	10	schämt
SCHAERFERES	11	10	schärferes
SCHALLMAUER	11	10	Schallmauer
SCHATTIGEN	10	10	schattigen
SCHATZSUCHE	11	10	Schatzsuche
SCHEICHS	8	10	Scheichs
SCHERGEN	8	10	Schergen
SCHIMANSKI	10	10	Schimanski
SCHIRME	7	10	Schirme
SCHLAEFE	8	10	Schläfe
SCHLAEUCHEN	11	10	Schläuchen
SCHLAFEND	9	10	schlafend
SCHLAFENDE	10	10	schlafende
SCHLAFLOSE	10	10	schlaflose
SCHLEUDERT	10	10	schleudert
SCHLUCKAUF	10	10	Schluckauf
SCHLUPFLOCH	11	10	Schlupfloch
SCHMUCKLOS	10	10	schmucklos
SCHNAPPT	8	10	schnappt
SCHNARCHEN	10	10	Schnarchen
SCHNUEREN	9	10	Schnüren
SCHNUPPERN	10	10	Schnuppern
SCHOCKIERTE	11	10	schockierte
SCHRECKTE	9	10	schreckte
SCHREIEND	9	10	schreiend
SCHUETTEN	9	10	schütten
SCHULFACH	9	10	Schulfach
SCHWANKEND	10	10	schwankend
SCHWEIZERS	10	10	Schweizers
SCHWERLICH	10	10	schwerlich
SCHWINDELIG	11	10	schwindelig
SCHWUND	7	10	Schwund
SECHZIGERN	10	10	Sechzigern
SEEBAD	6	10	Seebad
SEELISCHER	10	10	seelischer
SEGELFLUG	9	10	Segelflug
SEGNE	5	10	segne
SEGNUNG	7	10	Segnung
SEHENDEN	8	10	sehenden
SEHKRAFT	8	10	Sehkraft
SEICHTEN	8	10	seichten
SEILZUG	7	10	Seilzug
SEITENTAL	9	10	Seitental
SEITENWAND	10	10	Seitenwand
SELBSTBILD	10	10	Selbstbild
SELIGKEIT	9	10	Seligkeit
SELSKOJE	8	10	selskoje
SENSATIONEN	11	10	Sensationen
SEPARATEM	9	10	separatem
SERIELLEN	9	10	seriellen
SERIOESER	9	10	seriöser
SETTING	7	10	Setting
SHACKLETON	10	10	Shackleton
SHUTTLES	8	10	Shuttles
SIBYLLE	7	10	Sibylle
SICKERTE	8	10	sickerte
SIEBDRUCK	9	10	Siebdruck
SIEDEN	6	10	Sieden
SIEGERLAND	10	10	Siegerland
SILO	4	10	Silo
SILOS	5	10	Silos
SIMULIERTEN	11	10	simulierten
SINAI	5	10	Sinai
SINFONIEN	9	10	Sinfonien
SINNT	5	10	sinnt
SINTI	5	10	Sinti
SITZES	6	10	Sitzes
SITZKOMFORT	11	10	Sitzkomfort
SKEPTISCHEN	11	10	skeptischen
SKIER	5	10	Skier
SKINS	5	10	Skins
SKORPIONE	9	10	Skorpione
SNOOKER	7	10	Snooker
SOLARAKTIEN	11	10	Solaraktien
SONDERROLLE	11	10	Sonderrolle
SONDERZUG	9	10	Sonderzug
SONNENUHR	9	10	Sonnenuhr
SONNIGER	8	10	sonniger
SOUTHAMPTON	11	10	Southampton
SOZIALABBAU	11	10	Sozialabbau
SOZIALWESEN	11	10	Sozialwesen
SPAERLICHER	11	10	spärlicher
SPARKONTO	9	10	Sparkonto
SPATZ	5	10	Spatz
SPEICHEL	8	10	Speichel
SPEISEWAGEN	11	10	Speisewagen
SPEISUNG	8	10	Speisung
SPERLING	8	10	Sperling
SPEZIALFALL	11	10	Spezialfall
SPHAEREN	8	10	Sphären
SPIELEREIEN	11	10	Spielereien
SPIELFELDER	11	10	Spielfelder
SPIELMANN	9	10	Spielmann
SPIELWIESE	10	10	Spielwiese
SPIESSE	7	10	Spieße
SPRENGKOPF	10	10	Sprengkopf
SPRENGKRAFT	11	10	Sprengkraft
SPRUDELN	8	10	sprudeln
SPRUNGBRETT	11	10	Sprungbrett
SPUERST	7	10	Spürst
SPURS	5	10	Spurs
SPYDER	6	10	Spyder
STAATSBANK	10	10	Staatsbank
STAATSMANN	10	10	Staatsmann
STADTBUS	8	10	Stadtbus
STADTKREIS	10	10	Stadtkreis
STADTPLAENE	11	10	Stadtpläne
STADTPLATZ	10	10	Stadtplatz
STADTVAETER	11	10	Stadtväter
STAEBCHEN	9	10	Stäbchen
STAEDT	6	10	Städt
STAENDCHEN	10	10	Ständchen
STAENDIGEM	10	10	ständigem
STAMMEND	8	10	stammend
STAPELT	7	10	stapelt
STARKREGEN	10	10	Starkregen
STARNBERGER	11	10	Starnberger
STARTERN	8	10	Startern
STARTRAMPE	10	10	Startrampe
STATIKER	8	10	Statiker
STAUNTEN	8	10	staunten
STEIGENDES	10	10	steigendes
STEINIG	7	10	steinig
STETEN	6	10	steten
STIELE	6	10	Stiele
STILISIERT	10	10	stilisiert
STILVOLL	8	10	stilvoll
STIMULIEREN	11	10	stimulieren
STINKEN	7	10	stinken
STOERFALL	9	10	Störfall
STOESSE	7	10	Stöße
STOLPERN	8	10	stolpern
STRAENGE	8	10	Stränge
STRAFFREI	9	10	straffrei
STRAFZETTEL	11	10	Strafzettel
STRAHLENDER	11	10	strahlender
STRALSUNDER	11	10	Stralsunder
STRANDBAR	9	10	Strandbar
STRATEGE	8	10	Stratege
STREBTEN	8	10	strebten
STREICHELTE	11	10	streichelte
STREICHHOLZ	11	10	Streichholz
STREIF	6	10	Streif
STREIKT	7	10	streikt
STREITENDEN	11	10	streitenden
STREU	5	10	Streu
STROEME	7	10	Ströme
STROEMTE	8	10	strömte
STUERMERS	9	10	Stürmers
STUFT	5	10	stuft
STUMPFE	7	10	stumpfe
STUNTMAN	8	10	Stuntman
STUTEN	6	10	Stuten
SUBKULTUR	9	10	Subkultur
SUCHENDE	8	10	Suchende
SUEDBADEN	9	10	Südbaden
SUEDGRENZE	10	10	Südgrenze
SURREAL	7	10	surreal
SURREN	6	10	Surren
SYMPHONIE	9	10	Symphonie
TABUBRUCH	9	10	Tabubruch
TAETIGTE	8	10	tätigte
TAETLICHEN	10	10	tätlichen
TALAUE	6	10	Talaue
TALKESSEL	9	10	Talkessel
TAMPA	5	10	Tampa
TANDEM	6	10	Tandem
TANGIERT	8	10	tangiert
TANZENDEN	9	10	tanzenden
TAPETE	6	10	Tapete
TARZAN	6	10	Tarzan
TAUCHGAENGE	11	10	Tauchgänge
TEEHAUS	7	10	Teehaus
TEILGEBIETE	11	10	Teilgebiete
TEILNEHMERS	11	10	Teilnehmers
TEILNIMMT	9	10	teilnimmt
TEILWEISER	10	10	teilweiser
TEKTONISCHE	11	10	tektonische
TELEFONEN	9	10	Telefonen
TELESKOPE	9	10	Teleskope
TELTOW	6	10	Teltow
TEMPLATES	9	10	Templates
TESTSIEGER	10	10	Testsieger
TESTSTRECKE	11	10	Teststrecke
TEXTDATEI	9	10	Textdatei
TEXTFELD	8	10	Textfeld
THROMBOSE	9	10	Thrombose
TIEFERES	8	10	tieferes
TIMER	5	10	Timer
TITELLISTE	10	10	Titelliste
TODESDATUM	10	10	Todesdatum
TODKRANKE	9	10	todkranke
TOEPFEREI	9	10	Töpferei
TOLLSTEN	8	10	tollsten
TOLLWUT	7	10	Tollwut
TONDERN	7	10	Tondern
TOPFORM	7	10	Topform
TOPMODELL	9	10	Topmodell
TORGAUER	8	10	Torgauer
TORLINIE	8	10	Torlinie
TORPEDIERT	10	10	torpediert
TOTEM	5	10	Totem
TOWERS	6	10	Towers
TOWNSHIPS	9	10	Townships
TRAEGST	7	10	trägst
TRAGEND	7	10	tragend
TRAINIERE	9	10	trainiere
TRANSMITTER	11	10	Transmitter
TRAUERHALLE	11	10	Trauerhalle
TRAUFGESIMS	11	10	Traufgesims
TREFFS	6	10	Treffs
TREIBENDEN	10	10	treibenden
TRIAS	5	10	Trias
TRIEBWAGENS	11	10	Triebwagens
TRISTE	6	10	triste
TROSSINGEN	10	10	Trossingen
TROTZIG	7	10	trotzig
TRUEBTE	7	10	trübte
TRUEMPFE	8	10	Trümpfe
TUAREG	6	10	Tuareg
TUBE	4	10	Tube
TUECHTIG	8	10	tüchtig
TUERK	5	10	Türk
TUNESISCHEN	11	10	tunesischen
TUNNELBAU	9	10	Tunnelbau
TUTTLINGER	10	10	Tuttlinger
TYROS	5	10	Tyros
UEBE	4	10	übe
UEBELTAETER	11	10	Übeltäter
UEBERBAU	8	10	Überbau
UEBERBLICKT	11	10	überblickt
UEBERBRINGT	11	10	überbringt
UEBERGROSSE	11	10	übergroße
UEBERHAEUFT	11	10	überhäuft
UEBERLAGERN	11	10	überlagern
UEBERMASS	9	10	Übermaß
UEBERRANNT	10	10	überrannt
UEBERSENDEN	11	10	übersenden
UEBERSTEHT	10	10	übersteht
UEBERTREIBT	11	10	übertreibt
UFERS	5	10	Ufers
UHRMACHER	9	10	Uhrmacher
UMDREHEN	8	10	umdrehen
UMFIRMIERT	10	10	umfirmiert
UMMANTELT	9	10	ummantelt
UMSETZUNGEN	11	10	Umsetzungen
UMSPIELT	8	10	umspielt
UMWELTPREIS	11	10	Umweltpreis
UMWELTRECHT	11	10	Umweltrecht
UMZAEUNUNG	10	10	Umzäunung
UNBEBAUT	8	10	unbebaut
UNBEHOLFEN	10	10	unbeholfen
UNERFORSCHT	11	10	unerforscht
UNERWAEHNT	10	10	unerwähnt
UNFRUCHTBAR	11	10	unfruchtbar
UNGEHALTEN	10	10	ungehalten
UNGELOESTE	10	10	ungelöste
UNGELOESTEN	11	10	ungelösten
UNGESTOERTE	11	10	ungestörte
UNGESUND	8	10	ungesund
UNGEWOLLTE	10	10	ungewollte
UNHOEFLICH	10	10	unhöflich
UNLOESBAR	9	10	unlösbar
UNMENGE	7	10	Unmenge
UNMENGEN	8	10	Unmengen
UNRAT	5	10	Unrat
UNSCHAERFEN	11	10	Unschärfen
UNTERBLEIBT	11	10	unterbleibt
UNTERBODEN	10	10	Unterboden
UNTERBOTEN	10	10	unterboten
UNTERHOLZ	9	10	Unterholz
UNTERSTADT	10	10	Unterstadt
UNTERSUCHE	10	10	untersuche
UNTERWOLLE	10	10	Unterwolle
UNTITLED	8	10	Untitled
UNVERHOFFT	10	10	unverhofft
UNWIRKLICH	10	10	unwirklich
UNWUERDIG	9	10	unwürdig
URALT	5	10	uralt
URANUS	6	10	Uranus
URLAUBSORT	10	10	Urlaubsort
UTOPISCHE	9	10	utopische
UTRECHTER	9	10	Utrechter
VANILLE	7	10	Vanille
VASALL	6	10	Vasall
VERBAUTEN	9	10	verbauten
VERBIEGEN	9	10	verbiegen
VERBIETE	8	10	verbiete
VERBLENDUNG	11	10	Verblendung
VERBUNDENER	11	10	verbundener
VERDAMMTEN	10	10	verdammten
VERDANKE	8	10	verdanke
VERDANKTE	9	10	verdankte
VERDICHTER	10	10	Verdichter
VERDUENNUNG	11	10	Verdünnung
VEREDELUNG	10	10	Veredelung
VEREINNAHMT	11	10	vereinnahmt
VEREISTEN	9	10	vereisten
VEREITELTE	10	10	vereitelte
VERENDETEN	10	10	verendeten
VERFAEHRT	9	10	verfährt
VERFAERBUNG	11	10	Verfärbung
VERFOLGERN	10	10	Verfolgern
VERGESST	8	10	Vergesst
VERLAUFEND	10	10	verlaufend
VERLAUFS	8	10	Verlaufs
VERLIEHENEN	11	10	verliehenen
VERMENGEN	9	10	vermengen
VERMIETERN	10	10	Vermietern
VERMISCHTEN	11	10	vermischten
VERPACHTUNG	11	10	Verpachtung
VERPUFFTE	9	10	verpuffte
VERPUTZTE	9	10	verputzte
VERREIST	8	10	verreist
VERRUECKTER	11	10	verrückter
VERSCHLIEF	10	10	verschlief
VERSCHLUG	9	10	verschlug
VERSCHOSS	9	10	verschoss
VERSCHRECKT	11	10	verschreckt
VERSETZTEN	10	10	versetzten
VERSPERRTE	10	10	versperrte
VERSTROEMEN	11	10	verströmen
VERSTROEMT	10	10	verströmt
VERTUSCHEN	10	10	vertuschen
VERURTEILE	10	10	verurteile
VERWERFUNG	10	10	Verwerfung
VERWIRFT	8	10	verwirft
VERWITTERTE	11	10	verwitterte
VERWOBEN	8	10	verwoben
VERZERRTE	9	10	verzerrte
VESTE	5	10	Veste
VETERAN	7	10	Veteran
VIBRIERT	8	10	vibriert
VIDEOFILM	9	10	Videofilm
VIERTAEGIGE	11	10	viertägige
VILLENEUVE	10	10	Villeneuve
VISUELLER	9	10	visueller
VITALE	6	10	Vitale
VIZEKOENIG	10	10	Vizekönig
VOELKISCHE	10	10	völkische
VOKAL	5	10	Vokal
VOLKE	5	10	Volke
VOLKSHELD	9	10	Volksheld
VONSEITEN	9	10	vonseiten
VORARBEITER	11	10	Vorarbeiter
VORAUSSAGE	10	10	Voraussage
VORDERSTER	10	10	vorderster
VORDERTEIL	10	10	Vorderteil
VORENTWURF	10	10	Vorentwurf
VORFUEHREN	10	10	vorführen
VORGANGS	8	10	Vorgangs
VORGIBT	7	10	vorgibt
VORLEGTE	8	10	vorlegte
VORMERKUNG	10	10	Vormerkung
VORRAETIG	9	10	vorrätig
VORSCHUB	8	10	Vorschub
VORSCHUSS	9	10	Vorschuss
VORTRUG	7	10	vortrug
VORWARNUNG	10	10	Vorwarnung
VORZUFINDEN	11	10	vorzufinden
VOTIERT	7	10	votiert
VOTING	6	10	Voting
VUELTA	6	10	Vuelta
WAAGRECHT	9	10	waagrecht
WAAGSCHALE	10	10	Waagschale
WACHDIENST	10	10	Wachdienst
WACHPOSTEN	10	10	Wachposten
WAEHRE	6	10	währe
WAEHRENDEN	10	10	währenden
WAESCHT	7	10	wäscht
WAESSRIGER	10	10	wässriger
WAFFELN	7	10	Waffeln
WAHLERFOLG	10	10	Wahlerfolg
WAHLHEIMAT	10	10	Wahlheimat
WAHLHELFER	10	10	Wahlhelfer
WAHLSPRUCH	10	10	Wahlspruch
WALFANG	7	10	Walfang
WALLENSTEIN	11	10	Wallenstein
WALLS	5	10	Walls
WANDELTEN	9	10	wandelten
WANDLUNGEN	10	10	Wandlungen
WANDMALEREI	11	10	Wandmalerei
WARTENDE	8	10	wartende
WASSERDRUCK	11	10	Wasserdruck
WASSERFALLS	11	10	Wasserfalls
WEBCAMS	7	10	Webcams
WEGLASSEN	9	10	weglassen
WEGNEHMEN	9	10	wegnehmen
WEHRLOS	7	10	wehrlos
WEICHERE	8	10	weichere
WEIHRAUCH	9	10	Weihrauch
WEIHT	5	10	weiht
WEIHTE	6	10	weihte
WEINTEN	7	10	weinten
WEINTRAUBEN	11	10	Weintrauben
WELTCUPSIEG	11	10	Weltcupsieg
WELTMACHT	9	10	Weltmacht
WENDETEN	8	10	wendeten
WENDIGKEIT	10	10	Wendigkeit
WERBEKUNDEN	11	10	Werbekunden
WERKELT	7	10	werkelt
WERRA	5	10	Werra
WETTKAMPFES	11	10	Wettkampfes
WICHTIGEREN	11	10	wichtigeren
WICHTIGERES	11	10	Wichtigeres
WIEDERHABEN	11	10	wiederhaben
WILDESTEN	9	10	wildesten
WILLIAMSON	10	10	Williamson
WINDUNG	7	10	Windung
WIRBELLOSEN	11	10	Wirbellosen
WIRKSAMES	9	10	wirksames
WITTERTEN	9	10	witterten
WITZIGEN	8	10	witzigen
WOCHENTAGEN	11	10	Wochentagen
WOHLER	6	10	wohler
WOHLTUENDE	10	10	wohltuende
WOHNGRUPPEN	11	10	Wohngruppen
WOHNPLAETZE	11	10	Wohnplätze
WOHNRAEUMEN	11	10	Wohnräumen
WOODSTOCK	9	10	Woodstock
WORKING	7	10	Working
WORTKARG	8	10	wortkarg
WORTWITZ	8	10	Wortwitz
WUERDIGE	8	10	würdige
WUNSIEDEL	9	10	Wunsiedel
ZAHLENDE	8	10	zahlende
ZAHLENDEN	9	10	zahlenden
ZAHM	4	10	zahm
ZAHNLOS	7	10	zahnlos
ZARTER	6	10	zarter
ZAUBERT	7	10	zaubert
ZAUBERTRANK	11	10	Zaubertrank
ZECHEN	6	10	Zechen
ZEHNKAMPF	9	10	Zehnkampf
ZEITGENOSSE	11	10	Zeitgenosse
ZEITLOSE	8	10	zeitlose
ZEITSTRAFE	10	10	Zeitstrafe
ZEITWEILIGE	11	10	zeitweilige
ZERSTREUTE	10	10	zerstreute
ZERTEILT	8	10	zerteilt
ZIEGELBAU	9	10	Ziegelbau
ZIELLOS	7	10	ziellos
ZIELS	5	10	Ziels
ZIELTEN	7	10	zielten
ZIEMLICHES	10	10	ziemliches
ZIMBABWE	8	10	Zimbabwe
ZIMMERMANNS	11	10	Zimmermanns
ZINKEN	6	10	Zinken
ZIVILER	7	10	ziviler
ZOEGERTEN	9	10	zögerten
ZOOLOGISCHE	11	10	Zoologische
ZOPF	4	10	Zopf
ZSCHOPAU	8	10	Zschopau
ZUBRINGER	9	10	Zubringer
ZUENFTIGEN	10	10	zünftigen
ZUFALLS	7	10	Zufalls
ZUGEFROREN	10	10	zugefroren
ZUGESPIELT	10	10	zugespielt
ZUGEWINNEN	10	10	Zugewinnen
ZUGLUFT	7	10	Zugluft
ZUGPAAR	7	10	Zugpaar
ZUKOMMT	7	10	zukommt
ZULAUFENDEN	11	10	zulaufenden
ZULIEBE	7	10	zuliebe
ZUTRIFFT	8	10	zutrifft
ZUZURECHNEN	11	10	zuzurechnen
ZWEIGTE	7	10	zweigte
ZWITTER	7	10	Zwitter
ZWOELFTER	9	10	Zwölfter
ZYKLISCH	8	10	zyklisch
ZYSTEN	6	10	Zysten
ABAENDERUNG	11	9	Abänderung
ABDOMEN	7	9	Abdomen
ABENDSONNE	10	9	Abendsonne
ABFAELLIG	9	9	abfällig
ABGEEBBT	8	9	abgeebbt
ABGEFALLEN	10	9	abgefallen
ABGEPLATTET	11	9	abgeplattet
ABGESAUGT	9	9	abgesaugt
ABGESPECKT	10	9	abgespeckt
ABGETOETET	10	9	abgetötet
ABGEWANDERT	11	9	abgewandert
ABGEWASCHEN	11	9	abgewaschen
ABGEWUERGT	10	9	abgewürgt
ABHALTUNG	9	9	Abhaltung
ABMAHNUNGEN	11	9	Abmahnungen
ABNEHMENDER	11	9	abnehmender
ABORDNUNG	9	9	Abordnung
ABRISSBIRNE	11	9	Abrissbirne
ABRUPTEN	8	9	abrupten
ABSCHMELZEN	11	9	Abschmelzen
ABSCHOTTUNG	11	9	Abschottung
ABSORPTION	10	9	Absorption
ABSPRECHEN	10	9	absprechen
ABTASTUNG	9	9	Abtastung
ABTRAGUNG	9	9	Abtragung
ABWASCH	7	9	Abwasch
ABWEISEND	9	9	abweisend
ABZULIEFERN	11	9	abzuliefern
ACHTETE	7	9	achtete
ADAPTIERTE	10	9	adaptierte
ADMIRA	6	9	Admira
AETHERISCHE	11	9	ätherische
AGRARREFORM	11	9	Agrarreform
AHNDEN	6	9	ahnden
AKKURAT	7	9	akkurat
AKROBATEN	9	9	Akrobaten
AKTIVERE	8	9	aktivere
AKUSTISCHER	11	9	akustischer
AKZEPTABLE	10	9	akzeptable
ALCHEMIE	8	9	Alchemie
ALEMANNEN	9	9	Alemannen
ALLERGISCHE	11	9	allergische
ALLROUNDER	10	9	Allrounder
ALLSVENSKAN	11	9	Allsvenskan
ALTERNDE	8	9	alternde
ALTERT	6	9	altert
ALTMEISTER	10	9	Altmeister
ALTMODISCHE	11	9	altmodische
AMALGAM	7	9	Amalgam
AMPUTATION	10	9	Amputation
AMTSHAUS	8	9	Amtshaus
AMTSHILFE	9	9	Amtshilfe
ANALOGER	8	9	analoger
ANARCHISMUS	11	9	Anarchismus
ANBAUS	6	9	Anbaus
ANFAENGT	8	9	anfängt
ANFUEHRERS	10	9	Anführers
ANGEBAHNT	9	9	angebahnt
ANGEEIGNET	10	9	angeeignet
ANGEFUELLT	10	9	angefüllt
ANGEHEFTET	10	9	angeheftet
ANGEPEILTE	10	9	angepeilte
ANGREIFERS	10	9	Angreifers
ANKUENDIGTE	11	9	ankündigte
ANLAEUFEN	9	9	Anläufen
ANLASSER	8	9	Anlasser
ANMASSEND	9	9	anmaßend
ANMUTENDE	9	9	anmutende
ANMUTENDEN	10	9	anmutenden
ANOMALIEN	9	9	Anomalien
ANREGENDE	9	9	anregende
ANSCHAFFEN	10	9	anschaffen
ANSCHLUSSES	11	9	Anschlusses
ANTIQUARIAT	11	9	Antiquariat
ANZIEHEND	9	9	anziehend
ANZIEHENDEN	11	9	anziehenden
ANZIEHT	7	9	anzieht
ANZUBRINGEN	11	9	anzubringen
ANZUGEHEN	9	9	anzugehen
APATHISCH	9	9	apathisch
APOSTELN	8	9	Aposteln
APOSTELS	8	9	Apostels
APPARATES	9	9	Apparates
APPENZELLER	11	9	Appenzeller
APPLAUDIERT	11	9	applaudiert
ARABERN	7	9	Arabern
ARCHIVES	8	9	Archives
ARTEFAKTEN	10	9	Artefakten
ARTERIEN	8	9	Arterien
ARTGERECHT	10	9	artgerecht
ARTNAME	7	9	Artname
ARZTWAHL	8	9	Arztwahl
ATOLL	5	9	Atoll
ATOMGESETZ	10	9	Atomgesetz
ATOMPOLITIK	11	9	Atompolitik
ATTESTIERTE	11	9	attestierte
AUFBAUENDEN	11	9	aufbauenden
AUFBAUT	7	9	aufbaut
AUFDECKUNG	10	9	Aufdeckung
AUFGELOESTE	11	9	aufgelöste
AUFGEMAUERT	11	9	aufgemauert
AUFWANDS	8	9	Aufwands
AUFZUDECKEN	11	9	aufzudecken
AUFZUFINDEN	11	9	aufzufinden
AUFZUGEHEN	10	9	aufzugehen
AUKTIONATOR	11	9	Auktionator
AUSFALLS	8	9	Ausfalls
AUSFUEHRTE	10	9	ausführte
AUSGABEKURS	11	9	Ausgabekurs
AUSGEBAUTES	11	9	ausgebautes
AUSGEBOMBT	10	9	ausgebombt
AUSGELACHT	10	9	ausgelacht
AUSGESANDT	10	9	ausgesandt
AUSMACHTEN	10	9	ausmachten
AUSRITT	7	9	Ausritt
AUSSENDUNG	10	9	Aussendung
AUSSIEDLER	10	9	Aussiedler
AUSSTARB	8	9	ausstarb
AUSTERN	7	9	Austern
AUSWIRKT	8	9	auswirkt
AUTOLENKER	10	9	Autolenker
AUTOSEKTOR	10	9	Autosektor
BADEMEISTER	11	9	Bademeister
BAECKERS	8	9	Bäckers
BAENDIGEN	9	9	bändigen
BAGUETTE	8	9	Baguette
BALDIGES	8	9	baldiges
BANAT	5	9	Banat
BARGELDLOS	10	9	bargeldlos
BAROCKMUSIK	11	9	Barockmusik
BASAL	5	9	basal
BASTARD	7	9	Bastard
BATTERY	7	9	Battery
BAUCHTANZ	9	9	Bauchtanz
BAUERSCHAFT	11	9	Bauerschaft
BAUJAHRE	8	9	Baujahre
BAUPLAETZE	10	9	Bauplätze
BAUSCHAEDEN	11	9	Bauschäden
BAUSTART	8	9	Baustart
BAUTZENER	9	9	Bautzener
BAUWAGEN	8	9	Bauwagen
BEAEUGT	7	9	beäugt
BEDECKTEN	9	9	bedeckten
BEDROHE	7	9	bedrohe
BEDRUECKT	9	9	bedrückt
BEDURFT	7	9	bedurft
BEFEUERT	8	9	befeuert
BEFRUCHTET	10	9	befruchtet
BEGANGENE	9	9	begangene
BEGLAUBIGT	10	9	beglaubigt
BEGLAUBIGTE	11	9	beglaubigte
BEGLEITE	8	9	begleite
BEGLEITERN	10	9	Begleitern
BEGRUENTE	9	9	begrünte
BEHEBT	6	9	behebt
BEHEIZTE	8	9	beheizte
BEHINDERE	9	9	behindere
BEHUTSAME	9	9	behutsame
BEIBRINGEN	10	9	beibringen
BEIHEFT	7	9	Beiheft
BEKAEMPFTE	10	9	bekämpfte
BEKEHRT	7	9	bekehrt
BEKLEBT	7	9	beklebt
BEKLEIDEN	9	9	bekleiden
BEKUNDETE	9	9	bekundete
BELAESST	8	9	belässt
BELAGERTE	9	9	belagerte
BELEBENDE	9	9	belebende
BELEBTE	7	9	belebte
BELEHRUNGEN	11	9	Belehrungen
BELICHTET	9	9	belichtet
BELTZ	5	9	Beltz
BELVEDERE	9	9	Belvedere
BENCHMARK	9	9	Benchmark
BENOTUNG	8	9	Benotung
BERATENDER	10	9	beratender
BERATENDES	10	9	beratendes
BERAUBEN	8	9	berauben
BEREINIGEN	10	9	bereinigen
BEREISEN	8	9	bereisen
BEREUE	6	9	bereue
BERGGIPFEL	10	9	Berggipfel
BERGIGEN	8	9	bergigen
BERGKETTE	9	9	Bergkette
BERGKUPPE	9	9	Bergkuppe
BERGPREDIGT	11	9	Bergpredigt
BERGWACHT	9	9	Bergwacht
BERIETEN	8	9	berieten
BERUFS	6	9	Berufs
BESATZ	6	9	Besatz
BESCHATTUNG	11	9	Beschattung
BESCHICKT	9	9	beschickt
BESCHIMPFTE	11	9	beschimpfte
BESCHREITEN	11	9	beschreiten
BESICHTIGTE	11	9	besichtigte
BESTIMMBAR	10	9	bestimmbar
BESTIMME	8	9	bestimme
BESTOHLEN	9	9	bestohlen
BESTTIGTE	9	9	besttigte
BETAETIGTEN	11	9	betätigten
BETANKT	7	9	betankt
BETONDECKE	10	9	Betondecke
BETONS	6	9	Betons
BETREIBERIN	11	9	Betreiberin
BEVORZUGTER	11	9	bevorzugter
BEWACHSENEN	11	9	bewachsenen
BEWAELTIGTE	11	9	bewältigte
BEWALDETES	10	9	bewaldetes
BEWARBEN	8	9	bewarben
BEWEHRTER	9	9	bewehrter
BEWERB	6	9	Bewerb
BEWOG	5	9	bewog
BEWOGEN	7	9	bewogen
BEZAHLE	7	9	bezahle
BEZWECKEN	9	9	bezwecken
BIERCHEN	8	9	Bierchen
BILDERBOGEN	11	9	Bilderbogen
BIOENERGIE	10	9	Bioenergie
BLAEULICHEN	11	9	bläulichen
BLASSER	7	9	blasser
BLATTSPITZE	11	9	Blattspitze
BLUTFLUSS	9	9	Blutfluss
BLUTUNG	7	9	Blutung
BODENGRUND	10	9	Bodengrund
BOEBLINGER	10	9	Böblinger
BONBON	6	9	Bonbon
BOOKING	7	9	Booking
BOOTS	5	9	Boots
BORDSTEIN	9	9	Bordstein
BORRELIOSE	10	9	Borreliose
BRAEUNLICHE	11	9	bräunliche
BRANDFALL	9	9	Brandfall
BRAVEN	6	9	braven
BREITERES	9	9	breiteres
BREMSSPUREN	11	9	Bremsspuren
BRENNBARE	9	9	brennbare
BRENNSTOFFE	11	9	Brennstoffe
BRISANTES	9	9	brisantes
BROKEN	6	9	Broken
BRUESTUNGEN	11	9	Brüstungen
BRUSTWARZEN	11	9	Brustwarzen
BRUTEN	6	9	Bruten
BUCHAUSGABE	11	9	Buchausgabe
BUCHREIHEN	10	9	Buchreihen
BUCHRUECKEN	11	9	Buchrücken
BUCHWALD	8	9	Buchwald
BUDDHAS	7	9	Buddhas
BUEROLEITER	11	9	Büroleiter
BUERSTE	7	9	Bürste
BUNDESRECHT	11	9	Bundesrecht
BUREN	5	9	Buren
BURGMAUER	9	9	Burgmauer
BURGSTRASSE	11	9	Burgstraße
BUSNETZ	7	9	Busnetz
CALLCENTER	10	9	Callcenter
CAMPBELLS	9	9	Campbells
CAPPUCCINO	10	9	Cappuccino
CARAPAX	7	9	Carapax
CARGOLIFTER	11	9	Cargolifter
CASTELLO	8	9	Castello
CATERING	8	9	Catering
CELLER	6	9	Celler
CHARMANT	8	9	charmant
CHATTER	7	9	Chatter
CHEAT	5	9	Cheat
CHORORGEL	9	9	Chororgel
CHORWAND	8	9	Chorwand
CITROEN	7	9	Citroen
CODENAMEN	9	9	Codenamen
COMPACT	7	9	Compact
COMPILATION	11	9	Compilation
COOLSTEN	8	9	coolsten
CORSA	5	9	Corsa
COTTAGE	7	9	Cottage
COUNCILLOR	10	9	Councillor
COVENTRY	8	9	Coventry
COWBOY	6	9	Cowboy
CREWS	5	9	Crews
CUMBERLAND	10	9	Cumberland
CURRICULUM	10	9	Curriculum
CURRYWURST	10	9	Currywurst
DACHDECKER	10	9	Dachdecker
DAMPFDRUCK	10	9	Dampfdruck
DAMPFT	6	9	dampft
DARLEGEN	8	9	darlegen
DARLEGUNGEN	11	9	Darlegungen
DARSTELLBAR	11	9	darstellbar
DAZUKOMMEN	10	9	dazukommen
DEFORMATION	11	9	Deformation
DEHNUNG	7	9	Dehnung
DEICHSEL	8	9	Deichsel
DEKORIERTEN	11	9	dekorierten
DEMOGRAFIE	10	9	Demografie
DEMUETIG	8	9	demütig
DESASTROES	10	9	desaströs
DESERTEUR	9	9	Deserteur
DESTILLERIE	11	9	Destillerie
DETAILIERTE	11	9	detailierte
DETEKTION	9	9	Detektion
DEZERNAT	8	9	Dezernat
DICKEREN	8	9	dickeren
DIEBIN	6	9	Diebin
DIFFUSE	7	9	diffuse
DIKTATORS	9	9	Diktators
DIKTIEREN	9	9	diktieren
DIREKTIVE	9	9	Direktive
DISPUT	6	9	Disput
DOGMATIK	8	9	Dogmatik
DOKTORVATER	11	9	Doktorvater
DOPINGS	7	9	Dopings
DOPPELPACK	10	9	Doppelpack
DOPPELROLLE	11	9	Doppelrolle
DORFKIRCHEN	11	9	Dorfkirchen
DREHBAREN	9	9	drehbaren
DREIGETEILT	11	9	dreigeteilt
DREISPRUNG	10	9	Dreisprung
DREISTEN	8	9	dreisten
DREISTUFIGE	11	9	dreistufige
DREITAUSEND	11	9	dreitausend
DREIZEHNTEN	11	9	dreizehnten
DRUCKERS	8	9	Druckers
DRUCKFEHLER	11	9	Druckfehler
DRUCKVOLL	9	9	druckvoll
DRUESIG	7	9	drüsig
DUALISMUS	9	9	Dualismus
DUMMES	6	9	dummes
DUMMHEITEN	10	9	Dummheiten
DURCHFLUSS	10	9	Durchfluss
DURCHFUEHRT	11	9	durchführt
DURCHSATZ	9	9	Durchsatz
DURCHSCHLUG	11	9	durchschlug
EBBTE	5	9	ebbte
EBNETE	6	9	ebnete
ECKHAUS	7	9	Eckhaus
EDLES	5	9	edles
EFFEKTIVERE	11	9	effektivere
EHEGATTE	8	9	Ehegatte
EHELICHTE	9	9	ehelichte
EHEVERTRAG	10	9	Ehevertrag
EHRENGAESTE	11	9	Ehrengäste
EHRENGRAB	9	9	Ehrengrab
EINBRINGUNG	11	9	Einbringung
EINBUSSE	8	9	Einbuße
EINFUEHRTE	10	9	einführte
EINGEHT	7	9	eingeht
EINGEKREIST	11	9	eingekreist
EINGELENKT	10	9	eingelenkt
EINHERGEHEN	11	9	einhergehen
EINLADEND	9	9	einladend
EINLAGERUNG	11	9	Einlagerung
EINSPURIGE	10	9	einspurige
EINTRAGS	8	9	Eintrags
EINWAHL	7	9	Einwahl
EINWOECHIGE	11	9	einwöchige
EIWEISSE	8	9	Eiweiße
EKLATANTEN	10	9	eklatanten
ELFERRAT	8	9	Elferrat
ELFJAEHRIGE	11	9	elfjährige
ELTERNABEND	11	9	Elternabend
EMBRYONALEN	11	9	embryonalen
EMERGENCY	9	9	Emergency
EMPFAENGERN	11	9	Empfängern
EMPFANDEN	9	9	empfanden
EMPIRIE	7	9	Empirie
ENDLAGERUNG	11	9	Endlagerung
ENDZUSTAND	10	9	Endzustand
ENERGIEPASS	11	9	Energiepass
ENGSTER	7	9	engster
ENKLAVE	7	9	Enklave
ENSTAND	7	9	enstand
ENTFACHEN	9	9	entfachen
ENTFALTETEN	11	9	entfalteten
ENTFLOHEN	9	9	entflohen
ENTGIFTUNG	10	9	Entgiftung
ENTLAEDT	8	9	entlädt
ENTNAHM	7	9	entnahm
ENTNIMMT	8	9	entnimmt
ENTRISSEN	9	9	entrissen
ENTROPIE	8	9	Entropie
ENTTARNT	8	9	enttarnt
ENTWACHSEN	10	9	entwachsen
ENTWAFFNEN	10	9	entwaffnen
ENTZIFFERT	10	9	entziffert
ENZYMS	6	9	Enzyms
ERBLINDET	9	9	erblindet
ERBLINDETE	10	9	erblindete
ERBSTOLLEN	10	9	Erbstollen
ERDKRUSTE	9	9	Erdkruste
EREMITAGE	9	9	Eremitage
ERFROREN	8	9	erfroren
ERGIEBIGE	9	9	ergiebige
ERGIESST	8	9	ergießt
ERGREIFUNG	10	9	Ergreifung
ERHALTENES	10	9	erhaltenes
ERHITZTEN	9	9	erhitzten
ERHOLTEN	8	9	erholten
ERKUNDIGTE	10	9	erkundigte
ERLEICHTERE	11	9	erleichtere
ERMUTIGENDE	11	9	ermutigende
EROEFFNE	8	9	eröffne
ERREGEND	8	9	erregend
ERREICHST	9	9	erreichst
ERSATZWEISE	11	9	ersatzweise
ERSCHAFFT	9	9	erschafft
ERSTARRTE	9	9	erstarrte
ERSTREBT	8	9	erstrebt
ERWAEGE	7	9	erwäge
ERWIRKTE	8	9	erwirkte
ESCOLA	6	9	Escola
ESKORTIERT	10	9	eskortiert
ETHISCH	7	9	ethisch
ETHISCHER	9	9	ethischer
EUROFIGHTER	11	9	Eurofighter
EXAKTER	7	9	exakter
EXKURS	6	9	Exkurs
EXODUS	6	9	Exodus
EXOTISCH	8	9	exotisch
EXPRESSION	10	9	Expression
FABRIKANT	9	9	Fabrikant
FACHKRAFT	9	9	Fachkraft
FACHKUNDE	9	9	Fachkunde
FACHMAGAZIN	11	9	Fachmagazin
FACKELZUG	9	9	Fackelzug
FAEHNRICH	9	9	Fähnrich
FAEROEER	8	9	Färöer
FAHRENDER	9	9	fahrender
FAHRPLAENEN	11	9	Fahrplänen
FAHRRADWEG	10	9	Fahrradweg
FARBENFROH	10	9	farbenfroh
FARBLOSER	9	9	farbloser
FARNESE	7	9	Farnese
FASERIG	7	9	faserig
FATALISMUS	10	9	Fatalismus
FAULE	5	9	faule
FAXGERAET	9	9	Faxgerät
FEHLSCHUSS	10	9	Fehlschuss
FEIERLAUNE	10	9	Feierlaune
FEIGENBLATT	11	9	Feigenblatt
FEIGLING	8	9	Feigling
FEINARBEIT	10	9	Feinarbeit
FELDBAHN	8	9	Feldbahn
FELDSTAERKE	11	9	Feldstärke
FELDWEBEL	9	9	Feldwebel
FENSTERBANK	11	9	Fensterbank
FERIENORT	9	9	Ferienort
FESSELND	8	9	fesselnd
FESTLICHER	10	9	festlicher
FESTPREISE	10	9	Festpreise
FESTSTELLTE	11	9	feststellte
FEUERBALL	9	9	Feuerball
FIEBERN	7	9	fiebern
FILETS	6	9	Filets
FILMSET	7	9	Filmset
FILMSTAR	8	9	Filmstar
FINANZKRAFT	11	9	Finanzkraft
FINANZPLATZ	11	9	Finanzplatz
FINESSE	7	9	Finesse
FINGERZEIG	10	9	Fingerzeig
FIXIERTE	8	9	fixierte
FLACHEREN	9	9	flacheren
FLAECHIG	8	9	flächig
FLAECHIGE	9	9	flächige
FLAMINGOS	9	9	Flamingos
FLUCHTARTIG	11	9	fluchtartig
FLUGFAEHIG	10	9	flugfähig
FLUGGERAET	10	9	Fluggerät
FLUSSTAL	8	9	Flusstal
FOERMLICHE	10	9	förmliche
FORMATS	7	9	Formats
FORMLOS	7	9	formlos
FRAGERUNDE	10	9	Fragerunde
FRAGLOS	7	9	fraglos
FRASSEN	7	9	fraßen
FRISEURE	8	9	Friseure
FRISEURIN	9	9	Friseurin
FUERSPRACHE	11	9	Fürsprache
FUNKHAUS	8	9	Funkhaus
FUNKKONTAKT	11	9	Funkkontakt
FURCHEN	7	9	Furchen
FURCHTBAREN	11	9	furchtbaren
FURCHTBARER	11	9	furchtbarer
FUSSFESSEL	10	9	Fußfessel
GAENGIG	7	9	gängig
GAENGIGER	9	9	gängiger
GAENGIGSTE	10	9	gängigste
GANDALF	7	9	Gandalf
GANGS	5	9	Gangs
GARZEIT	7	9	Garzeit
GASFLASCHEN	11	9	Gasflaschen
GASTRONOM	9	9	Gastronom
GEAENDERTER	11	9	geänderter
GEBUEHRE	8	9	gebühre
GEDENKENS	9	9	Gedenkens
GEFAEHRTIN	10	9	Gefährtin
GEFAELLTEN	10	9	gefällten
GEFAHRLOS	9	9	gefahrlos
GEFLUEGELT	10	9	geflügelt
GEFLUEGELTE	11	9	geflügelte
GEFRIERT	8	9	gefriert
GEFRORENE	9	9	gefrorene
GEFRUCHTET	10	9	gefruchtet
GEGNERINNEN	11	9	Gegnerinnen
GEHAENSELT	10	9	gehänselt
GEHAUENE	8	9	gehauene
GEHEFTET	8	9	geheftet
GEHEIMTIP	9	9	Geheimtip
GEHENDEN	8	9	gehenden
GEHOEFTEN	9	9	Gehöften
GEISTERBAHN	11	9	Geisterbahn
GEIZIG	6	9	geizig
GEJAMMER	8	9	Gejammer
GEKLEIDETEN	11	9	gekleideten
GEKLINGELT	10	9	geklingelt
GEKNICKT	8	9	geknickt
GELENKEN	8	9	Gelenken
GELICHTET	9	9	gelichtet
GELIEFERTE	10	9	gelieferte
GEMOBBT	7	9	gemobbt
GENERELLER	10	9	genereller
GENIES	6	9	Genies
GENOMMENE	9	9	genommene
GENTESTS	8	9	Gentests
GEOLOGE	7	9	Geologe
GEOMETRISCH	11	9	geometrisch
GEPAART	7	9	gepaart
GEPFIFFEN	9	9	gepfiffen
GEPLATZTEN	10	9	geplatzten
GEPREDIGT	9	9	gepredigt
GEPUNKTET	9	9	gepunktet
GERIPPE	7	9	Gerippe
GESAEUGT	8	9	gesäugt
GESAMTMENGE	11	9	Gesamtmenge
GESAMTNOTE	10	9	Gesamtnote
GESCHLEUST	10	9	geschleust
GESCHWAETZ	10	9	Geschwätz
GESPALTENEM	11	9	gespaltenem
GESTAMPFT	9	9	gestampft
GESTEUERTE	10	9	gesteuerte
GESTIEGENER	11	9	gestiegener
GESTRESST	9	9	gestresst
GESTRUEPP	9	9	Gestrüpp
GESTUFTEN	9	9	gestuften
GETEUFT	7	9	geteuft
GETREU	6	9	getreu
GEWUNDENEN	10	9	gewundenen
GEZERRT	7	9	gezerrt
GEZEUGT	7	9	gezeugt
GEZITTERT	9	9	gezittert
GIEBELWAND	10	9	Giebelwand
GIFTE	5	9	Gifte
GIPFELT	7	9	gipfelt
GIROKONTO	9	9	Girokonto
GLADIATOREN	11	9	Gladiatoren
GLASFRONT	9	9	Glasfront
GLASKASTEN	10	9	Glaskasten
GLASTUER	8	9	Glastür
GLEITER	7	9	Gleiter
GLETSCHERS	10	9	Gletschers
GLITZERT	8	9	glitzert
GLUEHLAMPE	10	9	Glühlampe
GORILLA	7	9	Gorilla
GOTISCHES	9	9	gotisches
GRABLEGE	8	9	Grablege
GRABPFLEGE	10	9	Grabpflege
GRABSTELLEN	11	9	Grabstellen
GRADUATE	8	9	Graduate
GRAVUR	6	9	Gravur
GRAZIE	6	9	Grazie
GREIFBAREN	10	9	greifbaren
GRENZLAGE	9	9	Grenzlage
GRENZSCHUTZ	11	9	Grenzschutz
GRIFFBEREIT	11	9	griffbereit
GRINSEND	8	9	grinsend
GRIPPEWELLE	11	9	Grippewelle
GRUNDIERUNG	11	9	Grundierung
GRUPPENSIEG	11	9	Gruppensieg
GUCKE	5	9	gucke
GUTGEHEN	8	9	gutgehen
GYNAEKOLOGE	11	9	Gynäkologe
HAARFARBE	9	9	Haarfarbe
HAARKLEID	9	9	Haarkleid
HAESSLICHES	11	9	häßliches
HAEUFIGERE	10	9	häufigere
HAHNS	5	9	Hahns
HAMBURGERIN	11	9	Hamburgerin
HANDELSHAUS	11	9	Handelshaus
HANDELSWEGE	11	9	Handelswege
HANDGRANATE	11	9	Handgranate
HANGAR	6	9	Hangar
HAPPENING	9	9	Happening
HAPTIK	6	9	Haptik
HARBURGER	9	9	Harburger
HAREM	5	9	Harem
HARMONIEREN	11	9	harmonieren
HARZES	6	9	Harzes
HASSELBACH	10	9	Hasselbach
HAUPTAMT	8	9	Hauptamt
HAUPTKAMMER	11	9	Hauptkammer
HAUPTWERKE	10	9	Hauptwerke
HAUSFLUR	8	9	Hausflur
HAUSMACHT	9	9	Hausmacht
HAUSSE	6	9	Hausse
HECKBEREICH	11	9	Heckbereich
HEFTES	6	9	Heftes
HEGTE	5	9	hegte
HEILSARMEE	10	9	Heilsarmee
HEIMEN	6	9	Heimen
HEIZSYSTEM	10	9	Heizsystem
HELFERINNEN	11	9	Helferinnen
HELFT	5	9	helft
HELLBLAUEN	10	9	hellblauen
HELMA	5	9	Helma
HELVETIA	8	9	Helvetia
HERAUSHEBEN	11	9	herausheben
HERCULES	8	9	Hercules
HERZFEHLER	10	9	Herzfehler
HESSENTAG	9	9	Hessentag
HETEROGENE	10	9	heterogene
HETZT	5	9	hetzt
HILLER	6	9	Hiller
HINTERHAND	10	9	Hinterhand
HINTERSEITE	11	9	Hinterseite
HIPPIES	7	9	Hippies
HIRTE	5	9	Hirte
HISTORIKERS	11	9	Historikers
HOCHAMT	7	9	Hochamt
HOCHERFREUT	11	9	hocherfreut
HOCHVERRATS	11	9	Hochverrats
HOEFISCHE	9	9	höfische
HOEFLICHER	10	9	höflicher
HOEFLING	8	9	Höfling
HOHEITLICHE	11	9	hoheitliche
HOLLANDS	8	9	Hollands
HOLZHANDEL	10	9	Holzhandel
HOLZOFEN	8	9	Holzofen
HOLZTEILE	9	9	Holzteile
HOLZTREPPE	10	9	Holztreppe
HOMBURGER	9	9	Homburger
HOTELANLAGE	11	9	Hotelanlage
HUEFNER	7	9	Hüfner
HUELLTE	7	9	hüllte
HUETETE	7	9	hütete
HUMORS	6	9	Humors
HUNDESTEUER	11	9	Hundesteuer
HUSCHTE	7	9	huschte
HYGIENISCHE	11	9	hygienische
HYSTERISCH	10	9	hysterisch
IDENTISCHER	11	9	identischer
IMPERATOR	9	9	Imperator
IMPFSTOFFS	10	9	Impfstoffs
IMPLIZIT	8	9	implizit
IMPLIZITE	9	9	implizite
IMSTANDE	8	9	imstande
INDEXIERT	9	9	indexiert
INDIANS	7	9	Indians
INFOSTAND	9	9	Infostand
INGWER	6	9	Ingwer
INNEHAT	7	9	innehat
INNENWAND	9	9	Innenwand
INSELSTAAT	10	9	Inselstaat
INTELLEKT	9	9	Intellekt
INTONATION	10	9	Intonation
INVASOREN	9	9	Invasoren
INZIDENZ	8	9	Inzidenz
IRANISCHER	10	9	iranischer
IRONISCHEN	10	9	ironischen
IRONISCHER	10	9	ironischer
IRRWEG	6	9	Irrweg
ISOLIERTER	10	9	isolierter
ISOTOPE	7	9	Isotope
IVECO	5	9	Iveco
JAEGERS	7	9	Jägers
JAHRELANGEM	11	9	jahrelangem
JAHRESZIELE	11	9	Jahresziele
JANUS	5	9	Janus
JAPANERIN	9	9	Japanerin
JAZZCLUB	8	9	Jazzclub
JECKEN	6	9	Jecken
JEDENFALL	9	9	jedenfall
JOBABBAU	8	9	Jobabbau
JOGGINGHOSE	11	9	Jogginghose
JUCKT	5	9	juckt
JUEDISCH	8	9	jüdisch
JUEDISCHEM	10	9	jüdischem
JUGENDALTER	11	9	Jugendalter
JUGENDHEIM	10	9	Jugendheim
JUGENDJAHRE	11	9	Jugendjahre
JUGENDLIEBE	11	9	Jugendliebe
JUSTIERT	8	9	justiert
JUSTIERUNG	10	9	Justierung
KAEFERS	7	9	Käfers
KAELTESTE	9	9	kälteste
KAEMPFERN	9	9	Kämpfern
KAFFEETAFEL	11	9	Kaffeetafel
KAIMAUER	8	9	Kaimauer
KALIBRIERT	10	9	kalibriert
KALTFRONT	9	9	Kaltfront
KAMERAD	7	9	Kamerad
KAMPFGEBIET	11	9	Kampfgebiet
KAMPFHUND	9	9	Kampfhund
KAMPFPANZER	11	9	Kampfpanzer
KAMPFSYSTEM	11	9	Kampfsystem
KANALBAU	8	9	Kanalbau
KANNS	5	9	kanns
KANTERSIEG	10	9	Kantersieg
KANUS	5	9	Kanus
KANUTEN	7	9	Kanuten
KANZELKORB	10	9	Kanzelkorb
KAPUZINER	9	9	Kapuziner
KARDINALS	9	9	Kardinals
KATALYSIERT	11	9	katalysiert
KATHEDRALEN	11	9	Kathedralen
KATHOLIKIN	10	9	Katholikin
KAUFANGEBOT	11	9	Kaufangebot
KAUFENSWERT	11	9	kaufenswert
KERNKRAFT	9	9	Kernkraft
KERNORT	7	9	Kernort
KIDMAN	6	9	Kidman
KINDERSITZ	10	9	Kindersitz
KIRSCHBAUM	10	9	Kirschbaum
KLAERENDES	10	9	klärendes
KLANGFARBEN	11	9	Klangfarben
KLASSISCHEM	11	9	klassischem
KLAUSELN	8	9	Klauseln
KLEINARBEIT	11	9	Kleinarbeit
KLEINWAGENS	11	9	Kleinwagens
KLERIKER	8	9	Kleriker
KLOSS	5	9	Kloß
KNALLHART	9	9	knallhart
KNEBEL	6	9	Knebel
KNICKT	6	9	knickt
KNIETE	6	9	kniete
KNUSPRIG	8	9	knusprig
KOENIGSWEG	10	9	Königsweg
KOENIGTUMS	10	9	Königtums
KOEPENICKER	11	9	Köpenicker
KOERNUNG	8	9	Körnung
KOHAERENZ	9	9	Kohärenz
KOMPATIBLEN	11	9	kompatiblen
KOMPLIMENTE	11	9	Komplimente
KONDITOREI	10	9	Konditorei
KONFORM	7	9	konform
KONSTANTES	10	9	konstantes
KONTOR	6	9	Kontor
KOPFSEITEN	10	9	Kopfseiten
KORVETTE	8	9	Korvette
KOSMOLOGIE	10	9	Kosmologie
KOSTBARSTEN	11	9	kostbarsten
KRABBEN	7	9	Krabben
KRAFTFELD	9	9	Kraftfeld
KRAFTVOLLEN	11	9	kraftvollen
KRANKHAFTEN	11	9	krankhaften
KRAWATTEN	9	9	Krawatten
KREBSARTEN	10	9	Krebsarten
KREBSHILFE	10	9	Krebshilfe
KREIDEZEIT	10	9	Kreidezeit
KREUZTEN	8	9	kreuzten
KRIEGSFALL	10	9	Kriegsfall
KROENENDEN	10	9	krönenden
KROENTE	7	9	krönte
KUEBEL	6	9	Kübel
KUEHLTE	7	9	kühlte
KUENDET	7	9	kündet
KUERZT	6	9	kürzt
KUGELLAGER	10	9	Kugellager
KULTURKAMPF	11	9	Kulturkampf
KULTURRAUM	10	9	Kulturraum
KUNDENZAHL	10	9	Kundenzahl
KUNIGUNDE	9	9	Kunigunde
KUNSTHANDEL	11	9	Kunsthandel
KUNSTVERLAG	11	9	Kunstverlag
KUPPLUNGEN	10	9	Kupplungen
KURATOREN	9	9	Kuratoren
KURBETRIEB	10	9	Kurbetrieb
KURIERT	7	9	kuriert
KURSGEWINN	10	9	Kursgewinn
KURSK	5	9	Kursk
LABIL	5	9	labil
LAECHELTEN	10	9	lächelten
LAESTIGES	9	9	lästiges
LAGERHALLEN	11	9	Lagerhallen
LAGERZEIT	9	9	Lagerzeit
LAKEN	5	9	Laken
LANDLEBEN	9	9	Landleben
LANDRATES	9	9	Landrates
LANDSTRICH	10	9	Landstrich
LANDTAGE	8	9	Landtage
LANGFASSUNG	11	9	Langfassung
LANGJAEHRIG	11	9	langjährig
LANGLEBIG	9	9	langlebig
LANGSEITEN	10	9	Langseiten
LASTWAGENS	10	9	Lastwagens
LAUERTE	7	9	lauerte
LAUFBAND	8	9	Laufband
LAUFENDEM	9	9	laufendem
LAUFENDES	9	9	laufendes
LAUFFAEHIG	10	9	lauffähig
LAUFRAEDER	10	9	Laufräder
LAUTERER	8	9	Lauterer
LEBENDIGEM	10	9	lebendigem
LEBENSBILD	10	9	Lebensbild
LEBENSMOTTO	11	9	Lebensmotto
LEERGEPUMPT	11	9	leergepumpt
LEGALITAET	10	9	Legalität
LEGITIMES	9	9	legitimes
LEHRGANGS	9	9	Lehrgangs
LEHRINHALTE	11	9	Lehrinhalte
LEHRPLAENEN	11	9	Lehrplänen
LEIDENSWEG	10	9	Leidensweg
LEIDLICH	8	9	leidlich
LEIDWESEN	9	9	Leidwesen
LEITANTRAG	10	9	Leitantrag
LERNORT	7	9	Lernort
LERNST	6	9	lernst
LESARTEN	8	9	Lesarten
LESEZEICHEN	11	9	Lesezeichen
LETZTEM	7	9	letztem
LEUCHTKRAFT	11	9	Leuchtkraft
LEXUS	5	9	Lexus
LICHTBILD	9	9	Lichtbild
LIEBESLEBEN	11	9	Liebesleben
LIEBEVOLLEN	11	9	liebevollen
LIEFE	5	9	liefe
LIGASPIEL	9	9	Ligaspiel
LILITH	6	9	Lilith
LIMITIERUNG	11	9	Limitierung
LOCKERES	8	9	lockeres
LOESCHER	8	9	Löscher
LOGISCHER	9	9	logischer
LOGISCHES	9	9	logisches
LOHNPOLITIK	11	9	Lohnpolitik
LOKALPRESSE	11	9	Lokalpresse
LUFTBLASEN	10	9	Luftblasen
LUFTIGEN	8	9	luftigen
LUMEN	5	9	Lumen
LUSTSPIEL	9	9	Lustspiel
LUTHERANER	10	9	Lutheraner
LUXUSHOTELS	11	9	Luxushotels
LUXUSLINER	10	9	Luxusliner
LYRICS	6	9	Lyrics
MACHTBASIS	10	9	Machtbasis
MAECHTIGES	10	9	mächtiges
MAEGDE	6	9	Mägde
MAGNETISCH	10	9	magnetisch
MAHNMALS	8	9	Mahnmals
MAHNTEN	7	9	mahnten
MALSCHULE	9	9	Malschule
MANDATEN	8	9	Mandaten
MANGELNDEM	10	9	mangelndem
MANOEVRIERT	11	9	manövriert
MARGARINE	9	9	Margarine
MARIENBURG	10	9	Marienburg
MARINES	7	9	Marines
MASCHINELLE	11	9	maschinelle
MASERN	6	9	Masern
MASSENPANIK	11	9	Massenpanik
MASSIGE	7	9	massige
MATCHBALL	9	9	Matchball
MATERIELLER	11	9	materieller
MAXIMIEREN	10	9	maximieren
MEDICI	6	9	Medici
MEETINGS	8	9	Meetings
MEHRBEDARF	10	9	Mehrbedarf
MEHRMALIGEN	11	9	mehrmaligen
MELDEFRIST	10	9	Meldefrist
MELDER	6	9	Melder
MENSUR	6	9	Mensur
MERKE	5	9	merke
MERSEBURGER	11	9	Merseburger
MESSDIENER	10	9	Messdiener
MESSEHALLEN	11	9	Messehallen
MESSERSTICH	11	9	Messerstich
MESSESTADT	10	9	Messestadt
MESSPRINZIP	11	9	Messprinzip
MESSPUNKTE	10	9	Messpunkte
MIKROKOSMOS	11	9	Mikrokosmos
MILBEN	6	9	Milben
MINARETTE	9	9	Minarette
MINENFELD	9	9	Minenfeld
MIRROR	6	9	Mirror
MISCHFORM	9	9	Mischform
MISSGLUECKT	11	9	missglückt
MISSGUNST	9	9	Missgunst
MISSIONAREN	11	9	Missionaren
MITTELWAGEN	11	9	Mittelwagen
MITTELWERTE	11	9	Mittelwerte
MODEBRANCHE	11	9	Modebranche
MODEHAUS	8	9	Modehaus
MODERIEREN	10	9	moderieren
MODISCH	7	9	modisch
MODISCHE	8	9	modische
MOEHRE	6	9	Möhre
MOENCHS	7	9	Mönchs
MONDSICHEL	10	9	Mondsichel
MOPEDS	6	9	Mopeds
MORALISCHER	11	9	moralischer
MORDOPFER	9	9	Mordopfer
MORDPROZESS	11	9	Mordprozess
MORGIGE	7	9	morgige
MOSSAD	6	9	Mossad
MOTIVS	6	9	Motivs
MUEHLGRABEN	11	9	Mühlgraben
MUENDIGE	8	9	mündige
MUERITZ	7	9	Müritz
MULTIMEDIAL	11	9	multimedial
MURMEL	6	9	Murmel
MUSIKTITEL	10	9	Musiktitel
MUSISCHEN	9	9	musischen
MUSTANG	7	9	Mustang
MUTTERMUND	10	9	Muttermund
MYSTISCHEN	10	9	mystischen
NACHFAHRE	9	9	Nachfahre
NACHGELADEN	11	9	nachgeladen
NACHZUGEHEN	11	9	nachzugehen
NAEHERER	8	9	näherer
NAGETIERE	9	9	Nagetiere
NAHAUFNAHME	11	9	Nahaufnahme
NAHERHOLUNG	11	9	Naherholung
NAMENGEBUNG	11	9	Namengebung
NAMENSZUG	9	9	Namenszug
NASENBEIN	9	9	Nasenbein
NASHORN	7	9	Nashorn
NECKARTAL	9	9	Neckartal
NEGER	5	9	Neger
NEGIERT	7	9	negiert
NEKROPOLE	9	9	Nekropole
NEOLITHIKUM	11	9	Neolithikum
NESTBAU	7	9	Nestbau
NEUANLAGE	9	9	Neuanlage
NEUARTIGER	10	9	neuartiger
NEUERLICHER	11	9	neuerlicher
NEWSGROUP	9	9	Newsgroup
NEWSSERVER	10	9	Newsserver
NIEDERUNG	9	9	Niederung
NIHILISMUS	10	9	Nihilismus
NISTKAESTEN	11	9	Nistkästen
NOMINELL	8	9	nominell
NORDINSEL	9	9	Nordinsel
NOTARIELLE	10	9	notarielle
NOTENBANKER	11	9	Notenbanker
NOTIZBUCH	9	9	Notizbuch
NUETZTE	7	9	nützte
NUMERISCH	9	9	numerisch
NUNMEHRIGEN	11	9	nunmehrigen
OBERLEHRER	10	9	Oberlehrer
OBOEN	5	9	Oboen
OBSTBAEUME	10	9	Obstbäume
OELKRISE	8	9	Ölkrise
OELPREISEN	10	9	Ölpreisen
OELWERTE	8	9	Ölwerte
OESTERR	7	9	Österr
OFFENBARTEN	11	9	offenbarten
OKKUPATION	10	9	Okkupation
OLYMPIC	7	9	Olympic
ORDINIERT	9	9	ordiniert
ORGANISIERE	11	9	organisiere
ORGIE	5	9	Orgie
ORIGINAERE	10	9	originäre
ORIGINALTON	11	9	Originalton
ORTENAU	7	9	Ortenau
ORTSENDE	8	9	Ortsende
ORTSGEBIET	10	9	Ortsgebiet
ORTSRAT	7	9	Ortsrat
OSTFASSADE	10	9	Ostfassade
OSTRAND	7	9	Ostrand
OTTOMOTOREN	11	9	Ottomotoren
PACHTETE	8	9	pachtete
PACKTEN	7	9	packten
PAKTES	6	9	Paktes
PANDAS	6	9	Pandas
PANISCHE	8	9	panische
PAPILLOES	9	9	papillös
PARFUEM	7	9	Parfüm
PARFUM	6	9	Parfum
PARKENDEN	9	9	parkenden
PARMESAN	8	9	Parmesan
PASSABEL	8	9	passabel
PATROZINIUM	11	9	Patrozinium
PAUSIERTE	9	9	pausierte
PERGAMENT	9	9	Pergament
PERMUTATION	11	9	Permutation
PFEILEN	7	9	Pfeilen
PFERDEBAHN	10	9	Pferdebahn
PFLEGEFALL	10	9	Pflegefall
PFORZHEIMER	11	9	Pforzheimer
PFOTE	5	9	Pfote
PHAENOMENEN	11	9	Phänomenen
PLAGIATE	8	9	Plagiate
PLANBAR	7	9	planbar
PLANGEMAESS	11	9	plangemäß
PLANSTELLEN	11	9	Planstellen
PLATONISCHE	11	9	platonische
PLINIUS	7	9	Plinius
PLURALISMUS	11	9	Pluralismus
POEBELEIEN	10	9	Pöbeleien
POGROME	7	9	Pogrome
POLARITAET	10	9	Polarität
POSTAEMTER	10	9	Postämter
POSTBOTEN	9	9	Postboten
POSTULAT	8	9	Postulat
PRAEFEKTEN	10	9	Präfekten
PRAEGNANTEN	11	9	prägnanten
PRAEMIERTEN	11	9	prämierten
PRAEMISSEN	10	9	Prämissen
PRANGERT	8	9	prangert
PREMIEREN	9	9	Premieren
PRITSCHE	8	9	Pritsche
PROBTE	6	9	probte
PROFANE	7	9	profane
PROFESSION	10	9	Profession
PROJEKTILE	10	9	Projektile
PROLETARIAT	11	9	Proletariat
PROMPTE	7	9	prompte
PROTEINS	8	9	Proteins
PROTHESEN	9	9	Prothesen
PROVINZIELL	11	9	provinziell
PRUNKSTUECK	11	9	Prunkstück
PULSIERENDE	11	9	pulsierende
PULTDACH	8	9	Pultdach
PUMPS	5	9	Pumps
PUMPWERK	8	9	Pumpwerk
PUNJAB	6	9	Punjab
PUNKTEKONTO	11	9	Punktekonto
PUNKTESTAND	11	9	Punktestand
PUNKTETE	8	9	punktete
PUPILLE	7	9	Pupille
PURISTEN	8	9	Puristen
PURPURN	7	9	purpurn
QUERHAUSES	10	9	Querhauses
QUERRUDER	9	9	Querruder
QUITTIEREN	10	9	quittieren
RADIALE	7	9	radiale
RADWEGENETZ	11	9	Radwegenetz
RAECHTE	7	9	rächte
RANDBEREICH	11	9	Randbereich
RANDVOLL	8	9	randvoll
RANGHOHER	9	9	ranghoher
RANGIERTE	9	9	rangierte
RASIERT	7	9	rasiert
RASSISTISCH	11	9	rassistisch
RATHAEUSER	10	9	Rathäuser
RAUBBAU	7	9	Raubbau
RAUCHSAEULE	11	9	Rauchsäule
RAUMFAHRER	10	9	Raumfahrer
RAUSSCHMISS	11	9	Rausschmiss
REBELLIEREN	11	9	rebellieren
REBELLIERTE	11	9	rebellierte
REFERENDAR	10	9	Referendar
REFLEKTIERE	11	9	reflektiere
REFORMKURS	10	9	Reformkurs
REFORMWERK	10	9	Reformwerk
REGELTEN	8	9	regelten
REGLEMENTS	10	9	Reglements
REICHLICHE	10	9	reichliche
REIHENHAUS	10	9	Reihenhaus
REISELAND	9	9	Reiseland
REKORDHOEHE	11	9	Rekordhöhe
REKORDSUMME	11	9	Rekordsumme
REKURS	6	9	Rekurs
REMISE	6	9	Remise
REMIXE	6	9	Remixe
RENTENKASSE	11	9	Rentenkasse
RENTNERN	8	9	Rentnern
RESIDIERTEN	11	9	residierten
RESIGNIERTE	11	9	resignierte
RESISTENZEN	11	9	Resistenzen
RESPEKTLOS	10	9	respektlos
RESTZAHLUNG	11	9	Restzahlung
RESUEMIERTE	11	9	resümierte
REVIDIEREN	10	9	revidieren
REVIERS	7	9	Reviers
REZENSIERT	10	9	rezensiert
REZENTEN	8	9	rezenten
RHEINTAL	8	9	Rheintal
RIEGELTEN	9	9	riegelten
RISKANTES	9	9	riskantes
ROBOTERS	8	9	Roboters
RODLER	6	9	Rodler
ROETLICHER	10	9	rötlicher
ROMANIK	7	9	Romanik
ROMANISCHER	11	9	romanischer
ROMANZEN	8	9	Romanzen
ROTIERENDE	10	9	rotierende
ROTIERENDEN	11	9	rotierenden
ROTOREN	7	9	Rotoren
ROUGH	5	9	Rough
ROVERS	6	9	Rovers
RUECKE	6	9	rücke
RUECKMARSCH	11	9	Rückmarsch
RUECKSEITEN	11	9	Rückseiten
RUECKSEITIG	11	9	rückseitig
RUECKTRITTE	11	9	Rücktritte
RUEGT	5	9	rügt
RUESTETE	8	9	rüstete
RUHEPHASE	9	9	Ruhephase
RUHIGEM	7	9	ruhigem
RUHIGERE	8	9	ruhigere
RUHIGEREN	9	9	ruhigeren
RUNDBOGIG	9	9	rundbogig
SAALS	5	9	Saals
SACHGERECHT	11	9	sachgerecht
SAEFTE	6	9	Säfte
SALOME	6	9	Salome
SANDGRUBE	9	9	Sandgrube
SANDSTURM	9	9	Sandsturm
SARKOZYS	8	9	Sarkozys
SATANISMUS	10	9	Satanismus
SATIRISCHEN	11	9	satirischen
SATZGEWINN	10	9	Satzgewinn
SCANS	5	9	Scans
SCHADLOS	8	9	schadlos
SCHAFFST	8	9	schaffst
SCHALTHEBEL	11	9	Schalthebel
SCHARNHORST	11	9	Scharnhorst
SCHATULLE	9	9	Schatulle
SCHAUKASTEN	11	9	Schaukasten
SCHAUSEITE	10	9	Schauseite
SCHEIDUNGEN	11	9	Scheidungen
SCHERT	6	9	schert
SCHERTE	7	9	scherte
SCHIEFEN	8	9	schiefen
SCHIERE	7	9	schiere
SCHIKANIERT	11	9	schikaniert
SCHIMPANSEN	11	9	Schimpansen
SCHLAGBAUM	10	9	Schlagbaum
SCHLAGTON	9	9	Schlagton
SCHLAMASSEL	11	9	Schlamassel
SCHLAUE	7	9	schlaue
SCHLAUFE	8	9	Schlaufe
SCHLENDERT	10	9	schlendert
SCHLEPPTEN	10	9	schleppten
SCHLICHEN	9	9	schlichen
SCHLUCKTE	9	9	schluckte
SCHLUSSTAG	10	9	Schlusstag
SCHLUSSTAND	11	9	Schlusstand
SCHMALEM	8	9	schmalem
SCHMALEREN	10	9	schmaleren
SCHMALERER	10	9	schmalerer
SCHMERZLOS	10	9	schmerzlos
SCHMUNZELT	10	9	schmunzelt
SCHNEIDERIN	11	9	Schneiderin
SCHNEISE	8	9	Schneise
SCHNELLTEN	10	9	schnellten
SCHOCKTE	8	9	schockte
SCHOEFFEN	9	9	Schöffen
SCHOENSTER	10	9	schönster
SCHRAEGER	9	9	schräger
SCHRECKTEN	10	9	schreckten
SCHRILL	7	9	schrill
SCHROFF	7	9	schroff
SCHUERZE	8	9	Schürze
SCHULSTUFE	10	9	Schulstufe
SCHULWESENS	11	9	Schulwesens
SCHUMACHERS	11	9	Schumachers
SCHUTZRAUM	10	9	Schutzraum
SCHWANKUNG	10	9	Schwankung
SCHWEIFT	8	9	schweift
SCHWENKTE	9	9	schwenkte
SCHWERTES	9	9	Schwertes
SCHWUNGVOLL	11	9	schwungvoll
SCUDERIA	8	9	Scuderia
SEEGANG	7	9	Seegang
SEEHAEFEN	9	9	Seehäfen
SEELEUTEN	9	9	Seeleuten
SEESEITE	8	9	Seeseite
SEEWASSER	9	9	Seewasser
SEHSCHAERFE	11	9	Sehschärfe
SEICHTE	7	9	seichte
SEIDENEN	8	9	seidenen
SEITENTEILE	11	9	Seitenteile
SEKRET	6	9	Sekret
SELEKTIVER	10	9	selektiver
SELTENERE	9	9	seltenere
SENATORS	8	9	Senators
SENDEANLAGE	11	9	Sendeanlage
SENDEMAST	9	9	Sendemast
SENSORS	7	9	Sensors
SEPARIERT	9	9	separiert
SESSELLIFT	10	9	Sessellift
SEUFZT	6	9	seufzt
SHAMPOO	7	9	Shampoo
SHORTS	6	9	Shorts
SICHEREM	8	9	sicherem
SIEBENFACHE	11	9	siebenfache
SIEBENMETER	11	9	Siebenmeter
SIEBZIGERN	10	9	Siebzigern
SIEDEPUNKT	10	9	Siedepunkt
SIEGPRAEMIE	11	9	Siegprämie
SINGENDEN	9	9	singenden
SINGULAERE	10	9	singuläre
SINNLICHEN	10	9	sinnlichen
SIOUX	5	9	Sioux
SITZMOEBEL	10	9	Sitzmöbel
SITZREIHEN	10	9	Sitzreihen
SKANDALOESE	11	9	skandalöse
SKELETTEN	9	9	Skeletten
SKETCH	6	9	Sketch
SKIGEBIETE	10	9	Skigebiete
SKILEHRER	9	9	Skilehrer
SLOTS	5	9	Slots
SOCKE	5	9	Socke
SOFORTIGES	10	9	sofortiges
SOLARE	6	9	solare
SOLOPROJEKT	11	9	Soloprojekt
SOMALISCHEN	11	9	somalischen
SOMMERABEND	11	9	Sommerabend
SOMMERLICH	10	9	sommerlich
SONDIEREN	9	9	sondieren
SONDIERT	8	9	sondiert
SONNENSEITE	11	9	Sonnenseite
SONNIGES	8	9	sonniges
SOZIALISTIN	11	9	Sozialistin
SOZIOLOGE	9	9	Soziologe
SPAETPHASE	10	9	Spätphase
SPAREFFEKT	10	9	Spareffekt
SPEAKER	7	9	Speaker
SPERRIGE	8	9	sperrige
SPERRSTUNDE	11	9	Sperrstunde
SPICE	5	9	Spice
SPIEGELTEN	10	9	spiegelten
SPIELFLUSS	10	9	Spielfluss
SPIELRUNDEN	11	9	Spielrunden
SPIELSACHEN	11	9	Spielsachen
SPIELTRIEB	10	9	Spieltrieb
SPINDELN	8	9	Spindeln
SPIRALEN	8	9	Spiralen
SPORADISCHE	11	9	sporadische
SPORNT	6	9	spornt
SPORTLEHRER	11	9	Sportlehrer
SPORTWETTEN	11	9	Sportwetten
SPRACHKURS	10	9	Sprachkurs
SPRAY	5	9	Spray
SPREAD	6	9	Spread
SPRENGTE	8	9	sprengte
SPUERHUNDE	10	9	Spürhunde
SPUERTEN	8	9	spürten
STAATLICHEM	11	9	staatlichem
STADIO	6	9	Stadio
STADTFARBEN	11	9	Stadtfarben
STAEHLERNE	10	9	stählerne
STAEHLERNEN	11	9	stählernen
STANDPLATZ	10	9	Standplatz
STATTET	7	9	stattet
STATTLICHER	11	9	stattlicher
STATTLICHES	11	9	stattliches
STAUBIG	7	9	staubig
STAUBIGEN	9	9	staubigen
STAUBWOLKE	10	9	Staubwolke
STAURAUM	8	9	Stauraum
STEHENDEM	9	9	stehendem
STEIGER	7	9	Steiger
STEILES	7	9	steiles
STEILHAENGE	11	9	Steilhänge
STEINBAU	8	9	Steinbau
STEINERNER	10	9	steinerner
STERBERATE	10	9	Sterberate
STETE	5	9	stete
STETIGER	8	9	stetiger
STEUERBAR	9	9	steuerbar
STEUEROASEN	11	9	Steueroasen
STEWARD	7	9	Steward
STIFTETEN	9	9	stifteten
STIGMA	6	9	Stigma
STILLEGUNG	10	9	Stillegung
STIRNWAND	9	9	Stirnwand
STOERENDEN	10	9	störenden
STOLZER	7	9	stolzer
STOPPS	6	9	Stopps
STORTING	8	9	Storting
STRAHLKRAFT	11	9	Strahlkraft
STRECKER	8	9	Strecker
STREIFENS	9	9	Streifens
STREITTHEMA	11	9	Streitthema
STRESSTEST	10	9	Stresstest
STRESSTESTS	11	9	Stresstests
STRIKTER	8	9	strikter
STROHFEUER	10	9	Strohfeuer
STROMES	7	9	Stromes
STROMS	6	9	Stroms
STUFENPLAN	10	9	Stufenplan
STUNDUNG	8	9	Stundung
STUNTS	6	9	Stunts
STURZFLUG	9	9	Sturzflug
SUBSTANTIVE	11	9	Substantive
SUEDSPITZE	10	9	Südspitze
SUEDWIND	8	9	Südwind
SUMMIERTEN	10	9	summierten
SUMPFIGES	9	9	sumpfiges
SUPERMACHT	10	9	Supermacht
SVENSKA	7	9	Svenska
SYRACUSE	8	9	Syracuse
TADELLOSE	9	9	tadellose
TAETIGER	8	9	tätiger
TAGEBUCHS	9	9	Tagebuchs
TAGESFORM	9	9	Tagesform
TAGESKLINIK	11	9	Tagesklinik
TAGESSATZ	9	9	Tagessatz
TAMILEN	7	9	Tamilen
TANZSAAL	8	9	Tanzsaal
TAPFEREN	8	9	tapferen
TAPPEN	6	9	tappen
TATENDRANG	10	9	Tatendrang
TATVORWURF	10	9	Tatvorwurf
TEAMSPRINT	10	9	Teamsprint
TELEFONATEN	11	9	Telefonaten
TELEPHON	8	9	Telephon
TERASSE	7	9	Terasse
TERRORAKT	9	9	Terrorakt
TERTIAEREN	10	9	tertiären
TESTETE	7	9	testete
TESTREIHE	9	9	Testreihe
TEURERE	7	9	teurere
TEXTZEILE	9	9	Textzeile
THEATERSAAL	11	9	Theatersaal
THERMEN	7	9	Thermen
THERMIK	7	9	Thermik
THRONSAAL	9	9	Thronsaal
THUMBNAILS	10	9	Thumbnails
TIEFBAUAMT	10	9	Tiefbauamt
TIEFEM	6	9	tiefem
TIEFROTE	8	9	tiefrote
TIEFSCHLAG	10	9	Tiefschlag
TIEFSEE	7	9	Tiefsee
TIEFSTER	8	9	tiefster
TIEFSTSTAND	11	9	Tiefststand
TIERFREUNDE	11	9	Tierfreunde
TIERGEHEGE	10	9	Tiergehege
TISCHLERS	9	9	Tischlers
TITELTRACK	10	9	Titeltrack
TODESKAMPF	10	9	Todeskampf
TODKRANK	8	9	todkrank
TOERN	5	9	Törn
TOETUNGEN	9	9	Tötungen
TONUMFANG	9	9	Tonumfang
TOPFIT	6	9	topfit
TOPOGRAFIE	10	9	Topografie
TORLOSEN	8	9	torlosen
TOXISCHEN	9	9	toxischen
TRABI	5	9	Trabi
TRAKTION	8	9	Traktion
TRAMPOLIN	9	9	Trampolin
TRAUERZUG	9	9	Trauerzug
TRAUMWELT	9	9	Traumwelt
TRIEBFEDER	10	9	Triebfeder
TRITTE	6	9	Tritte
TROPHAEEN	9	9	Trophäen
TROPISCH	8	9	tropisch
TROTZTE	7	9	trotzte
TUMORE	6	9	Tumore
TUNESIER	8	9	Tunesier
TUNIKA	6	9	Tunika
TURNT	5	9	turnt
TUTOREN	7	9	Tutoren
TUTORIALS	9	9	Tutorials
TWINGO	6	9	Twingo
TYPOLOGIE	9	9	Typologie
TYPUSART	8	9	Typusart
UEBERHOERT	10	9	überhört
UEBERHOLTEN	11	9	überholten
UEBERLASSE	10	9	überlasse
UEBERLISTEN	11	9	überlisten
UEBERMUETIG	11	9	übermütig
UEBERZEUGE	10	9	überzeuge
UFERBEREICH	11	9	Uferbereich
UMGAB	5	9	umgab
UMGEBILDET	10	9	umgebildet
UMGEDEUTET	10	9	umgedeutet
UMGEHAUEN	9	9	umgehauen
UMGEKNICKT	10	9	umgeknickt
UMGETAUSCHT	11	9	umgetauscht
UMLANDES	8	9	Umlandes
UMLAUFZEIT	10	9	Umlaufzeit
UMSCHLAEGE	10	9	Umschläge
UMSPANNWERK	11	9	Umspannwerk
UMWICKELT	9	9	umwickelt
UMZUBAUEN	9	9	umzubauen
UNDING	6	9	Unding
UNEBEN	6	9	uneben
UNFALLES	8	9	Unfalles
UNGEFAEHREN	11	9	ungefähren
UNGELEGEN	9	9	ungelegen
UNGESCHOREN	11	9	ungeschoren
UNGETEILT	9	9	ungeteilt
UNKLARE	7	9	unklare
UNKLARER	8	9	unklarer
UNRICHTIG	9	9	unrichtig
UNSPORTLICH	11	9	unsportlich
UNSTREITIG	10	9	unstreitig
UNTERHEBEN	10	9	unterheben
UNTERHOSE	9	9	Unterhose
UNTERKIRCHE	11	9	Unterkirche
UNTERKUEHLT	11	9	unterkühlt
UNTERSAGTEN	11	9	untersagten
UNWAHRHEIT	10	9	Unwahrheit
UNWETTERN	9	9	Unwettern
VAKANTEN	8	9	vakanten
VEILCHEN	8	9	Veilchen
VENTILEN	8	9	Ventilen
VERACHTEN	9	9	verachten
VERBANNEN	9	9	verbannen
VERBARG	7	9	verbarg
VERBESSERE	10	9	verbessere
VERBLUTET	9	9	verblutet
VERDACHTES	10	9	Verdachtes
VERDECKTER	10	9	verdeckter
VERDUENNT	9	9	verdünnt
VEREDELT	8	9	veredelt
VERENGUNG	9	9	Verengung
VEREWIGEN	9	9	verewigen
VERFALLS	8	9	Verfalls
VERGIFTETEN	11	9	vergifteten
VERHAERTUNG	11	9	Verhärtung
VERHEISSEN	10	9	verheißen
VERHEXT	7	9	verhext
VERHOEHNT	9	9	verhöhnt
VERHUELLT	9	9	verhüllt
VERJAEHREN	10	9	verjähren
VERKABELT	9	9	verkabelt
VERKAM	6	9	verkam
VERKEILTE	9	9	verkeilte
VERKNAPPUNG	11	9	Verknappung
VERKOERPERE	11	9	verkörpere
VERLAGERTEN	11	9	verlagerten
VERLEIHER	9	9	Verleiher
VERLERNT	8	9	verlernt
VERLINKTEN	10	9	verlinkten
VERLINKUNG	10	9	Verlinkung
VERMEIDE	8	9	vermeide
VERNEBELT	9	9	vernebelt
VERNEINUNG	10	9	Verneinung
VEROEDUNG	9	9	Verödung
VERPACHTETE	11	9	verpachtete
VERQUIRLEN	10	9	verquirlen
VERSAEUMTEN	11	9	versäumten
VERSAGENS	9	9	Versagens
VERSAILLER	10	9	Versailler
VERSCHANZEN	11	9	verschanzen
VERSCHENKTE	11	9	verschenkte
VERSCHONEN	10	9	verschonen
VERSIERTEN	10	9	versierten
VERSPANNT	9	9	verspannt
VERSPERREN	10	9	versperren
VERSPRUEHT	10	9	versprüht
VERSTEHST	9	9	verstehst
VERSTEUERN	10	9	versteuern
VERSUNKENEN	11	9	versunkenen
VERTIKALER	10	9	vertikaler
VERZWEIGTE	10	9	verzweigte
VERZWICKT	9	9	verzwickt
VIDEODREH	9	9	Videodreh
VIDEOTHEK	9	9	Videothek
VIEHMARKT	9	9	Viehmarkt
VIERSPURIGE	11	9	vierspurige
VIRALE	6	9	virale
VOGELWELT	9	9	Vogelwelt
VOGESEN	7	9	Vogesen
VOLKSPARK	9	9	Volkspark
VONNOETEN	9	9	vonnöten
VORBAUTEN	9	9	Vorbauten
VORBOTE	7	9	Vorbote
VORDERMANN	10	9	Vordermann
VOREINANDER	11	9	voreinander
VORGEBAUT	9	9	vorgebaut
VORMALIGE	9	9	vormalige
VORMERKEN	9	9	vormerken
VORPROGRAMM	11	9	Vorprogramm
VORRECHT	8	9	Vorrecht
VORSORGEN	9	9	vorsorgen
VORSTRAFE	9	9	Vorstrafe
VORSTRAFEN	10	9	Vorstrafen
VORTRAGS	8	9	Vortrags
VORZEIT	7	9	Vorzeit
VORZUEGEN	9	9	Vorzügen
WACHOLDER	9	9	Wacholder
WAEHNTE	7	9	wähnte
WAEHRENDE	9	9	währende
WAELLEN	7	9	Wällen
WAERMSTE	8	9	wärmste
WAHLLOKALEN	11	9	Wahllokalen
WALDBRAND	9	9	Waldbrand
WALLFAHRER	10	9	Wallfahrer
WANDSTAERKE	11	9	Wandstärke
WARBEN	6	9	warben
WARNHINWEIS	11	9	Warnhinweis
WARNSIGNAL	10	9	Warnsignal
WARSTEINER	10	9	Warsteiner
WARTENS	7	9	Wartens
WASCHKUECHE	11	9	Waschküche
WASSERBAD	9	9	Wasserbad
WASSERHAHN	10	9	Wasserhahn
WEBLINK	7	9	Weblink
WEGESRAND	9	9	Wegesrand
WEGGERISSEN	11	9	weggerissen
WEHRFUEHRER	11	9	Wehrführer
WEIDNER	7	9	Weidner
WEISSBUCH	9	9	Weißbuch
WEITAB	6	9	weitab
WENDIG	6	9	wendig
WERBEAKTION	11	9	Werbeaktion
WERBEDOSE	9	9	Werbedose
WESTFLANKE	10	9	Westflanke
WESTHANG	8	9	Westhang
WESTLICHEM	10	9	westlichem
WESTLICHSTE	11	9	westlichste
WETTERAU	8	9	Wetterau
WETTERGOTT	10	9	Wettergott
WHISKEY	7	9	Whiskey
WILDWUCHS	9	9	Wildwuchs
WILLENTLICH	11	9	willentlich
WIMPERN	7	9	Wimpern
WINDPARKS	9	9	Windparks
WINZERN	7	9	Winzern
WINZIGER	8	9	winziger
WIRTEN	6	9	Wirten
WIRTS	5	9	Wirts
WISMUT	6	9	Wismut
WOCHENMITTE	11	9	Wochenmitte
WOERTLICHE	10	9	wörtliche
WOHLGEFUEHL	11	9	Wohlgefühl
WOHNANLAGEN	11	9	Wohnanlagen
WOHNENDEN	9	9	wohnenden
WOLFS	5	9	Wolfs
WORTGEFECHT	11	9	Wortgefecht
WUCHERT	7	9	wuchert
WUERDET	7	9	würdet
WUERZE	6	9	Würze
WULST	5	9	Wulst
WUNSCHTRAUM	11	9	Wunschtraum
WUPPER	6	9	Wupper
ZACKEN	6	9	Zacken
ZAEHES	6	9	zähes
ZAEHMEN	7	9	zähmen
ZAHLBAR	7	9	zahlbar
ZAHLENWERT	10	9	Zahlenwert
ZAPFSAEULE	10	9	Zapfsäule
ZAUBERSTAB	10	9	Zauberstab
ZEIGENDEN	9	9	zeigenden
ZEITANGABE	10	9	Zeitangabe
ZEITIG	6	9	zeitig
ZEITPUNKTE	10	9	Zeitpunkte
ZELLKERN	8	9	Zellkern
ZELLTEILUNG	11	9	Zellteilung
ZENSUREN	8	9	Zensuren
ZERFRESSEN	10	9	zerfressen
ZERRT	5	9	zerrt
ZERRUNG	7	9	Zerrung
ZEUGHAUS	8	9	Zeughaus
ZIEGELEIEN	10	9	Ziegeleien
ZIEHENDEN	9	9	ziehenden
ZIELPUNKT	9	9	Zielpunkt
ZIFFERBLATT	11	9	Zifferblatt
ZIGARRE	7	9	Zigarre
ZIMMERLEUTE	11	9	Zimmerleute
ZIMPERLICH	10	9	zimperlich
ZISTERNEN	9	9	Zisternen
ZOEGERLICHE	11	9	zögerliche
ZUECKT	6	9	zückt
ZUEGIGEN	8	9	zügigen
ZUENFTIG	8	9	zünftig
ZUFLUESSEN	10	9	Zuflüssen
ZUGEDACHT	9	9	zugedacht
ZUGESAGTEN	10	9	zugesagten
ZUGESTEHEN	10	9	zugestehen
ZUGETAN	7	9	zugetan
ZUGUNGLUECK	11	9	Zugunglück
ZULAUFEND	9	9	zulaufend
ZUNUTZE	7	9	zunutze
ZUWEISUNGEN	11	9	Zuweisungen
ZUWIDER	7	9	zuwider
ZWEIFLER	8	9	Zweifler
ZWINGE	6	9	zwinge
ZWOELFMAL	9	9	zwölfmal
ABBEKOMMEN	10	8	abbekommen
ABBRANNTE	9	8	abbrannte
ABDRUECKE	9	8	Abdrücke
ABENDGEBET	10	8	Abendgebet
ABENDMAHLS	10	8	Abendmahls
ABENTEUERS	10	8	Abenteuers
ABGABEFRIST	11	8	Abgabefrist
ABGEBRANNTE	11	8	abgebrannte
ABGEBUNDEN	10	8	abgebunden
ABGEERNTET	10	8	abgeerntet
ABGEFLOSSEN	11	8	abgeflossen
ABGEHAUEN	9	8	abgehauen
ABGEKAUFT	9	8	abgekauft
ABGELEISTET	11	8	abgeleistet
ABGEMISCHT	10	8	abgemischt
ABGENUTZT	9	8	abgenutzt
ABGESANG	8	8	Abgesang
ABGESETZTE	10	8	abgesetzte
ABGESETZTEN	11	8	abgesetzten
ABGESTUFTE	10	8	abgestufte
ABGETRENNTE	11	8	abgetrennte
ABGETRIEBEN	11	8	abgetrieben
ABKUNFT	7	8	Abkunft
ABMESSUNG	9	8	Abmessung
ABRIEB	6	8	Abrieb
ABSCHIEDS	9	8	Abschieds
ABSEHBARE	9	8	absehbare
ABSETZBAR	9	8	absetzbar
ABSTAMMEN	9	8	abstammen
ABSTUETZUNG	11	8	Abstützung
ABSURDER	8	8	absurder
ABTRIEB	7	8	Abtrieb
ABWASSERS	9	8	Abwassers
ABWECHSELN	10	8	abwechseln
ABWENDUNG	9	8	Abwendung
ABZUBILDEN	10	8	abzubilden
ABZUNEHMEN	10	8	abzunehmen
ABZURUFEN	9	8	abzurufen
ABZUSICHERN	11	8	abzusichern
ACHTERN	7	8	achtern
ADAEQUAT	8	8	adäquat
ADLERN	6	8	Adlern
ADLON	5	8	Adlon
ADRESSIERTE	11	8	adressierte
AECHZEN	7	8	ächzen
AELTEREM	8	8	älterem
AERMELN	7	8	Ärmeln
AGGRESSIVES	11	8	aggressives
AGILE	5	8	agile
AGRARISCH	9	8	agrarisch
AGRARSEKTOR	11	8	Agrarsektor
AIRCRAFT	8	8	Aircraft
AKADEMIKERN	11	8	Akademikern
AKKLAMATION	11	8	Akklamation
AKZEPTABLES	11	8	akzeptables
ALBANY	6	8	Albany
ALLERORTS	9	8	allerorts
ALLZEITTIEF	11	8	Allzeittief
ALMANACH	8	8	Almanach
ALMEN	5	8	Almen
ALTARBILDER	11	8	Altarbilder
ALTBAUS	7	8	Altbaus
ALTENBURGER	11	8	Altenburger
ALTERNDEN	9	8	alternden
ALUFOLIE	8	8	Alufolie
AMPELMAST	9	8	Ampelmast
AMTIERT	7	8	amtiert
AMTSARZT	8	8	Amtsarzt
AMTSJAHR	8	8	Amtsjahr
AMTSRICHTER	11	8	Amtsrichter
AMUESANTE	9	8	amüsante
ANAMNESE	8	8	Anamnese
ANATOMISCH	10	8	anatomisch
ANDEUTUNG	9	8	Andeutung
ANDROIDEN	9	8	Androiden
ANERKENNEND	11	8	anerkennend
ANFUEHRERIN	11	8	Anführerin
ANGEDACHTEN	11	8	angedachten
ANGEFACHT	9	8	angefacht
ANGEFANGENE	11	8	angefangene
ANGEFEINDET	11	8	angefeindet
ANGEHAEUFT	10	8	angehäuft
ANGEKETTET	10	8	angekettet
ANGELEGTES	10	8	angelegtes
ANGELOGEN	9	8	angelogen
ANGEPASSTER	11	8	angepasster
ANGEWORFEN	10	8	angeworfen
ANGEZEIGTE	10	8	angezeigte
ANGRIFFES	9	8	Angriffes
ANHALTER	8	8	Anhalter
ANIMES	6	8	Animes
ANLAEUFE	8	8	Anläufe
ANRUFT	6	8	anruft
ANSCHLOSSEN	11	8	anschlossen
ANSCHNITT	9	8	Anschnitt
ANTITHESE	9	8	Antithese
ANVISIERTEN	11	8	anvisierten
ANWALTES	8	8	Anwaltes
ANZUHOEREN	10	8	anzuhören
ANZURUFEN	9	8	anzurufen
APPLIZIERT	10	8	appliziert
AQUARIUMS	9	8	Aquariums
ARBEITERIN	10	8	Arbeiterin
ARBEITERS	9	8	Arbeiters
ARBEITSBUCH	11	8	Arbeitsbuch
ARBEITSSIEG	11	8	Arbeitssieg
ARBEITSTAGE	11	8	Arbeitstage
ARCHAEOLOGE	11	8	Archäologe
ARNSBERGER	10	8	Arnsberger
ARTIKULIERT	11	8	artikuliert
ASIATISCHER	11	8	asiatischer
ASTROLOGEN	10	8	Astrologen
ATHEISMUS	9	8	Atheismus
ATHEISTEN	9	8	Atheisten
ATOMANLAGEN	11	8	Atomanlagen
ATOMEN	6	8	Atomen
ATOMIC	6	8	Atomic
ATOMSTREIT	10	8	Atomstreit
ATOMTEST	8	8	Atomtest
AUBERGINEN	10	8	Auberginen
AUFBESSERN	10	8	aufbessern
AUFERSTEHEN	11	8	auferstehen
AUFFORDERN	10	8	auffordern
AUFFORDERT	10	8	auffordert
AUFFORDERTE	11	8	aufforderte
AUFGEBLAEHT	11	8	aufgebläht
AUFGEHENDEN	11	8	aufgehenden
AUFGEREIHT	10	8	aufgereiht
AUFKAUFEN	9	8	aufkaufen
AUFRAGENDE	10	8	aufragende
AUFREGEN	8	8	aufregen
AUFREGER	8	8	Aufreger
AUFSTAENDEN	11	8	Aufständen
AUFSUCHT	8	8	aufsucht
AUFTAUCHTEN	11	8	auftauchten
AUSBAUTE	8	8	ausbaute
AUSBLIEBEN	10	8	ausblieben
AUSBRECHER	10	8	Ausbrecher
AUSGELADEN	10	8	ausgeladen
AUSGELAUGT	10	8	ausgelaugt
AUSGEMERZT	10	8	ausgemerzt
AUSGESETZTE	11	8	ausgesetzte
AUSGEUEBTEN	11	8	ausgeübten
AUSLEGERN	9	8	Auslegern
AUSRITTE	8	8	Ausritte
AUSRUESTER	10	8	Ausrüster
AUSSENKANTE	11	8	Außenkante
AUSSENLUFT	10	8	Außenluft
AUSSENPUTZ	10	8	Außenputz
AUSSENRAUM	10	8	Außenraum
AUSUFERNDE	10	8	ausufernde
AUSWEGE	7	8	Auswege
AUSZUGEBEN	10	8	auszugeben
AUSZUSAGEN	10	8	auszusagen
AUTOBAUERN	10	8	Autobauern
AUTOFAHRERS	11	8	Autofahrers
AUTOKAEUFER	11	8	Autokäufer
AUTOMARKE	9	8	Automarke
AUTOMOBILS	10	8	Automobils
AUTORADIO	9	8	Autoradio
AUTOSTADT	9	8	Autostadt
AYALA	5	8	Ayala
AZTEKEN	7	8	Azteken
BABYKLAPPE	10	8	Babyklappe
BABYSITTER	10	8	Babysitter
BADEBETRIEB	11	8	Badebetrieb
BADEHOSE	8	8	Badehose
BADENWEILER	11	8	Badenweiler
BADESTRAND	10	8	Badestrand
BAHNFAHRT	9	8	Bahnfahrt
BAHNNETZ	8	8	Bahnnetz
BAHNREFORM	10	8	Bahnreform
BAISSE	6	8	Baisse
BALLHAUS	8	8	Ballhaus
BANNEN	6	8	bannen
BASALEN	7	8	basalen
BASISLAGER	10	8	Basislager
BASISWERT	9	8	Basiswert
BASKISCHE	9	8	baskische
BAUENS	6	8	Bauens
BAUERNHOFES	11	8	Bauernhofes
BAUERNKRIEG	11	8	Bauernkrieg
BAUGEBIETE	10	8	Baugebiete
BAUGLEICHEN	11	8	baugleichen
BAUKONZERN	10	8	Baukonzern
BAULICHER	9	8	baulicher
BAULUECKEN	10	8	Baulücken
BAUMART	7	8	Baumart
BAUMELN	7	8	baumeln
BAUMS	5	8	Baums
BAUMSTUMPF	10	8	Baumstumpf
BAUWEISEN	9	8	Bauweisen
BAYERNWEIT	10	8	bayernweit
BAZAR	5	8	Bazar
BEANTWORTE	10	8	beantworte
BEBAUEN	7	8	bebauen
BEBENS	6	8	Bebens
BECKENRAND	10	8	Beckenrand
BEDUERFTEN	10	8	bedürften
BEERBEN	7	8	beerben
BEFAEHIGUNG	11	8	Befähigung
BEFEHLS	7	8	Befehls
BEFESTIGTER	11	8	befestigter
BEFOLGTE	8	8	befolgte
BEFREMDET	9	8	befremdet
BEFUERWORTE	11	8	befürworte
BEGLEICHUNG	11	8	Begleichung
BEGNUEGT	8	8	begnügt
BEHAGLICH	9	8	behaglich
BEHANDELBAR	11	8	behandelbar
BEHARRTEN	9	8	beharrten
BEICHTSTUHL	11	8	Beichtstuhl
BEIDEM	6	8	beidem
BEIGESTELLT	11	8	beigestellt
BEILEGEN	8	8	beilegen
BEINHALTE	9	8	beinhalte
BEISTEHEN	9	8	beistehen
BEITRAGES	9	8	Beitrages
BEIWOHNEN	9	8	beiwohnen
BEJUBELTEN	10	8	bejubelten
BEKANNTEREN	11	8	bekannteren
BEKENNENDER	11	8	bekennender
BELAGERN	8	8	belagern
BELASTENDE	10	8	belastende
BELIEBIGES	10	8	beliebiges
BELLT	5	8	bellt
BELOGEN	7	8	belogen
BELOHNTE	8	8	belohnte
BELOHNTEN	9	8	belohnten
BENACHBART	10	8	benachbart
BENOETIGTER	11	8	benötigter
BENOTET	7	8	benotet
BENUETZUNG	10	8	Benützung
BENUTZBAR	9	8	benutzbar
BERGMASSIV	10	8	Bergmassiv
BERGSPORN	9	8	Bergsporn
BERICHTIGT	10	8	berichtigt
BERUFSSTAND	11	8	Berufsstand
BESCHENKTEN	11	8	Beschenkten
BESCHOSS	8	8	beschoss
BESIEGELN	9	8	besiegeln
BESTACH	7	8	bestach
BESTAEUBEN	10	8	bestäuben
BESTECK	7	8	Besteck
BESTEIGT	8	8	besteigt
BESTICKT	8	8	bestickt
BETAPHASE	9	8	Betaphase
BETEILIGE	9	8	beteilige
BETHAUS	7	8	Bethaus
BETONPLATTE	11	8	Betonplatte
BETRAGS	7	8	Betrags
BETRAUM	7	8	Betraum
BETRIEBLICH	11	8	betrieblich
BEVORSTEHT	10	8	bevorsteht
BEWAFFNEN	9	8	bewaffnen
BEWALDUNG	9	8	Bewaldung
BEWEGEND	8	8	bewegend
BEWEGLICHER	11	8	beweglicher
BEWEIDUNG	9	8	Beweidung
BEWERTE	7	8	bewerte
BEWIMPERT	9	8	bewimpert
BEWUSSTER	9	8	bewußter
BEZWEIFLE	9	8	bezweifle
BIBERACHER	10	8	Biberacher
BIERABSATZ	10	8	Bierabsatz
BIKINI	6	8	Bikini
BILDCHEN	8	8	Bildchen
BILDPUNKTE	10	8	Bildpunkte
BILLIGEREN	10	8	billigeren
BINAERE	7	8	binäre
BIOGRAPH	8	8	Biograph
BIOMUELL	8	8	Biomüll
BISCHOFSAMT	11	8	Bischofsamt
BLANKER	7	8	blanker
BLAUHELME	9	8	Blauhelme
BLEIERNE	8	8	bleierne
BLENDUNG	8	8	Blendung
BLOCKFLOETE	11	8	Blockflöte
BLOCKHUETTE	11	8	Blockhütte
BLUEMCHEN	9	8	Blümchen
BLUTEN	6	8	bluten
BLUTENDEN	9	8	blutenden
BLUTSAUGER	10	8	Blutsauger
BLUTSPENDE	10	8	Blutspende
BLUTSPUR	8	8	Blutspur
BLUTVERLUST	11	8	Blutverlust
BODYGUARDS	10	8	Bodyguards
BONUSPUNKT	10	8	Bonuspunkt
BOOKMARK	8	8	Bookmark
BOOMENDE	8	8	boomende
BOOSTER	7	8	Booster
BORDWAND	8	8	Bordwand
BOSHEIT	7	8	Bosheit
BOURGEOISIE	11	8	Bourgeoisie
BOXSPORT	8	8	Boxsport
BRAECHTE	8	8	brächte
BRANDNEUE	9	8	brandneue
BRANDY	6	8	Brandy
BRATSCHE	8	8	Bratsche
BRAUCHBAREN	11	8	brauchbaren
BRAUCHTUMS	10	8	Brauchtums
BRECHE	6	8	breche
BRECHSTANGE	11	8	Brechstange
BRECHUNG	8	8	Brechung
BREMERN	7	8	Bremern
BRENNERS	8	8	Brenners
BRENNKAMMER	11	8	Brennkammer
BRENNRAUM	9	8	Brennraum
BRENNSTAEBE	11	8	Brennstäbe
BRINGSCHULD	11	8	Bringschuld
BRITANNIA	9	8	Britannia
BRONX	5	8	Bronx
BROTE	5	8	Brote
BROTES	6	8	Brotes
BRUECHEN	8	8	Brüchen
BRUEHLER	8	8	Brühler
BRUETENDE	9	8	brütende
BRUNCH	6	8	Brunch
BRUSTBEIN	9	8	Brustbein
BRUTERFOLG	10	8	Bruterfolg
BRUTSTAETTE	11	8	Brutstätte
BUCHAUTOR	9	8	Buchautor
BUCHDRUCKER	11	8	Buchdrucker
BUEFFET	7	8	Büffet
BUERGERIN	9	8	Bürgerin
BUERGERSAAL	11	8	Bürgersaal
BUEROKRATEN	11	8	Bürokraten
BUEROMOEBEL	11	8	Büromöbel
BUKOWINA	8	8	Bukowina
BULIMIE	7	8	Bulimie
BUMERANG	8	8	Bumerang
BUNDLE	6	8	Bundle
BURGBERG	8	8	Burgberg
BURGHUEGEL	10	8	Burghügel
BURGSTELLE	10	8	Burgstelle
BURSASPOR	9	8	Bursaspor
BUXTEHUDER	10	8	Buxtehuder
BYPASS	6	8	Bypass
CAIRN	5	8	Cairn
CARDINALS	9	8	Cardinals
CASHFLOW	8	8	Cashflow
CHAMPIGNONS	11	8	Champignons
CHAOTEN	7	8	Chaoten
CHAOTISCHER	11	8	chaotischer
CHECKPOINT	10	8	Checkpoint
CHEFETAGE	9	8	Chefetage
CHILENEN	8	8	Chilenen
CHORBEREICH	11	8	Chorbereich
CHORRAUMS	9	8	Chorraums
CHORWERKE	9	8	Chorwerke
CHRISTSEIN	10	8	Christsein
CLAUSURA	8	8	Clausura
CLIFTON	7	8	Clifton
CLIPPERS	8	8	Clippers
CLOSING	7	8	Closing
COCKPITS	8	8	Cockpits
CODENAME	8	8	Codename
COMEBACKS	9	8	Comebacks
CONCERTO	8	8	Concerto
CONTROLLERS	11	8	Controllers
CONVENTIONS	11	8	Conventions
CORSO	5	8	Corso
CRUISER	7	8	Cruiser
DACHFENSTER	11	8	Dachfenster
DACHMARKE	9	8	Dachmarke
DAGEWESEN	9	8	dagewesen
DAHINGEGEN	10	8	dahingegen
DAMALIGEM	9	8	damaligem
DAMPFBAD	8	8	Dampfbad
DAMPFDOM	8	8	Dampfdom
DANKBARE	8	8	dankbare
DANKSAGUNG	10	8	Danksagung
DASTEHEN	8	8	dastehen
DATENFLUSS	10	8	Datenfluss
DATENKLAU	9	8	Datenklau
DATENSTROM	10	8	Datenstrom
DATENTYP	8	8	Datentyp
DAUERKARTEN	11	8	Dauerkarten
DEBUETIEREN	11	8	debütieren
DECKBLATT	9	8	Deckblatt
DECKELUNG	9	8	Deckelung
DECODER	7	8	Decoder
DEFIZITAER	10	8	defizitär
DELIKATE	8	8	delikate
DEMOSKOPEN	10	8	Demoskopen
DEMUETIGEN	10	8	demütigen
DENUNZIERT	10	8	denunziert
DEPENDANCE	10	8	Dependance
DERIVAT	7	8	Derivat
DERZEITIG	9	8	derzeitig
DEZERNENT	9	8	Dezernent
DEZIMIERTEN	11	8	dezimierten
DICKDARM	8	8	Dickdarm
DIEBESGUTES	11	8	Diebesgutes
DIENSTGEBER	11	8	Dienstgeber
DIENSTLICHE	11	8	dienstliche
DIENSTWEG	9	8	Dienstweg
DIKTIERTEN	10	8	diktierten
DIODE	5	8	Diode
DIRECT	6	8	Direct
DIREKTBANK	10	8	Direktbank
DISCOUNTERN	11	8	Discountern
DISSONANZEN	11	8	Dissonanzen
DISTRIBUTOR	11	8	Distributor
DOERFLER	8	8	Dörfler
DOGMATISCH	10	8	dogmatisch
DOMCHOR	7	8	Domchor
DOMSTADT	8	8	Domstadt
DOORS	5	8	Doors
DORFKERNS	9	8	Dorfkerns
DORFRAND	8	8	Dorfrand
DREHBUCHS	9	8	Drehbuchs
DREILAPPIG	10	8	dreilappig
DREIN	5	8	drein
DROEHNTE	8	8	dröhnte
DROPS	5	8	Drops
DRUCKKOSTEN	11	8	Druckkosten
DRUCKSACHE	10	8	Drucksache
DUALITAET	9	8	Dualität
DUEBEL	6	8	Dübel
DUFTSTOFFE	10	8	Duftstoffe
EARLS	5	8	Earls
EBENDIESER	10	8	ebendieser
EBENDORT	8	8	ebendort
EBENER	6	8	ebener
EBNER	5	8	Ebner
ECKGEBAEUDE	11	8	Eckgebäude
ECKTUERMEN	10	8	Ecktürmen
EDMONTON	8	8	Edmonton
EHELEUTEN	9	8	Eheleuten
EHELICHE	8	8	eheliche
EHRENPUNKT	10	8	Ehrenpunkt
EHRENRAT	8	8	Ehrenrat
EHRLICHES	9	8	ehrliches
EIFOERMIGE	10	8	eiförmige
EIFRIGSTEN	10	8	eifrigsten
EIGENBAU	8	8	Eigenbau
EIGENHEIME	10	8	Eigenheime
EIGNE	5	8	eigne
EINBILDUNG	10	8	Einbildung
EINFUEHLSAM	11	8	einfühlsam
EINGAENGIG	10	8	eingängig
EINGEBAUTES	11	8	eingebautes
EINGEHUELLT	11	8	eingehüllt
EINGEREIHT	10	8	eingereiht
EINGEREIST	10	8	eingereist
EINGERISSEN	11	8	eingerissen
EINGERITZT	10	8	eingeritzt
EINGESTREUT	11	8	eingestreut
EINGETAUCHT	11	8	eingetaucht
EINSORTIERT	11	8	einsortiert
EINSPIELER	10	8	Einspieler
EINSTELLTEN	11	8	einstellten
EINZELWERTE	11	8	Einzelwerte
EINZOGEN	8	8	einzogen
EISBERG	7	8	Eisberg
EISENHUETTE	11	8	Eisenhütte
EISKALTE	8	8	eiskalte
EKLIG	5	8	eklig
ELBERFELDER	11	8	Elberfelder
ELBTAL	6	8	Elbtal
ELEKTROLYSE	11	8	Elektrolyse
ELITSERIEN	10	8	Elitserien
ELSAESSER	9	8	Elsässer
ELTERNTEILE	11	8	Elternteile
EMBRYOS	7	8	Embryos
EMIRATES	8	8	Emirates
EMPOEREND	9	8	empörend
EMPOERTE	8	8	empörte
EMSCHER	7	8	Emscher
EMULATION	9	8	Emulation
ENCODER	7	8	Encoder
ENDAUSBAU	9	8	Endausbau
ENDPUNKTE	9	8	Endpunkte
ENDSTELLE	9	8	Endstelle
ENTFACHTE	9	8	entfachte
ENTFERNTER	10	8	entfernter
ENTFREMDET	10	8	entfremdet
ENTGANGENEN	11	8	entgangenen
ENTLARVEN	9	8	entlarven
ENTLOCKEN	9	8	entlocken
ENTMACHTEN	10	8	entmachten
ENTSETZTE	9	8	entsetzte
ENTWAESSERN	11	8	entwässern
ENTWURZELT	10	8	entwurzelt
ERBAT	5	8	erbat
ERBITTERT	9	8	erbittert
ERBRINGUNG	10	8	Erbringung
ERDSTOESSE	10	8	Erdstöße
EREIGNISLOS	11	8	ereignislos
EREILT	6	8	ereilt
ERFAHRBAR	9	8	erfahrbar
ERFOLGSFALL	11	8	Erfolgsfall
ERGAEBE	7	8	ergäbe
ERGEBENDE	9	8	ergebende
ERHIELTE	8	8	erhielte
ERKUNDETE	9	8	erkundete
ERMITTELE	9	8	ermittele
ERNAEHRTE	9	8	ernährte
ERSCHLAEGT	10	8	erschlägt
ERSEHEN	7	8	ersehen
ERSETZBAR	9	8	ersetzbar
ERSTEIGERT	10	8	ersteigert
ERSTEINMAL	10	8	ersteinmal
ERSTHELFER	10	8	Ersthelfer
ERSTIEGEN	9	8	erstiegen
ERSTLING	8	8	Erstling
ERSTREBTE	9	8	erstrebte
ERSUCHTE	8	8	ersuchte
ERWARTENDE	10	8	erwartende
ERWEHREN	8	8	erwehren
ERWIDERUNG	10	8	Erwiderung
ESCUELA	7	8	Escuela
ESKALIERTEN	11	8	eskalierten
ESPACE	6	8	Espace
ESSLINGER	9	8	Esslinger
ESTADIO	7	8	Estadio
ETAPPENZIEL	11	8	Etappenziel
ETYMOLOGIE	10	8	Etymologie
EURONEXT	8	8	Euronext
EUROPAREISE	11	8	Europareise
EVEREST	7	8	Everest
EXEGESE	7	8	Exegese
EXFRAU	6	8	Exfrau
EXHUMIERUNG	11	8	Exhumierung
EXISTIERE	9	8	existiere
EXOTISCHER	10	8	exotischer
EXPONAT	7	8	Exponat
FABRIKATION	11	8	Fabrikation
FABRIKHALLE	11	8	Fabrikhalle
FACHKLINIK	10	8	Fachklinik
FACHMESSE	9	8	Fachmesse
FACHSCHULEN	11	8	Fachschulen
FAEHRMANN	9	8	Fährmann
FAELLIGE	8	8	fällige
FAERBTE	7	8	färbte
FAHRERLAGER	11	8	Fahrerlager
FAHRRADTOUR	11	8	Fahrradtour
FAHRRINNE	9	8	Fahrrinne
FAHRSCHULEN	11	8	Fahrschulen
FAHRSTIL	8	8	Fahrstil
FAHRSTRASSE	11	8	Fahrstraße
FAHRWEGE	8	8	Fahrwege
FAKULTATIV	10	8	fakultativ
FALCONS	7	8	Falcons
FALTE	5	8	Falte
FANATIKER	9	8	Fanatiker
FARBENLEHRE	11	8	Farbenlehre
FARBPALETTE	11	8	Farbpalette
FEEDBACKS	9	8	Feedbacks
FEGTE	5	8	fegte
FEHDEN	6	8	Fehden
FEHLPAESSE	10	8	Fehlpässe
FEIERE	6	8	feiere
FEIERLICHER	11	8	feierlicher
FELDBERG	8	8	Feldberg
FELDBETTEN	10	8	Feldbetten
FEMINISTIN	10	8	Feministin
FERNROHR	8	8	Fernrohr
FERNSEHTEAM	11	8	Fernsehteam
FERNZIEL	8	8	Fernziel
FESSEL	6	8	Fessel
FESTERE	7	8	festere
FESTSPIEL	9	8	Festspiel
FESTSTAND	9	8	feststand
FESTVORTRAG	11	8	Festvortrag
FESTZELTE	9	8	Festzelte
FEUERTAUFE	10	8	Feuertaufe
FEURIO	6	8	Feurio
FICHT	5	8	ficht
FIKTIONEN	9	8	Fiktionen
FILIGRANEN	10	8	filigranen
FILMDRAMA	9	8	Filmdrama
FILMEMACHEN	11	8	Filmemachen
FILMKUNST	9	8	Filmkunst
FILMTEN	7	8	filmten
FINALSERIE	10	8	Finalserie
FINANZ	6	8	Finanz
FINANZIERE	10	8	finanziere
FIRMAMENT	9	8	Firmament
FISCHOTTER	10	8	Fischotter
FLACHTE	7	8	flachte
FLEISCHIG	9	8	fleischig
FLIEGEREI	9	8	Fliegerei
FLOEZ	5	8	Flöz
FLOPS	5	8	Flops
FLUESTERTE	10	8	flüsterte
FLUGDECK	8	8	Flugdeck
FLUGREISE	9	8	Flugreise
FLUGTAG	7	8	Flugtag
FLUGTICKET	10	8	Flugticket
FLUGUNFALL	10	8	Flugunfall
FLUSSLAEUFE	11	8	Flussläufe
FOERDERBANK	11	8	Förderbank
FOERSTEREI	10	8	Försterei
FOETUS	6	8	Fötus
FOLGERUNG	9	8	Folgerung
FOLGERUNGEN	11	8	Folgerungen
FOLLOWER	8	8	Follower
FORDS	5	8	Fords
FORMBLATT	9	8	Formblatt
FOTOMODELL	10	8	Fotomodell
FOTOSTUDIO	10	8	Fotostudio
FRACHTRAUM	10	8	Frachtraum
FRAMESET	8	8	Frameset
FRANSEN	7	8	Fransen
FRAUENBILD	10	8	Frauenbild
FREIGANG	8	8	Freigang
FRIEDBERGER	11	8	Friedberger
FRISCHT	7	8	frischt
FRONTMANN	9	8	Frontmann
FRUSTRIERTE	11	8	frustrierte
FUEGE	5	8	füge
FUERBITTEN	10	8	Fürbitten
FUERTHER	8	8	Fürther
FUSSABDRUCK	11	8	Fußabdruck
FUSSBALLERN	11	8	Fußballern
FUSSWEGE	8	8	Fußwege
GABELUNG	8	8	Gabelung
GABOR	5	8	Gabor
GAEHNT	6	8	gähnt
GALLENBLASE	11	8	Gallenblase
GALOPP	6	8	Galopp
GAMMA	5	8	Gamma
GARDISTEN	9	8	Gardisten
GARNITUREN	10	8	Garnituren
GARTENKUNST	11	8	Gartenkunst
GARTENZAUN	10	8	Gartenzaun
GASHEIZUNG	10	8	Gasheizung
GASKAMMER	9	8	Gaskammer
GASKUNDEN	9	8	Gaskunden
GASTLAND	8	8	Gastland
GASTWIRTE	9	8	Gastwirte
GEAEST	6	8	Geäst
GEBETTET	8	8	gebettet
GEBLENDET	9	8	geblendet
GEBORGENEN	10	8	geborgenen
GEBRACHTE	9	8	gebrachte
GEBRAEUCHE	10	8	Gebräuche
GEBRATEN	8	8	gebraten
GEBUCHTEN	9	8	gebuchten
GEBUERSTET	10	8	gebürstet
GEBUERTIGER	11	8	gebürtiger
GEDICHTS	8	8	Gedichts
GEFLIEST	8	8	gefliest
GEFLOHENEN	10	8	geflohenen
GEFRAGTEN	9	8	gefragten
GEFUEGT	7	8	gefügt
GEFUEHLLOS	10	8	gefühllos
GEFUEHLTE	9	8	gefühlte
GEGANGENEN	10	8	gegangenen
GEGENPOL	8	8	Gegenpol
GEGENTOREN	10	8	Gegentoren
GEGOSSENE	9	8	gegossene
GEHALTS	7	8	Gehalts
GEISTERT	8	8	geistert
GEKETTET	8	8	gekettet
GEKOCHTEN	9	8	gekochten
GEKROENTE	9	8	gekrönte
GELDGIER	8	8	Geldgier
GELDSEGEN	9	8	Geldsegen
GELEGENER	9	8	gelegener
GELESENEN	9	8	gelesenen
GELOESTE	8	8	gelöste
GEMEINSINN	10	8	Gemeinsinn
GEMUNKELT	9	8	gemunkelt
GENDEFEKT	9	8	Gendefekt
GENEIGTEN	9	8	geneigten
GENERAELEN	10	8	Generälen
GENERIERTE	10	8	generierte
GENERIERTEN	11	8	generierten
GENERISCHE	10	8	generische
GENETISCHER	11	8	genetischer
GENICKBRUCH	11	8	Genickbruch
GENOSSE	7	8	Genosse
GERAETSELT	10	8	gerätselt
GERAEUCHERT	11	8	geräuchert
GERANDET	8	8	gerandet
GERATE	6	8	gerate
GERAUME	7	8	geraume
GEREIHT	7	8	gereiht
GESAMTZEIT	10	8	Gesamtzeit
GESCHAELT	9	8	geschält
GESCHAENDET	11	8	geschändet
GESCHAHEN	9	8	geschahen
GESCHEUT	8	8	gescheut
GESCHICHTET	11	8	geschichtet
GESCHICKTES	11	8	geschicktes
GESCHOENT	9	8	geschönt
GESCHWADERS	11	8	Geschwaders
GESCHWAERZT	11	8	geschwärzt
GESCHWOLLEN	11	8	geschwollen
GESIMSE	7	8	Gesimse
GESPALTENES	11	8	gespaltenes
GESPERRTEN	10	8	gesperrten
GESPICKT	8	8	gespickt
GESPINST	8	8	Gespinst
GESPRAECHES	11	8	Gespräches
GESPRCH	7	8	Gesprch
GESPREIZT	9	8	gespreizt
GESTAENGE	9	8	Gestänge
GESTEINS	8	8	Gesteins
GESTEMMT	8	8	gestemmt
GESTRESSTE	10	8	gestresste
GESTRICHELT	11	8	gestrichelt
GESUCHE	7	8	Gesuche
GETOENTEN	9	8	getönten
GEURTEILT	9	8	geurteilt
GEWALTSAMER	11	8	gewaltsamer
GEWIMMEL	8	8	Gewimmel
GEWINNSUMME	11	8	Gewinnsumme
GEWISSENS	9	8	Gewissens
GEWITTERS	9	8	Gewitters
GEWOHNTER	9	8	gewohnter
GEWUNDEN	8	8	gewunden
GEZOEGERT	9	8	gezögert
GILDEN	6	8	Gilden
GINGER	6	8	Ginger
GLANZZEIT	9	8	Glanzzeit
GLASFASER	9	8	Glasfaser
GLASHAUS	8	8	Glashaus
GLEITENDEN	10	8	gleitenden
GLOSSE	6	8	Glosse
GOETHEPLATZ	11	8	Goetheplatz
GOETTLICH	9	8	göttlich
GOETTLICHER	11	8	göttlicher
GOLDSCHMUCK	11	8	Goldschmuck
GOLFSTAATEN	11	8	Golfstaaten
GONGS	5	8	Gongs
GOODYEAR	8	8	Goodyear
GOTISCH	7	8	gotisch
GOURMETS	8	8	Gourmets
GRABDENKMAL	11	8	Grabdenkmal
GRABSTEINEN	11	8	Grabsteinen
GRADIENTEN	10	8	Gradienten
GRAEUEL	7	8	Gräuel
GREATER	7	8	Greater
GRENZNAHEN	10	8	grenznahen
GRIPPALEN	9	8	grippalen
GROSSFORMAT	11	8	Großformat
GROSSSERIE	10	8	Großserie
GROTTEN	7	8	Grotten
GRUNDFORMEN	11	8	Grundformen
GRUNDHERRN	10	8	Grundherrn
GRUNDTYPEN	10	8	Grundtypen
GRUNDUMSATZ	11	8	Grundumsatz
GRUPO	5	8	Grupo
GRUPPENBILD	11	8	Gruppenbild
GRUSELIG	8	8	gruselig
GRUSSWORTEN	11	8	Grußworten
GUMMIBAND	9	8	Gummiband
GUTSHERR	8	8	Gutsherr
HABICHT	7	8	Habicht
HABITATEN	9	8	Habitaten
HACKFLEISCH	11	8	Hackfleisch
HAFTANTRAG	10	8	Haftantrag
HAGENER	7	8	Hagener
HALBIERTEN	10	8	halbierten
HALFPIPE	8	8	Halfpipe
HALSES	6	8	Halses
HALSSEITEN	10	8	Halsseiten
HANDAPPARAT	11	8	Handapparat
HANDELSWEG	10	8	Handelsweg
HANDHABBAR	10	8	handhabbar
HANGES	6	8	Hanges
HANGKANTE	9	8	Hangkante
HAPPIG	6	8	happig
HARNBLASE	9	8	Harnblase
HARSCHER	8	8	harscher
HASSES	6	8	Hasses
HATTINGER	9	8	Hattinger
HAUPTFRONT	10	8	Hauptfront
HAUPTHALLE	10	8	Haupthalle
HAUPTMACHT	10	8	Hauptmacht
HAUPTMANNS	10	8	Hauptmanns
HAUPTRAUM	9	8	Hauptraum
HAUPTSATZ	9	8	Hauptsatz
HAUSEINGANG	11	8	Hauseingang
HEBRAEER	8	8	Hebräer
HECKROTOR	9	8	Heckrotor
HEILANSTALT	11	8	Heilanstalt
HEILBAD	7	8	Heilbad
HEILENDEN	9	8	heilenden
HEILTE	6	8	heilte
HEIMATLICHE	11	8	heimatliche
HEIMS	5	8	Heims
HEIZANLAGE	10	8	Heizanlage
HELLSEHER	9	8	Hellseher
HELMDECKEN	10	8	Helmdecken
HEMMUNGSLOS	11	8	hemmungslos
HERANNAHEN	10	8	Herannahen
HERAUSKAM	9	8	herauskam
HERAUSKOMMT	11	8	herauskommt
HERBSTES	8	8	Herbstes
HERDPLATTE	10	8	Herdplatte
HEROS	5	8	Heros
HERSTELLTEN	11	8	herstellten
HERZMUSKEL	10	8	Herzmuskel
HEUERTE	7	8	heuerte
HEULT	5	8	heult
HEULTE	6	8	heulte
HEXENJAGD	9	8	Hexenjagd
HIDDEN	6	8	Hidden
HILFSAKTION	11	8	Hilfsaktion
HIMMELREICH	11	8	Himmelreich
HINZUWEISEN	11	8	hinzuweisen
HIRNTUMOR	9	8	Hirntumor
HOCHADELS	9	8	Hochadels
HOCHALTARS	10	8	Hochaltars
HOCHGELOBT	10	8	hochgelobt
HOCHOEFEN	9	8	Hochöfen
HOCHSOMMER	10	8	Hochsommer
HOELLISCH	9	8	höllisch
HOERPROBE	9	8	Hörprobe
HOFGERICHT	10	8	Hofgericht
HOFKAPELLE	10	8	Hofkapelle
HOFKIRCHE	9	8	Hofkirche
HOFSTELLEN	10	8	Hofstellen
HOLLAENDERN	11	8	Holländern
HOLZARTEN	9	8	Holzarten
HOLZFAELLER	11	8	Holzfäller
HOLZFIGUR	9	8	Holzfigur
HOMOGENES	9	8	homogenes
HONGKONGER	10	8	Hongkonger
HORRENDE	8	8	horrende
HUEFTGELENK	11	8	Hüftgelenk
HUEPFTE	7	8	hüpfte
HULDIGUNG	9	8	Huldigung
HUMORLOS	8	8	humorlos
HUNGERTOD	9	8	Hungertod
HUNSRUECK	9	8	Hunsrück
HUREN	5	8	Huren
HYDROLYSE	9	8	Hydrolyse
HYSTERISCHE	11	8	hysterische
IDEALS	6	8	Ideals
IKARUS	6	8	Ikarus
ILLEGALEM	9	8	illegalem
IMAGEGEWINN	11	8	Imagegewinn
IMKEREI	7	8	Imkerei
IMMUNZELLEN	11	8	Immunzellen
INDEXSTAND	10	8	Indexstand
INEFFIZIENT	11	8	ineffizient
INHALATION	10	8	Inhalation
INNUNGEN	8	8	Innungen
INSERATE	8	8	Inserate
INSTABILEN	10	8	instabilen
INTIM	5	8	intim
IRAKISCHER	10	8	irakischer
IRISCHER	8	8	irischer
IRRENHAUS	9	8	Irrenhaus
ISRAELI	7	8	Israeli
ITALIENERS	10	8	Italieners
JAGDLICHEN	10	8	jagdlichen
JAKOBSWEG	9	8	Jakobsweg
JAMMERT	7	8	jammert
JEGLICHEM	9	8	jeglichem
JETLAG	6	8	Jetlag
JOGGER	6	8	Jogger
JONGLIERT	9	8	jongliert
JUDIKATIVE	10	8	Judikative
JUELICHER	9	8	Jülicher
JUGENDBUCH	10	8	Jugendbuch
JUGENDCHOR	10	8	Jugendchor
JUNKERS	7	8	Junkers
JUVENILEN	9	8	juvenilen
KABELNETZ	9	8	Kabelnetz
KACHELOEFEN	11	8	Kachelöfen
KALKOFEN	8	8	Kalkofen
KAMPFBEREIT	11	8	kampfbereit
KANALISIERT	11	8	kanalisiert
KANALNETZ	9	8	Kanalnetz
KAPIERT	7	8	kapiert
KAPRIOLEN	9	8	Kapriolen
KARDIOLOGIE	11	8	Kardiologie
KARITATIVE	10	8	karitative
KARNEVALS	9	8	Karnevals
KARTUSCHEN	10	8	Kartuschen
KASSENLAGE	10	8	Kassenlage
KASTE	5	8	Kaste
KASTENWAGEN	11	8	Kastenwagen
KATASTER	8	8	Kataster
KAUFLUST	8	8	Kauflust
KAUFMANNES	10	8	Kaufmannes
KAUSALE	7	8	kausale
KEIMT	5	8	keimt
KELCHZAEHNE	11	8	Kelchzähne
KEMPINSKI	9	8	Kempinski
KENIANER	8	8	Kenianer
KENNZIFFER	10	8	Kennziffer
KENTERTE	8	8	kenterte
KERAMISCHE	10	8	keramische
KERLCHEN	8	8	Kerlchen
KERNAUSSAGE	11	8	Kernaussage
KERNHOLZ	8	8	Kernholz
KERNLAND	8	8	Kernland
KESSELS	7	8	Kessels
KIBBUZ	6	8	Kibbuz
KINDERTAGEN	11	8	Kindertagen
KIRCHGANG	9	8	Kirchgang
KITSCHIG	8	8	kitschig
KLAERWERK	9	8	Klärwerk
KLANGLICH	9	8	klanglich
KLARLACK	8	8	Klarlack
KLAUT	5	8	klaut
KLEIDEN	7	8	kleiden
KLEINEREM	9	8	kleinerem
KLEINLAUT	9	8	kleinlaut
KLEMPNER	8	8	Klempner
KLIMAGIPFEL	11	8	Klimagipfel
KLINISCHER	10	8	klinischer
KLOSTERGUT	10	8	Klostergut
KNACKIG	7	8	knackig
KNACKPUNKTE	11	8	Knackpunkte
KNACKTE	7	8	knackte
KNALLHARTES	11	8	knallhartes
KNECHTE	7	8	Knechte
KNIESCHEIBE	11	8	Kniescheibe
KNOEDEL	7	8	Knödel
KNOEPFEN	8	8	Knöpfen
KNOLLE	6	8	Knolle
KOBRA	5	8	Kobra
KOENIGSSEE	10	8	Königssee
KOERPERTEIL	11	8	Körperteil
KOHORTE	7	8	Kohorte
KOLLABIERTE	11	8	kollabierte
KOMINTERN	9	8	Komintern
KOMMENTARS	10	8	Kommentars
KOMMUNION	9	8	Kommunion
KONDENSAT	9	8	Kondensat
KONISCHE	8	8	konische
KONKURRIERT	11	8	konkurriert
KONSORTIUMS	11	8	Konsortiums
KONSTRUKTE	10	8	Konstrukte
KONTONUMMER	11	8	Kontonummer
KONTOSTAND	10	8	Kontostand
KONTRAHENT	10	8	Kontrahent
KONTROLLEUR	11	8	Kontrolleur
KOPIERTEN	9	8	kopierten
KORSETT	7	8	Korsett
KOSTPROBEN	10	8	Kostproben
KRACHEND	8	8	krachend
KRAEFTIGUNG	11	8	Kräftigung
KRAFTLOS	8	8	kraftlos
KRAICHGAU	9	8	Kraichgau
KRANKHAFT	9	8	krankhaft
KRANWAGEN	9	8	Kranwagen
KREDITMARKT	11	8	Kreditmarkt
KREDITS	7	8	Kredits
KREISARCHIV	11	8	Kreisarchiv
KREISLEITER	11	8	Kreisleiter
KREISRUNDE	10	8	kreisrunde
KREISUMLAGE	11	8	Kreisumlage
KREUZERS	8	8	Kreuzers
KREUZZUEGE	10	8	Kreuzzüge
KRIEGSZEIT	10	8	Kriegszeit
KRIEGTE	7	8	kriegte
KRISENJAHR	10	8	Krisenjahr
KRONLAPPEN	10	8	Kronlappen
KRONZEUGEN	10	8	Kronzeugen
KUEHLERE	8	8	kühlere
KUERTE	6	8	kürte
KUERZTE	7	8	kürzte
KUHSTALL	8	8	Kuhstall
KULTURFORUM	11	8	Kulturforum
KUNSTWELT	9	8	Kunstwelt
KURSINHALTE	11	8	Kursinhalte
KURSLEITER	10	8	Kursleiter
KURTAXE	7	8	Kurtaxe
KURZBERICHT	11	8	Kurzbericht
LABILEN	7	8	labilen
LABOREN	7	8	Laboren
LACHENDEN	9	8	lachenden
LADEGERAET	10	8	Ladegerät
LAECHELNS	9	8	Lächelns
LAESTIGEN	9	8	lästigen
LAEUTETEN	9	8	läuteten
LAFETTE	7	8	Lafette
LAICHZEIT	9	8	Laichzeit
LANDESTEILE	11	8	Landesteile
LANDSEITE	9	8	Landseite
LANGENFELD	10	8	Langenfeld
LANGFINGER	10	8	Langfinger
LANGSEITE	9	8	Langseite
LASCHEN	7	8	Laschen
LASERS	6	8	Lasers
LAUBWALD	8	8	Laubwald
LAUFBAHNEN	10	8	Laufbahnen
LAUFRUHE	8	8	Laufruhe
LAUSCHTE	8	8	lauschte
LAUTETEN	8	8	lauteten
LEBENSMONAT	11	8	Lebensmonat
LEBENSWOCHE	11	8	Lebenswoche
LEBENSZIEL	10	8	Lebensziel
LEGEHENNEN	10	8	Legehennen
LEHMBODEN	9	8	Lehmboden
LEHMIGEN	8	8	lehmigen
LEHMSCHICHT	11	8	Lehmschicht
LEHRGELD	8	8	Lehrgeld
LEHRJAHR	8	8	Lehrjahr
LEHRJAHRE	9	8	Lehrjahre
LEHRLINGEN	10	8	Lehrlingen
LEIBGARDE	9	8	Leibgarde
LEIDENSZEIT	11	8	Leidenszeit
LENKTEN	7	8	lenkten
LENKWAFFE	9	8	Lenkwaffe
LEONBERGER	10	8	Leonberger
LERNINHALTE	11	8	Lerninhalte
LESEGERAET	10	8	Lesegerät
LESESTOFF	9	8	Lesestoff
LESKE	5	8	Leske
LEUCHTENDES	11	8	leuchtendes
LEUMUND	7	8	Leumund
LEVANTE	7	8	Levante
LICHTET	7	8	lichtet
LIEBHABERS	10	8	Liebhabers
LIEDERKRANZ	11	8	Liederkranz
LIEFERKETTE	11	8	Lieferkette
LIEGEPLATZ	10	8	Liegeplatz
LIGAMENT	8	8	Ligament
LIGANDEN	8	8	Liganden
LINDENALLEE	11	8	Lindenallee
LIVEBAND	8	8	Liveband
LIVESHOWS	9	8	Liveshows
LIVETICKER	10	8	Liveticker
LOBBYISMUS	10	8	Lobbyismus
LOBES	5	8	Lobes
LOBGESANG	9	8	Lobgesang
LOESEGELDES	11	8	Lösegeldes
LOEWIN	6	8	Löwin
LOFOTEN	7	8	Lofoten
LOSGETRETEN	11	8	losgetreten
LOSZUWERDEN	11	8	loszuwerden
LOTSE	5	8	Lotse
LOUNGES	7	8	Lounges
LUCHSE	6	8	Luchse
LUFTWEG	7	8	Luftweg
MACKEN	6	8	Macken
MAFIOSO	7	8	Mafioso
MAGNETE	7	8	Magnete
MAGNETISMUS	11	8	Magnetismus
MAHALLE	7	8	Mahalle
MAHNER	6	8	Mahner
MAHNWACHE	9	8	Mahnwache
MAINBOARDS	10	8	Mainboards
MAJESTAETEN	11	8	Majestäten
MAKELLOSE	9	8	makellose
MANCHERLEI	10	8	mancherlei
MANDANT	7	8	Mandant
MANDANTIN	9	8	Mandantin
MANGELN	7	8	mangeln
MANNDECKUNG	11	8	Manndeckung
MANSCHETTE	10	8	Manschette
MANSFIELD	9	8	Mansfield
MANTELS	7	8	Mantels
MANTRA	6	8	Mantra
MAOISTEN	8	8	Maoisten
MAPLE	5	8	Maple
MARKANTESTE	11	8	markanteste
MARKSTEIN	9	8	Markstein
MARKTKIRCHE	11	8	Marktkirche
MARKTS	6	8	Markts
MASKIERTER	10	8	maskierter
MASSBAND	8	8	Maßband
MASSENWARE	10	8	Massenware
MASSIG	6	8	massig
MATSCH	6	8	Matsch
MAUERWERKS	10	8	Mauerwerks
MAZEDONIER	10	8	Mazedonier
MEDIZINERS	10	8	Mediziners
MEHRMALIGES	11	8	mehrmaliges
MEIDERICHER	11	8	Meidericher
MEILENWEIT	10	8	meilenweit
MELODY	6	8	Melody
MEMORANDUM	10	8	Memorandum
MENETEKEL	9	8	Menetekel
MERKST	6	8	merkst
MESSPLATZ	9	8	Messplatz
MESSSYSTEM	10	8	Messsystem
METALLTEILE	11	8	Metallteile
MEUTERER	8	8	Meuterer
MICKY	5	8	Micky
MIKRO	5	8	Mikro
MIKROPHON	9	8	Mikrophon
MILCHMENGE	10	8	Milchmenge
MILDERE	7	8	mildere
MILDEREN	8	8	milderen
MINERALS	8	8	Minerals
MINIJOBS	8	8	Minijobs
MINIROCK	8	8	Minirock
MISCHPULT	9	8	Mischpult
MISSACHTEN	10	8	missachten
MISSTRAUTE	10	8	misstraute
MISTRAL	7	8	Mistral
MITTAETERN	10	8	Mittätern
MITTELKREIS	11	8	Mittelkreis
MIXER	5	8	Mixer
MOCHTEN	7	8	mochten
MOEBLIERT	9	8	möbliert
MOEWEN	6	8	Möwen
MOLKE	5	8	Molke
MONDLANDUNG	11	8	Mondlandung
MONOLITH	8	8	Monolith
MONSUN	6	8	Monsun
MORAST	6	8	Morast
MORDANKLAGE	11	8	Mordanklage
MORDSERIE	9	8	Mordserie
MOSLEM	6	8	Moslem
MOTEL	5	8	Motel
MUEHEVOLLER	11	8	mühevoller
MUEHLSTEINE	11	8	Mühlsteine
MUEHSAMES	9	8	mühsames
MUENCHNERIN	11	8	Münchnerin
MUENCHNERN	10	8	Münchnern
MUENDEL	7	8	Mündel
MUENZFUNDE	10	8	Münzfunde
MUESLI	6	8	Müsli
MUNTERE	7	8	muntere
MUSEUMSBAHN	11	8	Museumsbahn
MUSIKKULTUR	11	8	Musikkultur
MUSKULOES	9	8	muskulös
MUSLIMISCH	10	8	muslimisch
MUTWILLIG	9	8	mutwillig
MYSTISCHER	10	8	mystischer
NACHFOLGEN	10	8	nachfolgen
NACHGANG	8	8	Nachgang
NACHLIESS	9	8	nachließ
NACHMITTAGE	11	8	Nachmittage
NACHSUCHE	9	8	Nachsuche
NACHTHEMD	9	8	Nachthemd
NACHZUEGLER	11	8	Nachzügler
NACKTHEIT	9	8	Nacktheit
NAHTE	5	8	nahte
NAMENSRECHT	11	8	Namensrecht
NAMENTLICHE	11	8	namentliche
NASHOERNER	10	8	Nashörner
NATURPARKS	10	8	Naturparks
NEBENFACH	9	8	Nebenfach
NEBENKLAGE	10	8	Nebenklage
NEBENKRONE	10	8	Nebenkrone
NECKARS	7	8	Neckars
NEIDER	6	8	Neider
NEIGTEN	7	8	neigten
NENNENSWERT	11	8	nennenswert
NEOLIBERALE	11	8	neoliberale
NESTES	6	8	Nestes
NEUAUFNAHME	11	8	Neuaufnahme
NEUHAUSER	9	8	Neuhauser
NEUKAUF	7	8	Neukauf
NICKERCHEN	10	8	Nickerchen
NOBLEN	6	8	noblen
NOCHEINMAL	10	8	nocheinmal
NOCKEN	6	8	Nocken
NOCKENWELLE	11	8	Nockenwelle
NORDFLANKE	10	8	Nordflanke
NORDKURVE	9	8	Nordkurve
NORDMAUER	9	8	Nordmauer
NORDPORTAL	10	8	Nordportal
NOTAUSGANG	10	8	Notausgang
NOTBREMSUNG	11	8	Notbremsung
NOTDURFT	8	8	Notdurft
NOVELLIERT	10	8	novelliert
NUMERUS	7	8	Numerus
NUNTIUS	7	8	Nuntius
OASEN	5	8	Oasen
OBERARME	8	8	Oberarme
OBERKIRCHE	10	8	Oberkirche
OBJEKTIVER	10	8	objektiver
OBSERVIERT	10	8	observiert
OBSESSION	9	8	Obsession
OBSTBAUERN	10	8	Obstbauern
OBSTGARTEN	10	8	Obstgarten
OBSTSALAT	9	8	Obstsalat
OEHRINGER	9	8	Öhringer
OEKOBILANZ	10	8	Ökobilanz
OELKONZERN	10	8	Ölkonzern
OELMUEHLE	9	8	Ölmühle
OELWECHSEL	10	8	Ölwechsel
OFFENSIVER	10	8	offensiver
OFFERIEREN	10	8	offerieren
OFFSET	6	8	Offset
OKULAR	6	8	Okular
OLYMPUS	7	8	Olympus
OMAHA	5	8	Omaha
OPTIKER	7	8	Optiker
OPTIONALEN	10	8	optionalen
ORATORIEN	9	8	Oratorien
ORBITER	7	8	Orbiter
ORDENSBAND	10	8	Ordensband
ORDERBUCH	9	8	Orderbuch
ORDERS	6	8	Orders
ORIENTS	7	8	Orients
ORNAMENT	8	8	Ornament
ORTSCHRONIK	11	8	Ortschronik
OSTCHOR	7	8	Ostchor
OSTSEERAUM	10	8	Ostseeraum
OUTFITS	7	8	Outfits
OXIDIERT	8	8	oxidiert
PAARIG	6	8	paarig
PAARS	5	8	Paars
PAKISTANER	10	8	Pakistaner
PALISADE	8	8	Palisade
PALMSONNTAG	11	8	Palmsonntag
PANAMERA	8	8	Panamera
PARAGRAFEN	10	8	Paragrafen
PARIERT	7	8	pariert
PARKDECK	8	8	Parkdeck
PARODIEN	8	8	Parodien
PARODIERT	9	8	parodiert
PARQUE	6	8	Parque
PARTEICHEFS	11	8	Parteichefs
PARTENOPE	9	8	Partenope
PARTITUREN	10	8	Partituren
PARTIZIP	8	8	Partizip
PATINA	6	8	Patina
PATRES	6	8	Patres
PATRIOTS	8	8	Patriots
PATSCHE	7	8	Patsche
PAUSANIAS	9	8	Pausanias
PAUSENPFIFF	11	8	Pausenpfiff
PAUSENTEE	9	8	Pausentee
PAZIFISTEN	10	8	Pazifisten
PEAKS	5	8	Peaks
PEGELSTAND	10	8	Pegelstand
PELOPONNES	10	8	Peloponnes
PERIPHERE	9	8	periphere
PERTH	5	8	Perth
PERUANER	8	8	Peruaner
PESOS	5	8	Pesos
PETERMANN	9	8	Petermann
PETROLEUM	9	8	Petroleum
PFLANZTE	8	8	pflanzte
PFLANZUNGEN	11	8	Pflanzungen
PFLEGEKASSE	11	8	Pflegekasse
PFLICHTET	9	8	pflichtet
PFRUENDEN	9	8	Pfründen
PHAENOTYP	9	8	Phänotyp
PHARISAEER	10	8	Pharisäer
PHYSISCHES	10	8	physisches
PILOTANLAGE	11	8	Pilotanlage
PILOTFOLGE	10	8	Pilotfolge
PITCHER	7	8	Pitcher
PLAGIAT	7	8	Plagiat
PLAGTEN	7	8	plagten
PLATZTEN	8	8	platzten
PLAYLIST	8	8	Playlist
PLEITEWELLE	11	8	Pleitewelle
PLUENDERTE	10	8	plünderte
POKALRUNDE	10	8	Pokalrunde
POKERSPIEL	10	8	Pokerspiel
POLARKREIS	10	8	Polarkreis
POLARSTERN	10	8	Polarstern
POLIKLINIK	10	8	Poliklinik
POLYGONALE	10	8	polygonale
POPKOMM	7	8	Popkomm
PORNOGRAFIE	11	8	Pornografie
POSTFILIALE	11	8	Postfiliale
PRAECHTIGES	11	8	prächtiges
PRAEFERIERT	11	8	präferiert
PRAEGNANTE	10	8	prägnante
PRAELAT	7	8	Prälat
PRAESENS	8	8	Präsens
PRALLE	6	8	pralle
PRANGTE	7	8	prangte
PRECISION	9	8	Precision
PREISINDEX	10	8	Preisindex
PREISKRIEG	10	8	Preiskrieg
PRESSTE	7	8	presste
PRIMITIVER	10	8	primitiver
PRIMZAHL	8	8	Primzahl
PRINZENPAAR	11	8	Prinzenpaar
PRISMA	6	8	Prisma
PROJEKTOREN	11	8	Projektoren
PROJEKTTEAM	11	8	Projektteam
PROPAGIEREN	11	8	propagieren
PROREKTOR	9	8	Prorektor
PROTESTES	9	8	Protestes
PROTESTLER	10	8	Protestler
PROZENTZAHL	11	8	Prozentzahl
PROZESSORS	10	8	Prozessors
PRUEFLINGE	10	8	Prüflinge
PRUEFZIFFER	11	8	Prüfziffer
PRUNKVOLLE	10	8	prunkvolle
PUDEL	5	8	Pudel
PULSIERT	8	8	pulsiert
PUNKROCK	8	8	Punkrock
PUNKTGENAU	10	8	punktgenau
PUSTETE	7	8	pustete
QUARKS	6	8	Quarks
QUARTERBACK	11	8	Quarterback
QUELLCODES	10	8	Quellcodes
QUERLINIEN	10	8	Querlinien
QUERSTRASSE	11	8	Querstraße
QUERTRAEGER	11	8	Querträger
RADIERUNG	9	8	Radierung
RADVERKEHR	10	8	Radverkehr
RAETSELT	8	8	rätselt
RAJONS	6	8	Rajons
RAMPONIERT	10	8	ramponiert
RAPIDEN	7	8	rapiden
RASANTEM	8	8	rasantem
RASANTES	8	8	rasantes
RASENMAEHER	11	8	Rasenmäher
RASEREI	7	8	Raserei
RATINGER	8	8	Ratinger
RATZEBURGER	11	8	Ratzeburger
RAUBRITTER	10	8	Raubritter
RAUBTEN	7	8	raubten
RAUBZUG	7	8	Raubzug
REBELLIERT	10	8	rebelliert
RECHTECKE	9	8	Rechtecke
RECHTSKRAFT	11	8	Rechtskraft
REDENSART	9	8	Redensart
REDEST	6	8	redest
REDUNDANT	9	8	redundant
REFERIERTE	10	8	referierte
REGENGUSS	9	8	Regenguss
REGENMENGE	10	8	Regenmenge
REGENSCHIRM	11	8	Regenschirm
REGIEARBEIT	11	8	Regiearbeit
REGIONALZUG	11	8	Regionalzug
REGULAR	7	8	Regular
REICHWEITEN	11	8	Reichweiten
REIFENS	7	8	Reifens
REIFTE	6	8	reifte
REIHTEN	7	8	reihten
REIHUNG	7	8	Reihung
REINIGTE	8	8	reinigte
REISEROUTE	10	8	Reiseroute
REISEZEITEN	11	8	Reisezeiten
REIZGAS	7	8	Reizgas
REIZTE	6	8	reizte
REMINISZENZ	11	8	Reminiszenz
RENNRAD	7	8	Rennrad
RENNSTEIG	9	8	Rennsteig
RENNTAG	7	8	Renntag
RENNWEG	7	8	Rennweg
REPORTERS	9	8	Reporters
REPUBLIKEN	10	8	Republiken
RESERVATEN	10	8	Reservaten
RESERVERAD	10	8	Reserverad
RESONANZEN	10	8	Resonanzen
RESORTS	7	8	Resorts
RESOURCEN	9	8	Resourcen
RESTART	7	8	Restart
RESTPOSTEN	10	8	Restposten
RETINA	6	8	Retina
RETTERN	7	8	Rettern
REZENSENTEN	11	8	Rezensenten
RHABARBER	9	8	Rhabarber
RHEINUFER	9	8	Rheinufer
RHONE	5	8	Rhone
RICHTIGEM	9	8	richtigem
RICHTSCHNUR	11	8	Richtschnur
RICHTWERT	9	8	Richtwert
RIEGELT	7	8	riegelt
RIEGELTE	8	8	riegelte
RIETEN	6	8	rieten
RIFFS	5	8	Riffs
RISKIERTE	9	8	riskierte
RITTERKREUZ	11	8	Ritterkreuz
RITUALS	7	8	Rituals
ROADS	5	8	Roads
ROHLING	7	8	Rohling
ROHLINGE	8	8	Rohlinge
ROHMATERIAL	11	8	Rohmaterial
ROTARMISTEN	11	8	Rotarmisten
ROTARY	6	8	Rotary
ROUTING	7	8	Routing
RUCKSAECKEN	11	8	Rucksäcken
RUDERBOOT	9	8	Ruderboot
RUECKHAND	9	8	Rückhand
RUECKSITZEN	11	8	Rücksitzen
RUECKSTOSS	10	8	Rückstoß
RUHEPAUSEN	10	8	Ruhepausen
RUINOESE	8	8	ruinöse
RUMMELPLATZ	11	8	Rummelplatz
RUNDFLUG	8	8	Rundflug
RUNDLICHE	9	8	rundliche
RUNDTURM	8	8	Rundturm
RUNEN	5	8	Runen
RUSTIKALE	9	8	rustikale
RUTEN	5	8	Ruten
RYDER	5	8	Ryder
SABINA	6	8	Sabina
SACHLICHER	10	8	sachlicher
SACKS	5	8	Sacks
SAEKULAREN	10	8	säkularen
SAEMLINGE	9	8	Sämlinge
SAKRALBAU	9	8	Sakralbau
SAMENLEITER	11	8	Samenleiter
SAMMLERWERT	11	8	Sammlerwert
SAMTIG	6	8	samtig
SANKTION	8	8	Sanktion
SARKASMUS	9	8	Sarkasmus
SCHAEBIG	8	8	schäbig
SCHAEME	7	8	schäme
SCHAFSTALL	10	8	Schafstall
SCHALTPLAN	10	8	Schaltplan
SCHAMANE	8	8	Schamane
SCHAUMIG	8	8	schaumig
SCHAUTAFEL	10	8	Schautafel
SCHINDELN	9	8	Schindeln
SCHIZOPHREN	11	8	schizophren
SCHLACHTUNG	11	8	Schlachtung
SCHLAFLABOR	11	8	Schlaflabor
SCHLAFWAGEN	11	8	Schlafwagen
SCHLEI	6	8	Schlei
SCHLINGEN	9	8	Schlingen
SCHLIPS	7	8	Schlips
SCHLITZE	8	8	Schlitze
SCHLITZEN	9	8	Schlitzen
SCHLUEMPFE	10	8	Schlümpfe
SCHLUEPFTE	10	8	schlüpfte
SCHLUMMERN	10	8	schlummern
SCHMAROTZER	11	8	Schmarotzer
SCHMELZ	7	8	Schmelz
SCHMERZES	9	8	Schmerzes
SCHMERZTE	9	8	schmerzte
SCHMIEDET	9	8	schmiedet
SCHMIERUNG	10	8	Schmierung
SCHMOREN	8	8	schmoren
SCHMUCKE	8	8	schmucke
SCHMUCKEN	9	8	schmucken
SCHMUECKTEN	11	8	schmückten
SCHNEES	7	8	Schnees
SCHNELLT	8	8	schnellt
SCHNIPPCHEN	11	8	Schnippchen
SCHNURRBART	11	8	Schnurrbart
SCHOCKIEREN	11	8	schockieren
SCHOLLE	7	8	Scholle
SCHRIFTART	10	8	Schriftart
SCHROFFE	8	8	schroffe
SCHRUMPFUNG	11	8	Schrumpfung
SCHUETTUNG	10	8	Schüttung
SCHULARTEN	10	8	Schularten
SCHULBAND	9	8	Schulband
SCHULBUSSE	10	8	Schulbusse
SCHULGARTEN	11	8	Schulgarten
SCHULISCHER	11	8	schulischer
SCHULVEREIN	11	8	Schulverein
SCHUTZGELD	10	8	Schutzgeld
SCHUTZHELM	10	8	Schutzhelm
SCHUTZZONE	10	8	Schutzzone
SCHUTZZWECK	11	8	Schutzzweck
SCHWANKENDE	11	8	schwankende
SCHWEISSEN	10	8	Schweißen
SCHWINGE	8	8	Schwinge
SEARS	5	8	Sears
SEDIMENT	8	8	Sediment
SEEHUNDE	8	8	Seehunde
SEESCHLACHT	11	8	Seeschlacht
SEGELBOOT	9	8	Segelboot
SEIFENOPER	10	8	Seifenoper
SEITENZAHL	10	8	Seitenzahl
SEITLICHES	10	8	seitliches
SENDEGEBIET	11	8	Sendegebiet
SENDEREIHE	10	8	Sendereihe
SENIORINNEN	11	8	Seniorinnen
SENSIBLES	9	8	sensibles
SENSORIK	8	8	Sensorik
SEQUENZER	9	8	Sequenzer
SERVIETTE	9	8	Serviette
SETLIST	7	8	Setlist
SEUFZTE	7	8	seufzte
SEXUELLEM	9	8	sexuellem
SHARKS	6	8	Sharks
SHENZHEN	8	8	Shenzhen
SHERIFFS	8	8	Sheriffs
SIEGBURGER	10	8	Siegburger
SIEGENER	8	8	Siegener
SIEGPUNKTE	10	8	Siegpunkte
SIGMA	5	8	Sigma
SILBRIG	7	8	silbrig
SIMPLER	7	8	simpler
SITZORDNUNG	11	8	Sitzordnung
SKALPELL	8	8	Skalpell
SKANDALS	8	8	Skandals
SKIGEBIETEN	11	8	Skigebieten
SKILAUF	7	8	Skilauf
SKISAISON	9	8	Skisaison
SKIURLAUB	9	8	Skiurlaub
SKYLINERS	9	8	Skyliners
SLAWISCHER	10	8	slawischer
SLOGANS	7	8	Slogans
SOCKELS	7	8	Sockels
SOLOALBEN	9	8	Soloalben
SOLOTHURNER	11	8	Solothurner
SOMMERHITZE	11	8	Sommerhitze
SONATE	6	8	Sonate
SONDERLING	10	8	Sonderling
SONNENBAD	9	8	Sonnenbad
SONNENSEGEL	11	8	Sonnensegel
SORBISCHER	10	8	sorbischer
SOWJETARMEE	11	8	Sowjetarmee
SOWJETZEIT	10	8	Sowjetzeit
SPAENE	6	8	Späne
SPAETGOTIK	10	8	Spätgotik
SPALTETEN	9	8	spalteten
SPANISCHES	10	8	spanisches
SPARSCHWEIN	11	8	Sparschwein
SPARTANER	9	8	Spartaner
SPASSFAKTOR	11	8	Spaßfaktor
SPECHTE	7	8	Spechte
SPEERS	6	8	Speers
SPEICHERS	9	8	Speichers
SPEKTAKELS	10	8	Spektakels
SPEKTRUMS	9	8	Spektrums
SPERBER	7	8	Sperber
SPERRZEITEN	11	8	Sperrzeiten
SPESSART	8	8	Spessart
SPIEGELS	8	8	Spiegels
SPIELGERAET	11	8	Spielgerät
SPIELPLAENE	11	8	Spielpläne
SPIELZEUGE	10	8	Spielzeuge
SPIELZUEGE	10	8	Spielzüge
SPITAELERN	10	8	Spitälern
SPITZBOEGEN	11	8	Spitzbögen
SPITZBOGEN	10	8	Spitzbogen
SPOETTER	8	8	Spötter
SPONSERT	8	8	sponsert
SPORTCHEF	9	8	Sportchef
SPORTLERS	9	8	Sportlers
SPRACHLABOR	11	8	Sprachlabor
SPRAYER	7	8	Sprayer
SPRINGENDE	10	8	springende
SPROSSACHSE	11	8	Sprossachse
SPRUEHT	7	8	sprüht
STAATSRATES	11	8	Staatsrates
STAATSRATS	10	8	Staatsrats
STADTGARTEN	11	8	Stadtgarten
STADTRAUM	9	8	Stadtraum
STADTSPITZE	11	8	Stadtspitze
STADTUMBAU	10	8	Stadtumbau
STAEDTER	8	8	Städter
STAENGELN	9	8	Stängeln
STAHLBAU	8	8	Stahlbau
STAHLHELM	9	8	Stahlhelm
STALKER	7	8	Stalker
STAMMWERK	9	8	Stammwerk
STANDARTE	9	8	Standarte
STANK	5	8	stank
STARTFELD	9	8	Startfeld
STARTSIGNAL	11	8	Startsignal
STATISCHER	10	8	statischer
STATUSZEILE	11	8	Statuszeile
STAUBIGE	8	8	staubige
STAUDAEMME	10	8	Staudämme
STAUDAMMS	9	8	Staudamms
STAUNAESSE	10	8	Staunässe
STAVANGER	9	8	Stavanger
STEHN	5	8	stehn
STEILSTEN	9	8	steilsten
STEINBRUCHS	11	8	Steinbruchs
STEINHAUFEN	11	8	Steinhaufen
STEINIGE	8	8	steinige
STEINKIRCHE	11	8	Steinkirche
STEINPLATTE	11	8	Steinplatte
STELLWERKE	10	8	Stellwerke
STEPPEN	7	8	Steppen
STERIL	6	8	steril
STERILEN	8	8	sterilen
STETER	6	8	steter
STETTINER	9	8	Stettiner
STEUERFREIE	11	8	steuerfreie
STEUERGELD	10	8	Steuergeld
STEUERQUOTE	11	8	Steuerquote
STEYRER	7	8	Steyrer
STICHWUNDEN	11	8	Stichwunden
STIFTERS	8	8	Stifters
STILVOLLEN	10	8	stilvollen
STIMMRECHTE	11	8	Stimmrechte
STOLPER	7	8	Stolper
STOTTERT	8	8	stottert
STRAFRECHTS	11	8	Strafrechts
STRANDES	8	8	Strandes
STRAPAZIERT	11	8	strapaziert
STREITBARE	10	8	streitbare
STREITIG	8	8	streitig
STRENGEREN	10	8	strengeren
STROMFLUSS	10	8	Stromfluss
STROMKUNDEN	11	8	Stromkunden
STROMMASTEN	11	8	Strommasten
STUDIERE	8	8	studiere
STUECKPREIS	11	8	Stückpreis
STUENDLICHE	11	8	stündliche
STUHLGANG	9	8	Stuhlgang
STURMES	7	8	Sturmes
SUBJEKTE	8	8	Subjekte
SUBJEKTIVER	11	8	subjektiver
SUBSTRATE	9	8	Substrate
SUEDINSEL	9	8	Südinsel
SUEDKURVE	9	8	Südkurve
SUEDRING	8	8	Südring
SUEMPFE	7	8	Sümpfe
SUGGERIEREN	11	8	suggerieren
SUJETS	6	8	Sujets
SUMPFGEBIET	11	8	Sumpfgebiet
SUMPFIGE	8	8	sumpfige
SUPERGUT	8	8	supergut
SYNDIKAT	8	8	Syndikat
TABLETT	7	8	Tablett
TABUISIERT	10	8	tabuisiert
TAETIGES	8	8	tätiges
TAEUBLING	9	8	Täubling
TAGAKTIVEN	10	8	tagaktiven
TAGESSAETZE	11	8	Tagessätze
TALMULDE	8	8	Talmulde
TAMILISCHE	10	8	tamilische
TANGA	5	8	Tanga
TANKWART	8	8	Tankwart
TANZGRUPPEN	11	8	Tanzgruppen
TANZKURS	8	8	Tanzkurs
TANZSTUDIO	10	8	Tanzstudio
TAROT	5	8	Tarot
TATORTS	7	8	Tatorts
TAUCHGANG	9	8	Tauchgang
TAUMELT	7	8	taumelt
TAURUS	6	8	Taurus
TAUSENDMAL	10	8	tausendmal
TEDDYBAEREN	11	8	Teddybären
TEENIES	7	8	Teenies
TEESTUBE	8	8	Teestube
TEILER	6	8	Teiler
TEILFLAECHE	11	8	Teilfläche
TELES	5	8	Teles
TELLERS	7	8	Tellers
TENDIERE	8	8	tendiere
TENTAKELN	9	8	Tentakeln
TEPPICHS	8	8	Teppichs
TERMINS	7	8	Termins
TESTETEN	8	8	testeten
TEUFLISCH	9	8	teuflisch
TEUREREN	8	8	teureren
TEXTSTELLEN	11	8	Textstellen
THEMENPARK	10	8	Themenpark
THERMISCHER	11	8	thermischer
TIEFFLUG	8	8	Tiefflug
TIERHEIME	9	8	Tierheime
TIERHEIMS	9	8	Tierheims
TIERPARKS	9	8	Tierparks
TIERVERSUCH	11	8	Tierversuch
TIPPFEHLER	10	8	Tippfehler
TITANS	6	8	Titans
TITELFIGUR	10	8	Titelfigur
TOBTEN	6	8	tobten
TODESSTOSS	10	8	Todesstoß
TOLERANTER	10	8	toleranter
TOLLHAUS	8	8	Tollhaus
TONES	5	8	Tones
TONLAGEN	8	8	Tonlagen
TORAUSBEUTE	11	8	Torausbeute
TORGEFAHR	9	8	Torgefahr
TORMANN	7	8	Tormann
TORTENBODEN	11	8	Tortenboden
TORTUERME	9	8	Tortürme
TOTALITAET	10	8	Totalität
TOTENREICH	10	8	Totenreich
TOURTEN	7	8	tourten
TOXISCHE	8	8	toxische
TRAEFE	6	8	träfe
TRAGBAR	7	8	tragbar
TRAGKRAFT	9	8	Tragkraft
TRAGSTEINE	10	8	Tragsteine
TRAINERTEAM	11	8	Trainerteam
TRAKTUR	7	8	Traktur
TRANCHEN	8	8	Tranchen
TRANSPORTES	11	8	Transportes
TRAUMHAUS	9	8	Traumhaus
TRAUMURLAUB	11	8	Traumurlaub
TRAUN	5	8	Traun
TREFFENDE	9	8	treffende
TREFFENDER	10	8	treffender
TREPPCHEN	9	8	Treppchen
TREUHAND	8	8	Treuhand
TRIBUNE	7	8	Tribune
TRIEBWERKEN	11	8	Triebwerken
TRIPS	5	8	Trips
TRISTEN	7	8	tristen
TRISTESSE	9	8	Tristesse
TRIUMPHE	8	8	Triumphe
TROESTLICH	10	8	tröstlich
TRUNKSUCHT	10	8	Trunksucht
TUERKIN	7	8	Türkin
TURNERINNEN	11	8	Turnerinnen
TURNIERES	9	8	Turnieres
TUTOR	5	8	Tutor
TUTORIUM	8	8	Tutorium
TUTSI	5	8	Tutsi
TYRANNEI	8	8	Tyrannei
UEBERBAUUNG	11	8	Überbauung
UEBERBELEGT	11	8	überbelegt
UEBERFLOGEN	11	8	überflogen
UEBERFUHR	9	8	überfuhr
UEBERLEGE	9	8	überlege
UEBERREST	9	8	Überrest
UEBERSANDT	10	8	übersandt
UEBERSPRANG	11	8	übersprang
UEPPIGES	8	8	üppiges
UMBRUECHE	9	8	Umbrüche
UMFELDS	7	8	Umfelds
UMFORMUNG	9	8	Umformung
UMGANGSTON	10	8	Umgangston
UMGEBAUTER	10	8	umgebauter
UMGEBENE	8	8	umgebene
UMGEBENEN	9	8	umgebenen
UMGEGEND	8	8	Umgegend
UMGEHAENGT	10	8	umgehängt
UMGENUTZT	9	8	umgenutzt
UMGEWAELZT	10	8	umgewälzt
UMLAEUFE	8	8	Umläufe
UMLAUFENDES	11	8	umlaufendes
UMRINGT	7	8	umringt
UMSCHLOSS	9	8	umschloss
UMSCHULDUNG	11	8	Umschuldung
UMSETZTE	8	8	umsetzte
UMSORGT	7	8	umsorgt
UMWORBEN	8	8	umworben
UMZAEUNTEN	10	8	umzäunten
UNANNEHMBAR	11	8	unannehmbar
UNBESIEDELT	11	8	unbesiedelt
UNDANKBAR	9	8	undankbar
UNEINHOLBAR	11	8	uneinholbar
UNGEAHNTEN	10	8	ungeahnten
UNGERECHTE	10	8	ungerechte
UNGESTRAFT	10	8	ungestraft
UNGIFTIG	8	8	ungiftig
UNGLEICHER	10	8	ungleicher
UNIVERSIADE	11	8	Universiade
UNLIEBSAME	10	8	unliebsame
UNNAHBAR	8	8	unnahbar
UNSAUBER	8	8	unsauber
UNSINNIGE	9	8	unsinnige
UNSRE	5	8	unsre
UNTERBEZIRK	11	8	Unterbezirk
UNTERBINDET	11	8	unterbindet
UNTERKANTE	10	8	Unterkante
UNTERMENUES	11	8	Untermenüs
UNTERMIETER	11	8	Untermieter
UNTERSEE	8	8	Untersee
UNTERSTUEZT	11	8	unterstüzt
UNUEBLICHE	10	8	unübliche
UNVERHOHLEN	11	8	unverhohlen
UNWISSEND	9	8	unwissend
UPGRADES	8	8	Upgrades
URINPROBE	9	8	Urinprobe
USURPATOR	9	8	Usurpator
VAKANZ	6	8	Vakanz
VALIDIERT	9	8	validiert
VALIDIERUNG	11	8	Validierung
VALIDITAET	10	8	Validität
VATERSTADT	10	8	Vaterstadt
VEHEMENZ	8	8	Vehemenz
VERARSCHT	9	8	verarscht
VERBEUGUNG	10	8	Verbeugung
VERBILLIGEN	11	8	verbilligen
VERBREITERN	11	8	verbreitern
VERBRIEFT	9	8	verbrieft
VERDICHTETE	11	8	verdichtete
VEREHRTER	9	8	verehrter
VERFUELLUNG	11	8	Verfüllung
VERGNUEGT	9	8	vergnügt
VERGOREN	8	8	vergoren
VERHALLT	8	8	verhallt
VERHALTENEN	11	8	verhaltenen
VERITABLEN	10	8	veritablen
VERLEGERS	9	8	Verlegers
VERLETZEND	10	8	verletzend
VERLEUGNET	10	8	verleugnet
VERMAEHLT	9	8	vermählt
VERMAEHLUNG	11	8	Vermählung
VERMERKTE	9	8	vermerkte
VERMOEGEND	10	8	vermögend
VERORDNEN	9	8	verordnen
VERORTET	8	8	verortet
VERPUFFUNG	10	8	Verpuffung
VERRATS	7	8	Verrats
VERRAUCHT	9	8	verraucht
VERSAEUMTE	10	8	versäumte
VERSANKEN	9	8	versanken
VERSCHAERFE	11	8	verschärfe
VERSCHICKTE	11	8	verschickte
VERSCHOBENE	11	8	verschobene
VERSCHRIEB	10	8	verschrieb
VERSCHWIEG	10	8	verschwieg
VERSIEGT	8	8	versiegt
VERSTAERKE	10	8	verstärke
VERSTANDES	10	8	Verstandes
VERSTECKTER	11	8	versteckter
VERSTIMMUNG	11	8	Verstimmung
VERTIEFTEN	10	8	vertieften
VERTONTE	8	8	vertonte
VERTRACKT	9	8	vertrackt
VERUEBTEN	9	8	verübten
VERWEIGERER	11	8	Verweigerer
VERWEILT	8	8	verweilt
VERWERFEN	9	8	verwerfen
VERWIRRTEN	10	8	verwirrten
VERZEICHNE	10	8	verzeichne
VIERECK	7	8	Viereck
VIETNAMESE	10	8	Vietnamese
VIKARIAT	8	8	Vikariat
VIRTUOS	7	8	virtuos
VOGUE	5	8	Vogue
VOLIERE	7	8	Voliere
VOLKSBUND	9	8	Volksbund
VOLLZAEHLIG	11	8	vollzählig
VOLUMINOESE	11	8	voluminöse
VORBESITZER	11	8	Vorbesitzer
VORDERFRONT	11	8	Vorderfront
VORDERHAUS	10	8	Vorderhaus
VORFAHR	7	8	Vorfahr
VORGENANNTE	11	8	vorgenannte
VORGIPFEL	9	8	Vorgipfel
VORNAHM	7	8	vornahm
VORSCHLUG	9	8	vorschlug
VORSCHULE	9	8	Vorschule
VORSPANNUNG	11	8	Vorspannung
VORSTAEDTEN	11	8	Vorstädten
VORTRAGES	9	8	Vortrages
VORWERFEN	9	8	vorwerfen
VULKANIER	9	8	Vulkanier
WAAGRECHTEN	11	8	waagrechten
WABEN	5	8	Waben
WACHKOMA	8	8	Wachkoma
WAEHLBAREN	10	8	wählbaren
WAERMENDE	9	8	wärmende
WAERMSTEN	9	8	wärmsten
WAGENBURG	9	8	Wagenburg
WAGENHALLE	10	8	Wagenhalle
WAHLSYSTEM	10	8	Wahlsystem
WAHRNAHM	8	8	wahrnahm
WAHRNIMMT	9	8	wahrnimmt
WAHRSAGER	9	8	Wahrsager
WAHRT	5	8	wahrt
WALDBODEN	9	8	Waldboden
WALISER	7	8	Waliser
WALLANLAGE	10	8	Wallanlage
WANDBILD	8	8	Wandbild
WANGENER	8	8	Wangener
WARENWERT	9	8	Warenwert
WARRIORS	8	8	Warriors
WASEN	5	8	Wasen
WEBRING	7	8	Webring
WECHSELS	8	8	Wechsels
WEDEMARK	8	8	Wedemark
WEGGEBRACHT	11	8	weggebracht
WEGGELAUFEN	11	8	weggelaufen
WEICHTEILE	10	8	Weichteile
WEINLESE	8	8	Weinlese
WEINSTOCK	9	8	Weinstock
WEINSTRASSE	11	8	Weinstraße
WEISSLICHER	11	8	weißlicher
WEISSRUSSEN	11	8	Weißrussen
WEITBLICK	9	8	Weitblick
WELTFREMD	9	8	weltfremd
WELTKARTE	9	8	Weltkarte
WELTRAUMS	9	8	Weltraums
WERBEVERBOT	11	8	Werbeverbot
WERKSTOFFS	10	8	Werkstoffs
WESENSTEST	10	8	Wesenstest
WESTGIEBEL	10	8	Westgiebel
WETTERDATEN	11	8	Wetterdaten
WETTERFESTE	11	8	wetterfeste
WETTERT	7	8	wettert
WETTRUESTEN	11	8	Wettrüsten
WETTSKANDAL	11	8	Wettskandal
WHISTLER	8	8	Whistler
WICHTIGEM	9	8	wichtigem
WIDERKLAGE	10	8	Widerklage
WIDERLEGUNG	11	8	Widerlegung
WIENERIN	8	8	Wienerin
WILDGEHEGE	10	8	Wildgehege
WILDWASSER	10	8	Wildwasser
WINDEL	6	8	Windel
WINDKANAL	9	8	Windkanal
WIRKSAMSTE	10	8	wirksamste
WIRTSLEUTE	10	8	Wirtsleute
WISCHTE	7	8	wischte
WISSEND	7	8	wissend
WOCHENLANGE	11	8	wochenlange
WOHLSTANDES	11	8	Wohlstandes
WOHLTAT	7	8	Wohltat
WOHLTATEN	9	8	Wohltaten
WOHNHAFT	8	8	wohnhaft
WOLLIG	6	8	wollig
WORCESTER	9	8	Worcester
WORKAHOLIC	10	8	Workaholic
WORKSTATION	11	8	Workstation
WORTREICH	9	8	wortreich
WORTSINN	8	8	Wortsinn
WORTSPIEL	9	8	Wortspiel
WORTWECHSEL	11	8	Wortwechsel
WUERD	5	8	würd
WUERSTE	7	8	Würste
WUERZIG	7	8	würzig
WUNDERTUETE	11	8	Wundertüte
WURSTER	7	8	Wurster
YUKON	5	8	Yukon
ZAEHLWEISE	10	8	Zählweise
ZAHMEN	6	8	zahmen
ZAUBERWELT	10	8	Zauberwelt
ZAUNES	6	8	Zaunes
ZEIGERN	7	8	Zeigern
ZEITANGABEN	11	8	Zeitangaben
ZEITEINHEIT	11	8	Zeiteinheit
ZEITREISEN	10	8	Zeitreisen
ZEITSPANNEN	11	8	Zeitspannen
ZEITWERT	8	8	Zeitwert
ZELLWAND	8	8	Zellwand
ZENTRALORT	10	8	Zentralort
ZERDRUECKEN	11	8	zerdrücken
ZERKRATZT	9	8	zerkratzt
ZERRISS	7	8	zerriss
ZERRTE	6	8	zerrte
ZIELMARKE	9	8	Zielmarke
ZIMMERER	8	8	Zimmerer
ZINSLAST	8	8	Zinslast
ZIONISMUS	9	8	Zionismus
ZIPFELN	7	8	Zipfeln
ZIRKUSZELT	10	8	Zirkuszelt
ZITTAUER	8	8	Zittauer
ZIVILSENAT	10	8	Zivilsenat
ZOCKER	6	8	Zocker
ZUECHTET	8	8	züchtet
ZUENDE	6	8	zuende
ZUERICHER	9	8	Züricher
ZUFUHR	6	8	Zufuhr
ZUGEBILLIGT	11	8	zugebilligt
ZUGEKOMMEN	10	8	zugekommen
ZUGELOST	8	8	zugelost
ZUGESENDET	10	8	zugesendet
ZUGVOGEL	8	8	Zugvogel
ZUNGEN	6	8	Zungen
ZURCK	5	8	zurck
ZUSICHERUNG	11	8	Zusicherung
ZUSTEHENDEN	11	8	zustehenden
ZUTRAULICH	10	8	zutraulich
ZUWENDEN	8	8	zuwenden
ZWEIEN	6	8	zweien
ZWEIJOCHIGE	11	8	zweijochige
ZWEIMALIGE	10	8	zweimalige
ZWEISPURIG	10	8	zweispurig
ZWEITBESTER	11	8	zweitbester
ZWEITEILER	10	8	Zweiteiler
ZWINGENDEN	10	8	zwingenden
ZYKLON	6	8	Zyklon
ZYLINDERS	9	8	Zylinders
ZYNIKER	7	8	Zyniker
ABBAUS	6	7	Abbaus
ABBRINGEN	9	7	abbringen
ABENDESSENS	11	7	Abendessens
ABENDLANDES	11	7	Abendlandes
ABFALLS	7	7	Abfalls
ABGEGRIFFEN	11	7	abgegriffen
ABGEHAENGTE	11	7	abgehängte
ABGEKLEMMT	10	7	abgeklemmt
ABGEMAGERT	10	7	abgemagert
ABGEORDNET	10	7	abgeordnet
ABGERUESTET	11	7	abgerüstet
ABGESAEGT	9	7	abgesägt
ABGESCHAUT	10	7	abgeschaut
ABGESESSEN	10	7	abgesessen
ABGEWINNEN	10	7	abgewinnen
ABHAELT	7	7	abhält
ABHIELT	7	7	abhielt
ABKASSIERT	10	7	abkassiert
ABKAUFEN	8	7	abkaufen
ABLEISTEN	9	7	ableisten
ABLOEST	7	7	ablöst
ABMISCHUNG	10	7	Abmischung
ABNEHMENDE	10	7	abnehmende
ABRUNDUNG	9	7	Abrundung
ABSAETZEN	9	7	Absätzen
ABSATZPLUS	10	7	Absatzplus
ABSENDERS	9	7	Absenders
ABSENDUNG	9	7	Absendung
ABSTIEGS	8	7	Abstiegs
ABSTOSS	7	7	Abstoß
ABSTOSSEND	10	7	abstoßend
ABWEICHT	8	7	abweicht
ABZOCKER	8	7	Abzocker
ABZUDECKEN	10	7	abzudecken
ABZUGS	6	7	Abzugs
ABZULEITEN	10	7	abzuleiten
ACCADEMIA	9	7	Accademia
ACCORD	6	7	Accord
ACHTEREN	8	7	achteren
ACHTES	6	7	achtes
ACKERS	6	7	Ackers
ADOPTIERTEN	11	7	adoptierten
ADVOKATEN	9	7	Advokaten
AECHZT	6	7	ächzt
AEHNELE	7	7	ähnele
AENEAS	6	7	Aeneas
AENGSTLICHE	11	7	ängstliche
AERGERE	7	7	ärgere
AERGERLICHE	11	7	ärgerliche
AERMELKANAL	11	7	Ärmelkanal
AERZTEHAUS	10	7	Ärztehaus
AERZTETAG	9	7	Ärztetag
AERZTETEAM	10	7	Ärzteteam
AERZTINNEN	10	7	Ärztinnen
AETZEND	7	7	ätzend
AETZENDE	8	7	ätzende
AFGHANE	7	7	Afghane
AFRIKANERN	10	7	Afrikanern
AGRARWENDE	10	7	Agrarwende
AKKUMULATOR	11	7	Akkumulator
AKQUIRIERT	10	7	akquiriert
AKTENORDNER	11	7	Aktenordner
AKTIENSPLIT	11	7	Aktiensplit
ALBUMCOVER	10	7	Albumcover
ALLWISSEND	10	7	allwissend
ALPENRAND	9	7	Alpenrand
ALPENREGION	11	7	Alpenregion
ALPENVEREIN	11	7	Alpenverein
ALPHABETS	9	7	Alphabets
ALSTER	6	7	Alster
ALTARKREUZ	10	7	Altarkreuz
ALTEHURE	8	7	altehure
ALTERSRENTE	11	7	Altersrente
ALTERTUMS	9	7	Altertums
ALTVOEGELN	10	7	Altvögeln
AMORTISIERT	11	7	amortisiert
AMPLITUDEN	10	7	Amplituden
AMTIEREN	8	7	amtieren
AMTSEID	7	7	Amtseid
ANBOTEN	7	7	anboten
ANDAECHTIG	10	7	andächtig
ANDAUERNDER	11	7	andauernder
ANDEUTET	8	7	andeutet
ANEIGNUNG	9	7	Aneignung
ANGEBAUTE	9	7	angebaute
ANGEDEUTETE	11	7	angedeutete
ANGEDRUECKT	11	7	angedrückt
ANGEHAENGTE	11	7	angehängte
ANGEKNACKST	11	7	angeknackst
ANGEKOPPELT	11	7	angekoppelt
ANGENAEHT	9	7	angenäht
ANGEPRIESEN	11	7	angepriesen
ANGESTAMMTE	11	7	angestammte
ANGESTIFTET	11	7	angestiftet
ANGEZAPFT	9	7	angezapft
ANGSTGEGNER	11	7	Angstgegner
ANHAELT	7	7	anhält
ANLAGEFORM	10	7	Anlageform
ANLEGTE	7	7	anlegte
ANLEGUNG	8	7	Anlegung
ANMELDER	8	7	Anmelder
ANMUTUNG	8	7	Anmutung
ANNEKTIERT	10	7	annektiert
ANNONCE	7	7	Annonce
ANNUAL	6	7	Annual
ANONYMES	8	7	anonymes
ANPFLANZUNG	11	7	Anpflanzung
ANREGTE	7	7	anregte
ANRUFERS	8	7	Anrufers
ANSEHENS	8	7	Ansehens
ANSPIELT	8	7	anspielt
ANSTEHEN	8	7	anstehen
ANSTOESSE	9	7	Anstöße
ANTWERPENER	11	7	Antwerpener
ANWAHL	6	7	Anwahl
ANWORT	6	7	Anwort
ANZUZIEHEN	10	7	anzuziehen
AORTA	5	7	Aorta
APACHEN	7	7	Apachen
APFELBAEUME	11	7	Apfelbäume
APRILSCHERZ	11	7	Aprilscherz
ARBEITSSTIL	11	7	Arbeitsstil
ARCHIVAR	8	7	Archivar
ARCHIVBILD	10	7	Archivbild
ARGLOS	6	7	arglos
ARLINGTON	9	7	Arlington
ARMBAND	7	7	Armband
ARMSELIGE	9	7	armselige
AROMATISCH	10	7	aromatisch
AROMATISCHE	11	7	aromatische
ARRETIERT	9	7	arretiert
ARTENREICH	10	7	artenreich
ASIENKRISE	10	7	Asienkrise
ASSISTIEREN	11	7	assistieren
ASTRONAUT	9	7	Astronaut
ASTROPHYSIK	11	7	Astrophysik
ASYLRECHT	9	7	Asylrecht
ASYMMETRIE	10	7	Asymmetrie
ATOMMACHT	9	7	Atommacht
ATOMMUELL	9	7	Atommüll
ATTITUEDE	9	7	Attitüde
AUFBAUENDE	10	7	aufbauende
AUFFIEL	7	7	auffiel
AUFGEDREHT	10	7	aufgedreht
AUFHIELTEN	10	7	aufhielten
AUFHOERTE	9	7	aufhörte
AUFLEHNUNG	10	7	Auflehnung
AUFLIEGER	9	7	Auflieger
AUFLIEGT	8	7	aufliegt
AUFNEHMENDE	11	7	aufnehmende
AUFSPIELEN	10	7	aufspielen
AUFSTELLTE	10	7	aufstellte
AUFWAECHST	10	7	aufwächst
AUFWANDES	9	7	Aufwandes
AUFWERTEN	9	7	aufwerten
AUFZUTEILEN	11	7	aufzuteilen
AUGUSTS	7	7	Augusts
AUSDENKEN	9	7	ausdenken
AUSFUELLT	9	7	ausfüllt
AUSGEBUHT	9	7	ausgebuht
AUSGEGOSSEN	11	7	ausgegossen
AUSGELEGTE	10	7	ausgelegte
AUSGELEGTEN	11	7	ausgelegten
AUSGERASTET	11	7	ausgerastet
AUSGESENDET	11	7	ausgesendet
AUSGEWORFEN	11	7	ausgeworfen
AUSGIEBIGE	10	7	ausgiebige
AUSLOESTEN	10	7	auslösten
AUSMACHTE	9	7	ausmachte
AUSNEHMEN	9	7	ausnehmen
AUSSTELLTE	10	7	ausstellte
AUSSTRAHLEN	11	7	ausstrahlen
AUSTRIAN	8	7	Austrian
AUSZUNUTZEN	11	7	auszunutzen
AUSZUTRAGEN	11	7	auszutragen
AUSZUWERTEN	11	7	auszuwerten
AUTISMUS	8	7	Autismus
AUTOBAHNBAU	11	7	Autobahnbau
AUTOFREIE	9	7	autofreie
AUTOHANDEL	10	7	Autohandel
AUTOKAUF	8	7	Autokauf
AUTOMINUTEN	11	7	Autominuten
AUTORENNEN	10	7	Autorennen
AVANCIERTEN	11	7	avancierten
AXIALE	6	7	axiale
AZOREN	6	7	Azoren
BABYPAUSE	9	7	Babypause
BADESPASS	9	7	Badespaß
BADEVERBOT	10	7	Badeverbot
BADISCHER	9	7	badischer
BAENDERRISS	11	7	Bänderriss
BAERENSTARK	11	7	bärenstark
BAEUERLICH	10	7	bäuerlich
BAHNGLEISE	10	7	Bahngleise
BAHNSTEIGS	10	7	Bahnsteigs
BAHNTE	6	7	bahnte
BANALITAET	10	7	Banalität
BANKDATEN	9	7	Bankdaten
BANKETT	7	7	Bankett
BANKFILIALE	11	7	Bankfiliale
BANKRAUB	8	7	Bankraub
BANNERS	7	7	Banners
BARCODE	7	7	Barcode
BARCODES	8	7	Barcodes
BARTEL	6	7	Bartel
BASELBIETER	11	7	Baselbieter
BASIERENDEN	11	7	basierenden
BASKET	6	7	Basket
BATTALION	9	7	Battalion
BAUABLAUF	9	7	Bauablauf
BAUCHDECKE	10	7	Bauchdecke
BAUCHHOEHLE	11	7	Bauchhöhle
BAUCHRAUM	9	7	Bauchraum
BAUFELD	7	7	Baufeld
BAUGLEICH	9	7	baugleich
BAUMAERKTE	10	7	Baumärkte
BAUMGRENZE	10	7	Baumgrenze
BAUNUMMER	9	7	Baunummer
BAUSEKTOR	9	7	Bausektor
BAUSPAREN	9	7	Bausparen
BEBILDERT	9	7	bebildert
BEETE	5	7	Beete
BEFEHLIGT	9	7	befehligt
BEFREIENDE	10	7	befreiende
BEFREIUNGEN	11	7	Befreiungen
BEFRUCHTEN	10	7	befruchten
BEGABT	6	7	begabt
BEGANGENEN	10	7	begangenen
BEGEHRTES	9	7	begehrtes
BEGLEITBUCH	11	7	Begleitbuch
BEGLEITTEXT	11	7	Begleittext
BEGLUECKT	9	7	beglückt
BEGNUEGTEN	10	7	begnügten
BEGRUB	6	7	begrub
BEHAUENEN	9	7	behauenen
BEHEIMATETE	11	7	beheimatete
BEHEIZBARE	10	7	beheizbare
BEHEIZTEN	9	7	beheizten
BEHERZT	7	7	beherzt
BEICHTVATER	11	7	Beichtvater
BEIFUEGEN	9	7	beifügen
BEILEGUNG	9	7	Beilegung
BEILIEGEN	9	7	beiliegen
BEIMISCHUNG	11	7	Beimischung
BEISTEUERTE	11	7	beisteuerte
BEITRUGEN	9	7	beitrugen
BEKAEME	7	7	bekäme
BEKLEMMUNG	10	7	Beklemmung
BELAESTIGEN	11	7	belästigen
BEMANNT	7	7	bemannt
BENEIDE	7	7	beneide
BENEIDET	8	7	beneidet
BENIMMT	7	7	benimmt
BEOBACHTBAR	11	7	beobachtbar
BEREDEN	7	7	bereden
BEREINIGTEN	11	7	bereinigten
BEREUTE	7	7	bereute
BERGAN	6	7	bergan
BERGBAHN	8	7	Bergbahn
BERGFEST	8	7	Bergfest
BERGKAMM	8	7	Bergkamm
BERGKETTEN	10	7	Bergketten
BERGSCHULE	10	7	Bergschule
BERUHENDE	9	7	beruhende
BESCHATTEN	10	7	beschatten
BESCHERTEN	10	7	bescherten
BESCHLEICHT	11	7	beschleicht
BESCHRITT	9	7	beschritt
BESINNT	7	7	besinnt
BESONNENEN	10	7	besonnenen
BESPIELBAR	10	7	bespielbar
BESTRAHLT	9	7	bestrahlt
BESTRICHEN	10	7	bestrichen
BETREUE	7	7	betreue
BETTDECKE	9	7	Bettdecke
BETTELT	7	7	bettelt
BEUGTE	6	7	beugte
BEUTEZUG	8	7	Beutezug
BEVORMUNDET	11	7	bevormundet
BEWACHER	8	7	Bewacher
BEWEHRUNG	9	7	Bewehrung
BEWILLIGEN	10	7	bewilligen
BEWOHNTER	9	7	bewohnter
BEWOHNTES	9	7	bewohntes
BEZAHLBAREN	11	7	bezahlbaren
BEZAUBERND	10	7	bezaubernd
BEZOGENEN	9	7	bezogenen
BILDERREISE	11	7	Bilderreise
BILDERSEITE	11	7	Bilderseite
BILDERSERIE	11	7	Bilderserie
BILDFORMAT	10	7	Bildformat
BILDHAFT	8	7	bildhaft
BILDMOTIVE	10	7	Bildmotive
BILDWECHSEL	11	7	Bildwechsel
BILINGUALE	10	7	bilinguale
BILLS	5	7	Bills
BINAEREN	8	7	binären
BINDENDE	8	7	bindende
BITRATE	7	7	Bitrate
BLACKWELL	9	7	Blackwell
BLAETTERT	9	7	blättert
BLASSEN	7	7	blassen
BLASSES	7	7	blasses
BLATTGRUND	10	7	Blattgrund
BLEIBENDEM	10	7	bleibendem
BLITZARTIG	10	7	blitzartig
BLOEDES	7	7	blödes
BLOSSES	7	7	bloßes
BLUMENTOPF	10	7	Blumentopf
BLUTERGUSS	10	7	Bluterguss
BLUTETE	7	7	blutete
BLUTROT	7	7	blutrot
BLUTTEST	8	7	Bluttest
BOCHOLTER	9	7	Bocholter
BOLIVIANER	10	7	Bolivianer
BOMBENALARM	11	7	Bombenalarm
BORSTIG	7	7	borstig
BOSTONER	8	7	Bostoner
BOXERS	6	7	Boxers
BOXRING	7	7	Boxring
BRANCHENMIX	11	7	Branchenmix
BRANDBOMBEN	11	7	Brandbomben
BRANDRAUCH	10	7	Brandrauch
BRANDWACHE	10	7	Brandwache
BRATPFANNE	10	7	Bratpfanne
BRECHEISEN	10	7	Brecheisen
BRECHREIZ	9	7	Brechreiz
BRENZLIG	8	7	brenzlig
BRODELTE	8	7	brodelte
BROTERWERB	10	7	Broterwerb
BRUCKER	7	7	Brucker
BRUELLT	7	7	brüllt
BRUETETEN	9	7	brüteten
BRUMMTE	7	7	brummte
BRUTPFLEGE	10	7	Brutpflege
BRUTSAISON	10	7	Brutsaison
BUCHSTABENS	11	7	Buchstabens
BUEFFEL	7	7	Büffel
BUERGERPARK	11	7	Bürgerpark
BUERGERTE	9	7	bürgerte
BUEROHAUS	9	7	Bürohaus
BUERORAUM	9	7	Büroraum
BUGGY	5	7	Buggy
BUNDESAMTS	10	7	Bundesamts
BURGENBAU	9	7	Burgenbau
BURGHERREN	10	7	Burgherren
BYTES	5	7	Bytes
CAMCORDER	9	7	Camcorder
CAMDEN	6	7	Camden
CANYONS	7	7	Canyons
CAPRI	5	7	Capri
CARABINIERI	11	7	Carabinieri
CASSETTE	8	7	Cassette
CAYENNE	7	7	Cayenne
CERCLE	6	7	Cercle
CHAMPIONAT	10	7	Championat
CHARACTER	9	7	Character
CHARMANTEN	10	7	charmanten
CHARMANTER	10	7	charmanter
CHEROKEE	8	7	Cherokee
CHIEMSEE	8	7	Chiemsee
CHINESIN	8	7	Chinesin
CHORHERREN	10	7	Chorherren
CHORTURM	8	7	Chorturm
CLARENDON	9	7	Clarendon
COCKTAILBAR	11	7	Cocktailbar
COHORS	6	7	Cohors
COLTS	5	7	Colts
COMMERCIAL	10	7	Commercial
COMMUNES	8	7	communes
CONSEJO	7	7	Consejo
COVERS	6	7	Covers
CREMEWEISS	10	7	cremeweiß
CREMIG	6	7	cremig
CURRICULA	9	7	Curricula
DAEMONS	7	7	Dämons
DAENIN	6	7	Dänin
DALAI	5	7	Dalai
DAMPFSCHIFF	11	7	Dampfschiff
DAMWILD	7	7	Damwild
DARMFLORA	9	7	Darmflora
DATENFORMAT	11	7	Datenformat
DAUERWELLE	10	7	Dauerwelle
DECEMBER	8	7	December
DEFTIG	6	7	deftig
DEKANATEN	9	7	Dekanaten
DEKRETE	7	7	Dekrete
DEMONTIEREN	11	7	demontieren
DENKMALE	8	7	Denkmale
DENKZETTEL	10	7	Denkzettel
DEPLATZIERT	11	7	deplatziert
DEPONIEREN	10	7	deponieren
DEREINST	8	7	dereinst
DESERTIERTE	11	7	desertierte
DESIGNERS	9	7	Designers
DESTRUKTIV	10	7	destruktiv
DICHTHEIT	9	7	Dichtheit
DICHTKUNST	10	7	Dichtkunst
DICKEM	6	7	dickem
DIENSTWAFFE	11	7	Dienstwaffe
DIETERICH	9	7	Dieterich
DIFFUSOR	8	7	Diffusor
DIGICAM	7	7	Digicam
DIKTATOREN	10	7	Diktatoren
DIPLOMANDEN	11	7	Diplomanden
DISCOTHEK	9	7	Discothek
DISPERSION	10	7	Dispersion
DISPONIERT	10	7	disponiert
DISTRIKTES	10	7	Distriktes
DOKUMENTES	10	7	Dokumentes
DOLPHINS	8	7	Dolphins
DOMHERREN	9	7	Domherren
DOPPELFOLGE	11	7	Doppelfolge
DOPPELRUNDE	11	7	Doppelrunde
DOPPELSPIEL	11	7	Doppelspiel
DOPPELSPUR	10	7	Doppelspur
DOSENPFAND	10	7	Dosenpfand
DOSIERT	7	7	dosiert
DOURO	5	7	Douro
DOWNTOWN	8	7	Downtown
DRAHTLOS	8	7	drahtlos
DRAHTLOSEN	10	7	drahtlosen
DRANBLEIBEN	11	7	dranbleiben
DREHENDEN	9	7	drehenden
DREHGESTELL	11	7	Drehgestell
DREHTAGE	8	7	Drehtage
DREIACHSIG	10	7	dreiachsig
DREIRAD	7	7	Dreirad
DRIFTET	7	7	driftet
DRUCKES	7	7	Druckes
DRUCKT	6	7	druckt
DUDELSACK	9	7	Dudelsack
DUETTE	6	7	Duette
DUFTEN	6	7	duften
DUFTENDE	8	7	duftende
DUNKELROTEN	11	7	dunkelroten
DUNKELSTEN	10	7	dunkelsten
DURCHMACHEN	11	7	durchmachen
DURCHRINGEN	11	7	durchringen
DURCHSTEHEN	11	7	durchstehen
DURCHZOG	8	7	durchzog
DUSCHBAD	8	7	Duschbad
EBERSWALDER	11	7	Eberswalder
EDELHERREN	10	7	Edelherren
EDITORS	7	7	Editors
EFFEKTIVSTE	11	7	effektivste
EFFIZIENTES	11	7	effizientes
EHEJAHREN	9	7	Ehejahren
EHEMALIGEM	10	7	ehemaligem
EHERECHT	8	7	Eherecht
EHRENHOF	8	7	Ehrenhof
EHRENVOLL	9	7	ehrenvoll
EHRWUERDIGE	11	7	ehrwürdige
EIGENHANDEL	11	7	Eigenhandel
EILEITER	8	7	Eileiter
EINBRUCHS	9	7	Einbruchs
EINGEMIETET	11	7	eingemietet
EINGENISTET	11	7	eingenistet
EINGESUNGEN	11	7	eingesungen
EINGETIEFT	10	7	eingetieft
EINKLAGBAR	10	7	einklagbar
EINKLAGEN	9	7	einklagen
EINLEITENDE	11	7	einleitende
EINOEDE	7	7	Einöde
EINSCHIFFIG	11	7	einschiffig
EINSIEDELEI	11	7	Einsiedelei
EINSTECHEN	10	7	einstechen
EINSTICHE	9	7	Einstiche
EINSTIMMEN	10	7	einstimmen
EINSTIMMIGE	11	7	einstimmige
EINTAEGIGE	10	7	eintägige
EINTOPF	7	7	Eintopf
EINTRETENDE	11	7	eintretende
EINZELKIND	10	7	Einzelkind
EINZELLIGEN	11	7	einzelligen
EINZELPREIS	11	7	Einzelpreis
EISDECKE	8	7	Eisdecke
EISKANAL	8	7	Eiskanal
ELBEN	5	7	Elben
ELIXIER	7	7	Elixier
EMIGRIERTEN	11	7	emigrierten
EMOTIONSLOS	11	7	emotionslos
EMPFAHLEN	9	7	empfahlen
EMPOERTEN	9	7	empörten
EMULATOR	8	7	Emulator
ENDEMISCH	9	7	endemisch
ENDLICHES	9	7	endliches
ENDTURNIER	10	7	Endturnier
ENGAGIERE	9	7	engagiere
ENORMEM	7	7	enormem
ENTBRENNT	9	7	entbrennt
ENTDECKERN	10	7	Entdeckern
ENTDECKERS	10	7	Entdeckers
ENTENTE	7	7	Entente
ENTERN	6	7	entern
ENTFERNE	8	7	entferne
ENTFREMDETE	11	7	entfremdete
ENTKRAEFTEN	11	7	entkräften
ENTTARNUNG	10	7	Enttarnung
ENTVOELKERT	11	7	entvölkert
ENTWERTUNG	10	7	Entwertung
ENTWICH	7	7	entwich
ENTWOEHNUNG	11	7	Entwöhnung
ENTZWEI	7	7	entzwei
EPILOG	6	7	Epilog
ERACHTETE	9	7	erachtete
ERBAUERS	8	7	Erbauers
ERBBAURECHT	11	7	Erbbaurecht
ERBFALL	7	7	Erbfall
ERBGUTS	7	7	Erbguts
ERBLASSERS	10	7	Erblassers
ERBTEILUNG	10	7	Erbteilung
ERBTEN	6	7	erbten
ERDACHT	7	7	erdacht
ERDAUSHUB	9	7	Erdaushub
ERDBEERE	8	7	Erdbeere
ERFINDERS	9	7	Erfinders
ERFOLGLOSER	11	7	erfolgloser
ERFRISCHT	9	7	erfrischt
ERFUNDENEN	10	7	erfundenen
ERGONOMISCH	11	7	ergonomisch
ERGOSS	6	7	ergoss
ERGRABEN	8	7	ergraben
ERGREIFEND	10	7	ergreifend
ERHITZTE	8	7	erhitzte
ERKAUFEN	8	7	erkaufen
ERKENNENDEN	11	7	erkennenden
ERLAGEN	7	7	erlagen
ERLEBNISBAD	11	7	Erlebnisbad
ERLEGTE	7	7	erlegte
ERLOSCHENEN	11	7	erloschenen
ERMUNTERT	9	7	ermuntert
ERNESTINE	9	7	Ernestine
ERNEUTEM	8	7	erneutem
ERNSTEREN	9	7	ernsteren
EROTISCHER	10	7	erotischer
ERPRESSBAR	10	7	erpressbar
ERPROBTEN	9	7	erprobten
ERSETZUNG	9	7	Ersetzung
ERSTARB	7	7	erstarb
ERSTELLER	9	7	Ersteller
ERSTRAHLEN	10	7	erstrahlen
ERTASTET	8	7	ertastet
ERTOENTEN	9	7	ertönten
ERTRUG	6	7	ertrug
ERWAEHLT	8	7	erwählt
ERWEITERTER	11	7	erweiterter
ERZEUGE	7	7	erzeuge
ERZIEHT	7	7	erzieht
ERZWINGT	8	7	erzwingt
ESSBEREICH	10	7	Essbereich
ETABLIERTER	11	7	etablierter
EUCHARISTIE	11	7	Eucharistie
EUPHRAT	7	7	Euphrat
EUROPATOUR	10	7	Europatour
EVANGELIEN	10	7	Evangelien
EVIDENT	7	7	evident
EWIGKEITEN	10	7	Ewigkeiten
EXAKTHEIT	9	7	Exaktheit
EXILANTEN	9	7	Exilanten
EXILS	5	7	Exils
EXISTENTE	9	7	existente
EXKLAVE	7	7	Exklave
EXOPLANETEN	11	7	Exoplaneten
EXPLIZITEN	10	7	expliziten
EXZESS	6	7	Exzess
FACHBETRIEB	11	7	Fachbetrieb
FACHSTELLE	10	7	Fachstelle
FACKELLAUF	10	7	Fackellauf
FAEHRST	7	7	fährst
FAEHRTEN	8	7	Fährten
FAESSCHEN	9	7	Fässchen
FAEULNIS	8	7	Fäulnis
FAHRSCHEINE	11	7	Fahrscheine
FAHRSTRECKE	11	7	Fahrstrecke
FAHRWEG	7	7	Fahrweg
FANBLOCK	8	7	Fanblock
FANMEILE	8	7	Fanmeile
FARBDRUCKER	11	7	Farbdrucker
FARBIGES	8	7	farbiges
FARMLAND	8	7	Farmland
FAUSTDICKE	10	7	faustdicke
FAUSTREGEL	10	7	Faustregel
FAYETTE	7	7	Fayette
FEDERVIEH	9	7	Federvieh
FEGEN	5	7	fegen
FEILT	5	7	feilt
FELDZUGES	9	7	Feldzuges
FELSSTURZ	9	7	Felssturz
FENDER	6	7	Fender
FENSTERBAND	11	7	Fensterband
FERNLEIHE	9	7	Fernleihe
FERRARIS	8	7	Ferraris
FESSELTE	8	7	fesselte
FESSELUNG	9	7	Fesselung
FESTIGTEN	9	7	festigten
FESTSTELLT	10	7	feststellt
FESTWOCHEN	10	7	Festwochen
FETTGEWEBE	10	7	Fettgewebe
FETTZELLEN	10	7	Fettzellen
FIESE	5	7	fiese
FIFTH	5	7	Fifth
FIKTIONALE	10	7	fiktionale
FIKTIVES	8	7	fiktives
FILIATION	9	7	Filiation
FILMSTUDIOS	11	7	Filmstudios
FILTRIERT	9	7	filtriert
FINANZAMTES	11	7	Finanzamtes
FINANZWESEN	11	7	Finanzwesen
FINDERLOHN	10	7	Finderlohn
FINGERS	7	7	Fingers
FINTE	5	7	Finte
FIRMLINGE	9	7	Firmlinge
FISCHKUTTER	11	7	Fischkutter
FISCHTEICH	10	7	Fischteich
FISKALISCHE	11	7	fiskalische
FIXIERTEN	9	7	fixierten
FLAMES	6	7	Flames
FLAMINGO	8	7	Flamingo
FLAMMENDEN	10	7	flammenden
FLEHT	5	7	fleht
FLEISCHEREI	11	7	Fleischerei
FLIESS	6	7	Fließ
FLINTE	6	7	Flinte
FLITZER	7	7	Flitzer
FLOCKEN	7	7	Flocken
FLOEZE	6	7	Flöze
FLOTTER	7	7	flotter
FLUCHTAUTO	10	7	Fluchtauto
FLUCHTPUNKT	11	7	Fluchtpunkt
FLUECHTLING	11	7	Flüchtling
FLUESSCHENS	11	7	Flüsschens
FLUGGAST	8	7	Fluggast
FLUSSPFERD	10	7	Flusspferd
FLUTUNG	7	7	Flutung
FOETEN	6	7	Föten
FOLGERTE	8	7	folgerte
FORMIERTEN	10	7	formierten
FORSCHERS	9	7	Forschers
FORTBEWEGEN	11	7	fortbewegen
FORTDAUER	9	7	Fortdauer
FOTOALBEN	9	7	Fotoalben
FOYERS	6	7	Foyers
FRACHTERS	9	7	Frachters
FRAKTUREN	9	7	Frakturen
FRANCHISES	10	7	Franchises
FRANKENLAND	11	7	Frankenland
FRANKIERT	9	7	frankiert
FRAUENFRAGE	11	7	Frauenfrage
FRAUENTEAM	10	7	Frauenteam
FREIHAFEN	9	7	Freihafen
FREILEGUNG	10	7	Freilegung
FROHER	6	7	froher
FRONTPLATTE	11	7	Frontplatte
FROSTIG	7	7	frostig
FRUCHTBARES	11	7	fruchtbares
FRUCHTLOS	9	7	fruchtlos
FRUEHFORM	9	7	Frühform
FRUEHWERK	9	7	Frühwerk
FUEHRENDES	10	7	führendes
FUELLHORN	9	7	Füllhorn
FUENFKAMPF	10	7	Fünfkampf
FUENFZIGERN	11	7	Fünfzigern
FUETTERT	8	7	füttert
FUHRPARKS	9	7	Fuhrparks
FUHRWERKE	9	7	Fuhrwerke
FULMINANT	9	7	fulminant
FUNDIERT	8	7	fundiert
FUNKNETZ	8	7	Funknetz
FUSSLAEUFIG	11	7	fußläufig
FUSSSOHLE	9	7	Fußsohle
FUSSSOHLEN	10	7	Fußsohlen
FUSSTE	6	7	fußte
FUSSTRUPPEN	11	7	Fußtruppen
FUTTERSUCHE	11	7	Futtersuche
GAEHNENDE	9	7	gähnende
GAENSEN	7	7	Gänsen
GAESTEBLOCK	11	7	Gästeblock
GALEEREN	8	7	Galeeren
GALERIST	8	7	Galerist
GALGENBERG	10	7	Galgenberg
GALLIER	7	7	Gallier
GARAUS	6	7	Garaus
GARDA	5	7	Garda
GARDASEE	8	7	Gardasee
GARDEROBEN	10	7	Garderoben
GARNIERT	8	7	garniert
GASDRUCK	8	7	Gasdruck
GASFOERMIGE	11	7	gasförmige
GASTURBINE	10	7	Gasturbine
GASTWIRTS	9	7	Gastwirts
GEACHTETE	9	7	geachtete
GEARBEITETE	11	7	gearbeitete
GEBAENDIGT	10	7	gebändigt
GEBINDE	7	7	Gebinde
GEBRANNTE	9	7	gebrannte
GEBRUEDERN	10	7	Gebrüdern
GEBRUELL	8	7	Gebrüll
GECHECKT	8	7	gecheckt
GEDAEMMT	8	7	gedämmt
GEDIEH	6	7	gedieh
GEEICHT	7	7	geeicht
GEFAHRENE	9	7	gefahrene
GEFALTETEN	10	7	gefalteten
GEFEIERTEN	10	7	gefeierten
GEFESTIGTE	10	7	gefestigte
GEFIEDERS	9	7	Gefieders
GEFRORENEN	10	7	gefrorenen
GEFUEHLS	8	7	Gefühls
GEFUEHRTES	10	7	geführtes
GEGENDRUCK	10	7	Gegendruck
GEGENGERADE	11	7	Gegengerade
GEGENUEBERS	11	7	Gegenübers
GEGOSSENEN	10	7	gegossenen
GEGUCKT	7	7	geguckt
GEHACKTEN	9	7	gehackten
GEHAERTETE	10	7	gehärtete
GEHIRNTUMOR	11	7	Gehirntumor
GEHOBENER	9	7	gehobener
GEHOERST	8	7	gehörst
GEHOSTET	8	7	gehostet
GEHUETET	8	7	gehütet
GEIGERIN	8	7	Geigerin
GEISS	5	7	Geiss
GEISTLICH	9	7	geistlich
GEKERBT	7	7	gekerbt
GEKIDNAPPT	10	7	gekidnappt
GEKNEBELT	9	7	geknebelt
GEKOMMENE	9	7	gekommene
GEKONNTE	8	7	gekonnte
GEKRAEFTIGT	11	7	gekräftigt
GEKRAENKT	9	7	gekränkt
GEKREUZIGT	10	7	gekreuzigt
GEKUERZTER	10	7	gekürzter
GEKUPPELT	9	7	gekuppelt
GELAECHELT	10	7	gelächelt
GELANGST	8	7	gelangst
GELATINE	8	7	Gelatine
GELAUTET	8	7	gelautet
GELDHAHN	8	7	Geldhahn
GELDSPENDE	10	7	Geldspende
GELEGTE	7	7	gelegte
GELEITZUG	9	7	Geleitzug
GELISTETE	9	7	gelistete
GELOEBNIS	9	7	Gelöbnis
GEMAECHER	9	7	Gemächer
GEMEINSAMEM	11	7	gemeinsamem
GEMOCHT	7	7	gemocht
GENAGELT	8	7	genagelt
GENDARM	7	7	Gendarm
GENEIGTE	8	7	geneigte
GENMAIS	7	7	Genmais
GENTLEMEN	9	7	Gentlemen
GENUEGSAM	9	7	genügsam
GEODAESIE	9	7	Geodäsie
GEOEFFNETEM	11	7	geöffnetem
GEOELT	6	7	geölt
GEOHRFEIGT	10	7	geohrfeigt
GEPACKTEN	9	7	gepackten
GEPAECKRAUM	11	7	Gepäckraum
GEPFLANZTEN	11	7	gepflanzten
GEPFLUECKT	10	7	gepflückt
GERAEUMIGER	11	7	geräumiger
GERBEREI	8	7	Gerberei
GEREINIGTE	10	7	gereinigte
GERITZT	7	7	geritzt
GERMANIST	9	7	Germanist
GERMANISTEN	11	7	Germanisten
GEROCHEN	8	7	gerochen
GERSTENSAFT	11	7	Gerstensaft
GESAMTLAGE	10	7	Gesamtlage
GESAMTPLATZ	11	7	Gesamtplatz
GESANGES	8	7	Gesanges
GESANGS	7	7	Gesangs
GESCHICKTEN	11	7	geschickten
GESCHLAMPT	10	7	geschlampt
GESCHOEPFE	10	7	Geschöpfe
GESCHROEPFT	11	7	geschröpft
GESCHULTERT	11	7	geschultert
GESCHULTES	10	7	geschultes
GESCHWUNDEN	11	7	geschwunden
GESENKTE	8	7	gesenkte
GESENKTEM	9	7	gesenktem
GESICHERTER	11	7	gesicherter
GESICHERTES	11	7	gesichertes
GESONDERTES	11	7	gesondertes
GESPENDETEN	11	7	gespendeten
GESPENSTER	10	7	Gespenster
GESPONNEN	9	7	gesponnen
GESPRENKELT	11	7	gesprenkelt
GESTICKT	8	7	gestickt
GESTOERTES	10	7	gestörtes
GESUNDEM	8	7	gesundem
GETANER	7	7	getaner
GETEERT	7	7	geteert
GETEXTET	8	7	getextet
GETRETENE	9	7	getretene
GETUEMMEL	9	7	Getümmel
GETURNT	7	7	geturnt
GEUEBTEN	8	7	geübten
GEWACKELT	9	7	gewackelt
GEWAECHS	8	7	Gewächs
GEWAESSERT	10	7	gewässert
GEWANDHAUS	10	7	Gewandhaus
GEWEBES	7	7	Gewebes
GEWELLTE	8	7	gewellte
GEWERKEN	8	7	Gewerken
GEWETTET	8	7	gewettet
GEWOELBTER	10	7	gewölbter
GEWORDENER	10	7	gewordener
GEWORFENEN	10	7	geworfenen
GEWUNDENE	9	7	gewundene
GEZIERT	7	7	geziert
GIFTES	6	7	Giftes
GIFTIGER	8	7	giftiger
GIFTSPRITZE	11	7	Giftspritze
GIFTSTOFFEN	11	7	Giftstoffen
GIGANT	6	7	Gigant
GIPFELTEN	9	7	gipfelten
GLAEUBIGERS	11	7	Gläubigers
GLANZLOS	8	7	glanzlos
GLANZVOLLEN	11	7	glanzvollen
GLARNER	7	7	Glarner
GLASFABRIK	10	7	Glasfabrik
GLASKUNST	9	7	Glaskunst
GLEISBAU	8	7	Gleisbau
GLEISES	7	7	Gleises
GLUEHENDER	10	7	glühender
GNADENLOSEN	11	7	gnadenlosen
GOALIE	6	7	Goalie
GOLDMINEN	9	7	Goldminen
GOLDSUCHER	10	7	Goldsucher
GOLFPLATZES	11	7	Golfplatzes
GRABMALE	8	7	Grabmale
GRAESSLICH	10	7	grässlich
GRAFISCHER	10	7	grafischer
GRAPHISCHER	11	7	graphischer
GRAUBRAUNE	10	7	graubraune
GRAUWEISS	9	7	grauweiß
GREIFER	7	7	Greifer
GRELLE	6	7	grelle
GRENZER	7	7	Grenzer
GRENZSTADT	10	7	Grenzstadt
GRENZWERTIG	11	7	grenzwertig
GRIFFSTUECK	11	7	Griffstück
GRILLPARTY	10	7	Grillparty
GRIMMIG	7	7	grimmig
GROEBEREN	9	7	gröberen
GROSSBAUERN	11	7	Großbauern
GRUNDMODELL	11	7	Grundmodell
GRUNDWORT	9	7	Grundwort
GUANGZHOU	9	7	Guangzhou
GUENSTIGEM	10	7	günstigem
GURKE	5	7	Gurke
GUTHEISSEN	10	7	gutheißen
GUTSBEZIRKE	11	7	Gutsbezirke
GUTTEIL	7	7	Gutteil
GYMNASIAST	10	7	Gymnasiast
HAARANALYSE	11	7	Haaranalyse
HACKE	5	7	Hacke
HAELST	6	7	hälst
HAEMOGLOBIN	11	7	Hämoglobin
HAENDIGTE	9	7	händigte
HAEUFCHEN	9	7	Häufchen
HAEUSLICHER	11	7	häuslicher
HAGERE	6	7	hagere
HALBRELIEFS	11	7	Halbreliefs
HALBRUNDE	9	7	halbrunde
HALBWAISE	9	7	Halbwaise
HANDBUCHS	9	7	Handbuchs
HANDLICH	8	7	handlich
HANDYNUMMER	11	7	Handynummer
HARAKIRI	8	7	Harakiri
HARLEM	6	7	Harlem
HARMONIKA	9	7	Harmonika
HARMONIUM	9	7	Harmonium
HARNDRANG	9	7	Harndrang
HAUPTBUEHNE	11	7	Hauptbühne
HAUPTGEGNER	11	7	Hauptgegner
HAUSHERRIN	10	7	Hausherrin
HAUSKAPELLE	11	7	Hauskapelle
HAUSTYP	7	7	Haustyp
HEFEN	5	7	Hefen
HEFTIGKEIT	10	7	Heftigkeit
HEILKRAFT	9	7	Heilkraft
HEILKUNST	9	7	Heilkunst
HEILQUELLE	10	7	Heilquelle
HEIMES	6	7	Heimes
HEIMKEHREN	10	7	heimkehren
HELLBRAUNE	10	7	hellbraune
HELMPFLICHT	11	7	Helmpflicht
HERAUSHOLEN	11	7	herausholen
HERBSTFEST	10	7	Herbstfest
HERBSTLICHE	11	7	herbstliche
HERINGE	7	7	Heringe
HEROEN	6	7	Heroen
HERVORGETAN	11	7	hervorgetan
HERVORHEBT	10	7	hervorhebt
HERZHAFT	8	7	herzhaft
HERZOEGEN	9	7	Herzögen
HETEROGENEN	11	7	heterogenen
HEUBERGER	9	7	Heuberger
HEUBODEN	8	7	Heuboden
HEUCHLER	8	7	Heuchler
HEUERT	6	7	heuert
HEUSCHRECKE	11	7	Heuschrecke
HEXENKESSEL	11	7	Hexenkessel
HIESSE	6	7	hieße
HILFREICHER	11	7	hilfreicher
HILFSRAHMEN	11	7	Hilfsrahmen
HINAUSGEHT	10	7	hinausgeht
HINGESTELLT	11	7	hingestellt
HINKRIEGEN	10	7	hinkriegen
HINREISSEND	11	7	hinreißend
HINTERSTEN	10	7	hintersten
HINZUKOMMT	10	7	hinzukommt
HITZIGER	8	7	hitziger
HOCHLANDES	10	7	Hochlandes
HOCHMOOR	8	7	Hochmoor
HOEHENZUEGE	11	7	Höhenzüge
HOERBARE	8	7	hörbare
HOESCHEN	8	7	Höschen
HOFDAME	7	7	Hofdame
HOFFEST	7	7	Hoffest
HOFMALER	8	7	Hofmaler
HOFMARK	7	7	Hofmark
HOFSEITE	8	7	Hofseite
HOHENLOHER	10	7	Hohenloher
HOLSTEINER	10	7	Holsteiner
HONIGBIENE	10	7	Honigbiene
HONORIERTE	10	7	honorierte
HOTELEIGENE	11	7	hoteleigene
HUEGELKETTE	11	7	Hügelkette
HUMORIST	8	7	Humorist
HUMORVOLLEN	11	7	humorvollen
HUNDERASSE	10	7	Hunderasse
HUTHAUT	7	7	Huthaut
HYBRIS	6	7	Hybris
HYGIENISCH	10	7	hygienisch
IKONOSTASE	10	7	Ikonostase
ILLEGITIM	9	7	illegitim
IMAGEPFLEGE	11	7	Imagepflege
IMAME	5	7	Imame
IMPFSCHUTZ	10	7	Impfschutz
IMPFSTOFFE	10	7	Impfstoffe
IMPLIZIERE	10	7	impliziere
INDIANERIN	10	7	Indianerin
INDUZIERT	9	7	induziert
INEFFIZIENZ	11	7	Ineffizienz
INFARKT	7	7	Infarkt
INHALIERT	9	7	inhaliert
INITIIERUNG	11	7	Initiierung
INKARNATION	11	7	Inkarnation
INNENHOFS	9	7	Innenhofs
INNUNG	6	7	Innung
INSERENTEN	10	7	Inserenten
INSPEKTOREN	11	7	Inspektoren
INSTANT	7	7	Instant
INTENDANTIN	11	7	Intendantin
INTENDANZ	9	7	Intendanz
INVASIVE	8	7	invasive
INVENTARS	9	7	Inventars
INVERSE	7	7	Inverse
INVERSION	9	7	Inversion
IRGENDWER	9	7	irgendwer
IRRES	5	7	irres
IRRITIEREND	11	7	irritierend
ISLAMS	6	7	Islams
ITALIAN	7	7	Italian
ITERATION	9	7	Iteration
ITZEHOER	8	7	Itzehoer
IVORER	6	7	Ivorer
JAEGERHAUS	10	7	Jägerhaus
JAGTEN	6	7	jagten
JAHRELANGES	11	7	jahrelanges
JALAN	5	7	Jalan
JAWORT	6	7	Jawort
JENISSEI	8	7	Jenissei
JESIDEN	7	7	Jesiden
JOBANGEBOTE	11	7	Jobangebote
JUDENFRAGE	10	7	Judenfrage
JUGENDWEHR	10	7	Jugendwehr
JUGOSLAWEN	10	7	Jugoslawen
JUNGSCHAR	9	7	Jungschar
JUNGVOGEL	9	7	Jungvogel
KABARETTS	9	7	Kabaretts
KAISERSTUHL	11	7	Kaiserstuhl
KAJAKS	6	7	Kajaks
KAMERALEUTE	11	7	Kameraleute
KAMILLE	7	7	Kamille
KAMINZIMMER	11	7	Kaminzimmer
KAMPFHUNDEN	11	7	Kampfhunden
KANUTOUR	8	7	Kanutour
KANZELALTAR	11	7	Kanzelaltar
KAPITELLEN	10	7	Kapitellen
KARBON	6	7	Karbon
KARDINAELEN	11	7	Kardinälen
KAROSSEN	8	7	Karossen
KARTBAHN	8	7	Kartbahn
KARTEIKARTE	11	7	Karteikarte
KASEMATTEN	10	7	Kasematten
KASINO	6	7	Kasino
KASINOS	7	7	Kasinos
KASSENSTURZ	11	7	Kassensturz
KATALOGS	8	7	Katalogs
KATAPULT	8	7	Katapult
KATASTERS	9	7	Katasters
KAUFHALLE	9	7	Kaufhalle
KAUFS	5	7	Kaufs
KEHLKOPFES	10	7	Kehlkopfes
KEHRAUS	7	7	Kehraus
KEIMLINGE	9	7	Keimlinge
KENNZIFFERN	11	7	Kennziffern
KERAMIKEN	9	7	Keramiken
KERNELEMENT	11	7	Kernelement
KICKS	5	7	Kicks
KICKT	5	7	kickt
KIEMEN	6	7	Kiemen
KIESABBAU	9	7	Kiesabbau
KIEWER	6	7	Kiewer
KILOBYTE	8	7	Kilobyte
KINDE	5	7	Kinde
KINDERHILFE	11	7	Kinderhilfe
KINDERSTUBE	11	7	Kinderstube
KINDGERECHT	11	7	kindgerecht
KINDLICH	8	7	kindlich
KIRCHENBUCH	11	7	Kirchenbuch
KIRCHSPIELS	11	7	Kirchspiels
KIRCHTUERME	11	7	Kirchtürme
KITZE	5	7	Kitze
KLADE	5	7	Klade
KLANGLICHE	10	7	klangliche
KLANGLICHEN	11	7	klanglichen
KLAPPTS	7	7	klappts
KLARSTELLEN	11	7	klarstellen
KLASSENSIEG	11	7	Klassensieg
KLATSCHE	8	7	Klatsche
KLATSCHTEN	10	7	klatschten
KLAUE	5	7	Klaue
KLEINBUSSE	10	7	Kleinbusse
KLEINSTEM	9	7	kleinstem
KLEINSTER	9	7	kleinster
KLEVER	6	7	Klever
KLIMATISCHE	11	7	klimatische
KLIMAZIELE	10	7	Klimaziele
KLINGELTEN	10	7	klingelten
KLINGENBERG	11	7	Klingenberg
KLOEPPEL	8	7	Klöppel
KLOESSE	7	7	Klöße
KLUBCHEF	8	7	Klubchef
KNIEFALL	8	7	Kniefall
KNIEND	6	7	kniend
KNIET	5	7	kniet
KNIFFLIG	8	7	knifflig
KNUEPFTEN	9	7	knüpften
KOCHTEN	7	7	kochten
KOLBENS	7	7	Kolbens
KOLIBRIS	8	7	Kolibris
KOMMENDES	9	7	kommendes
KOMPAKTES	9	7	kompaktes
KOMPILIERT	10	7	kompiliert
KONFUSION	9	7	Konfusion
KONISCHEN	9	7	konischen
KONKORDANZ	10	7	Konkordanz
KONSISTENTE	11	7	konsistente
KONSTITUTIV	11	7	konstitutiv
KONTEXTE	8	7	Kontexte
KONTINUUM	9	7	Kontinuum
KONTOAUSZUG	11	7	Kontoauszug
KONTOS	6	7	Kontos
KOPFBEREICH	11	7	Kopfbereich
KOPFTEIL	8	7	Kopfteil
KOPIERER	8	7	Kopierer
KOPPELUNG	9	7	Koppelung
KOPTISCHEN	10	7	koptischen
KORANS	6	7	Korans
KORDEL	6	7	Kordel
KORMORAN	8	7	Kormoran
KORRUMPIERT	11	7	korrumpiert
KOSTBARKEIT	11	7	Kostbarkeit
KOTZT	5	7	kotzt
KRAEFTIGERE	11	7	kräftigere
KRAEHT	6	7	kräht
KRAFTVOLLER	11	7	kraftvoller
KRAIN	5	7	Krain
KRANICHE	8	7	Kraniche
KRATERRAND	10	7	Kraterrand
KRATZTE	7	7	kratzte
KREDITES	8	7	Kredites
KREIERTEN	9	7	kreierten
KREISHAUS	9	7	Kreishaus
KREISSSAAL	10	7	Kreißsaal
KREMATORIEN	11	7	Krematorien
KREUZCHEN	9	7	Kreuzchen
KRIEGSZIELE	11	7	Kriegsziele
KROATISCHER	11	7	kroatischer
KRONJUWELEN	11	7	Kronjuwelen
KUBISCHE	8	7	kubische
KUCKUCK	7	7	Kuckuck
KUDAMM	6	7	Kudamm
KUENDEN	7	7	künden
KUFEN	5	7	Kufen
KULMINIERTE	11	7	kulminierte
KUNDENLISTE	11	7	Kundenliste
KUNDINNEN	9	7	Kundinnen
KUNSTSCHNEE	11	7	Kunstschnee
KURATIERT	9	7	kuratiert
KURIOSEN	8	7	kuriosen
KURIOSER	8	7	kurioser
KURIOSUM	8	7	Kuriosum
KURKLINIK	9	7	Kurklinik
KURSBUCH	8	7	Kursbuch
KURSRALLY	9	7	Kursrally
KURZLEBIG	9	7	kurzlebig
KURZLEBIGEN	11	7	kurzlebigen
KURZWEILIG	10	7	kurzweilig
LABORE	6	7	Labore
LACHSE	6	7	Lachse
LACKEN	6	7	Lacken
LAEHMEN	7	7	lähmen
LAENGLICHES	11	7	längliches
LAERCHE	7	7	Lärche
LAGERLEITER	11	7	Lagerleiter
LAHMT	5	7	lahmt
LAICH	5	7	Laich
LAMINA	6	7	Lamina
LANDADELS	9	7	Landadels
LANDEBAHNEN	11	7	Landebahnen
LANDESVATER	11	7	Landesvater
LANDJUGEND	10	7	Landjugend
LANDREFORM	10	7	Landreform
LANGLEBIGE	10	7	langlebige
LANGSTRECKE	11	7	Langstrecke
LASERLICHT	10	7	Laserlicht
LASERSHOW	9	7	Lasershow
LATENZZEIT	10	7	Latenzzeit
LATERNEN	8	7	Laternen
LAUDE	5	7	laude
LAUERTEN	8	7	lauerten
LAUFRAD	7	7	Laufrad
LAUFSTIL	8	7	Laufstil
LAUGE	5	7	Lauge
LAUSCHTEN	9	7	lauschten
LAUTESTEN	9	7	lautesten
LAVASTROM	9	7	Lavastrom
LAVINIA	7	7	Lavinia
LEASEN	6	7	leasen
LEBENSBAUM	10	7	Lebensbaum
LEBENSSTILS	11	7	Lebensstils
LECKT	5	7	leckt
LEERGEFEGT	10	7	leergefegt
LEGIO	5	7	Legio
LEGISLATUR	10	7	Legislatur
LEHRENDE	8	7	Lehrende
LEHRMITTEL	10	7	Lehrmittel
LEIDENER	8	7	Leidener
LEIHGABE	8	7	Leihgabe
LEITARTIKEL	11	7	Leitartikel
LEITKULTUR	10	7	Leitkultur
LEITSATZ	8	7	Leitsatz
LEITSPRUCH	10	7	Leitspruch
LEKTORIN	8	7	Lektorin
LERNEFFEKT	10	7	Lerneffekt
LESEBUCH	8	7	Lesebuch
LESEREISE	9	7	Lesereise
LESERIN	7	7	Leserin
LEUTKIRCHER	11	7	Leutkircher
LIBELLEN	8	7	Libellen
LICHTBILDER	11	7	Lichtbilder
LICHTKEGEL	10	7	Lichtkegel
LIEBESNACHT	11	7	Liebesnacht
LIEDS	5	7	Lieds
LIEGEZEIT	9	7	Liegezeit
LIGABETRIEB	11	7	Ligabetrieb
LIGAPARTIEN	11	7	Ligapartien
LIKOER	6	7	Likör
LIMBURGER	9	7	Limburger
LIMERICK	8	7	Limerick
LIMMAT	6	7	Limmat
LIMONADE	8	7	Limonade
LISTETE	7	7	listete
LIVESHOW	8	7	Liveshow
LOCKMITTEL	10	7	Lockmittel
LOESS	5	7	Löss
LOETEN	6	7	Löten
LOGISTISCH	10	7	logistisch
LOKALDERBY	10	7	Lokalderby
LONGHORNS	9	7	Longhorns
LOVER	5	7	Lover
LOYALEN	7	7	loyalen
LUFTBALLON	10	7	Luftballon
LUFTEINLASS	11	7	Lufteinlass
LUFTKRIEG	9	7	Luftkrieg
LUSTIGSTEN	10	7	lustigsten
LUXURIOESES	11	7	luxuriöses
LYZEUM	6	7	Lyzeum
MACHTERHALT	11	7	Machterhalt
MACHTFUELLE	11	7	Machtfülle
MAELZEREI	9	7	Mälzerei
MAERCHENS	9	7	Märchens
MAERKER	7	7	Märker
MAGIERS	7	7	Magiers
MAGISTERS	9	7	Magisters
MAGYAREN	8	7	Magyaren
MAHDI	5	7	Mahdi
MAJESTIC	8	7	Majestic
MALACHIT	8	7	Malachit
MANSFELDER	10	7	Mansfelder
MANUELLER	9	7	manueller
MARCHESE	8	7	Marchese
MARGARITA	9	7	Margarita
MARKETINGS	10	7	Marketings
MARKIERTER	10	7	markierter
MARSCHES	8	7	Marsches
MARSCHROUTE	11	7	Marschroute
MARSTALL	8	7	Marstall
MASKENBALL	10	7	Maskenball
MASOCHISMUS	11	7	Masochismus
MASSGABEN	9	7	Maßgaben
MASSVOLLE	9	7	maßvolle
MAXIMIERT	9	7	maximiert
MAYBACH	7	7	Maybach
MEDIATOR	8	7	Mediator
MEHRMALIGEM	11	7	mehrmaligem
MEHRMALIGER	11	7	mehrmaliger
MEHRTEILIGE	11	7	mehrteilige
MEIEREI	7	7	Meierei
MEINL	5	7	Meinl
MEISSEL	7	7	Meißel
MEISTERTEN	10	7	meisterten
MEKONG	6	7	Mekong
MELODISCHER	11	7	melodischer
MENSCHSEIN	10	7	Menschsein
MENUEPUNKTE	11	7	Menüpunkte
MESSENDE	8	7	messende
MESSETAG	8	7	Messetag
MESSSIGNAL	10	7	Messsignal
METHODIST	9	7	Methodist
METRIK	6	7	Metrik
MIESER	6	7	mieser
MIKROBEN	8	7	Mikroben
MIKROFONE	9	7	Mikrofone
MINDESTZAHL	11	7	Mindestzahl
MINIMALES	9	7	minimales
MISSLICHEN	10	7	misslichen
MISSMUTIG	9	7	missmutig
MISSTRAUT	9	7	misstraut
MITGEFAHREN	11	7	mitgefahren
MITGEKRIEGT	11	7	mitgekriegt
MITGEZOGEN	10	7	mitgezogen
MITRA	5	7	Mitra
MITSPIELTE	10	7	mitspielte
MITTELLOSE	10	7	mittellose
MITTELWELLE	11	7	Mittelwelle
MITTSCHIFFS	11	7	mittschiffs
MITVERFOLGT	11	7	mitverfolgt
MITWIRKTEN	10	7	mitwirkten
MITZUNEHMEN	11	7	mitzunehmen
MOESSINGER	10	7	Mössinger
MOLLUSKEN	9	7	Mollusken
MONATSFRIST	11	7	Monatsfrist
MONOGAM	7	7	monogam
MONOKULTUR	10	7	Monokultur
MONTAFON	8	7	Montafon
MONTEUR	7	7	Monteur
MORDWAFFE	9	7	Mordwaffe
MORGENROETE	11	7	Morgenröte
MOTORISIERT	11	7	motorisiert
MOTORRADS	9	7	Motorrads
MOTTEN	6	7	Motten
MUEHLRAD	8	7	Mühlrad
MUEHT	5	7	müht
MUELLS	6	7	Mülls
MUNDHOEHLE	10	7	Mundhöhle
MURMELT	7	7	murmelt
MUSEUMSDORF	11	7	Museumsdorf
MUSIKEN	7	7	Musiken
MUSIKLABEL	10	7	Musiklabel
MUSIKLEBEN	10	7	Musikleben
MUSIKMARKT	10	7	Musikmarkt
MUSIKSAAL	9	7	Musiksaal
MUSIKSTILE	10	7	Musikstile
MUSIZIERTE	10	7	musizierte
MUTPROBE	8	7	Mutprobe
MUTTERLEIB	10	7	Mutterleib
MUTTERTIER	10	7	Muttertier
MYSTIKER	8	7	Mystiker
NACHBAUTEN	10	7	Nachbauten
NACHGEAHMT	10	7	nachgeahmt
NACHHUT	7	7	Nachhut
NACHMIETER	10	7	Nachmieter
NACHTBUS	8	7	Nachtbus
NAECHST	7	7	nächst
NAGER	5	7	Nager
NAHELEGT	8	7	nahelegt
NAMENSWAHL	10	7	Namenswahl
NAMIBISCHEN	11	7	namibischen
NATIONALEM	10	7	nationalem
NATIONENCUP	11	7	Nationencup
NEBENBAECHE	11	7	Nebenbäche
NEBENLINIE	10	7	Nebenlinie
NEKTARIEN	9	7	Nektarien
NEMAX	5	7	Nemax
NEUGEBAUTE	10	7	neugebaute
NEUMARK	7	7	Neumark
NEUSIEDLER	10	7	Neusiedler
NEWSTICKER	10	7	Newsticker
NICHTIGKEIT	11	7	Nichtigkeit
NICHTSTUN	9	7	Nichtstun
NICKTEN	7	7	nickten
NIEDERGANGS	11	7	Niedergangs
NIEDRIGEREM	11	7	niedrigerem
NILPFERD	8	7	Nilpferd
NORDALLIANZ	11	7	Nordallianz
NORDKAP	7	7	Nordkap
NORDPOL	7	7	Nordpol
NORMALWEG	9	7	Normalweg
NORTHEIMER	10	7	Northeimer
NOTBETRIEB	10	7	Notbetrieb
NOTHILFE	8	7	Nothilfe
NOTIZBLOCK	10	7	Notizblock
NUESTRA	7	7	Nuestra
NULLEN	6	7	Nullen
NUMERIERUNG	11	7	Numerierung
NUMISMATIK	10	7	Numismatik
NUTZERZAHL	10	7	Nutzerzahl
OBERBAURAT	10	7	Oberbaurat
OBERIN	6	7	Oberin
OBERKIEFERS	11	7	Oberkiefers
OBIGEM	6	7	obigem
OBLATEN	7	7	Oblaten
OCHSE	5	7	Ochse
OCKERFARBEN	11	7	ockerfarben
OEFFNENDEN	10	7	öffnenden
OEKONOMIK	9	7	Ökonomik
OELSEKTOR	9	7	Ölsektor
OELWANNE	8	7	Ölwanne
OLDESLOER	9	7	Oldesloer
OLIVGRAU	8	7	olivgrau
OLYMPIAPARK	11	7	Olympiapark
OMEGA	5	7	Omega
OMINOESEN	9	7	ominösen
OPERATEUR	9	7	Operateur
OPERATIVER	10	7	operativer
OPERNHAUSES	11	7	Opernhauses
OPIOIDE	7	7	Opioide
ORGANISTIN	10	7	Organistin
ORIGINALER	10	7	originaler
ORIGINELLER	11	7	origineller
ORNAMENTALE	11	7	ornamentale
ORNITHOLOGE	11	7	Ornithologe
ORTET	5	7	ortet
ORTSGRENZEN	11	7	Ortsgrenzen
ORTSTAFELN	10	7	Ortstafeln
ORTSTEILES	10	7	Ortsteiles
ORTSWAPPEN	10	7	Ortswappen
OSTENDE	7	7	Ostende
OSTMARK	7	7	Ostmark
OSTSTRASSE	10	7	Oststraße
OVERALL	7	7	Overall
PACKEIS	7	7	Packeis
PACKENDE	8	7	packende
PACKENDEN	9	7	packenden
PALISADEN	9	7	Palisaden
PANDORA	7	7	Pandora
PANKE	5	7	Panke
PANNENSERIE	11	7	Pannenserie
PANTHERN	8	7	Panthern
PARADIGMEN	10	7	Paradigmen
PARASIT	7	7	Parasit
PARIEREN	8	7	parieren
PARKRAUM	8	7	Parkraum
PARKTEIL	8	7	Parkteil
PARTEITAGE	10	7	Parteitage
PARTNERWAHL	11	7	Partnerwahl
PASCHAS	7	7	Paschas
PASCHTUNEN	10	7	Paschtunen
PASSBILD	8	7	Passbild
PATZER	6	7	Patzer
PAUKE	5	7	Pauke
PAZIFIST	8	7	Pazifist
PEERS	5	7	Peers
PEINIGER	8	7	Peiniger
PENDELTEN	9	7	pendelten
PENTAGONS	9	7	Pentagons
PERSONALE	9	7	personale
PERSONELLER	11	7	personeller
PERUECKEN	9	7	Perücken
PFAELZISCHE	11	7	pfälzische
PFALZGRAF	9	7	Pfalzgraf
PFARRBEZIRK	11	7	Pfarrbezirk
PFLANZENBAU	11	7	Pflanzenbau
PFLEGEGELD	10	7	Pflegegeld
PFLICHTETE	10	7	pflichtete
PFUETZE	7	7	Pfütze
PHALANX	7	7	Phalanx
PHARAOS	7	7	Pharaos
PIAGGIO	7	7	Piaggio
PIERS	5	7	Piers
PIGMENT	7	7	Pigment
PILOTFILM	9	7	Pilotfilm
PILZBEFALL	10	7	Pilzbefall
PINNWAND	8	7	Pinnwand
PLANSPIELE	10	7	Planspiele
PLANTATION	10	7	Plantation
PLANWAGEN	9	7	Planwagen
PLATTENBAU	10	7	Plattenbau
PLATZANLAGE	11	7	Platzanlage
PLURALITAET	11	7	Pluralität
POETISCHER	10	7	poetischer
POLITESSEN	10	7	Politessen
POLIZEIEN	9	7	Polizeien
POLYGONALEN	11	7	polygonalen
PONTIFEX	8	7	Pontifex
POPULAERES	10	7	populäres
POROES	6	7	porös
PORTIER	7	7	Portier
POSTAGENTUR	11	7	Postagentur
POSTBEAMTEN	11	7	Postbeamten
POSTBUERO	9	7	Postbüro
POSTKUTSCHE	11	7	Postkutsche
POSTULIERTE	11	7	postulierte
POSTVERKEHR	11	7	Postverkehr
PRACHTVOLL	10	7	prachtvoll
PRAEGENDES	10	7	prägendes
PRAEGUNGEN	10	7	Prägungen
PRAXISNAEHE	11	7	Praxisnähe
PREISFRAGE	10	7	Preisfrage
PRELLUNG	8	7	Prellung
PRIMETIME	9	7	Primetime
PRINCIPALIS	11	7	principalis
PROBAND	7	7	Proband
PROBLEMFALL	11	7	Problemfall
PRODUCER	8	7	Producer
PROFAN	6	7	profan
PROFITABLEN	11	7	profitablen
PROFITABLER	11	7	profitabler
PROFITE	7	7	Profite
PROJEKTIVE	10	7	projektive
PROKURA	7	7	Prokura
PROKURIST	9	7	Prokurist
PROPHEZEIEN	11	7	prophezeien
PROPORTION	10	7	Proportion
PROPPENVOLL	11	7	proppenvoll
PROSTATA	8	7	Prostata
PROZENTUAL	10	7	prozentual
PRUEFSTELLE	11	7	Prüfstelle
PULLE	5	7	Pulle
PUNCTO	6	7	puncto
PUNKTET	7	7	punktet
PUNKTION	8	7	Punktion
PUPILLEN	8	7	Pupillen
PUPPENRUHE	10	7	Puppenruhe
PUREN	5	7	puren
PURITANER	9	7	Puritaner
PUTSCHES	8	7	Putsches
PUZZLES	7	7	Puzzles
QUADRATUR	9	7	Quadratur
QUAELEREI	9	7	Quälerei
QUARTETTS	9	7	Quartetts
QUELLTEXTE	10	7	Quelltexte
QUERFORMAT	10	7	Querformat
QUERLATTE	9	7	Querlatte
QUERSCHLAG	10	7	Querschlag
QUEUE	5	7	Queue
RACHEAKT	8	7	Racheakt
RADIEN	6	7	Radien
RADIKALES	9	7	radikales
RADIOLOGEN	10	7	Radiologen
RADLERIN	8	7	Radlerin
RAECHER	7	7	Rächer
RAMSAU	6	7	Ramsau
RANDALIERT	10	7	randaliert
RANDZONEN	9	7	Randzonen
RANGERN	7	7	Rangern
RASTPLAETZE	11	7	Rastplätze
RATHAUSTURM	11	7	Rathausturm
RAUBTIEREN	10	7	Raubtieren
RAUCHGASE	9	7	Rauchgase
RAUCHTEN	8	7	rauchten
RAUMSONDE	9	7	Raumsonde
RAUMZEIT	8	7	Raumzeit
RAUSCHENDEN	11	7	rauschenden
REANIMIEREN	11	7	reanimieren
REAPER	6	7	Reaper
RECHTSBRUCH	11	7	Rechtsbruch
RECHTSRUCK	10	7	Rechtsruck
REDEWENDUNG	11	7	Redewendung
REDUNDANZ	9	7	Redundanz
REFLEKTOR	9	7	Reflektor
REFORMPAKET	11	7	Reformpaket
REGELSAETZE	11	7	Regelsätze
REGESTEN	8	7	Regesten
REGIONALRAT	11	7	Regionalrat
REGULATOR	9	7	Regulator
REHBOCK	7	7	Rehbock
REICHEM	7	7	reichem
REICHENDE	9	7	reichende
REICHSRAT	9	7	Reichsrat
REICHSWEHR	10	7	Reichswehr
REIFEREN	8	7	reiferen
REIFEZEIT	9	7	Reifezeit
REIHER	6	7	Reiher
REIME	5	7	Reime
REINIGER	8	7	Reiniger
REISFELDER	10	7	Reisfelder
REITSTALL	9	7	Reitstall
REIZVOLLEN	10	7	reizvollen
REKORDSTAND	11	7	Rekordstand
RELATIONALE	11	7	relationale
RENNSTAELLE	11	7	Rennställe
REPRESSIVEN	11	7	repressiven
RESPEKTS	8	7	Respekts
RESTBESTAND	11	7	Restbestand
RETORTE	7	7	Retorte
RETTE	5	7	rette
REVERS	6	7	Revers
REZEPTOR	8	7	Rezeptor
RHEINSEITE	10	7	Rheinseite
RIBOSOMEN	9	7	Ribosomen
RICHTERAMT	10	7	Richteramt
RIECHE	6	7	rieche
RIESLING	8	7	Riesling
RIFFE	5	7	Riffe
RIGIDE	6	7	rigide
RISIKOREICH	11	7	risikoreich
RISKANTER	9	7	riskanter
RISKIERE	8	7	riskiere
RITTERSTAND	11	7	Ritterstand
RITZEL	6	7	Ritzel
RIVALIN	7	7	Rivalin
ROADMAP	7	7	Roadmap
ROCHADE	7	7	Rochade
ROHMILCH	8	7	Rohmilch
ROHRLEITUNG	11	7	Rohrleitung
ROLLTREPPEN	11	7	Rolltreppen
ROSAFARBENE	11	7	rosafarbene
ROSENBERGER	11	7	Rosenberger
ROTORS	6	7	Rotors
RUANDISCHEN	11	7	ruandischen
RUECKENFELL	11	7	Rückenfell
RUECKFRAGE	10	7	Rückfrage
RUECKGEBAUT	11	7	rückgebaut
RUECKKAMPF	10	7	Rückkampf
RUECKZUGS	9	7	Rückzugs
RUEHRUNG	8	7	Rührung
RUETTELT	8	7	rüttelt
RUETTELTE	9	7	rüttelte
RUHMS	5	7	Ruhms
RUINOESEN	9	7	ruinösen
RUNDGAENGE	10	7	Rundgänge
RUNDGANGS	9	7	Rundgangs
RUNDSPITZIG	11	7	rundspitzig
RUNNER	6	7	Runner
RUSSINNEN	9	7	Russinnen
RUTLAND	7	7	Rutland
SABOTIEREN	10	7	sabotieren
SACHGEBIET	10	7	Sachgebiet
SACHKUNDE	9	7	Sachkunde
SACHKUNDIG	10	7	sachkundig
SACHSE	6	7	Sachse
SACHWERTE	9	7	Sachwerte
SAENGERFEST	11	7	Sängerfest
SAFTIGEN	8	7	saftigen
SAISONTORE	10	7	Saisontore
SAKRILEG	8	7	Sakrileg
SALZHALTIGE	11	7	salzhaltige
SALZLOESUNG	11	7	Salzlösung
SALZSEE	7	7	Salzsee
SANDDUENEN	10	7	Sanddünen
SANDIGEM	8	7	sandigem
SANDMANN	8	7	Sandmann
SANDWICH	8	7	Sandwich
SANFTMUT	8	7	Sanftmut
SATANS	6	7	Satans
SAUBEREM	8	7	sauberem
SAUERKRAUT	10	7	Sauerkraut
SAUGRUESSEL	11	7	Saugrüssel
SAUST	5	7	saust
SCHAEBIGEN	10	7	schäbigen
SCHAEDIGTE	10	7	schädigte
SCHAELT	7	7	schält
SCHAEUMT	8	7	schäumt
SCHAFHERDE	10	7	Schafherde
SCHALS	6	7	Schals
SCHALTJAHRE	11	7	Schaltjahre
SCHANDFLECK	11	7	Schandfleck
SCHARIA	7	7	Scharia
SCHATTENS	9	7	Schattens
SCHAUBUEHNE	11	7	Schaubühne
SCHAUDERT	9	7	schaudert
SCHAULAUFEN	11	7	Schaulaufen
SCHAURIGE	9	7	schaurige
SCHEINWELT	10	7	Scheinwelt
SCHEMATA	8	7	Schemata
SCHENGENER	10	7	Schengener
SCHEUSSLICH	11	7	scheußlich
SCHIEBETUER	11	7	Schiebetür
SCHIFFSBAU	10	7	Schiffsbau
SCHILDERTEN	11	7	schilderten
SCHILDES	8	7	Schildes
SCHILDHAUPT	11	7	Schildhaupt
SCHIMPFTE	9	7	schimpfte
SCHISMA	7	7	Schisma
SCHLAENGELN	11	7	schlängeln
SCHLAGKRAFT	11	7	Schlagkraft
SCHLAMMIGEN	11	7	schlammigen
SCHLEPP	7	7	Schlepp
SCHLIMMERE	10	7	schlimmere
SCHLOSSEREI	11	7	Schlosserei
SCHMAELERT	10	7	schmälert
SCHMINKE	8	7	Schminke
SCHNAPPTE	9	7	schnappte
SCHNEEBALL	10	7	Schneeball
SCHNELLBOOT	11	7	Schnellboot
SCHNELLZUG	10	7	Schnellzug
SCHNITZTE	9	7	schnitzte
SCHNUERT	8	7	schnürt
SCHOBEN	7	7	schoben
SCHOCKT	7	7	schockt
SCHOEPFERS	10	7	Schöpfers
SCHONER	7	7	Schoner
SCHRAUBT	8	7	schraubt
SCHREIBENDE	11	7	schreibende
SCHREIBERS	10	7	Schreibers
SCHREINE	8	7	Schreine
SCHRIEN	7	7	schrien
SCHRIFTBILD	11	7	Schriftbild
SCHUBST	7	7	schubst
SCHUEBEN	8	7	Schüben
SCHUETTETE	10	7	schüttete
SCHUHKARTON	11	7	Schuhkarton
SCHUHSOHLEN	11	7	Schuhsohlen
SCHULART	8	7	Schulart
SCHULBANK	9	7	Schulbank
SCHULDET	8	7	schuldet
SCHULFREUND	11	7	Schulfreund
SCHULNEUBAU	11	7	Schulneubau
SCHULNOTEN	10	7	Schulnoten
SCHULRAEUME	11	7	Schulräume
SCHULTYPEN	10	7	Schultypen
SCHUR	5	7	Schur
SCHUTZDACH	10	7	Schutzdach
SCHUTZLOS	9	7	schutzlos
SCHUTZWALL	10	7	Schutzwall
SCHWAGERS	9	7	Schwagers
SCHWAPPTE	9	7	schwappte
SCHWARTE	8	7	Schwarte
SCHWARZA	8	7	Schwarza
SCHWEIZERN	10	7	Schweizern
SCHWELGT	8	7	schwelgt
SCHWIMMERN	10	7	Schwimmern
SCHWYZER	8	7	Schwyzer
SCOTTS	6	7	Scotts
SEAHAWKS	8	7	Seahawks
SEEBRUECKE	10	7	Seebrücke
SEEFLAECHE	10	7	Seefläche
SEEGRUND	8	7	Seegrund
SEEHANDEL	9	7	Seehandel
SEELENLEBEN	11	7	Seelenleben
SEGREGATION	11	7	Segregation
SEHTEST	7	7	Sehtest
SEILSCHAFT	10	7	Seilschaft
SEITENLAGE	10	7	Seitenlage
SEITENRUDER	11	7	Seitenruder
SEITLICHER	10	7	seitlicher
SEMIKOLON	9	7	Semikolon
SEMPEROPER	10	7	Semperoper
SENKRECHTER	11	7	senkrechter
SEPSIS	6	7	Sepsis
SERPENTINEN	11	7	Serpentinen
SEXTETT	7	7	Sextett
SEXUELLES	9	7	sexuelles
SHAKER	6	7	Shaker
SHERRY	6	7	Sherry
SIEDELT	7	7	siedelt
SIEGLOS	7	7	sieglos
SIESTA	6	7	Siesta
SIKHS	5	7	Sikhs
SINGEND	7	7	singend
SIPPEN	6	7	Sippen
SISYPHOS	8	7	Sisyphos
SITTLICHEN	10	7	sittlichen
SITZFLAECHE	11	7	Sitzfläche
SKIPISTEN	9	7	Skipisten
SKISCHULE	9	7	Skischule
SKYLINE	7	7	Skyline
SLALOMS	7	7	Slaloms
SMARTCARD	9	7	Smartcard
SOESTER	7	7	Soester
SOJABOHNEN	10	7	Sojabohnen
SOLITUDE	8	7	Solitude
SOLLSTAERKE	11	7	Sollstärke
SOMALISCHE	10	7	somalische
SOMMERCAMP	10	7	Sommercamp
SONNENTAGE	10	7	Sonnentage
SORBEN	6	7	Sorben
SORTIERTE	9	7	sortierte
SOUNDCHECK	10	7	Soundcheck
SPAEHER	7	7	Späher
SPAEHTE	7	7	spähte
SPAETJAHR	9	7	Spätjahr
SPAMMER	7	7	Spammer
SPARLISTE	9	7	Sparliste
SPARPLAENEN	11	7	Sparplänen
SPEDITEUR	9	7	Spediteur
SPEISERAUM	10	7	Speiseraum
SPEKULIERTE	11	7	spekulierte
SPERRFRIST	10	7	Sperrfrist
SPERRZONE	9	7	Sperrzone
SPEYERER	8	7	Speyerer
SPEZIFITAET	11	7	Spezifität
SPIELART	8	7	Spielart
SPIELARTEN	10	7	Spielarten
SPIELAUFBAU	11	7	Spielaufbau
SPIELBAREN	10	7	spielbaren
SPIELECKE	9	7	Spielecke
SPIELENS	8	7	Spielens
SPIELHALLEN	11	7	Spielhallen
SPIELHAUS	9	7	Spielhaus
SPIELORTEN	10	7	Spielorten
SPITZENTEAM	11	7	Spitzenteam
SPORTSCHAU	10	7	Sportschau
SPORTTEAMS	10	7	Sportteams
SPRENGTEN	9	7	sprengten
SPREU	5	7	Spreu
SPRUNGHAFTE	11	7	sprunghafte
SPUELTE	7	7	spülte
STABILEM	8	7	stabilem
STABILSTEN	10	7	stabilsten
STADIONBAU	10	7	Stadionbau
STADTBAD	8	7	Stadtbad
STADTBAURAT	11	7	Stadtbaurat
STADTSEITE	10	7	Stadtseite
STADTSIEGEL	11	7	Stadtsiegel
STAEHLE	7	7	Stähle
STAHLS	6	7	Stahls
STAMMBUCH	9	7	Stammbuch
STAMMENDER	10	7	stammender
STAMMTISCHE	11	7	Stammtische
STANDFUSS	9	7	Standfuß
STANDUHR	8	7	Standuhr
STARE	5	7	Stare
STARTPHASE	10	7	Startphase
STARTRECHT	10	7	Startrecht
STARTZEIT	9	7	Startzeit
STAUENDE	8	7	Stauende
STAUTEN	7	7	stauten
STEAKS	6	7	Steaks
STEGLITZER	10	7	Steglitzer
STEINBACHER	11	7	Steinbacher
STEINMETZEN	11	7	Steinmetzen
STEIRER	7	7	Steirer
STEPHANSDOM	11	7	Stephansdom
STERBLICH	9	7	sterblich
STERNSTUNDE	11	7	Sternstunde
STICHSAEGE	10	7	Stichsäge
STIEFKIND	9	7	Stiefkind
STIEGLITZ	9	7	Stieglitz
STIELBUCHT	10	7	Stielbucht
STIERKAMPF	10	7	Stierkampf
STIFTSDAMEN	11	7	Stiftsdamen
STILES	6	7	Stiles
STILISTIK	9	7	Stilistik
STIPENDIUMS	11	7	Stipendiums
STOCKSAUER	10	7	stocksauer
STOEBERT	8	7	stöbert
STOEPSEL	8	7	Stöpsel
STOERE	6	7	störe
STOERSENDER	11	7	Störsender
STOFFMENGE	10	7	Stoffmenge
STOFFS	6	7	Stoffs
STORMARNER	10	7	Stormarner
STORNIEREN	10	7	stornieren
STRAFT	6	7	straft
STRAMM	6	7	stramm
STREIKTE	8	7	streikte
STREUTE	7	7	streute
STROMNETZES	11	7	Stromnetzes
STROMSCHLAG	11	7	Stromschlag
STUDIENPLAN	11	7	Studienplan
STUERMERN	9	7	Stürmern
STUETZMAUER	11	7	Stützmauer
STUFENLOSE	10	7	stufenlose
STUFTEN	7	7	stuften
STURMLAUF	9	7	Sturmlauf
SUBVERSIV	9	7	subversiv
SUCHEND	7	7	suchend
SUCHFELD	8	7	Suchfeld
SUCHTGEFAHR	11	7	Suchtgefahr
SUEDPAZIFIK	11	7	Südpazifik
SUEDSUDAN	9	7	Südsudan
SUESSLICH	9	7	süßlich
SUFFOLK	7	7	Suffolk
SUPERHELD	9	7	Superheld
SUPERHELDEN	11	7	Superhelden
SURFT	5	7	surft
SWEATSHIRT	10	7	Sweatshirt
SYMBOLKRAFT	11	7	Symbolkraft
SYNTHETISCH	11	7	synthetisch
SYSTEMSTART	11	7	Systemstart
TACHO	5	7	Tacho
TAETERINNEN	11	7	Täterinnen
TAETLICH	8	7	tätlich
TAETOWIERT	10	7	tätowiert
TAGEBAUS	8	7	Tagebaus
TAGELANGEN	10	7	tagelangen
TAGESGAESTE	11	7	Tagesgäste
TAGESLAENGE	11	7	Tageslänge
TAKTUNG	7	7	Taktung
TALENTS	7	7	Talents
TALLINNER	9	7	Tallinner
TALMUD	6	7	Talmud
TALSPERREN	10	7	Talsperren
TALWAERTS	9	7	talwärts
TAMTAM	6	7	Tamtam
TANGENTE	8	7	Tangente
TANTEN	6	7	Tanten
TANZBEIN	8	7	Tanzbein
TANZE	5	7	tanze
TAPEZIERT	9	7	tapeziert
TARSEN	6	7	Tarsen
TASTER	6	7	Taster
TASTSINN	8	7	Tastsinn
TATRA	5	7	Tatra
TAUBERTAL	9	7	Taubertal
TAUCHTIEFE	10	7	Tauchtiefe
TAXIFAHRT	9	7	Taxifahrt
TAXONOMIE	9	7	Taxonomie
TEENAGERN	9	7	Teenagern
TEGERNSEE	9	7	Tegernsee
TELEFONIERE	11	7	telefoniere
TENTAKEL	8	7	Tentakel
TERMINLISTE	11	7	Terminliste
TERRAINS	8	7	Terrains
TESSINER	8	7	Tessiner
TESTFAHRER	10	7	Testfahrer
TESTFAHRT	9	7	Testfahrt
TESTFLUEGE	10	7	Testflüge
TESTREIHEN	10	7	Testreihen
TESTSPIELEN	11	7	Testspielen
TESTWAGEN	9	7	Testwagen
TEUERER	7	7	teuerer
TEUTOBURGER	11	7	Teutoburger
TEXTLICHE	9	7	textliche
TEXTLICHEN	10	7	textlichen
THAIS	5	7	Thais
THERAPEUTIN	11	7	Therapeutin
THUNDERBIRD	11	7	Thunderbird
THURGAUER	9	7	Thurgauer
TIERFIGUREN	11	7	Tierfiguren
TIERHALTER	10	7	Tierhalter
TIERKADAVER	11	7	Tierkadaver
TIERMEDIZIN	11	7	Tiermedizin
TIERSEUCHE	10	7	Tierseuche
TIETZ	5	7	Tietz
TISCHCHEN	9	7	Tischchen
TITELSTUECK	11	7	Titelstück
TITULIERT	9	7	tituliert
TOASTER	7	7	Toaster
TOELZER	7	7	Tölzer
TOFANA	6	7	Tofana
TOHUWABOHU	10	7	Tohuwabohu
TOLERIERUNG	11	7	Tolerierung
TOMATE	6	7	Tomate
TONARTEN	8	7	Tonarten
TONHOEHEN	9	7	Tonhöhen
TONSIGNAL	9	7	Tonsignal
TONSPUR	7	7	Tonspur
TONSTUDIOS	10	7	Tonstudios
TOPFAVORIT	10	7	Topfavorit
TORSCHUSS	9	7	Torschuss
TOTENKULT	9	7	Totenkult
TOURISTIN	9	7	Touristin
TOURNAMENT	10	7	Tournament
TRADER	6	7	Trader
TRAENENFILM	11	7	Tränenfilm
TRAGBAREN	9	7	tragbaren
TRAGSEILE	9	7	Tragseile
TRAKTE	6	7	Trakte
TRAMPELPFAD	11	7	Trampelpfad
TRANSISTOR	10	7	Transistor
TRASSIERUNG	11	7	Trassierung
TRAUALTAR	9	7	Traualtar
TRAUERTE	8	7	trauerte
TRAUFE	6	7	Traufe
TRAUMAUTO	9	7	Traumauto
TRAUMJOB	8	7	Traumjob
TRAUMSTART	10	7	Traumstart
TRAUSCHEIN	10	7	Trauschein
TRAVE	5	7	Trave
TRAWLER	7	7	Trawler
TRECK	5	7	Treck
TREFFERS	8	7	Treffers
TRENNENDEN	10	7	trennenden
TRESORE	7	7	Tresore
TRIBUS	6	7	Tribus
TROJANERN	9	7	Trojanern
TROLLE	6	7	Trolle
TROMMELFELL	11	7	Trommelfell
TRUHEN	6	7	Truhen
TUBERKEL	8	7	Tuberkel
TUEFTELT	8	7	tüftelt
TUERKLINGEL	11	7	Türklingel
TUERMT	6	7	türmt
TUEROEFFNER	11	7	Türöffner
TUNDRA	6	7	Tundra
TUNESISCHE	10	7	tunesische
TURBULENTER	11	7	turbulenter
TURBULENTES	11	7	turbulentes
TURMHALLE	9	7	Turmhalle
TYPISIERUNG	11	7	Typisierung
TYPSCHIFF	9	7	Typschiff
UEBELS	6	7	Übels
UEBEREIGNET	11	7	übereignet
UEBERGOSSEN	11	7	übergossen
UEBERHANG	9	7	Überhang
UEBERHOEREN	11	7	überhören
UEBERKLEBT	10	7	überklebt
UEBERLADUNG	11	7	Überladung
UEBERTOENT	10	7	übertönt
UEBERWEIST	10	7	überweist
UEBERZUG	8	7	Überzug
UHRTURM	7	7	Uhrturm
UHRZEITEN	9	7	Uhrzeiten
UMARMTE	7	7	umarmte
UMAYYADEN	9	7	Umayyaden
UMFANGS	7	7	Umfangs
UMFASSUNG	9	7	Umfassung
UMFELDES	8	7	Umfeldes
UMGEBOGEN	9	7	umgebogen
UMGEBUCHT	9	7	umgebucht
UMGEFORMT	9	7	umgeformt
UMHUELLUNG	10	7	Umhüllung
UMMAUERTEN	10	7	ummauerten
UMSICHTIGE	10	7	umsichtige
UMSTEIGER	9	7	Umsteiger
UMSTELLTEN	10	7	umstellten
UMSTURZES	9	7	Umsturzes
UMWAELZUNG	10	7	Umwälzung
UMWEHRUNG	9	7	Umwehrung
UMWIDMUNG	9	7	Umwidmung
UMZUSTELLEN	11	7	umzustellen
UNABSEHBAR	10	7	unabsehbar
UNABWENDBAR	11	7	unabwendbar
UNAUFGEREGT	11	7	unaufgeregt
UNBEBAUTEN	10	7	unbebauten
UNBEMANNTE	10	7	unbemannte
UNBESCHWERT	11	7	unbeschwert
UNBESIEGBAR	11	7	unbesiegbar
UNBEZAHLTE	10	7	unbezahlte
UNDEUTLICHE	11	7	undeutliche
UNDICHTEN	9	7	undichten
UNEHELICHES	11	7	uneheliches
UNERFAHRENE	11	7	unerfahrene
UNFAIRE	7	7	unfaire
UNGEHEURER	10	7	ungeheurer
UNGEHORSAMS	11	7	Ungehorsams
UNGEKUERZT	10	7	ungekürzt
UNGEKUERZTE	11	7	ungekürzte
UNGENIERT	9	7	ungeniert
UNGEPLANT	9	7	ungeplant
UNGETEILTEN	11	7	ungeteilten
UNGEWISSEM	10	7	ungewissem
UNGEZAEHLTE	11	7	ungezählte
UNGLEICHES	10	7	ungleiches
UNIVERSIDAD	11	7	Universidad
UNLOESBARE	10	7	unlösbare
UNLOESBAREN	11	7	unlösbaren
UNNOETIGER	10	7	unnötiger
UNNUETZ	7	7	unnütz
UNSAUBERE	9	7	unsaubere
UNSCHWER	8	7	unschwer
UNSERM	6	7	unserm
UNSERN	6	7	unsern
UNSORTIERT	10	7	unsortiert
UNSUMMEN	8	7	Unsummen
UNTERBURG	9	7	Unterburg
UNTERDORF	9	7	Unterdorf
UNTERGRUNDS	11	7	Untergrunds
UNTERLEIB	9	7	Unterleib
UNTERORDNEN	11	7	unterordnen
UNTERRAUM	9	7	Unterraum
UNTERTEILTE	11	7	unterteilte
UNWEGSAME	9	7	unwegsame
UNZAHL	6	7	Unzahl
UNZEIT	6	7	Unzeit
UPLOADS	7	7	Uploads
URLAUBE	7	7	Urlaube
URLAUBERN	9	7	Urlaubern
URTEILTEN	9	7	urteilten
USERN	5	7	Usern
VEKTOR	6	7	Vektor
VENTRALEN	9	7	ventralen
VERABSCHEUT	11	7	verabscheut
VERAERGERN	10	7	verärgern
VERBAUTE	8	7	verbaute
VERBLUTETE	10	7	verblutete
VERBS	5	7	Verbs
VERCHROMTEN	11	7	verchromten
VERDAULICH	10	7	verdaulich
VERDONNERT	10	7	verdonnert
VERDRAHTUNG	11	7	Verdrahtung
VERDUENNTER	11	7	verdünnter
VEREIST	7	7	vereist
VERENDETE	9	7	verendete
VERFALLENE	10	7	verfallene
VERFASSERN	10	7	Verfassern
VERFREMDUNG	11	7	Verfremdung
VERFUETTERT	11	7	verfüttert
VERFUGT	7	7	verfugt
VERGEHENS	9	7	Vergehens
VERGESSE	8	7	vergesse
VERGESSENS	10	7	Vergessens
VERGLASTE	9	7	verglaste
VERGOLDUNG	10	7	Vergoldung
VERGOSSEN	9	7	vergossen
VERHOEHNUNG	11	7	Verhöhnung
VERIRRTE	8	7	verirrte
VERKEILT	8	7	verkeilt
VERKENNEN	9	7	verkennen
VERKETTUNG	10	7	Verkettung
VERKRAMPFTE	11	7	verkrampfte
VERKUEMMERT	11	7	verkümmert
VERLEITET	9	7	verleitet
VERLIERST	9	7	verlierst
VERLIEST	8	7	verliest
VERLOCKENDE	11	7	verlockende
VERLOERE	8	7	verlöre
VERMAEHLTE	10	7	vermählte
VERMASSELT	10	7	vermasselt
VERMEHRTES	10	7	vermehrtes
VERPUTZ	7	7	Verputz
VERRIETEN	9	7	verrieten
VERROHRT	8	7	verrohrt
VERRUTSCHT	10	7	verrutscht
VERSANDART	10	7	Versandart
VERSCHANZTE	11	7	verschanzte
VERSCHEUCHT	11	7	verscheucht
VERSCHLANKT	11	7	verschlankt
VERSCHMIERT	11	7	verschmiert
VERSCHONTE	10	7	verschonte
VERSCHWENKT	11	7	verschwenkt
VERSENDER	9	7	Versender
VERSIEHT	8	7	versieht
VERSILBERT	10	7	versilbert
VERSTAUBTE	10	7	verstaubte
VERSTOEREND	11	7	verstörend
VERSTRICKTE	11	7	verstrickte
VERTONUNG	9	7	Vertonung
VERUNTREUT	10	7	veruntreut
VERURSACHE	10	7	verursache
VERVE	5	7	Verve
VERWAESSERT	11	7	verwässert
VERWARNGELD	11	7	Verwarngeld
VERWASCHEN	10	7	verwaschen
VERWERTBARE	11	7	verwertbare
VERWIRRENDE	11	7	verwirrende
VERWITTERT	10	7	verwittert
VERWUESTEN	10	7	verwüsten
VERZERRTES	10	7	verzerrtes
VERZOG	6	7	verzog
VIELFACHEN	10	7	vielfachen
VIELFAHRER	10	7	Vielfahrer
VIGNETTE	8	7	Vignette
VIKING	6	7	Viking
VIRGEN	6	7	Virgen
VISCONTI	8	7	Visconti
VISITATION	10	7	Visitation
VISUELLES	9	7	visuelles
VIZEKOENIGS	11	7	Vizekönigs
VLIES	5	7	Vlies
VOELKERBUND	11	7	Völkerbund
VOELKISCHEN	11	7	völkischen
VOLKSARMEE	10	7	Volksarmee
VOLLFUEHRT	10	7	vollführt
VOLLSTE	7	7	vollste
VOLLSTES	8	7	vollstes
VOLONTARIAT	11	7	Volontariat
VOLTIGIEREN	11	7	Voltigieren
VORBAND	7	7	Vorband
VORBESTIMMT	11	7	vorbestimmt
VORDIPLOM	9	7	Vordiplom
VORFINDET	9	7	vorfindet
VORGELASSEN	11	7	vorgelassen
VORLAEUFEN	10	7	Vorläufen
VORLESER	8	7	Vorleser
VORMAERZ	8	7	Vormärz
VORMONATS	9	7	Vormonats
VORNEWEG	8	7	vorneweg
VORSCHLAGS	10	7	Vorschlags
VORSCHNELLE	11	7	vorschnelle
VORSEHUNG	9	7	Vorsehung
VORSPIELEN	10	7	vorspielen
VORSTEHT	8	7	vorsteht
VORSTELLIG	10	7	vorstellig
VORSTOSSEN	10	7	vorstoßen
VORTAGE	7	7	Vortage
VORWISSEN	9	7	Vorwissen
VORWRFE	7	7	Vorwrfe
VORWURFS	8	7	Vorwurfs
VORZEITIGER	11	7	vorzeitiger
VULKANASCHE	11	7	Vulkanasche
WAAGEN	6	7	Waagen
WACHSEND	8	7	wachsend
WACHTTURM	9	7	Wachtturm
WACKELTE	8	7	wackelte
WACKLIGEN	9	7	wackligen
WAECHTERRAT	11	7	Wächterrat
WAESSRIGEN	10	7	wässrigen
WAGENENDEN	10	7	Wagenenden
WAGENRENNEN	11	7	Wagenrennen
WAHLFAECHER	11	7	Wahlfächer
WAHLJAHR	8	7	Wahljahr
WAHLSIEGER	10	7	Wahlsieger
WAHLSONNTAG	11	7	Wahlsonntag
WALDER	6	7	Walder
WALDSCHULE	10	7	Waldschule
WALISISCHE	10	7	walisische
WALTET	6	7	waltet
WANDELNDE	9	7	wandelnde
WANDERTAG	9	7	Wandertag
WANDERZEIT	10	7	Wanderzeit
WANDFLAECHE	11	7	Wandfläche
WANDLER	7	7	Wandler
WAPPNEN	7	7	wappnen
WAPPNET	7	7	wappnet
WARENLAGER	10	7	Warenlager
WARNSIGNALE	11	7	Warnsignale
WARNSYSTEM	10	7	Warnsystem
WARTERAUM	9	7	Warteraum
WARTEZIMMER	11	7	Wartezimmer
WARTHELAND	10	7	Wartheland
WARZE	5	7	Warze
WASCHECHTER	11	7	waschechter
WASSERLINIE	11	7	Wasserlinie
WASSERN	7	7	Wassern
WEBPAGE	7	7	Webpage
WEBSTUHL	8	7	Webstuhl
WEGESYSTEM	10	7	Wegesystem
WEGGEGANGEN	11	7	weggegangen
WEGWEISENDE	11	7	wegweisende
WEHTEN	6	7	wehten
WEIGERN	7	7	weigern
WEILCHEN	8	7	Weilchen
WEINBAUERN	10	7	Weinbauern
WEINBAUS	8	7	Weinbaus
WEINSBERGER	11	7	Weinsberger
WEITERSEHEN	11	7	weitersehen
WELFEN	6	7	Welfen
WELSER	6	7	Welser
WELTGERICHT	11	7	Weltgericht
WELTNEUHEIT	11	7	Weltneuheit
WENDEKREIS	10	7	Wendekreis
WENDELSTEIN	11	7	Wendelstein
WERDENS	7	7	Werdens
WERKBANK	8	7	Werkbank
WERKSHALLEN	11	7	Werkshallen
WESTBAHNHOF	11	7	Westbahnhof
WESTMAUER	9	7	Westmauer
WETTERFEST	10	7	wetterfest
WETTERLAGEN	11	7	Wetterlagen
WETTMACHEN	10	7	wettmachen
WICKEL	6	7	Wickel
WICKELTE	8	7	wickelte
WICKET	6	7	Wicket
WICKLUNGEN	10	7	Wicklungen
WIDERLICH	9	7	widerlich
WIDERRIST	9	7	Widerrist
WIEDERGIBT	10	7	wiedergibt
WILDCARD	8	7	Wildcard
WILDERER	8	7	Wilderer
WILDHEIT	8	7	Wildheit
WINDFANG	8	7	Windfang
WINDRAD	7	7	Windrad
WINTERHART	10	7	winterhart
WIPFEL	6	7	Wipfel
WIZARD	6	7	Wizard
WIZARDS	7	7	Wizards
WOCHENTAGE	10	7	Wochentage
WOHLBEKANNT	11	7	wohlbekannt
WOHLIGE	7	7	wohlige
WOHNGRUPPE	10	7	Wohngruppe
WOHNORTNAHE	11	7	wohnortnahe
WOHNST	6	7	wohnst
WOHNSTAETTE	11	7	Wohnstätte
WOHNUNGSAMT	11	7	Wohnungsamt
WOLFES	6	7	Wolfes
WOLKIG	6	7	wolkig
WORTARTEN	9	7	Wortarten
WORTFUEHRER	11	7	Wortführer
WRITER	6	7	Writer
WUEHLT	6	7	wühlt
WUERFELS	8	7	Würfels
WUNSCHKIND	10	7	Wunschkind
ZAEHIGKEIT	10	7	Zähigkeit
ZAEHLENDE	9	7	zählende
ZAEHLENDEN	10	7	zählenden
ZAEPFCHEN	9	7	Zäpfchen
ZAHLTAG	7	7	Zahltag
ZAPFSAEULEN	11	7	Zapfsäulen
ZAUBERBUCH	10	7	Zauberbuch
ZAUBERIN	8	7	Zauberin
ZAUBERKUNST	11	7	Zauberkunst
ZAUBERTE	8	7	zauberte
ZEHREN	6	7	zehren
ZEITABSTAND	11	7	Zeitabstand
ZEITGEISTES	11	7	Zeitgeistes
ZEITIGEN	8	7	zeitigen
ZEITKARTEN	10	7	Zeitkarten
ZEITRAEUMEN	11	7	Zeiträumen
ZEITRAUBEND	11	7	zeitraubend
ZEITRAUMES	10	7	Zeitraumes
ZEITVERLAUF	11	7	Zeitverlauf
ZERFAHREN	9	7	zerfahren
ZERSTOERTER	11	7	zerstörter
ZEUGTEN	7	7	zeugten
ZIEGELSTEIN	11	7	Ziegelstein
ZIEHST	6	7	ziehst
ZIEHVATER	9	7	Ziehvater
ZIELEINLAUF	11	7	Zieleinlauf
ZIELGERADE	10	7	Zielgerade
ZIELGROESSE	11	7	Zielgröße
ZIELSICHER	10	7	zielsicher
ZIELSTRICH	10	7	Zielstrich
ZIELVORGABE	11	7	Zielvorgabe
ZIEMLICHEN	10	7	ziemlichen
ZIMMERDECKE	11	7	Zimmerdecke
ZIMMERTUER	10	7	Zimmertür
ZIRKULIERT	10	7	zirkuliert
ZITTERNDEN	10	7	zitternden
ZITTERTE	8	7	zitterte
ZIVILIST	8	7	Zivilist
ZOEGLING	8	7	Zögling
ZUECHTUNGEN	11	7	Züchtungen
ZUEGIGES	8	7	zügiges
ZUELPICHER	10	7	Zülpicher
ZUENFTIGES	10	7	zünftiges
ZUFAELLIGER	11	7	zufälliger
ZUGEMESSEN	10	7	zugemessen
ZUGERICHTET	11	7	zugerichtet
ZUGESCHAUT	10	7	zugeschaut
ZUGETRAUT	9	7	zugetraut
ZULADUNG	8	7	Zuladung
ZUNEHMENDES	11	7	zunehmendes
ZUPFT	5	7	zupft
ZURUECKFIEL	11	7	zurückfiel
ZURUF	5	7	Zuruf
ZUSAETZEN	9	7	Zusätzen
ZUSEHERN	8	7	Zusehern
ZUSTEHENDE	10	7	zustehende
ZUSTEHT	7	7	zusteht
ZUZULASSEN	10	7	zuzulassen
ZWEIFELTEN	10	7	zweifelten
ZWEIMALIGER	11	7	zweimaliger
ZWEIRAD	7	7	Zweirad
ZWEITAUSEND	11	7	zweitausend
ZWEITBESTEN	11	7	zweitbesten
ZWEITEILIGE	11	7	zweiteilige
ABARTIG	7	6	abartig
ABBAUGEBIET	11	6	Abbaugebiet
ABBESTELLT	10	6	abbestellt
ABBEZAHLT	9	6	abbezahlt
ABBRAND	7	6	Abbrand
ABDECKT	7	6	abdeckt
ABDECKTE	8	6	abdeckte
ABENDSCHULE	11	6	Abendschule
ABFALLEND	9	6	abfallend
ABGASANLAGE	11	6	Abgasanlage
ABGEBOGEN	9	6	abgebogen
ABGEBRACHT	10	6	abgebracht
ABGEHOLFEN	10	6	abgeholfen
ABGEKLOPFT	10	6	abgeklopft
ABGEKUPFERT	11	6	abgekupfert
ABGELEGENES	11	6	abgelegenes
ABGEPACKT	9	6	abgepackt
ABGERISSENE	11	6	abgerissene
ABGESTELLTE	11	6	abgestellte
ABGESTORBEN	11	6	abgestorben
ABGESTREUT	10	6	abgestreut
ABGESTUFTEN	11	6	abgestuften
ABGESTUMPFT	11	6	abgestumpft
ABGETAUT	8	6	abgetaut
ABGEWAELZT	10	6	abgewälzt
ABGEWISCHT	10	6	abgewischt
ABGEWUNKEN	10	6	abgewunken
ABHAERTUNG	10	6	Abhärtung
ABITURS	7	6	Abiturs
ABLEGUNG	8	6	Ablegung
ABLESUNG	8	6	Ablesung
ABLICHTUNG	10	6	Ablichtung
ABNEHMBAR	9	6	abnehmbar
ABREIST	7	6	abreist
ABRIEGELUNG	11	6	Abriegelung
ABSCHIEDE	9	6	Abschiede
ABSPALTEN	9	6	abspalten
ABSTRACTS	9	6	Abstracts
ABSTRAHLUNG	11	6	Abstrahlung
ABSTUERZTE	10	6	abstürzte
ABTOETEN	8	6	abtöten
ABTRAT	6	6	abtrat
ABZUREISEN	10	6	abzureisen
ABZUTRETEN	10	6	abzutreten
ABZUWAEGEN	10	6	abzuwägen
ACHTECKIG	9	6	achteckig
ACHTETEN	8	6	achteten
ACHTSEITIGE	11	6	achtseitige
ACHTZEHNTEN	11	6	achtzehnten
ACKERBAUERN	11	6	Ackerbauern
ADELSSITZE	10	6	Adelssitze
AEBTE	5	6	Äbte
AEHRE	5	6	Ähre
AEQUIVALENZ	11	6	Äquivalenz
AETHIOPIER	10	6	Äthiopier
AFFEKTE	7	6	Affekte
AFRIKANERIN	11	6	Afrikanerin
AGRARLAND	9	6	Agrarland
AHNENTAFELN	11	6	Ahnentafeln
AKKULADUNG	10	6	Akkuladung
AKKUSATIV	9	6	Akkusativ
AKRIBISCHE	10	6	akribische
AKRONYM	7	6	Akronym
AKTES	5	6	Aktes
AKTIONSTAGE	11	6	Aktionstage
AKTIVA	6	6	Aktiva
AKTIVIERTEM	11	6	aktiviertem
AKTIVPOSTEN	11	6	Aktivposten
AKTIVSTE	8	6	aktivste
AKTOREN	7	6	Aktoren
AKUTES	6	6	akutes
AKZENTFREI	10	6	akzentfrei
ALAMANNEN	9	6	Alamannen
ALARME	6	6	Alarme
ALARMSIGNAL	11	6	Alarmsignal
ALLEINSEIN	10	6	Alleinsein
ALTARWAND	9	6	Altarwand
ALTEFOTZEN	10	6	altefotzen
ALTERNS	7	6	Alterns
ALTSCHULDEN	11	6	Altschulden
ALTVOEGEL	9	6	Altvögel
ALTVORDEREN	11	6	Altvorderen
AMENDMENT	9	6	Amendment
AMINOSAEURE	11	6	Aminosäure
AMNESIE	7	6	Amnesie
AMOUROESEN	10	6	amourösen
AMPHETAMINE	11	6	Amphetamine
AMSEL	5	6	Amsel
AMTSBEZIRKE	11	6	Amtsbezirke
AMTSLEITER	10	6	Amtsleiter
ANAESTHESIE	11	6	Anästhesie
ANBINDUNGEN	11	6	Anbindungen
ANBRUCH	7	6	Anbruch
ANDAUERT	8	6	andauert
ANDERSRUM	9	6	andersrum
ANFAHRTSWEG	11	6	Anfahrtsweg
ANFING	6	6	anfing
ANFUEHRERN	10	6	Anführern
ANGAB	5	6	angab
ANGEBER	7	6	Angeber
ANGEBETETE	10	6	Angebetete
ANGEDOCKT	9	6	angedockt
ANGEDROHTEN	11	6	angedrohten
ANGEGUCKT	9	6	angeguckt
ANGEKRATZT	10	6	angekratzt
ANGEKREUZT	10	6	angekreuzt
ANGEPASSTES	11	6	angepasstes
ANGERISSEN	10	6	angerissen
ANGESCHOBEN	11	6	angeschoben
ANGESPARTEN	11	6	angesparten
ANGESPORNT	10	6	angespornt
ANGESTAUT	9	6	angestaut
ANGEWINKELT	11	6	angewinkelt
ANGLIZISMEN	11	6	Anglizismen
ANGREIFENDE	11	6	angreifende
ANHALTENDEM	11	6	anhaltendem
ANKERTE	7	6	ankerte
ANKNUEPFT	9	6	anknüpft
ANLAUFZEIT	10	6	Anlaufzeit
ANLEGERS	8	6	Anlegers
ANLIEF	6	6	anlief
ANLIEGENS	9	6	Anliegens
ANORDNETE	9	6	anordnete
ANREISETAG	10	6	Anreisetag
ANSITZ	6	6	Ansitz
ANSPRUCHS	9	6	Anspruchs
ANSTEHENDER	11	6	anstehender
ANSTOSSES	9	6	Anstoßes
ANTRIEBS	8	6	Antriebs
ANVISIERTE	10	6	anvisierte
ANWENDBAREN	11	6	anwendbaren
ANZUFANGEN	10	6	anzufangen
ANZULOCKEN	10	6	anzulocken
ANZUREGEN	9	6	anzuregen
ANZUSTEIGEN	11	6	anzusteigen
APOLOGIE	8	6	Apologie
APULEIUS	8	6	Apuleius
AQUAEDUKT	9	6	Aquädukt
AQUARIANER	10	6	Aquarianer
ARBEITEST	9	6	arbeitest
ARBEITSLOHN	11	6	Arbeitslohn
ARCHAISCH	9	6	archaisch
ARDENNEN	8	6	Ardennen
ARIADNE	7	6	Ariadne
ARMADA	6	6	Armada
ARMLEHNEN	9	6	Armlehnen
ARMREIF	7	6	Armreif
ARROGANTE	9	6	arrogante
ARTNAMEN	8	6	Artnamen
ASSEKURANZ	10	6	Assekuranz
ASSISTIERT	10	6	assistiert
ASTGABELN	9	6	Astgabeln
ASYLRECHTS	10	6	Asylrechts
ATEMZUEGE	9	6	Atemzüge
ATOMKERN	8	6	Atomkern
ATOMKERNE	9	6	Atomkerne
ATOMMEILER	10	6	Atommeiler
ATTESTIEREN	11	6	attestieren
ATTRAPPE	8	6	Attrappe
ATTRAPPEN	9	6	Attrappen
AUDIMAX	7	6	Audimax
AUDITIONS	9	6	Auditions
AUFBEREITEN	11	6	aufbereiten
AUFBRACH	8	6	aufbrach
AUFFINDUNG	10	6	Auffindung
AUFFORSTUNG	11	6	Aufforstung
AUFGEBAHRT	10	6	aufgebahrt
AUFGEBLASEN	11	6	aufgeblasen
AUFGEKOCHT	10	6	aufgekocht
AUFGELEGTE	10	6	aufgelegte
AUFGELEGTEN	11	6	aufgelegten
AUFGESPIELT	11	6	aufgespielt
AUFGESTECKT	11	6	aufgesteckt
AUFGEWOGEN	10	6	aufgewogen
AUFKEIMENDE	11	6	aufkeimende
AUFLIEF	7	6	auflief
AUFREIZEND	10	6	aufreizend
AUFRUETTELN	11	6	aufrütteln
AUFRUFBAR	9	6	aufrufbar
AUFRUFS	7	6	Aufrufs
AUFSTELLER	10	6	Aufsteller
AUFSTOCKEN	10	6	aufstocken
AUFTREIBEN	10	6	auftreiben
AUFZUFASSEN	11	6	aufzufassen
AUGENHOEHLE	11	6	Augenhöhle
AUGENRINGE	10	6	Augenringe
AUGENWINKEL	11	6	Augenwinkel
AUGENZEUGIN	11	6	Augenzeugin
AUGUREN	7	6	Auguren
AURIS	5	6	Auris
AUSARTEN	8	6	ausarten
AUSBREITET	10	6	ausbreitet
AUSDUENNUNG	11	6	Ausdünnung
AUSGAB	6	6	ausgab
AUSGANGSORT	11	6	Ausgangsort
AUSGEDIENTE	11	6	ausgediente
AUSGEFORMT	10	6	ausgeformt
AUSGEGEBENE	11	6	ausgegebene
AUSGELEBT	9	6	ausgelebt
AUSGEPUMPT	10	6	ausgepumpt
AUSGERANDET	11	6	ausgerandet
AUSGESAUGT	10	6	ausgesaugt
AUSGINGEN	9	6	ausgingen
AUSGLEICHS	10	6	Ausgleichs
AUSHAERTUNG	11	6	Aushärtung
AUSHELFEN	9	6	aushelfen
AUSHILFE	8	6	Aushilfe
AUSHILFEN	9	6	Aushilfen
AUSHOLEN	8	6	ausholen
AUSKUENFTEN	11	6	Auskünften
AUSKURIEREN	11	6	auskurieren
AUSRANGIERT	11	6	ausrangiert
AUSSCHLOSS	10	6	ausschloss
AUSSEHENDE	10	6	aussehende
AUSSENLAGER	11	6	Außenlager
AUSSENRING	10	6	Außenring
AUSSPRACH	9	6	aussprach
AUSSTEIGER	10	6	Aussteiger
AUSTAUSCHES	11	6	Austausches
AUSTRALIERN	11	6	Australiern
AUSTRITTEN	10	6	Austritten
AUSUEBTEN	9	6	ausübten
AUSWURF	7	6	Auswurf
AUSZAHLT	8	6	auszahlt
AUSZIEHBARE	11	6	ausziehbare
AUSZUKOMMEN	11	6	auszukommen
AUSZULEIHEN	11	6	auszuleihen
AUSZULOTEN	10	6	auszuloten
AUSZUWEISEN	11	6	auszuweisen
AUTOABSATZ	10	6	Autoabsatz
AUTODIEBE	9	6	Autodiebe
AUTOMARKEN	10	6	Automarken
AUTOTUER	8	6	Autotür
AVOCADOS	8	6	Avocados
AZTEKISCHEN	11	6	aztekischen
BAERIN	6	6	Bärin
BAGGERSEE	9	6	Baggersee
BAHIA	5	6	Bahia
BALKONEN	8	6	Balkonen
BALLT	5	6	ballt
BALTIC	6	6	Baltic
BANALE	6	6	banale
BANDENKRIEG	11	6	Bandenkrieg
BANKENWELT	10	6	Bankenwelt
BANKNOTE	8	6	Banknote
BARDE	5	6	Barde
BARHOCKER	9	6	Barhocker
BARMANN	7	6	Barmann
BARMITTELN	10	6	Barmitteln
BAROCKSTIL	10	6	Barockstil
BASARS	6	6	Basars
BASISCHEN	9	6	basischen
BASTELTE	8	6	bastelte
BASTILLE	8	6	Bastille
BASTLER	7	6	Bastler
BATAILLONEN	11	6	Bataillonen
BATSMAN	7	6	Batsman
BAUAKADEMIE	11	6	Bauakademie
BAUANTRAEGE	11	6	Bauanträge
BAUCHFELL	9	6	Bauchfell
BAUDENKMALS	11	6	Baudenkmals
BAUERNOPFER	11	6	Bauernopfer
BAUGELAENDE	11	6	Baugelände
BAUHUETTE	9	6	Bauhütte
BAUKULTUR	9	6	Baukultur
BAULOS	6	6	Baulos
BAUMGRUPPE	10	6	Baumgruppe
BAUMRINDE	9	6	Baumrinde
BAUMWIPFELN	11	6	Baumwipfeln
BAURAT	6	6	Baurat
BAUTEILS	8	6	Bauteils
BAUVEREIN	9	6	Bauverein
BAUZUSTAND	10	6	Bauzustand
BEARBEITE	9	6	bearbeite
BEARS	5	6	Bears
BEBILDERTE	10	6	bebilderte
BEBOP	5	6	Bebop
BEDAURE	7	6	bedaure
BEDIENBAR	9	6	bedienbar
BEDROHTER	9	6	bedrohter
BEENGT	6	6	beengt
BEFAEHIGEN	10	6	befähigen
BEFAHRENE	9	6	befahrene
BEFINDENDE	10	6	befindende
BEFOLGUNG	9	6	Befolgung
BEFRIEDET	9	6	befriedet
BEFRIEDIGTE	11	6	befriedigte
BEFRISTETER	11	6	befristeter
BEGONNENES	10	6	begonnenes
BEGREIFE	8	6	begreife
BEHAELTERS	10	6	Behälters
BEHAUPTE	8	6	behaupte
BEHEIZBAREN	11	6	beheizbaren
BEHERRSCHE	10	6	beherrsche
BEHERZTE	8	6	beherzte
BEHOERDLICH	11	6	behördlich
BEIGEM	6	6	beigem
BEINES	6	6	Beines
BEINPAARE	9	6	Beinpaare
BEITRAT	7	6	beitrat
BEIZEITEN	9	6	beizeiten
BEIZEN	6	6	Beizen
BEIZUFUEGEN	11	6	beizufügen
BEIZUSTEHEN	11	6	beizustehen
BEKEHREN	8	6	bekehren
BEKROENUNG	10	6	Bekrönung
BELEHNUNG	9	6	Belehnung
BELEIDIGEND	11	6	beleidigend
BELUSTIGUNG	11	6	Belustigung
BENETZT	7	6	benetzt
BERAPPEN	8	6	berappen
BERATERS	8	6	Beraters
BERECHNE	8	6	berechne
BEREIFT	7	6	bereift
BERGFRIEDS	10	6	Bergfrieds
BERGGIPFELN	11	6	Berggipfeln
BERGHAENGE	10	6	Berghänge
BERGSPITZEN	11	6	Bergspitzen
BERGTOUR	8	6	Bergtour
BERING	6	6	Bering
BERUEHREND	10	6	berührend
BERUFSARMEE	11	6	Berufsarmee
BERUFSFELD	10	6	Berufsfeld
BERUHENDEN	10	6	beruhenden
BESAET	6	6	besät
BESAGTEM	8	6	besagtem
BESANG	6	6	besang
BESANN	6	6	besann
BESCHAEMT	9	6	beschämt
BESCHIMPFEN	11	6	beschimpfen
BESEELT	7	6	beseelt
BESOLDET	8	6	besoldet
BESTAERKTE	10	6	bestärkte
BESTALLUNG	10	6	Bestallung
BESTANDENEM	11	6	bestandenem
BESTATTETE	10	6	bestattete
BESTELLBAR	10	6	bestellbar
BESTUECKTEN	11	6	bestückten
BESTWERT	8	6	Bestwert
BESUNGEN	8	6	besungen
BETAEUBEN	9	6	betäuben
BETAGTEN	8	6	betagten
BETATEST	8	6	Betatest
BETAVERSION	11	6	Betaversion
BETONBODEN	10	6	Betonboden
BETONWAENDE	11	6	Betonwände
BETRAEFEN	9	6	beträfen
BETTES	6	6	Bettes
BETTRUHE	8	6	Bettruhe
BEUELER	7	6	Beueler
BEUGUNG	7	6	Beugung
BEULE	5	6	Beule
BEURTEILE	9	6	beurteile
BEWACHSENE	10	6	bewachsene
BEWEISKRAFT	11	6	Beweiskraft
BEWILLIGTEN	11	6	bewilligten
BEZAUBERNDE	11	6	bezaubernde
BEZWANGEN	9	6	bezwangen
BEZWEIFELTE	11	6	bezweifelte
BIEDER	6	6	bieder
BIERFLASCHE	11	6	Bierflasche
BIERKELLER	10	6	Bierkeller
BILANZIERTE	11	6	bilanzierte
BILDDATEIEN	11	6	Bilddateien
BILDNISSEN	10	6	Bildnissen
BILDSTOECKE	11	6	Bildstöcke
BILDWERKE	9	6	Bildwerke
BIOABFALL	9	6	Bioabfall
BIOLOGIN	8	6	Biologin
BIOPSIE	7	6	Biopsie
BIOSPHAERE	10	6	Biosphäre
BIPOLARE	8	6	bipolare
BIPOLAREN	9	6	bipolaren
BITTERBOESE	11	6	bitterböse
BITTERKALT	10	6	bitterkalt
BITTERKEIT	10	6	Bitterkeit
BLACKBOX	8	6	Blackbox
BLAEHUNGEN	10	6	Blähungen
BLASSGELB	9	6	blassgelb
BLATTRIPPE	10	6	Blattrippe
BLAUPAUSE	9	6	Blaupause
BLEIBENDER	10	6	bleibender
BLENDER	7	6	Blender
BLINKT	6	6	blinkt
BLINKTE	7	6	blinkte
BLINZELT	8	6	blinzelt
BLITZENDEN	10	6	blitzenden
BLITZES	7	6	Blitzes
BLONDSCHOPF	11	6	Blondschopf
BLUECHER	8	6	Blücher
BLUEHENDER	10	6	blühender
BLUMENKOHL	10	6	Blumenkohl
BLUTBAHN	8	6	Blutbahn
BLUTDRUCKS	10	6	Blutdrucks
BLUTGRUPPEN	11	6	Blutgruppen
BLUTPLASMA	10	6	Blutplasma
BLUTSTROM	9	6	Blutstrom
BODDEN	6	6	Bodden
BODENKUNDE	10	6	Bodenkunde
BOECKE	6	6	Böcke
BOERDE	6	6	Börde
BOESEWICHTE	11	6	Bösewichte
BOHRINSEL	9	6	Bohrinsel
BOHRTE	6	6	bohrte
BOLIDEN	7	6	Boliden
BOLIVAR	7	6	Bolivar
BOMBENLAST	10	6	Bombenlast
BOOMS	5	6	Booms
BOOTSFAHRT	10	6	Bootsfahrt
BOSSELN	7	6	Boßeln
BOTENSTOFFE	11	6	Botenstoffe
BOZNER	6	6	Bozner
BRAEUTIGAMS	11	6	Bräutigams
BRAHMANEN	9	6	Brahmanen
BRAUNGRAU	9	6	braungrau
BRENNBAR	8	6	brennbar
BRIGADIER	9	6	Brigadier
BRIKETTS	8	6	Briketts
BRISBANE	8	6	Brisbane
BRITINNEN	9	6	Britinnen
BROECKELN	9	6	bröckeln
BRONCHIEN	9	6	Bronchien
BRONZEN	7	6	Bronzen
BRUECHIGE	9	6	brüchige
BRUELLTE	8	6	brüllte
BRUENNER	8	6	Brünner
BRUTALES	8	6	brutales
BRUTPAAREN	10	6	Brutpaaren
BUCHGEWINN	10	6	Buchgewinn
BUCHLAEDEN	10	6	Buchläden
BUCHMALEREI	11	6	Buchmalerei
BUCHSERIE	9	6	Buchserie
BUCHTIPPS	9	6	Buchtipps
BUCHVORLAGE	11	6	Buchvorlage
BUECHSE	7	6	Büchse
BUERGERFEST	11	6	Bürgerfest
BUHLT	5	6	buhlt
BUKARESTER	10	6	Bukarester
BULLISCHE	9	6	bullische
BUNKERS	7	6	Bunkers
BURGHERR	8	6	Burgherr
BUSCHFEUER	10	6	Buschfeuer
BUTLERS	7	6	Butlers
BUTTERBROT	10	6	Butterbrot
BUTTERMILCH	11	6	Buttermilch
CABRIOS	7	6	Cabrios
CAMPANILE	9	6	Campanile
CAMPGROUND	10	6	Campground
CAPTAINS	8	6	Captains
CARDIFF	7	6	Cardiff
CAREER	6	6	Career
CARPORTS	8	6	Carports
CASTINGSHOW	11	6	Castingshow
CASTOREN	8	6	Castoren
CATWALK	7	6	Catwalk
CHALET	6	6	Chalet
CHARGERS	8	6	Chargers
CHATRAUM	8	6	Chatraum
CHEFETAGEN	10	6	Chefetagen
CHICAGOER	9	6	Chicagoer
CHIRON	6	6	Chiron
CHORAPSIS	9	6	Chorapsis
CHRISTIN	8	6	Christin
CIGARRE	7	6	Cigarre
CINEMAXX	8	6	Cinemaxx
CLAIMS	6	6	Claims
CLEVERNESS	10	6	Cleverness
CLIQUEN	7	6	Cliquen
CODIERTE	8	6	codierte
COGNAC	6	6	Cognac
COLLIER	7	6	Collier
COOKIE	6	6	Cookie
COOLES	6	6	cooles
CORDILLERA	10	6	Cordillera
CRASHS	6	6	Crashs
DACHAUFBAU	10	6	Dachaufbau
DACHSTUHLS	10	6	Dachstuhls
DACHTURM	8	6	Dachturm
DACIA	5	6	Dacia
DALLARA	7	6	Dallara
DALTONS	7	6	Daltons
DAMENDOPPEL	11	6	Damendoppel
DAMENSTIFT	10	6	Damenstift
DAMPFLOKS	9	6	Dampfloks
DARBEN	6	6	darben
DARDANELLEN	11	6	Dardanellen
DARMS	5	6	Darms
DARWINISMUS	11	6	Darwinismus
DATENFELDER	11	6	Datenfelder
DATENLAGE	9	6	Datenlage
DATENPFLEGE	11	6	Datenpflege
DATENTYPEN	10	6	Datentypen
DATIERBAR	9	6	datierbar
DAUERKARTE	10	6	Dauerkarte
DAUPHIN	7	6	Dauphin
DEBUETANTEN	11	6	Debütanten
DEBUETS	7	6	Debüts
DECKELS	7	6	Deckels
DECKMANTEL	10	6	Deckmantel
DECKPLATTE	10	6	Deckplatte
DEFENSIVER	10	6	defensiver
DEGENERIERT	11	6	degeneriert
DEKADEN	7	6	Dekaden
DEKANATS	8	6	Dekanats
DEKLARIEREN	11	6	deklarieren
DEKORS	6	6	Dekors
DELEGIEREN	10	6	delegieren
DEMENTIS	8	6	Dementis
DENKBAREN	9	6	denkbaren
DENKBARER	9	6	denkbarer
DENKFEHLER	10	6	Denkfehler
DENKMUSTER	10	6	Denkmuster
DENKPAUSE	9	6	Denkpause
DETEKTIERT	10	6	detektiert
DEUTLICHSTE	11	6	deutlichste
DIALOGBUCH	10	6	Dialogbuch
DIALOGREGIE	11	6	Dialogregie
DIALYSE	7	6	Dialyse
DICKERE	7	6	dickere
DIEBESBANDE	11	6	Diebesbande
DIENERINNEN	11	6	Dienerinnen
DIENSTBOTEN	11	6	Dienstboten
DIENSTHERR	10	6	Dienstherr
DIENSTPLAN	10	6	Dienstplan
DIESELLOKS	10	6	Dieselloks
DILLINGER	9	6	Dillinger
DINAR	5	6	Dinar
DINERS	6	6	Diners
DISCLAIMER	10	6	Disclaimer
DISKANT	7	6	Diskant
DISKONTSATZ	11	6	Diskontsatz
DISTAL	6	6	distal
DIVERGENZ	9	6	Divergenz
DOERFLICHER	11	6	dörflicher
DOMINANTER	10	6	dominanter
DOMPTEUR	8	6	Dompteur
DOPPELMORD	10	6	Doppelmord
DOPPELTITEL	11	6	Doppeltitel
DORNENKRONE	11	6	Dornenkrone
DORTIGER	8	6	dortiger
DOTIERTE	8	6	dotierte
DRAENGELT	9	6	drängelt
DRAHTESEL	9	6	Drahtesel
DRAHTSEIL	9	6	Drahtseil
DRAUFLOS	8	6	drauflos
DRAUFSICHT	10	6	Draufsicht
DRAUS	5	6	draus
DREHACHSE	9	6	Drehachse
DREHORTE	8	6	Drehorte
DREIECKIGER	11	6	dreieckiger
DREIERPACK	10	6	Dreierpack
DREITEILIG	10	6	dreiteilig
DREITUERER	10	6	Dreitürer
DRINGENDEM	10	6	dringendem
DRITTMITTEL	11	6	Drittmittel
DROHEND	7	6	drohend
DROHKULISSE	11	6	Drohkulisse
DROSSEL	7	6	Drossel
DRUCKFARBEN	11	6	Druckfarben
DRUCKLEGUNG	11	6	Drucklegung
DRUCKPLATTE	11	6	Druckplatte
DRUSEN	6	6	Drusen
DUENNDARM	9	6	Dünndarm
DUENNEM	7	6	dünnem
DUENNEREN	9	6	dünneren
DUFTNOTE	8	6	Duftnote
DUFTSTOFFEN	11	6	Duftstoffen
DULDE	5	6	dulde
DUMPF	5	6	dumpf
DUNKELBLAUE	11	6	dunkelblaue
DURCHKREUZT	11	6	durchkreuzt
DURCHLEBEN	10	6	durchleben
DURCHLESEN	10	6	durchlesen
DURCHSCHLAG	11	6	Durchschlag
EBENHEIT	8	6	Ebenheit
EBENSOLCHE	10	6	ebensolche
ECKPUNKTEN	10	6	Eckpunkten
EDIKT	5	6	Edikt
EDITIERT	8	6	editiert
EDLEM	5	6	edlem
EDVARD	6	6	Edvard
EGOISTISCH	10	6	egoistisch
EHRENAMTES	10	6	Ehrenamtes
EHRENDES	8	6	ehrendes
EHRENGARDE	10	6	Ehrengarde
EHRENLEGION	11	6	Ehrenlegion
EHRENMANN	9	6	Ehrenmann
EHRENRING	9	6	Ehrenring
EICHSFELD	9	6	Eichsfeld
EIERTANZ	8	6	Eiertanz
EIFRIGER	8	6	eifriger
EIGELBE	7	6	Eigelbe
EIGENMARKEN	11	6	Eigenmarken
EIGENWERTE	10	6	Eigenwerte
EILIGST	7	6	eiligst
EIMERN	6	6	Eimern
EINAKTER	8	6	Einakter
EINBLENDUNG	11	6	Einblendung
EINENGUNG	9	6	Einengung
EINFACHSTER	11	6	einfachster
EINFALLENDE	11	6	einfallende
EINFALLSLOS	11	6	einfallslos
EINGEBRANNT	11	6	eingebrannt
EINGEFUELLT	11	6	eingefüllt
EINGEKERBT	10	6	eingekerbt
EINGEMACHTE	11	6	Eingemachte
EINGEWORBEN	11	6	eingeworben
EINGINGEN	9	6	eingingen
EINJAEHRIG	10	6	einjährig
EINMUENDET	10	6	einmündet
EINPACKEN	9	6	einpacken
EINPRAEGSAM	11	6	einprägsam
EINREIHEN	9	6	einreihen
EINSEITIGER	11	6	einseitiger
EINSENDER	9	6	Einsender
EINSILBIG	9	6	einsilbig
EINSPIELUNG	11	6	Einspielung
EINSTUFIG	9	6	einstufig
EINTE	5	6	einte
EINTEILIG	9	6	einteilig
EINTRITTE	9	6	Eintritte
EINUEBUNG	9	6	Einübung
EINVERLEIBT	11	6	einverleibt
EINZAHLEN	9	6	einzahlen
EINZELFALLS	11	6	Einzelfalls
EINZELLAGE	10	6	Einzellage
EINZIEHUNG	10	6	Einziehung
EINZULADEN	10	6	einzuladen
EINZULASSEN	11	6	einzulassen
EINZUSPAREN	11	6	einzusparen
EISBERGES	9	6	Eisberges
EISFLAECHEN	11	6	Eisflächen
EISPRUNG	8	6	Eisprung
EISVOGEL	8	6	Eisvogel
EISZEITEN	9	6	Eiszeiten
EITELKEITEN	11	6	Eitelkeiten
ELASTISCHER	11	6	elastischer
ELBBRUECKE	10	6	Elbbrücke
ELBTUNNEL	9	6	Elbtunnel
ELBUFER	7	6	Elbufer
EMBLEME	7	6	Embleme
EMIGRIEREN	10	6	emigrieren
EMIRATS	7	6	Emirats
EMPFANGENE	10	6	empfangene
EMPFUNDENE	10	6	empfundene
ENDENDEN	8	6	endenden
ENDFASSUNG	10	6	Endfassung
ENDGEGNER	9	6	Endgegner
ENDGERAETEN	11	6	Endgeräten
ENDLICHER	9	6	endlicher
ENDOSKOP	8	6	Endoskop
ENDSPIELS	9	6	Endspiels
ENDSTADIUM	10	6	Endstadium
ENDSTUFE	8	6	Endstufe
ENDWERTUNG	10	6	Endwertung
ENGELCHEN	9	6	Engelchen
ENGMASCHIG	10	6	engmaschig
ENKELINNEN	10	6	Enkelinnen
ENKELS	6	6	Enkels
ENTFUEHRERS	11	6	Entführers
ENTGEGNUNG	10	6	Entgegnung
ENTGINGEN	9	6	entgingen
ENTITAET	8	6	Entität
ENTKOPPLUNG	11	6	Entkopplung
ENTLUD	6	6	entlud
ENTMUTIGEND	11	6	entmutigend
ENTMUTIGT	9	6	entmutigt
ENTNOMMENEN	11	6	entnommenen
ENTREISST	9	6	entreißt
ENTSPANNTES	11	6	entspanntes
ENTSPRANGEN	11	6	entsprangen
ENTWEIHT	8	6	entweiht
ENTWICKLERS	11	6	Entwicklers
ENTZAUBERT	10	6	entzaubert
ENTZIEHUNG	10	6	Entziehung
EPIDERMIS	9	6	Epidermis
EPIPHALLUS	10	6	Epiphallus
EPITAPHIEN	10	6	Epitaphien
EQUALIZER	9	6	Equalizer
ERARBEITE	9	6	erarbeite
ERBAUTES	8	6	erbautes
ERBITTERTE	10	6	erbitterte
ERBSE	5	6	Erbse
ERBTOCHTER	10	6	Erbtochter
ERBVERTRAG	10	6	Erbvertrag
ERDROTATION	11	6	Erdrotation
ERDSTOSS	8	6	Erdstoß
ERDTEILEN	9	6	Erdteilen
EREMIT	6	6	Eremit
ERFINDERN	9	6	Erfindern
ERFOLGENDE	10	6	erfolgende
ERFORSCHTEN	11	6	erforschten
ERFUELLTES	10	6	erfülltes
ERGEBNISS	9	6	Ergebniss
ERHABENHEIT	11	6	Erhabenheit
ERHAERTETE	10	6	erhärtete
ERHEITERUNG	11	6	Erheiterung
ERHELLTEN	9	6	erhellten
ERHOLSAM	8	6	erholsam
ERKLAERLICH	11	6	erklärlich
ERLEUCHTEN	10	6	erleuchten
ERLIESSEN	9	6	erließen
ERLOESENDEN	11	6	erlösenden
ERMAHNTE	8	6	ermahnte
ERMITTELNDE	11	6	ermittelnde
ERMUEDET	8	6	ermüdet
ERNEUERER	9	6	Erneuerer
ERPEL	5	6	Erpel
ERPRESSTE	9	6	erpresste
ERREGERS	8	6	Erregers
ERRINGT	7	6	erringt
ERRUNGENEN	10	6	errungenen
ERSATZBUS	9	6	Ersatzbus
ERSCHEINENS	11	6	Erscheinens
ERSCHLICHEN	11	6	erschlichen
ERSPARE	7	6	erspare
ERSTARKTEN	10	6	erstarkten
ERSTARRTEN	10	6	erstarrten
ERTRAGREICH	11	6	ertragreich
ERWEISE	7	6	erweise
ERWEITERTEM	11	6	erweitertem
ERWERBS	7	6	Erwerbs
ERWERBUNG	9	6	Erwerbung
ERWORBENER	10	6	erworbener
ERZABBAU	8	6	Erzabbau
ERZAEHLBAND	11	6	Erzählband
ERZEUGNIS	9	6	Erzeugnis
ERZGEBIRGES	11	6	Erzgebirges
ERZIELBAREN	11	6	erzielbaren
ERZIELUNG	9	6	Erzielung
ESKIMOS	7	6	Eskimos
ESKORTE	7	6	Eskorte
ESSENSRESTE	11	6	Essensreste
ESTEN	5	6	Esten
ETATENTWURF	11	6	Etatentwurf
ETRUSKER	8	6	Etrusker
EUPHORISCHE	11	6	euphorische
EUREGIO	7	6	Euregio
EUROCARD	8	6	Eurocard
EUROTUNNEL	10	6	Eurotunnel
EVANGELICAL	11	6	Evangelical
EVENTUELLES	11	6	eventuelles
EXCLUSIVEN	10	6	exclusiven
EXEKUTIEREN	11	6	exekutieren
EXEKUTIVRAT	11	6	Exekutivrat
EXFREUND	8	6	Exfreund
EXHIBITION	10	6	Exhibition
EXISTENTEN	10	6	existenten
EXLIBRIS	8	6	Exlibris
EXPANSIV	8	6	expansiv
EXPERTINNEN	11	6	Expertinnen
EXPORTEUR	9	6	Exporteur
EXTRAKTION	10	6	Extraktion
FACHAERZTEN	11	6	Fachärzten
FACHBEIRAT	10	6	Fachbeirat
FACHBERATER	11	6	Fachberater
FACHBUCH	8	6	Fachbuch
FACHFIRMA	9	6	Fachfirma
FACHLEHRER	10	6	Fachlehrer
FAEHRHAFEN	10	6	Fährhafen
FAELLUNG	8	6	Fällung
FAEROEERN	9	6	Färöern
FAHNDETEN	9	6	fahndeten
FAHRAUSWEIS	11	6	Fahrausweis
FAHRDRAHT	9	6	Fahrdraht
FAHRTROUTE	10	6	Fahrtroute
FAHRZEUGBAU	11	6	Fahrzeugbau
FAKSIMILE	9	6	Faksimile
FALTET	6	6	faltet
FANAL	5	6	Fanal
FANATISCHER	11	6	fanatischer
FANCLUBS	8	6	Fanclubs
FANGQUOTE	9	6	Fangquote
FANSZENE	8	6	Fanszene
FARADAY	7	6	Faraday
FARBBILD	8	6	Farbbild
FARBFILTER	10	6	Farbfilter
FARBFOTOS	9	6	Farbfotos
FARBIGEM	8	6	farbigem
FARBLOSEN	9	6	farblosen
FARBLOSES	9	6	farbloses
FARBSCHICHT	11	6	Farbschicht
FARBSKALA	9	6	Farbskala
FEHLENDEM	9	6	fehlendem
FEHLPASS	8	6	Fehlpass
FEIERHALLE	10	6	Feierhalle
FEINDSELIG	10	6	feindselig
FEINHEIT	8	6	Feinheit
FEINSTER	8	6	feinster
FELDSALAT	9	6	Feldsalat
FELDSTEINE	10	6	Feldsteine
FELDVERSUCH	11	6	Feldversuch
FELLOWS	7	6	Fellows
FELSIG	6	6	felsig
FELSIGEM	8	6	felsigem
FENSTERLOSE	11	6	fensterlose
FERNWIRKUNG	11	6	Fernwirkung
FESTGELD	8	6	Festgeld
FESTLANDES	10	6	Festlandes
FESTSTEHT	9	6	feststeht
FETISCH	7	6	Fetisch
FETTARME	8	6	fettarme
FEUCHTEREN	10	6	feuchteren
FIBELN	6	6	Fibeln
FILMBAUTEN	10	6	Filmbauten
FILMISCH	8	6	filmisch
FILMISCHES	10	6	filmisches
FILMKRITIK	10	6	Filmkritik
FILMTEAMS	9	6	Filmteams
FILTRATION	10	6	Filtration
FINALLAUF	9	6	Finallauf
FINDENDE	8	6	findende
FINDIGE	7	6	findige
FINDUNG	7	6	Findung
FINGERDRUCK	11	6	Fingerdruck
FINISH	6	6	Finish
FIRMIEREN	9	6	firmieren
FISCHART	8	6	Fischart
FISCHBACHER	11	6	Fischbacher
FISCHT	6	6	fischt
FITNESSTEST	11	6	Fitnesstest
FITTICHE	8	6	Fittiche
FLACKERT	8	6	flackert
FLADENBROT	10	6	Fladenbrot
FLAME	5	6	Flame
FLAMMTE	7	6	flammte
FLATRATES	9	6	Flatrates
FLECKIG	7	6	fleckig
FLECKUNG	8	6	Fleckung
FLEHTE	6	6	flehte
FLIESSENDER	11	6	fließender
FLINK	5	6	flink
FLOPPTE	7	6	floppte
FLORIERENDE	11	6	florierende
FLUCHTE	7	6	fluchte
FLUGPLAN	8	6	Flugplan
FLYERS	6	6	Flyers
FOCHT	5	6	focht
FOERDE	6	6	Förde
FOLGERN	7	6	folgern
FOLTERTEN	9	6	folterten
FORELLE	7	6	Forelle
FORTBILDEN	10	6	fortbilden
FORTY	5	6	Forty
FOTOATELIER	11	6	Fotoatelier
FRAGST	6	6	fragst
FRAMEWORK	9	6	Framework
FRATZE	6	6	Fratze
FRATZEN	7	6	Fratzen
FRAUENBUND	10	6	Frauenbund
FRAUENHELD	10	6	Frauenheld
FREIBEUTER	10	6	Freibeuter
FREIGELEGTE	11	6	freigelegte
FREIKAUFEN	10	6	freikaufen
FREIKORPS	9	6	Freikorps
FREILAUF	8	6	Freilauf
FREISTOESSE	11	6	Freistöße
FRENETISCH	10	6	frenetisch
FRENTE	6	6	Frente
FREUTS	6	6	freuts
FRISIERT	8	6	frisiert
FRISTABLAUF	11	6	Fristablauf
FRISTET	7	6	fristet
FROESCHEN	9	6	Fröschen
FRONHOF	7	6	Fronhof
FROSTIGEN	9	6	frostigen
FRUCHTIG	8	6	fruchtig
FRUCHTREIFE	11	6	Fruchtreife
FRUEHJAHRS	10	6	Frühjahrs
FUDER	5	6	Fuder
FUEHLERN	8	6	Fühlern
FUERWAHR	8	6	fürwahr
FUHRLEUTE	9	6	Fuhrleute
FUHRWERK	8	6	Fuhrwerk
FULMINANTE	10	6	fulminante
FUNDES	6	6	Fundes
FUNDGUT	7	6	Fundgut
FUNDPLATZ	9	6	Fundplatz
FUNDSTAETTE	11	6	Fundstätte
FUNKSIGNALE	11	6	Funksignale
FUNKTECHNIK	11	6	Funktechnik
FUNZT	5	6	funzt
FUSSBODENS	10	6	Fußbodens
FUSSGELENK	10	6	Fußgelenk
FUSSVOLK	8	6	Fußvolk
FUTUR	5	6	Futur
GALERISTIN	10	6	Galeristin
GANGBARER	9	6	gangbarer
GARTENTEICH	11	6	Gartenteich
GASBLASEN	9	6	Gasblasen
GASBRENNER	10	6	Gasbrenner
GASFLASCHE	10	6	Gasflasche
GASMARKT	8	6	Gasmarkt
GASTHOEFE	9	6	Gasthöfe
GASTRAUM	8	6	Gastraum
GASTSTUBE	9	6	Gaststube
GASZUFUHR	9	6	Gaszufuhr
GAZETTEN	8	6	Gazetten
GEALTERT	8	6	gealtert
GEALTERTE	9	6	gealterte
GEBACKENEN	10	6	gebackenen
GEBAEREN	8	6	gebären
GEBIRGIGEN	10	6	gebirgigen
GEBIRGSZUG	10	6	Gebirgszug
GEBLITZT	8	6	geblitzt
GEBORSTEN	9	6	geborsten
GEBRATENEN	10	6	gebratenen
GEBROCHENES	11	6	gebrochenes
GEBRUETET	9	6	gebrütet
GEBUEGELT	9	6	gebügelt
GECASTET	8	6	gecastet
GEDANKLICHE	11	6	gedankliche
GEDEIHLICHE	11	6	gedeihliche
GEDRUECKTER	11	6	gedrückter
GEDUENGT	8	6	gedüngt
GEDULDIGER	10	6	geduldiger
GEFAERBTES	10	6	gefärbtes
GEFEIERTER	10	6	gefeierter
GEFERTIGTES	11	6	gefertigtes
GEFETTETE	9	6	gefettete
GEFLOCHTENE	11	6	geflochtene
GEFOLGSMANN	11	6	Gefolgsmann
GEFOULT	7	6	gefoult
GEFRAGTES	9	6	gefragtes
GEFROR	6	6	gefror
GEFRORENEM	10	6	gefrorenem
GEFUNKT	7	6	gefunkt
GEFURCHT	8	6	gefurcht
GEGENBEWEIS	11	6	Gegenbeweis
GEGENMODELL	11	6	Gegenmodell
GEGENPART	9	6	Gegenpart
GEHACKT	7	6	gehackt
GEHANDELTE	10	6	gehandelte
GEHEIMWAFFE	11	6	Geheimwaffe
GEHEULT	7	6	geheult
GEHORTET	8	6	gehortet
GEHULDIGT	9	6	gehuldigt
GEISSELT	8	6	geißelt
GEKLATSCHT	10	6	geklatscht
GEKLEMMT	8	6	geklemmt
GEKREUZTE	9	6	gekreuzte
GELAEUFIGE	10	6	geläufige
GELANGWEILT	11	6	gelangweilt
GELBLICHES	10	6	gelbliches
GELDAUFLAGE	11	6	Geldauflage
GELDBOERSEN	11	6	Geldbörsen
GELDFRAGE	9	6	Geldfrage
GELDHAUSES	10	6	Geldhauses
GELDSPRITZE	11	6	Geldspritze
GELEBTEN	8	6	gelebten
GELOBTEN	8	6	gelobten
GELOTST	7	6	gelotst
GELTENDEM	9	6	geltendem
GEMAUERTER	10	6	gemauerter
GEMAUSERT	9	6	gemausert
GEMECKERT	9	6	gemeckert
GEMITTELT	9	6	gemittelt
GEMOLKEN	8	6	gemolken
GENAUEREM	9	6	genauerem
GENAUERER	9	6	genauerer
GENOMMENEN	10	6	genommenen
GENOZID	7	6	Genozid
GENUTZTES	9	6	genutztes
GEOEFFNETES	11	6	geöffnetes
GEPOLSTERT	10	6	gepolstert
GEPOSTET	8	6	gepostet
GERAHMTE	8	6	gerahmte
GERBSTOFFE	10	6	Gerbstoffe
GERECHTERE	10	6	gerechtere
GEREGELTER	10	6	geregelter
GEREIMTEN	9	6	gereimten
GEREINIGTEN	11	6	gereinigten
GERISSENER	10	6	gerissener
GEROENTGT	9	6	geröntgt
GERUESTE	8	6	Gerüste
GERUETTELT	10	6	gerüttelt
GERUFENEN	9	6	gerufenen
GERUNDETE	9	6	gerundete
GESAMMTE	8	6	gesammte
GESCHOREN	9	6	geschoren
GESCHRIEN	9	6	geschrien
GESCHUBST	9	6	geschubst
GESCHULTEM	10	6	geschultem
GESCHWAENZT	11	6	geschwänzt
GESCHWEISST	11	6	geschweißt
GESEHENER	9	6	gesehener
GESELLIGER	10	6	geselliger
GESETZLOSEN	11	6	Gesetzlosen
GESINNT	7	6	gesinnt
GESPANNTEN	10	6	gespannten
GESPANNTES	10	6	gespanntes
GESPRUEHT	9	6	gesprüht
GESPUCKT	8	6	gespuckt
GESTARTETE	10	6	gestartete
GESTECKTE	9	6	gesteckte
GESTELLTER	10	6	gestellter
GESTEMPELT	10	6	gestempelt
GESUCHTER	9	6	gesuchter
GESUENDIGT	10	6	gesündigt
GETRIEBES	9	6	Getriebes
GEWAGTES	8	6	gewagtes
GEWANDELTEN	11	6	gewandelten
GEWELLTEN	9	6	gewellten
GEWIDMETEN	10	6	gewidmeten
GEWINNERS	9	6	Gewinners
GEWINNZIELE	11	6	Gewinnziele
GEWIRBELT	9	6	gewirbelt
GEWUERFELT	10	6	gewürfelt
GEWUNDERT	9	6	gewundert
GEZAUBERT	9	6	gezaubert
GEZIMMERT	9	6	gezimmert
GEZUPFT	7	6	gezupft
GIEBELS	7	6	Giebels
GIESSEREIEN	11	6	Gießereien
GIRLGROUP	9	6	Girlgroup
GLAETTE	7	6	Glätte
GLAEUBIG	8	6	gläubig
GLASPLATTE	10	6	Glasplatte
GLASRAND	8	6	Glasrand
GLASUREN	8	6	Glasuren
GLITZERNDE	10	6	glitzernde
GLUEHEND	8	6	glühend
GNADENLOSE	10	6	gnadenlose
GOCKEL	6	6	Gockel
GOENNE	6	6	gönne
GOEPPINGER	10	6	Göppinger
GOLDBARREN	10	6	Goldbarren
GOLDES	6	6	Goldes
GOLDFARBEN	10	6	goldfarben
GOLDFARBENE	11	6	goldfarbene
GOLDFUNDE	9	6	Goldfunde
GOLDGEHALT	10	6	Goldgehalt
GOLDSTUECKE	11	6	Goldstücke
GOLFEN	6	6	Golfen
GOLFKRIEGES	11	6	Golfkrieges
GOODWIN	7	6	Goodwin
GOTTLOSEN	9	6	gottlosen
GOUTIERT	8	6	goutiert
GRABFELD	8	6	Grabfeld
GRABKAMMERN	11	6	Grabkammern
GRABLEGUNG	10	6	Grablegung
GRABMALS	8	6	Grabmals
GRADIENT	8	6	Gradient
GRADLINIG	9	6	gradlinig
GRADUIERUNG	11	6	Graduierung
GRANITE	7	6	Granite
GRANULAT	8	6	Granulat
GRASSIERTE	10	6	grassierte
GRAVUREN	8	6	Gravuren
GRAZIL	6	6	grazil
GREIFENDEN	10	6	greifenden
GREIFVOEGEL	11	6	Greifvögel
GRENADIERE	10	6	Grenadiere
GRENZNAEHE	10	6	Grenznähe
GRENZPOSTEN	11	6	Grenzposten
GRENZSTEIN	10	6	Grenzstein
GRIFFBRETT	10	6	Griffbrett
GRILLE	6	6	Grille
GRILLFEST	9	6	Grillfest
GRIMASSE	8	6	Grimasse
GROSSKUNDE	10	6	Großkunde
GRTEN	5	6	grten
GRUBENBAUE	10	6	Grubenbaue
GRUBENFELD	10	6	Grubenfeld
GRUENKOHL	9	6	Grünkohl
GRUENS	6	6	Grüns
GRUESSTE	8	6	grüßte
GRUNDES	7	6	Grundes
GRUNDGEHALT	11	6	Grundgehalt
GRUNDHAFT	9	6	grundhaft
GRUNDHERR	9	6	Grundherr
GRUNDLAST	9	6	Grundlast
GRUNDLINIEN	11	6	Grundlinien
GRUNDMOTIV	10	6	Grundmotiv
GRUTA	5	6	Gruta
GUCCI	5	6	Gucci
GUESTPHALIA	11	6	Guestphalia
GUETIG	6	6	gütig
GUTACHTERS	10	6	Gutachters
GUTGETAN	8	6	gutgetan
GUTSCHEINEN	11	6	Gutscheinen
GUTSDORF	8	6	Gutsdorf
GUTSPARK	8	6	Gutspark
HAARSCHNITT	11	6	Haarschnitt
HABILITIERT	11	6	habilitiert
HABSBURGERN	11	6	Habsburgern
HAELFTIG	8	6	hälftig
HAEMMERT	8	6	hämmert
HAENDISCH	9	6	händisch
HAFENGEBIET	11	6	Hafengebiet
HAFTBAR	7	6	haftbar
HAFTBEFEHLS	11	6	Haftbefehls
HALMEN	6	6	Halmen
HALSE	5	6	Halse
HALTBARE	8	6	haltbare
HALTBARER	9	6	haltbarer
HALTEVERBOT	11	6	Halteverbot
HAMELNER	8	6	Hamelner
HAMMERWURF	10	6	Hammerwurf
HANDBETRIEB	11	6	Handbetrieb
HANDGELENKS	11	6	Handgelenks
HANDLAUF	8	6	Handlauf
HANDRUECKEN	11	6	Handrücken
HANDS	5	6	Hands
HANSEL	6	6	Hansel
HARDER	6	6	Harder
HARMLOSES	9	6	harmloses
HARSCHEN	8	6	harschen
HAUCHDUENNE	11	6	hauchdünne
HAUFENWEISE	11	6	haufenweise
HAUPTGANG	9	6	Hauptgang
HAUPTGIPFEL	11	6	Hauptgipfel
HAUPTKANAL	10	6	Hauptkanal
HAUPTLAUF	9	6	Hauptlauf
HAUPTLINIE	10	6	Hauptlinie
HAUPTORTES	10	6	Hauptortes
HAUPTPUNKT	10	6	Hauptpunkt
HAUPTREIHE	10	6	Hauptreihe
HAUPTSPIELS	11	6	Hauptspiels
HAUPTSTROM	10	6	Hauptstrom
HAUPTWEG	8	6	Hauptweg
HAUPTZIELE	10	6	Hauptziele
HAUSARZTES	10	6	Hausarztes
HAUSBUCH	8	6	Hausbuch
HAUST	5	6	haust
HAUSTUEREN	10	6	Haustüren
HAUSTYPEN	9	6	Haustypen
HEADCOACH	9	6	Headcoach
HEBEBUEHNE	10	6	Hebebühne
HEBELS	6	6	Hebels
HEBESATZ	8	6	Hebesatz
HEFETEIG	8	6	Hefeteig
HEILLOS	7	6	heillos
HEILWASSER	10	6	Heilwasser
HEILWIRKUNG	11	6	Heilwirkung
HEIMELIG	8	6	heimelig
HEIMLEITER	10	6	Heimleiter
HEIMLICHER	10	6	heimlicher
HEIMSIEGE	9	6	Heimsiege
HEIMSTADION	11	6	Heimstadion
HEIMTEAM	8	6	Heimteam
HEINKEL	7	6	Heinkel
HEIZPERIODE	11	6	Heizperiode
HEIZTE	6	6	heizte
HELLGRAUE	9	6	hellgraue
HELLWEG	7	6	Hellweg
HELMS	5	6	Helms
HERGEBEN	8	6	hergeben
HERNER	6	6	Herner
HERRENLOSE	10	6	herrenlose
HERVORRUFT	10	6	hervorruft
HERZATTACKE	11	6	Herzattacke
HERZKLOPFEN	11	6	Herzklopfen
HETEROGENER	11	6	heterogener
HEYDT	5	6	Heydt
HIERBLEIBEN	11	6	hierbleiben
HIGHLAND	8	6	Highland
HILFEDATEI	10	6	Hilfedatei
HILFREICHES	11	6	hilfreiches
HILFSGELDER	11	6	Hilfsgelder
HILFSLEHRER	11	6	Hilfslehrer
HILFSWERKS	10	6	Hilfswerks
HIMALAJA	8	6	Himalaja
HINFUEHREN	10	6	hinführen
HINGEDEUTET	11	6	hingedeutet
HINGEFAHREN	11	6	hingefahren
HINGEHALTEN	11	6	hingehalten
HINGESCHAUT	11	6	hingeschaut
HINKE	5	6	hinke
HINKOMMEN	9	6	hinkommen
HINLEGEN	8	6	hinlegen
HINTERLEIBS	11	6	Hinterleibs
HINTERS	7	6	hinters
HINWIES	7	6	hinwies
HINZUFUEGTE	11	6	hinzufügte
HINZUKAMEN	10	6	hinzukamen
HINZUNEHMEN	11	6	hinzunehmen
HIRTENHAUS	10	6	Hirtenhaus
HITPARADEN	10	6	Hitparaden
HITZESCHILD	11	6	Hitzeschild
HOCHBAUTEN	10	6	Hochbauten
HOCHGESTUFT	11	6	hochgestuft
HOCHKANT	8	6	hochkant
HOCHKLASSIG	11	6	hochklassig
HOCHLAGEN	9	6	Hochlagen
HOCHPHASE	9	6	Hochphase
HOECHSTSATZ	11	6	Höchstsatz
HOECHSTZAHL	11	6	Höchstzahl
HOEFLINGE	9	6	Höflinge
HOEHENWEG	9	6	Höhenweg
HOERSAELE	9	6	Hörsäle
HOERSPIELEN	11	6	Hörspielen
HOFBEAMTEN	10	6	Hofbeamten
HOHLKEHLE	9	6	Hohlkehle
HOLZMARKT	9	6	Holzmarkt
HOLZSCHNITT	11	6	Holzschnitt
HOMOGENER	9	6	homogener
HONORIERUNG	11	6	Honorierung
HORNISSEN	9	6	Hornissen
HORRORTRIP	10	6	Horrortrip
HOSTIE	6	6	Hostie
HOTELGAESTE	11	6	Hotelgäste
HUENDINNEN	10	6	Hündinnen
HUETTENWIRT	11	6	Hüttenwirt
HUMANE	6	6	humane
HUMANITAET	10	6	Humanität
HUNTSVILLE	10	6	Huntsville
HUSCHEN	7	6	huschen
IDEALIST	8	6	Idealist
IGNORIERE	9	6	ignoriere
IKONOGRAFIE	11	6	Ikonografie
IMAGINATION	11	6	Imagination
IMBISSBUDE	10	6	Imbissbude
IMITATION	9	6	Imitation
IMMENSES	8	6	immenses
IMMERZU	7	6	immerzu
IMPFDOSEN	9	6	Impfdosen
IMPFPASS	8	6	Impfpass
IMPLANTATS	10	6	Implantats
IMPLIZIEREN	11	6	implizieren
IMPORTEURE	10	6	Importeure
IMPOSANTER	10	6	imposanter
IMPOSANTES	10	6	imposantes
IMPULSLOSEN	11	6	impulslosen
INAKTIVEN	9	6	inaktiven
INDICES	7	6	Indices
INDUKTIVE	9	6	induktive
INHABERN	8	6	Inhabern
INITIATION	10	6	Initiation
INKOMPETENT	11	6	inkompetent
INLANDEIS	9	6	Inlandeis
INNEGEHABT	10	6	innegehabt
INNEHATTEN	10	6	innehatten
INNENOHR	8	6	Innenohr
INNENRAND	9	6	Innenrand
INNENRAUMES	11	6	Innenraumes
INNENWINKEL	11	6	Innenwinkel
INNIG	5	6	innig
INSIGNIA	8	6	Insignia
INSPIZIEREN	11	6	inspizieren
INSPIZIERTE	11	6	inspizierte
INSTINKTE	9	6	Instinkte
INTAKTES	8	6	intaktes
INTERNATS	9	6	Internats
INTIMITAET	10	6	Intimität
INTONIERT	9	6	intoniert
INTRAVENOES	11	6	intravenös
IRGENDWOHER	11	6	irgendwoher
IRRGARTEN	9	6	Irrgarten
ISSUE	5	6	Issue
ITERATIONEN	11	6	Iterationen
JAGDEN	6	6	Jagden
JAGDREVIER	10	6	Jagdrevier
JAGUARS	7	6	Jaguars
JAHRGANGES	10	6	Jahrganges
JAZZSZENE	9	6	Jazzszene
JOBBTE	6	6	jobbte
JOSEFSTADT	10	6	Josefstadt
JOULE	5	6	Joule
JUENGERN	8	6	Jüngern
JUGENDKLUB	10	6	Jugendklub
JUGENDRAUM	10	6	Jugendraum
JUKEBOX	7	6	Jukebox
JUNKIES	7	6	Junkies
KABELJAU	8	6	Kabeljau
KABELNETZE	10	6	Kabelnetze
KACHELN	7	6	Kacheln
KADENZ	6	6	Kadenz
KAELTEREN	9	6	kälteren
KAELTESTEN	10	6	kältesten
KAELTEWELLE	11	6	Kältewelle
KAESES	6	6	Käses
KAFFEEPAUSE	11	6	Kaffeepause
KAFFEES	7	6	Kaffees
KAISERTUM	9	6	Kaisertum
KAMBRIUM	8	6	Kambrium
KAMERATEAMS	11	6	Kamerateams
KAMMERCHOR	10	6	Kammerchor
KAMMEROPER	10	6	Kammeroper
KAMPFJET	8	6	Kampfjet
KAMPFSPIEL	10	6	Kampfspiel
KANALSYSTEM	11	6	Kanalsystem
KANONISCHEN	11	6	kanonischen
KANTIGE	7	6	kantige
KANUSPORT	9	6	Kanusport
KAPELLENBAU	11	6	Kapellenbau
KAPITELSAAL	11	6	Kapitelsaal
KAPVERDEN	9	6	Kapverden
KARLSPLATZ	10	6	Karlsplatz
KARTELLS	8	6	Kartells
KARTENWERK	10	6	Kartenwerk
KARTHAGER	9	6	Karthager
KASSIERS	8	6	Kassiers
KATERS	6	6	Katers
KATHREIN	8	6	Kathrein
KAUFSUMME	9	6	Kaufsumme
KEGELS	6	6	Kegels
KEHLER	6	6	Kehler
KEILFORM	8	6	Keilform
KELCHZIPFEL	11	6	Kelchzipfel
KENNEL	6	6	Kennel
KERNBAU	7	6	Kernbau
KERNFRAGE	9	6	Kernfrage
KERNFUSION	10	6	Kernfusion
KERNGESUND	10	6	kerngesund
KERNORTES	9	6	Kernortes
KESSELWAGEN	11	6	Kesselwagen
KETCHUP	7	6	Ketchup
KICKERN	7	6	Kickern
KICKTE	6	6	kickte
KIEFERNWALD	11	6	Kiefernwald
KIESBETT	8	6	Kiesbett
KILLERS	7	6	Killers
KINDERFILM	10	6	Kinderfilm
KINDERSITZE	11	6	Kindersitze
KINDERZEIT	10	6	Kinderzeit
KINDESWOHL	10	6	Kindeswohl
KINDISCH	8	6	kindisch
KINDLE	6	6	Kindle
KIOSKEN	7	6	Kiosken
KIRCHBERGER	11	6	Kirchberger
KIRCHENBURG	11	6	Kirchenburg
KLAERENDEN	10	6	klärenden
KLAGENDE	8	6	klagende
KLANGVOLLE	10	6	klangvolle
KLAPPBARE	9	6	klappbare
KLAPPERT	8	6	klappert
KLARMACHEN	10	6	klarmachen
KLAUSEN	7	6	Klausen
KLEBSTOFFE	10	6	Klebstoffe
KLETTERE	8	6	klettere
KLITORIS	8	6	Klitoris
KLOPAPIER	9	6	Klopapier
KLOSTERHOF	10	6	Klosterhof
KNABBERN	8	6	knabbern
KNABBERT	8	6	knabbert
KNALLTEN	8	6	knallten
KNICKTEN	8	6	knickten
KNIFFE	6	6	Kniffe
KNISTERNDE	10	6	knisternde
KNISTERT	8	6	knistert
KNNTE	5	6	knnte
KNURRT	6	6	knurrt
KOALAS	6	6	Koalas
KOECHER	7	6	Köcher
KOELNERN	8	6	Kölnern
KOERNCHEN	9	6	Körnchen
KOERPERENDE	11	6	Körperende
KOKETTIERT	10	6	kokettiert
KOKONS	6	6	Kokons
KOMBILOHN	9	6	Kombilohn
KOMITAT	7	6	Komitat
KOMMISSAREN	11	6	Kommissaren
KOMOREN	7	6	Komoren
KONJUGIERT	10	6	konjugiert
KONKORDAT	9	6	Konkordat
KONKURSES	9	6	Konkurses
KONREKTOR	9	6	Konrektor
KONSEKRIERT	11	6	konsekriert
KONSORTEN	9	6	Konsorten
KONSTANZE	9	6	Konstanze
KONSULATE	9	6	Konsulate
KONSULATS	9	6	Konsulats
KONTRAEREN	10	6	konträren
KONVEXE	7	6	konvexe
KONZENTRAT	10	6	Konzentrat
KOPFGELD	8	6	Kopfgeld
KOPIERTE	8	6	kopierte
KOREAKRIEG	10	6	Koreakrieg
KORRELIEREN	11	6	korrelieren
KORRIDORE	9	6	Korridore
KOSMOPOLIT	10	6	Kosmopolit
KOSTBARER	9	6	kostbarer
KOTFLUEGELN	11	6	Kotflügeln
KRABBE	6	6	Krabbe
KRAENKLICH	10	6	kränklich
KRAFTPAKET	10	6	Kraftpaket
KRAFTWERKES	11	6	Kraftwerkes
KRAGSTEINEN	11	6	Kragsteinen
KRAKAUER	8	6	Krakauer
KRANKT	6	6	krankt
KRANS	5	6	Krans
KRANZGESIMS	11	6	Kranzgesims
KREBSART	8	6	Krebsart
KREISMUSEUM	11	6	Kreismuseum
KREMSER	7	6	Kremser
KREUZERN	8	6	Kreuzern
KREUZGANGS	10	6	Kreuzgangs
KREUZRITTER	11	6	Kreuzritter
KRIEGSHELD	10	6	Kriegsheld
KRIEGSJAHR	10	6	Kriegsjahr
KRIEGSOPFER	11	6	Kriegsopfer
KRIEGSZIEL	10	6	Kriegsziel
KRISELT	7	6	kriselt
KRISENFALL	10	6	Krisenfall
KRITISCHERE	11	6	kritischere
KRONRATES	9	6	Kronrates
KRONZEUGE	9	6	Kronzeuge
KUBISCHEN	9	6	kubischen
KUECHENCHEF	11	6	Küchenchef
KUEHLANLAGE	11	6	Kühlanlage
KUEHLKETTE	10	6	Kühlkette
KULANZ	6	6	Kulanz
KULMINIERT	10	6	kulminiert
KULTISCHEN	10	6	kultischen
KULTSERIE	9	6	Kultserie
KULTURERBE	10	6	Kulturerbe
KUMPAN	6	6	Kumpan
KUNSTFORUM	10	6	Kunstforum
KUNSTGRIFF	10	6	Kunstgriff
KUNSTOBJEKT	11	6	Kunstobjekt
KUNSTPREIS	10	6	Kunstpreis
KURATIERTE	10	6	kuratierte
KURSDAUER	9	6	Kursdauer
KURSSYSTEM	10	6	Kurssystem
KURSTADT	8	6	Kurstadt
KURSTREIBER	11	6	Kurstreiber
KURSZIELE	9	6	Kursziele
KURVIGE	7	6	kurvige
KURZEINSATZ	11	6	Kurzeinsatz
LACHHAFT	8	6	lachhaft
LACHNUMMER	10	6	Lachnummer
LACKIEREREI	11	6	Lackiererei
LACKIERTEM	10	6	lackiertem
LADENLOKAL	10	6	Ladenlokal
LADERAMPE	9	6	Laderampe
LAEHMUNGEN	10	6	Lähmungen
LAEMPCHEN	9	6	Lämpchen
LAENDLE	7	6	Ländle
LAEUFERS	8	6	Läufers
LAGEBERICHT	11	6	Lagebericht
LAGERHAFT	9	6	Lagerhaft
LAHTI	5	6	Lahti
LANCASHIRE	10	6	Lancashire
LANDARZT	8	6	Landarzt
LANDMANN	8	6	Landmann
LANDRAETE	9	6	Landräte
LANDSLEUTEN	11	6	Landsleuten
LANDTEIL	8	6	Landteil
LANDVOGT	8	6	Landvogt
LANGDISTANZ	11	6	Langdistanz
LANGOBARDEN	11	6	Langobarden
LANGSAMEREN	11	6	langsameren
LANGSAMSTE	10	6	langsamste
LANZEN	6	6	Lanzen
LATENTEN	8	6	latenten
LAUBEN	6	6	Lauben
LAUCH	5	6	Lauch
LAUFTREFF	9	6	Lauftreff
LAYERN	6	6	Layern
LEBENSTRAUM	11	6	Lebenstraum
LEBENSWEGE	10	6	Lebenswege
LEBERZELLEN	11	6	Leberzellen
LEBHAFTES	9	6	lebhaftes
LEBLOSE	7	6	leblose
LEBLOSEN	8	6	leblosen
LECKTE	6	6	leckte
LEDERS	6	6	Leders
LEDRIG	6	6	ledrig
LEERTE	6	6	leerte
LEGIERUNG	9	6	Legierung
LEHNSHOHEIT	11	6	Lehnshoheit
LEHRBERUF	9	6	Lehrberuf
LEHRERBERUF	11	6	Lehrerberuf
LEIBER	6	6	Leiber
LEIBLICHER	10	6	leiblicher
LEICHENZUG	10	6	Leichenzug
LEICHTSINN	10	6	Leichtsinn
LEIHGEBUEHR	11	6	Leihgebühr
LEIHVERTRAG	11	6	Leihvertrag
LEIMBACH	8	6	Leimbach
LEITPFOSTEN	11	6	Leitpfosten
LEKTOREN	8	6	Lektoren
LESBISCHEN	10	6	lesbischen
LESEBRILLE	10	6	Lesebrille
LESEBUEHNE	10	6	Lesebühne
LESERLICH	9	6	leserlich
LETALITAET	10	6	Letalität
LEUCHTTURMS	11	6	Leuchtturms
LEUTNANTS	9	6	Leutnants
LEXIKONS	8	6	Lexikons
LEYEN	5	6	Leyen
LIBANESE	8	6	Libanese
LIBELLE	7	6	Libelle
LICHTERMEER	11	6	Lichtermeer
LICHTHOF	8	6	Lichthof
LICHTUNGEN	10	6	Lichtungen
LIDER	5	6	Lider
LIEBESLIED	10	6	Liebeslied
LIEBESSPIEL	11	6	Liebesspiel
LIEDTEXTEN	10	6	Liedtexten
LIEFERBARE	10	6	lieferbare
LINDENPLATZ	11	6	Lindenplatz
LINEARER	8	6	linearer
LINEARITAET	11	6	Linearität
LIQUIDIEREN	11	6	liquidieren
LIURAI	6	6	Liurai
LOBBYIST	8	6	Lobbyist
LOBESHYMNEN	11	6	Lobeshymnen
LOBLIED	7	6	Loblied
LOCHES	6	6	Loches
LOCKERTEN	9	6	lockerten
LODERN	6	6	lodern
LOETSTELLEN	11	6	Lötstellen
LOEWENKOPF	10	6	Löwenkopf
LOGISTIKER	10	6	Logistiker
LORBEEREN	9	6	Lorbeeren
LORSCHER	8	6	Lorscher
LUEFTCHEN	9	6	Lüftchen
LUFTFRACHT	10	6	Luftfracht
LUFTIGER	8	6	luftiger
LUFTKAMPF	9	6	Luftkampf
LUFTKISSEN	10	6	Luftkissen
LUFTKURORT	10	6	Luftkurort
LUNCH	5	6	Lunch
LUNTE	5	6	Lunte
LUSTVOLL	8	6	lustvoll
MADRIDER	8	6	Madrider
MAERSCHE	8	6	Märsche
MAESSIGES	9	6	mäßiges
MAFIOSI	7	6	Mafiosi
MAHARADSCHA	11	6	Maharadscha
MAILSERVER	10	6	Mailserver
MAINBOARD	9	6	Mainboard
MAINUFER	8	6	Mainufer
MAIRIE	6	6	Mairie
MAKELLOSEN	10	6	makellosen
MALAIISCHEN	11	6	malaiischen
MALAISE	7	6	Malaise
MALERISCHER	11	6	malerischer
MALERISCHES	11	6	malerisches
MALERSCHULE	11	6	Malerschule
MALTER	6	6	Malter
MALWARE	7	6	Malware
MANDOLINE	9	6	Mandoline
MANNE	5	6	Manne
MANUSKRIPTS	11	6	Manuskripts
MAORI	5	6	Maori
MARIENALTAR	11	6	Marienaltar
MARKTERFOLG	11	6	Markterfolg
MARTINSHORN	11	6	Martinshorn
MASCHINERIE	11	6	Maschinerie
MASKERADE	9	6	Maskerade
MASSAKERS	9	6	Massakers
MASSENMORDE	11	6	Massenmorde
MASSGEBENDE	11	6	maßgebende
MASSIERT	8	6	massiert
MASTES	6	6	Mastes
MATINEE	7	6	Matinee
MATTERHORN	10	6	Matterhorn
MAUERFALLS	10	6	Mauerfalls
MAUERRESTEN	11	6	Mauerresten
MAUREN	6	6	Mauren
MAURERS	7	6	Maurers
MAXIMALWERT	11	6	Maximalwert
MAXIMIERUNG	11	6	Maximierung
MEDIADATEN	10	6	Mediadaten
MEDIOTHEK	9	6	Mediothek
MEDITATIVE	10	6	meditative
MEDITERRAN	10	6	mediterran
MEDIZINERIN	11	6	Medizinerin
MEERRETTICH	11	6	Meerrettich
MEHRPREIS	9	6	Mehrpreis
MEILER	6	6	Meiler
MEISTERT	8	6	meistert
MELODISCHEN	11	6	melodischen
MENINGITIS	10	6	Meningitis
MENISKUS	8	6	Meniskus
MENTALER	8	6	mentaler
MERCHANT	8	6	Merchant
MERIDIANE	9	6	Meridiane
MERKLICHE	9	6	merkliche
MERKTEN	7	6	merkten
MESSBARE	8	6	messbare
MESSFEIER	9	6	Messfeier
MESSPUNKT	9	6	Messpunkt
MESSSTELLEN	11	6	Messstellen
METASPRACHE	11	6	Metasprache
METEORE	7	6	Meteore
METRISCHE	9	6	metrische
METRORAPID	10	6	Metrorapid
METZINGER	9	6	Metzinger
MGLICH	6	6	mglich
MIEDEN	6	6	mieden
MIETKOSTEN	10	6	Mietkosten
MIKROFONEN	10	6	Mikrofonen
MIKROSKOPIE	11	6	Mikroskopie
MILCHIG	7	6	milchig
MILCHQUOTE	10	6	Milchquote
MILDERT	7	6	mildert
MILNE	5	6	Milne
MINDESTZEIT	11	6	Mindestzeit
MINIMALZIEL	11	6	Minimalziel
MIOZAEN	7	6	Miozän
MIRAGE	6	6	Mirage
MISCHBAR	8	6	mischbar
MISCHER	7	6	Mischer
MISSBILLIGT	11	6	missbilligt
MISSTRAUENS	11	6	Misstrauens
MITBEKOMMT	10	6	mitbekommt
MITBRACHTE	10	6	mitbrachte
MITBRACHTEN	11	6	mitbrachten
MITGEHOLFEN	11	6	mitgeholfen
MITGEKOMMEN	11	6	mitgekommen
MITREISSEN	10	6	mitreißen
MITTELMEERS	11	6	Mittelmeers
MITTELSMANN	11	6	Mittelsmann
MITTLEREM	9	6	mittlerem
MODELLBAU	9	6	Modellbau
MODERATORS	10	6	Moderators
MODERIERTEN	11	6	moderierten
MODULIERT	9	6	moduliert
MOLEKUELS	9	6	Moleküls
MONATSKARTE	11	6	Monatskarte
MONITOREN	9	6	Monitoren
MONITORS	8	6	Monitors
MONOCOQUE	9	6	Monocoque
MONTUR	6	6	Montur
MOORGEBIET	10	6	Moorgebiet
MOORWEG	7	6	Moorweg
MOOSEN	6	6	Moosen
MORDDROHUNG	11	6	Morddrohung
MORGENKREIS	11	6	Morgenkreis
MORGENLAND	10	6	Morgenland
MORMONEN	8	6	Mormonen
MOSAIKE	7	6	Mosaike
MOTETTE	7	6	Motette
MOTIVIEREND	11	6	motivierend
MOTIVWAGEN	10	6	Motivwagen
MOTORBLOCK	10	6	Motorblock
MOTORHAUBEN	11	6	Motorhauben
MOTORIK	7	6	Motorik
MOTORSEGLER	11	6	Motorsegler
MUEHEVOLLE	10	6	mühevolle
MUEHLHEIMER	11	6	Mühlheimer
MUELLBERG	9	6	Müllberg
MUELLHALDE	10	6	Müllhalde
MUELLHAUFEN	11	6	Müllhaufen
MUERRISCH	9	6	mürrisch
MUESSTEST	9	6	müsstest
MUNDWINKELN	11	6	Mundwinkeln
MUNTERES	8	6	munteres
MUSEAL	6	6	museal
MUSEALE	7	6	museale
MUSIKFEST	9	6	Musikfest
MUSIKPREIS	10	6	Musikpreis
MUSIKRAUM	9	6	Musikraum
MUSIKWELT	9	6	Musikwelt
MUTTERBODEN	11	6	Mutterboden
NABELSCHAU	10	6	Nabelschau
NABENHOEHE	10	6	Nabenhöhe
NACHBARDORF	11	6	Nachbardorf
NACHBRSLICH	11	6	nachbrslich
NACHDRUCKE	10	6	Nachdrucke
NACHGING	8	6	nachging
NACHLAESSIG	11	6	nachlässig
NACHSATZ	8	6	Nachsatz
NACHWAHLEN	10	6	Nachwahlen
NADELBAEUME	11	6	Nadelbäume
NAEHERIN	8	6	Näherin
NAEHME	6	6	nähme
NAGEN	5	6	nagen
NAHRHAFT	8	6	nahrhaft
NAMENSLISTE	11	6	Namensliste
NAPIER	6	6	Napier
NARRETEI	8	6	Narretei
NASSZELLE	9	6	Nasszelle
NATAL	5	6	Natal
NATUREN	7	6	Naturen
NATURRECHT	10	6	Naturrecht
NAUTISCHE	9	6	nautische
NCHSTE	6	6	nchste
NEBENARM	8	6	Nebenarm
NEBENSAISON	11	6	Nebensaison
NEDERLANDSE	11	6	Nederlandse
NEOPHYT	7	6	Neophyt
NERVENARZT	10	6	Nervenarzt
NERVENKRIEG	11	6	Nervenkrieg
NERVENZELLE	11	6	Nervenzelle
NESTEINGANG	11	6	Nesteingang
NETTOUMSATZ	11	6	Nettoumsatz
NETZARTIG	9	6	netzartig
NETZEITUNG	10	6	Netzeitung
NETZTEILE	9	6	Netzteile
NEUERES	7	6	neueres
NEUERLICHES	11	6	neuerliches
NEUGIERIGER	11	6	neugieriger
NEUJAHRSTAG	11	6	Neujahrstag
NEUNZIGERN	10	6	Neunzigern
NEUTRALEM	9	6	neutralem
NEUTRALES	9	6	neutrales
NEUWIEDER	9	6	Neuwieder
NEWSLETTERS	11	6	Newsletters
NIEDLICHE	9	6	niedliche
NIEDRIGERER	11	6	niedrigerer
NIERENMAKEL	11	6	Nierenmakel
NIETE	5	6	Niete
NIFTY	5	6	Nifty
NIRWANA	7	6	Nirwana
NOBODY	6	6	Nobody
NOETIGTE	8	6	nötigte
NOMINATIV	9	6	Nominativ
NOMINELLE	9	6	nominelle
NORDHAEUSER	11	6	Nordhäuser
NORDOSTGRAT	11	6	Nordostgrat
NORDSPITZE	10	6	Nordspitze
NORMALPREIS	11	6	Normalpreis
NORWEGERIN	10	6	Norwegerin
NOTORISCHER	11	6	notorischer
NOVIZEN	7	6	Novizen
NUCLEUS	7	6	Nucleus
NUESSCHEN	9	6	Nüsschen
NUMERIERT	9	6	numeriert
NUMERISCHER	11	6	numerischer
NUSSKNACKER	11	6	Nussknacker
NUTZBARKEIT	11	6	Nutzbarkeit
NUTZLAENGE	10	6	Nutzlänge
NUTZLASTEN	10	6	Nutzlasten
NYMPHE	6	6	Nymphe
OBDACHLOSER	11	6	Obdachloser
OBERBERG	8	6	Oberberg
OBERLAUFS	9	6	Oberlaufs
OBERMUEHLE	10	6	Obermühle
OBERRHEIN	9	6	Oberrhein
OBERSCHULEN	11	6	Oberschulen
OBRISTEN	8	6	Obristen
ODEON	5	6	Odeon
OEDLAND	7	6	Ödland
OEKOSYSTEMS	11	6	Ökosystems
OELKONZERNS	11	6	Ölkonzerns
OELMALEREI	10	6	Ölmalerei
OELPRODUKTE	11	6	Ölprodukte
OEUVRE	6	6	Oeuvre
OFFERIERTE	10	6	offerierte
OFFIZIELLEM	11	6	offiziellem
OGNON	5	6	Ognon
OLIGARCHIE	10	6	Oligarchie
OLIVFARBEN	10	6	olivfarben
ONLINEHILFE	11	6	Onlinehilfe
ONLINESHOP	10	6	Onlineshop
ONLINESHOPS	11	6	Onlineshops
OPENER	6	6	Opener
OPENING	7	6	Opening
OPERNPLATZ	10	6	Opernplatz
OPULENT	7	6	opulent
ORALEN	6	6	oralen
ORALER	6	6	oraler
ORDINATION	10	6	Ordination
ORGANS	6	6	Organs
ORTSKERNE	9	6	Ortskerne
ORTSPLAN	8	6	Ortsplan
ORTSSIEGEL	10	6	Ortssiegel
ORTSUEBLICH	11	6	ortsüblich
ORTSWECHSEL	11	6	Ortswechsel
OSELLA	6	6	Osella
OSTALBKREIS	11	6	Ostalbkreis
OSTBAHN	7	6	Ostbahn
OSTBLOCKS	9	6	Ostblocks
OSTERTAG	8	6	Ostertag
OSTFLUEGELS	11	6	Ostflügels
OSTGIEBEL	9	6	Ostgiebel
OSTLER	6	6	Ostler
OUTRO	5	6	Outro
OXIDIEREN	9	6	oxidieren
OZONWERTE	9	6	Ozonwerte
PACHTZINS	9	6	Pachtzins
PACKE	5	6	packe
PACKENDER	9	6	packender
PAEPSTEN	8	6	Päpsten
PAISLEY	7	6	Paisley
PALAU	5	6	Palau
PALMENHAUS	10	6	Palmenhaus
PALMZWEIG	9	6	Palmzweig
PANKOWER	8	6	Pankower
PANTHEON	8	6	Pantheon
PANZERFAUST	11	6	Panzerfaust
PAPIERGELD	10	6	Papiergeld
PAPPUS	6	6	Pappus
PARALLAXE	9	6	Parallaxe
PARKENDE	8	6	parkende
PARKFLAECHE	11	6	Parkfläche
PARTEINAHME	11	6	Parteinahme
PARTEITAGEN	11	6	Parteitagen
PASADENA	8	6	Pasadena
PASSFOTO	8	6	Passfoto
PASSWORD	8	6	Password
PATHOLOGEN	10	6	Pathologen
PAUSENHALLE	11	6	Pausenhalle
PEINLICHER	10	6	peinlicher
PELOTON	7	6	Peloton
PENETRANT	9	6	penetrant
PENNER	6	6	Penner
PENSIONAERE	11	6	Pensionäre
PERFORATION	11	6	Perforation
PERMANENTES	11	6	permanentes
PERSERN	7	6	Persern
PERSONALNOT	11	6	Personalnot
PETERSDOM	9	6	Petersdom
PFADFINDERN	11	6	Pfadfindern
PFAHLWEISE	10	6	pfahlweise
PFALZGRAFEN	11	6	Pfalzgrafen
PFARRERN	8	6	Pfarrern
PFEILTASTEN	11	6	Pfeiltasten
PFERDESPORT	11	6	Pferdesport
PFERDEZUCHT	11	6	Pferdezucht
PFLANZENART	11	6	Pflanzenart
PFLANZTEN	9	6	pflanzten
PFLEGERIN	9	6	Pflegerin
PFOERTNER	9	6	Pförtner
PHASER	6	6	Phaser
PHOSPHATE	9	6	Phosphate
PHOTOGRAPH	10	6	Photograph
PIERROT	7	6	Pierrot
PIKANTE	7	6	pikante
PIKTOGRAMME	11	6	Piktogramme
PILATUS	7	6	Pilatus
PILGERFAHRT	11	6	Pilgerfahrt
PILGERWEG	9	6	Pilgerweg
PILZES	6	6	Pilzes
PINGUINEN	9	6	Pinguinen
PIRANHAS	8	6	Piranhas
PISTONS	7	6	Pistons
PLAKATIV	8	6	plakativ
PLANERISCHE	11	6	planerische
PLAUDERTE	9	6	plauderte
PLAUSIBLER	10	6	plausibler
PLAZENTA	8	6	Plazenta
PLUMPEN	7	6	plumpen
PODCASTS	8	6	Podcasts
POETEN	6	6	Poeten
POLEIS	6	6	Poleis
POLEMISCHE	10	6	polemische
POLIERTEN	9	6	polierten
POLKA	5	6	Polka
POLYGON	7	6	Polygon
POLYNOME	8	6	Polynome
PONTE	5	6	Ponte
POSAUNEN	8	6	Posaunen
POSIERTE	8	6	posierte
POSTBOTE	8	6	Postbote
POSTLER	7	6	Postler
PRAEGENDER	10	6	prägender
PRAESIDIEN	10	6	Präsidien
PRAETORIA	9	6	praetoria
PRALINEN	8	6	Pralinen
PREISANGABE	11	6	Preisangabe
PREISTIPP	9	6	Preistipp
PRESSBURGER	11	6	Preßburger
PRESSEMAPPE	11	6	Pressemappe
PRIGNITZ	8	6	Prignitz
PROAKTIVE	9	6	proaktive
PROBENAHME	10	6	Probenahme
PROBIERTE	9	6	probierte
PROBLEMLAGE	11	6	Problemlage
PROBTEN	7	6	probten
PROCESSUS	9	6	Processus
PROFISTATUS	11	6	Profistatus
PROFITABLE	10	6	profitable
PROFITABLES	11	6	profitables
PROFITEAM	9	6	Profiteam
PROJEKTPLAN	11	6	Projektplan
PROJEKTTAG	10	6	Projekttag
PROPYLAEEN	10	6	Propyläen
PROSEMINAR	10	6	Proseminar
PROVENIENZ	10	6	Provenienz
PROXY	5	6	Proxy
PROZEDUREN	10	6	Prozeduren
PRUEGELTEN	10	6	prügelten
PSYCHODRAMA	11	6	Psychodrama
PSYCHOGRAMM	11	6	Psychogramm
PUBLISHERS	10	6	Publishers
PUNKER	6	6	Punker
PUNKTEZAHL	10	6	Punktezahl
PUNKTIERTEN	11	6	punktierten
PUNKTUELLE	10	6	punktuelle
PUPPENSPIEL	11	6	Puppenspiel
PYLONEN	7	6	Pylonen
QUADRATS	8	6	Quadrats
QUAELENDE	9	6	quälende
QUAENTCHEN	10	6	Quäntchen
QUALMTE	7	6	qualmte
QUELLBAECHE	11	6	Quellbäche
RACHEN	6	6	Rachen
RADBALL	7	6	Radball
RADEBERGER	10	6	Radeberger
RADHAEUSER	10	6	Radhäuser
RADIERGUMMI	11	6	Radiergummi
RADSAETZE	9	6	Radsätze
RADWEGES	8	6	Radweges
RAFFAEL	7	6	Raffael
RAMADAN	7	6	Ramadan
RANGHOHE	8	6	ranghohe
RANKE	5	6	Ranke
RASCHEM	7	6	raschem
RATIONEN	8	6	Rationen
RATSFRAUEN	10	6	Ratsfrauen
RAUBKATZE	9	6	Raubkatze
RAUBTE	6	6	raubte
RAUHER	6	6	rauher
RAUMANZUEGE	11	6	Raumanzüge
RAUMKONZEPT	11	6	Raumkonzept
RAUMMIETE	9	6	Raummiete
RAUMSCHIFFS	11	6	Raumschiffs
RAUSFINDEN	10	6	rausfinden
REALLOEHNE	10	6	Reallöhne
REBOUND	7	6	Rebound
REBSTOCK	8	6	Rebstock
RECHTLICHES	11	6	rechtliches
RECHTSFRAGE	11	6	Rechtsfrage
RECHTSZUG	9	6	Rechtszug
REDEKUNST	9	6	Redekunst
REDERECHT	9	6	Rederecht
REDESIGN	8	6	Redesign
REFLEKTION	10	6	Reflektion
REFLEKTOREN	11	6	Reflektoren
REFRAKTOR	9	6	Refraktor
REGELBAR	8	6	regelbar
REGELWIDRIG	11	6	regelwidrig
REGENTAGEN	10	6	Regentagen
REGENWALDES	11	6	Regenwaldes
REGENWURM	9	6	Regenwurm
REGLOS	6	6	reglos
REGULIERER	10	6	Regulierer
REIFENPANNE	11	6	Reifenpanne
REINIGUNGEN	11	6	Reinigungen
REISEDAUER	10	6	Reisedauer
REISEPLAENE	11	6	Reisepläne
REISEPLAN	9	6	Reiseplan
REITSPORT	9	6	Reitsport
REIZENDE	8	6	reizende
REKORDZAHL	10	6	Rekordzahl
REMSCHEIDER	11	6	Remscheider
RENDSBURGER	11	6	Rendsburger
RENITENTE	9	6	renitente
RENNABBRUCH	11	6	Rennabbruch
RENNE	5	6	renne
RENNEINSATZ	11	6	Renneinsatz
RENNKLASSE	10	6	Rennklasse
RENNPFERDE	10	6	Rennpferde
RENNSPIEL	9	6	Rennspiel
RENTABLE	8	6	rentable
RENTIERE	8	6	Rentiere
REPARIERTE	10	6	reparierte
REPARIERTEN	11	6	reparierten
REPEATER	8	6	Repeater
REPTIL	6	6	Reptil
REQUIEMS	8	6	Requiems
RESTSUMME	9	6	Restsumme
RESTWAERME	10	6	Restwärme
REVIEREN	8	6	Revieren
REVOLTEN	8	6	Revolten
RHEINFAEHRE	11	6	Rheinfähre
RHEINLANDE	10	6	Rheinlande
RHETORISCHE	11	6	rhetorische
RICHTERBUND	11	6	Richterbund
RICHTERLICH	11	6	richterlich
RIEDLINGER	10	6	Riedlinger
RINDERWAHN	10	6	Rinderwahn
RINNIG	6	6	rinnig
RIPPENBRUCH	11	6	Rippenbruch
RITTERGUTS	10	6	Ritterguts
RITTERORDEN	11	6	Ritterorden
RIVIERA	7	6	Riviera
ROBOTERARM	10	6	Roboterarm
RODELBAHN	9	6	Rodelbahn
ROELLCHEN	9	6	Röllchen
ROHEM	5	6	rohem
ROHRBRUCH	9	6	Rohrbruch
ROKOKOSTIL	10	6	Rokokostil
ROLLOUT	7	6	Rollout
ROLLTOR	7	6	Rolltor
ROLLWAGEN	9	6	Rollwagen
ROMANDIE	8	6	Romandie
ROMANFIGUR	10	6	Romanfigur
ROOSTERS	8	6	Roosters
ROSAFARBEN	10	6	rosafarben
ROSAROTEN	9	6	rosaroten
ROSENHOF	8	6	Rosenhof
ROSIGEN	7	6	rosigen
ROTBUCHE	8	6	Rotbuche
ROTTWEILER	10	6	Rottweiler
ROTUNDE	7	6	Rotunde
ROYALISTEN	10	6	Royalisten
RUEBE	5	6	Rübe
RUECKZUGES	10	6	Rückzuges
RUHEPLATZ	9	6	Ruheplatz
RUHMESHALLE	11	6	Ruhmeshalle
RUINIEREN	9	6	ruinieren
RUINIERTE	9	6	ruinierte
RUNDBOGIGES	11	6	rundbogiges
RUNENSTEINE	11	6	Runensteine
RUPIEN	6	6	Rupien
RUPTUR	6	6	Ruptur
RUSSIAN	7	6	Russian
RUTSCHFEST	10	6	rutschfest
SACHKOSTEN	10	6	Sachkosten
SACHPREIS	9	6	Sachpreis
SAECKCHEN	9	6	Säckchen
SAEGEMUEHLE	11	6	Sägemühle
SAENFTE	7	6	Sänfte
SAETTEL	7	6	Sättel
SAEUBERLICH	11	6	säuberlich
SAEUME	6	6	Säume
SAGENHAFTEN	11	6	sagenhaften
SAKRALER	8	6	sakraler
SALMON	6	6	Salmon
SAMMELWERKE	11	6	Sammelwerke
SAMMLE	6	6	sammle
SANDIG	6	6	sandig
SANDSTEINE	10	6	Sandsteine
SANFTEM	7	6	sanftem
SATIRISCHER	11	6	satirischer
SAUDIS	6	6	Saudis
SAURIER	7	6	Saurier
SAVANNE	7	6	Savanne
SCHACHTES	9	6	Schachtes
SCHADETE	8	6	schadete
SCHADHAFTE	10	6	schadhafte
SCHADHAFTEN	11	6	schadhaften
SCHAELCHEN	10	6	Schälchen
SCHALLT	7	6	schallt
SCHARFEM	8	6	scharfem
SCHARLATAN	10	6	Scharlatan
SCHATZAMT	9	6	Schatzamt
SCHATZKARTE	11	6	Schatzkarte
SCHATZKISTE	11	6	Schatzkiste
SCHAUBILD	9	6	Schaubild
SCHEMATISCH	11	6	schematisch
SCHIEBEDACH	11	6	Schiebedach
SCHIEFES	8	6	schiefes
SCHIELT	7	6	schielt
SCHIFFBAUER	11	6	Schiffbauer
SCHIFFCHEN	10	6	Schiffchen
SCHIFFSARZT	11	6	Schiffsarzt
SCHILDRAND	10	6	Schildrand
SCHIRI	6	6	Schiri
SCHLAGENDE	10	6	schlagende
SCHLAGENDEN	11	6	schlagenden
SCHLAMPE	8	6	Schlampe
SCHLAMPIG	9	6	schlampig
SCHLAUCHES	10	6	Schlauches
SCHLIMMEREN	11	6	schlimmeren
SCHLUCHZT	9	6	schluchzt
SCHMALERE	9	6	schmalere
SCHMERZENDE	11	6	schmerzende
SCHMETTERTE	11	6	schmetterte
SCHMOLZEN	9	6	schmolzen
SCHMUECKTE	10	6	schmückte
SCHNAUZBART	11	6	Schnauzbart
SCHNEECHAOS	11	6	Schneechaos
SCHNEELAGE	10	6	Schneelage
SCHNIPSEL	9	6	Schnipsel
SCHNUERTE	9	6	schnürte
SCHOENEREN	10	6	schöneren
SCHOTEN	7	6	Schoten
SCHRAFFIERT	11	6	schraffiert
SCHRAUBTE	9	6	schraubte
SCHREIENDE	10	6	schreiende
SCHUBKARRE	10	6	Schubkarre
SCHUETZLING	11	6	Schützling
SCHUFA	6	6	Schufa
SCHULDNERS	10	6	Schuldners
SCHULHOEFEN	11	6	Schulhöfen
SCHULHOFES	10	6	Schulhofes
SCHULJAHRE	10	6	Schuljahre
SCHULKUECHE	11	6	Schulküche
SCHURKE	7	6	Schurke
SCHUSSFELD	10	6	Schussfeld
SCHUSSLINIE	11	6	Schusslinie
SCHUSSWUNDE	11	6	Schusswunde
SCHWABINGER	11	6	Schwabinger
SCHWAERZUNG	11	6	Schwärzung
SCHWEDINNEN	11	6	Schwedinnen
SCHWEIGE	8	6	schweige
SCHWEINS	8	6	Schweins
SCHWEIZWEIT	11	6	schweizweit
SCHWELENDEN	11	6	schwelenden
SCHWENKBAR	10	6	schwenkbar
SCHWEROEL	9	6	Schweröl
SCHWIMME	8	6	schwimme
SCHWINDLIG	10	6	schwindlig
SCHWITZT	8	6	schwitzt
SCHWOLL	7	6	schwoll
SCORING	7	6	Scoring
SCORPION	8	6	Scorpion
SCRIPTE	7	6	Scripte
SECHSECKIGE	11	6	sechseckige
SEEFAHRERN	10	6	Seefahrern
SEEGEBIET	9	6	Seegebiet
SEEGEBIETE	10	6	Seegebiete
SEEIGEL	7	6	Seeigel
SEELENHEIL	10	6	Seelenheil
SEESTADT	8	6	Seestadt
SEGELS	6	6	Segels
SEGELSPORT	10	6	Segelsport
SEGELTOERN	10	6	Segeltörn
SEGELYACHT	10	6	Segelyacht
SEGLERN	7	6	Seglern
SEHER	5	6	Seher
SEKTEMPFANG	11	6	Sektempfang
SELBIGE	7	6	selbige
SELBSTBAU	9	6	Selbstbau
SELECAO	7	6	Selecao
SELTENSTE	9	6	seltenste
SEMIOTIK	8	6	Semiotik
SENATES	7	6	Senates
SENDETURM	9	6	Sendeturm
SERIELLER	9	6	serieller
SESTO	5	6	Sesto
SETTER	6	6	Setter
SETZLINGE	9	6	Setzlinge
SETZLISTE	9	6	Setzliste
SEXKONTAKT	10	6	sexkontakt
SHAOLIN	7	6	Shaolin
SHARK	5	6	Shark
SHERPA	6	6	Sherpa
SHIELD	6	6	Shield
SHOCKWAVE	9	6	Shockwave
SHOWBUEHNE	10	6	Showbühne
SHOWROOM	8	6	Showroom
SICHTETE	8	6	sichtete
SICHTFELD	9	6	Sichtfeld
SICHTSCHUTZ	11	6	Sichtschutz
SIEBENKAMPF	11	6	Siebenkampf
SIEGESWILLE	11	6	Siegeswille
SIGNET	6	6	Signet
SILBERPFEIL	11	6	Silberpfeil
SIMULIERTE	10	6	simulierte
SIPHON	6	6	Siphon
SITZBEZUEGE	11	6	Sitzbezüge
SITZECKE	8	6	Sitzecke
SITZENDER	9	6	sitzender
SKALIERT	8	6	skaliert
SKATES	6	6	Skates
SKELETTS	8	6	Skeletts
SKIKURSE	8	6	Skikurse
SKINHEADS	9	6	Skinheads
SKIPAESSE	9	6	Skipässe
SKIPASS	7	6	Skipass
SKRIPTUM	8	6	Skriptum
SLICKS	6	6	Slicks
SLUMS	5	6	Slums
SOFTBALL	8	6	Softball
SOGWIRKUNG	10	6	Sogwirkung
SOLAREN	7	6	solaren
SOLDATIN	8	6	Soldatin
SOMMERLAGER	11	6	Sommerlager
SONDERTARIF	11	6	Sondertarif
SONNENKLAR	10	6	sonnenklar
SONNT	5	6	sonnt
SPAETES	7	6	spätes
SPANNBREITE	11	6	Spannbreite
SPANNWEITEN	11	6	Spannweiten
SPARDOSE	8	6	Spardose
SPARPLAN	8	6	Sparplan
SPARZWANG	9	6	Sparzwang
SPASSVOGEL	10	6	Spassvogel
SPEICHERTE	10	6	speicherte
SPEISEFISCH	11	6	Speisefisch
SPEKTREN	8	6	Spektren
SPIELABLAUF	11	6	Spielablauf
SPIELBANKEN	11	6	Spielbanken
SPIELEREI	9	6	Spielerei
SPIELIDEE	9	6	Spielidee
SPIELZIEL	9	6	Spielziel
SPIRITUELL	10	6	spirituell
SPITZEM	7	6	spitzem
SPOETTISCH	10	6	spöttisch
SPOLIEN	7	6	Spolien
SPORTCLUBS	10	6	Sportclubs
SPORTFORUM	10	6	Sportforum
SPORTLICHEM	11	6	sportlichem
SPORTWART	9	6	Sportwart
SPORTWELT	9	6	Sportwelt
SPOTTET	7	6	spottet
SPRECHENS	9	6	Sprechens
SPRITZTOUR	10	6	Spritztour
SPRUCHBAND	10	6	Spruchband
SPRUCHREIF	10	6	spruchreif
SPRUDELNDEN	11	6	sprudelnden
SPRUNGTURM	10	6	Sprungturm
SPTER	5	6	spter
STAATSDUMA	10	6	Staatsduma
STABSSTELLE	11	6	Stabsstelle
STADTLEBEN	10	6	Stadtleben
STADTSCHULE	11	6	Stadtschule
STADTTEILES	11	6	Stadtteiles
STADTWACHE	10	6	Stadtwache
STAEDTCHENS	11	6	Städtchens
STAERKEREM	10	6	stärkerem
STAFFELEI	9	6	Staffelei
STAHLKOCHER	11	6	Stahlkocher
STAHLSEILE	10	6	Stahlseile
STAHLTEILE	10	6	Stahlteile
STAHLTUER	9	6	Stahltür
STALINISMUS	11	6	Stalinismus
STAPLER	7	6	Stapler
STARRER	7	6	starrer
STARTBEREIT	11	6	startbereit
STARTWERT	9	6	Startwert
STAUSTUFEN	10	6	Staustufen
STEERING	8	6	Steering
STEIFER	7	6	steifer
STEILSTE	8	6	steilste
STEINBERGER	11	6	Steinberger
STEINKREUZ	10	6	Steinkreuz
STEINTREPPE	11	6	Steintreppe
STEINWURF	9	6	Steinwurf
STENA	5	6	Stena
STENTS	6	6	Stents
STEWARDS	8	6	Stewards
STIEGENHAUS	11	6	Stiegenhaus
STILLSTEHEN	11	6	stillstehen
STIMMENZAHL	11	6	Stimmenzahl
STIMMKREIS	10	6	Stimmkreis
STIMMLICHEN	11	6	stimmlichen
STIMMVOLK	9	6	Stimmvolk
STOFFTIERE	10	6	Stofftiere
STOPPSCHILD	11	6	Stoppschild
STORYLINE	9	6	Storyline
STRADIVARI	10	6	Stradivari
STRAFMASSES	11	6	Strafmaßes
STRAHLENDES	11	6	strahlendes
STRAHLS	7	6	Strahls
STRANDET	8	6	strandet
STRAUBINGER	11	6	Straubinger
STREAMS	7	6	Streams
STREICHERN	10	6	Streichern
STRENGSTE	9	6	strengste
STRENGTE	8	6	strengte
STRIPTEASE	10	6	Striptease
STROEMENDEN	11	6	strömenden
STROHHUT	8	6	Strohhut
STROMBOERSE	11	6	Strombörse
STROMKOSTEN	11	6	Stromkosten
STUCKDECKE	10	6	Stuckdecke
STUCKDECKEN	11	6	Stuckdecken
STUDIERTER	10	6	studierter
STUECKWEISE	11	6	stückweise
STUETZUNG	9	6	Stützung
STUNDENSATZ	11	6	Stundensatz
STURMHAUBE	10	6	Sturmhaube
SUCHDIENST	10	6	Suchdienst
SUCHEREI	8	6	Sucherei
SUCHMASKE	9	6	Suchmaske
SUEDGRAT	8	6	Südgrat
SUEDMAUER	9	6	Südmauer
SUEDOSTECKE	11	6	Südostecke
SUEDSEITIG	10	6	südseitig
SUEDSTRASSE	11	6	Südstraße
SUEDTOR	7	6	Südtor
SUENDIGEN	9	6	sündigen
SUESSIGKEIT	11	6	Süßigkeit
SUGGESTIVE	10	6	suggestive
SUIZIDE	7	6	Suizide
SUKZESSION	10	6	Sukzession
SUMMT	5	6	summt
SUPERGROUP	10	6	Supergroup
SUPERNOVA	9	6	Supernova
SYRER	5	6	Syrer
TABLETTS	8	6	Tabletts
TABULE	6	6	tabule
TACKLES	7	6	Tackles
TAETIGT	7	6	tätigt
TAGEWEISE	9	6	tageweise
TAGTEN	6	6	tagten
TAKTISCHER	10	6	taktischer
TAKTRATE	8	6	Taktrate
TALENTSHOW	10	6	Talentshow
TALKRUNDEN	10	6	Talkrunden
TANDEMS	7	6	Tandems
TANKDECKEL	10	6	Tankdeckel
TANKLAGER	9	6	Tanklager
TANKWAGEN	9	6	Tankwagen
TANZPARTY	9	6	Tanzparty
TANZSCHULEN	11	6	Tanzschulen
TARIFLICHE	10	6	tarifliche
TASKLEISTE	10	6	Taskleiste
TASTETE	7	6	tastete
TATORTES	8	6	Tatortes
TAUCHBASIS	10	6	Tauchbasis
TAUMELTE	8	6	taumelte
TAXISTAND	9	6	Taxistand
TEAMLEITUNG	11	6	Teamleitung
TEESORTEN	9	6	Teesorten
TEIGES	6	6	Teiges
TEILCHENS	9	6	Teilchens
TEILSTUECKS	11	6	Teilstücks
TEILUNGEN	9	6	Teilungen
TELEFONS	8	6	Telefons
TELEVOTING	10	6	Televoting
TEMPERIERT	10	6	temperiert
TENOERE	7	6	Tenöre
TESTPERSON	10	6	Testperson
TETTNANGER	10	6	Tettnanger
TEXTSTELLE	10	6	Textstelle
TEXTZEILEN	10	6	Textzeilen
THERAPIEREN	11	6	therapieren
THERAPIERT	10	6	therapiert
THUER	5	6	Thür
TIEFLADER	9	6	Tieflader
TIEGEL	6	6	Tiegel
TIERCHEN	8	6	Tierchen
TIERGARTENS	11	6	Tiergartens
TINKER	6	6	Tinker
TITELRENNEN	11	6	Titelrennen
TODESZELLE	10	6	Todeszelle
TOETE	5	6	töte
TOMATENMARK	11	6	Tomatenmark
TONAUFNAHME	11	6	Tonaufnahme
TONFOLGE	8	6	Tonfolge
TONHALLE	8	6	Tonhalle
TONIKA	6	6	Tonika
TOPSPIEL	8	6	Topspiel
TORANLAGE	9	6	Toranlage
TORWARTS	8	6	Torwarts
TOSCANA	7	6	Toscana
TOTENTANZ	9	6	Totentanz
TOUCHIERTE	10	6	touchierte
TOURISTIKER	11	6	Touristiker
TOXINE	6	6	Toxine
TRACTATUS	9	6	Tractatus
TRADIERT	8	6	tradiert
TRAEGEN	7	6	trägen
TRAENKE	7	6	Tränke
TRAGENDES	9	6	tragendes
TRAGWERK	8	6	Tragwerk
TRAINERJOB	10	6	Trainerjob
TRAKTORS	8	6	Traktors
TRAUFHOEHE	10	6	Traufhöhe
TRAUMFRAU	9	6	Traumfrau
TRAUMHAFTER	11	6	traumhafter
TRAUZEUGE	9	6	Trauzeuge
TRAUZEUGEN	10	6	Trauzeugen
TRAVERSE	8	6	Traverse
TREFFT	6	6	trefft
TREIBERN	8	6	Treibern
TREIBERS	8	6	Treibers
TRENNKOST	9	6	Trennkost
TREUEEID	8	6	Treueeid
TRICKSEREI	10	6	Trickserei
TRIFFST	7	6	triffst
TRILLER	7	6	Triller
TRINITAET	9	6	Trinität
TRISTES	7	6	tristes
TRIUMPHALEN	11	6	triumphalen
TROCKENTAL	10	6	Trockental
TROPFTE	7	6	tropfte
TROTZTEN	8	6	trotzten
TRUEBES	7	6	trübes
TRUEBUNG	8	6	Trübung
TRUMPFT	7	6	trumpft
TUERCHEN	8	6	Türchen
TUERGRIFFE	10	6	Türgriffe
TUMMELPLATZ	11	6	Tummelplatz
TUPFER	6	6	Tupfer
TURMHAUBE	9	6	Turmhaube
TURMKAPELLE	11	6	Turmkapelle
TURNIERTAG	10	6	Turniertag
TURNSCHUH	9	6	Turnschuh
TUTORIAL	8	6	Tutorial
TYPOGRAFIE	10	6	Typografie
UEBERALTERT	11	6	überaltert
UEBERBRACHT	11	6	überbracht
UEBERFORMT	10	6	überformt
UEBERGROSS	10	6	übergroß
UEBERM	6	6	überm
UEBERMANNT	10	6	übermannt
UEBERRAGTE	10	6	überragte
UEBERRUNDET	11	6	überrundet
UEBERWIES	9	6	überwies
UEBERWORFEN	11	6	überworfen
UEBUNGSRAUM	11	6	Übungsraum
UKRAINERIN	10	6	Ukrainerin
ULTRAS	6	6	Ultras
UMBAUKOSTEN	11	6	Umbaukosten
UMBRINGT	8	6	umbringt
UMBUCHUNG	9	6	Umbuchung
UMFAENGT	8	6	umfängt
UMFRAGETIEF	11	6	Umfragetief
UMGERISSEN	10	6	umgerissen
UMGESTUERZT	11	6	umgestürzt
UMGING	6	6	umging
UMKAEMPFTE	10	6	umkämpfte
UMLACKIERT	10	6	umlackiert
UMLAGERT	8	6	umlagert
UMLAUFEN	8	6	umlaufen
UMLAUFENDER	11	6	umlaufender
UMLEGUNG	8	6	Umlegung
UMMAUERT	8	6	ummauert
UMRAHMEN	8	6	umrahmen
UMRINGEN	8	6	umringen
UMZUGSWAGEN	11	6	Umzugswagen
UMZUKEHREN	10	6	umzukehren
UMZUSTIMMEN	11	6	umzustimmen
UMZUZIEHEN	10	6	umzuziehen
UNBENUTZBAR	11	6	unbenutzbar
UNBEQUEMER	10	6	unbequemer
UNBEWAFFNET	11	6	unbewaffnet
UNBEWEGT	8	6	unbewegt
UNBEWOHNTEN	11	6	unbewohnten
UNCOOL	6	6	uncool
UNDERDOGS	9	6	Underdogs
UNEINIG	7	6	uneinig
UNENDLICHER	11	6	unendlicher
UNGEBETENEN	11	6	ungebetenen
UNGELIEBTEN	11	6	ungeliebten
UNGEPLANTE	10	6	ungeplante
UNGETEILTE	10	6	ungeteilte
UNGETUEM	8	6	Ungetüm
UNGEWOLLTEN	11	6	ungewollten
UNGUELTIGEN	11	6	ungültigen
UNIONISTEN	10	6	Unionisten
UNIVERSALE	10	6	universale
UNIVERSALEN	11	6	universalen
UNKRITISCH	10	6	unkritisch
UNMODERN	8	6	unmodern
UNMUENDIG	9	6	unmündig
UNPOPULAER	10	6	unpopulär
UNPRAEZISE	10	6	unpräzise
UNREIFEN	8	6	unreifen
UNSAEGLICHE	11	6	unsägliche
UNTERARME	9	6	Unterarme
UNTERBAND	9	6	unterband
UNTERLAND	9	6	Unterland
UNTERLIEGE	10	6	unterliege
UNTERLIESS	10	6	unterließ
UNTERMENUE	10	6	Untermenü
UNTERS	6	6	unters
UNTERSPUELT	11	6	unterspült
UNTERWEISEN	11	6	unterweisen
UNTERWIESEN	11	6	unterwiesen
UNTREUEN	8	6	untreuen
UNWILLIG	8	6	unwillig
UNZUCHT	7	6	Unzucht
URANIA	6	6	Urania
URANS	5	6	Urans
UREIGENE	8	6	ureigene
URFASSUNG	9	6	Urfassung
URZEIT	6	6	Urzeit
VAKUUMPUMPE	11	6	Vakuumpumpe
VAMPIRS	7	6	Vampirs
VEDEN	5	6	Veden
VEGETARISCH	11	6	vegetarisch
VEGETATIVEN	11	6	vegetativen
VENTRALRAND	11	6	Ventralrand
VERAERGERTE	11	6	verärgerte
VERANKERTE	10	6	verankerte
VERBALER	8	6	verbaler
VERBEUGT	8	6	verbeugt
VERBLASSTEN	11	6	verblassten
VERBLUEFFTE	11	6	verblüffte
VERBOTES	8	6	Verbotes
VERBRANNTEM	11	6	verbranntem
VERBRAUCHS	10	6	Verbrauchs
VERBROCHEN	10	6	verbrochen
VERDICKTEN	10	6	verdickten
VERDIKT	7	6	Verdikt
VERDINGTE	9	6	verdingte
VERDORBENE	10	6	verdorbene
VERDREHTEN	10	6	verdrehten
VERDURSTET	10	6	verdurstet
VEREIDIGTE	10	6	vereidigte
VEREINSLOGO	11	6	Vereinslogo
VERELENDUNG	11	6	Verelendung
VERERBBAR	9	6	vererbbar
VERFAENGT	9	6	verfängt
VERFASSERIN	11	6	Verfasserin
VERFEINERTE	11	6	verfeinerte
VERFLOCHTEN	11	6	verflochten
VERFORMT	8	6	verformt
VERFORMUNG	10	6	Verformung
VERFUGUNG	9	6	Verfugung
VERGLASTEN	10	6	verglasten
VERHAGELT	9	6	verhagelt
VERHANDLE	9	6	verhandle
VERHARRTEN	10	6	verharrten
VERHASST	8	6	verhasst
VERHEIZT	8	6	verheizt
VERHUELLUNG	11	6	Verhüllung
VERIRREN	8	6	verirren
VERJAGEN	8	6	verjagen
VERKEHRSAMT	11	6	Verkehrsamt
VERKENNE	8	6	verkenne
VERKLAERT	9	6	verklärt
VERKLAERUNG	11	6	Verklärung
VERKOHLTEN	10	6	verkohlten
VERKORKSTEN	11	6	verkorksten
VERKRIECHT	10	6	verkriecht
VERLAENGERE	11	6	verlängere
VERLAEUFE	9	6	Verläufe
VERLANDUNG	10	6	Verlandung
VERLEITETE	10	6	verleitete
VERLEUGNEN	10	6	verleugnen
VERLORENES	10	6	verlorenes
VERMENGT	8	6	vermengt
VERMIETETEN	11	6	vermieteten
VERMUMMT	8	6	vermummt
VERPACKTE	9	6	verpackte
VERPATZTEN	10	6	verpatzten
VERPRESST	9	6	verpresst
VERPUFFEN	9	6	verpuffen
VERRAETERIN	11	6	Verräterin
VERROHUNG	9	6	Verrohung
VERSANDHAUS	11	6	Versandhaus
VERSCHLAEFT	11	6	verschläft
VERSCHMITZT	11	6	verschmitzt
VERSCHMOLZ	10	6	verschmolz
VERSCHWAMM	10	6	verschwamm
VERSIEGELTE	11	6	versiegelte
VERSIERTE	9	6	versierte
VERSPUERE	9	6	verspüre
VERSTECKTES	11	6	verstecktes
VERSTIESSEN	11	6	verstießen
VERSTREUTE	10	6	verstreute
VERSUCHES	9	6	Versuches
VERSUESST	9	6	versüßt
VERTAEUT	8	6	vertäut
VERTRETE	8	6	vertrete
VERWAISTEN	10	6	verwaisten
VERWEHREN	9	6	verwehren
VERWEHRTE	9	6	verwehrte
VERWEHT	7	6	verweht
VERWEIGERE	10	6	verweigere
VERWEILTE	9	6	verweilte
VERWENDETER	11	6	verwendeter
VERWENDETES	11	6	verwendetes
VERWEST	7	6	verwest
VERWOEHNTE	10	6	verwöhnte
VERWUNDEN	9	6	verwunden
VERWUNDERTE	11	6	verwunderte
VERZINKTEM	10	6	verzinktem
VERZOEGERE	10	6	verzögere
VERZWEIGEN	10	6	verzweigen
VESTIBUEL	9	6	Vestibül
VESUV	5	6	Vesuv
VETTERS	7	6	Vetters
VIDEOBEWEIS	11	6	Videobeweis
VIEHBESTAND	11	6	Viehbestand
VIELFACHER	10	6	vielfacher
VIERECKIGE	10	6	viereckige
VIERFACH	8	6	vierfach
VIERSITZER	10	6	Viersitzer
VIETCONG	8	6	Vietcong
VIEWS	5	6	Views
VIZEPREMIER	11	6	Vizepremier
VOEGTE	6	6	Vögte
VOGELART	8	6	Vogelart
VOLATILEN	9	6	volatilen
VOLKSBANKEN	11	6	Volksbanken
VOLKSHAUS	9	6	Volkshaus
VOLLBART	8	6	Vollbart
VOLLKASKO	9	6	Vollkasko
VOLONTAER	9	6	Volontär
VORALPEN	8	6	Voralpen
VORAUSSETZT	11	6	voraussetzt
VORBILDHAFT	11	6	vorbildhaft
VORDERBRUST	11	6	Vorderbrust
VORDERKANTE	11	6	Vorderkante
VORDERSITZE	11	6	Vordersitze
VORDERSTEN	10	6	vordersten
VORGANGES	9	6	Vorganges
VORGEBLICH	10	6	vorgeblich
VORGESETZT	10	6	vorgesetzt
VORGESPIELT	11	6	vorgespielt
VORHALT	7	6	Vorhalt
VORHANGS	8	6	Vorhangs
VORHAUT	7	6	Vorhaut
VORKAMMER	9	6	Vorkammer
VORKOMMNIS	10	6	Vorkommnis
VORLAUFZEIT	11	6	Vorlaufzeit
VORORTBAHN	10	6	Vorortbahn
VORSCHREIBT	11	6	vorschreibt
VORSPEISEN	10	6	Vorspeisen
VORSPRUENGE	11	6	Vorsprünge
VORSTUDIE	9	6	Vorstudie
VORTAGS	7	6	Vortags
VORTRITT	8	6	Vortritt
VORVERTRAG	10	6	Vorvertrag
VOYEUR	6	6	Voyeur
VOYEURISMUS	11	6	Voyeurismus
WABERT	6	6	wabert
WACKELIGEN	10	6	wackeligen
WACKEN	6	6	Wacken
WAEHLST	7	6	wählst
WAEHNTEN	8	6	wähnten
WAEREST	7	6	wärest
WAGENBODEN	10	6	Wagenboden
WAGTEN	6	6	wagten
WAHLBEZIRKE	11	6	Wahlbezirke
WAHLCHANCEN	11	6	Wahlchancen
WAHLGAENGEN	11	6	Wahlgängen
WAHLPFLICHT	11	6	Wahlpflicht
WAHLPLAKATE	11	6	Wahlplakate
WAHLSYSTEMS	11	6	Wahlsystems
WAHLZIEL	8	6	Wahlziel
WAHRNAHMEN	10	6	wahrnahmen
WALDAU	6	6	Waldau
WALDBAHN	8	6	Waldbahn
WALDBUEHNE	10	6	Waldbühne
WALDLAUF	8	6	Waldlauf
WALDREICHE	10	6	waldreiche
WALISISCHER	11	6	walisischer
WALLANLAGEN	11	6	Wallanlagen
WALLER	6	6	Waller
WALLGRABEN	10	6	Wallgraben
WANDPFEILER	11	6	Wandpfeiler
WANDSTEINE	10	6	Wandsteine
WANDTAFEL	9	6	Wandtafel
WANGERLAND	10	6	Wangerland
WANKT	5	6	wankt
WAPPENBILD	10	6	Wappenbild
WARNZEICHEN	11	6	Warnzeichen
WARTESAAL	9	6	Wartesaal
WARTEST	7	6	wartest
WARTESTAND	10	6	Wartestand
WARZIG	6	6	warzig
WASCHANLAGE	11	6	Waschanlage
WASSERFLUSS	11	6	Wasserfluss
WASSERTANK	10	6	Wassertank
WASSERWERTE	11	6	Wasserwerte
WATCHLIST	9	6	Watchlist
WEBPRAESENZ	11	6	Webpräsenz
WEEKEND	7	6	Weekend
WEGGEFAHREN	11	6	weggefahren
WEGGESPUELT	11	6	weggespült
WEGGETRAGEN	11	6	weggetragen
WEHGETAN	8	6	wehgetan
WEHMUETIG	9	6	wehmütig
WEHRHAFT	8	6	wehrhaft
WEHRTUERME	10	6	Wehrtürme
WEIBLICHEM	10	6	weiblichem
WEICHEREN	9	6	weicheren
WEINENDEN	9	6	weinenden
WEINHANDEL	10	6	Weinhandel
WEINROT	7	6	weinrot
WEINSTUBE	9	6	Weinstube
WEISENDE	8	6	weisende
WEITERFLUG	10	6	Weiterflug
WELLENLINIE	11	6	Wellenlinie
WELLIG	6	6	wellig
WELTELITE	9	6	Weltelite
WELTHANDELS	11	6	Welthandels
WELTMARKTES	11	6	Weltmarktes
WELTMEEREN	10	6	Weltmeeren
WENDIGER	8	6	wendiger
WERBEPAUSE	10	6	Werbepause
WERDENDER	9	6	werdender
WERDENER	8	6	Werdener
WERKHALLE	9	6	Werkhalle
WERKRAUM	8	6	Werkraum
WERKSTUECKS	11	6	Werkstücks
WERKVERTRAG	11	6	Werkvertrag
WERTERHALT	10	6	Werterhalt
WERTMAESSIG	11	6	wertmäßig
WESTBANK	8	6	Westbank
WESTMAECHTE	11	6	Westmächte
WESTWERK	8	6	Westwerk
WETZLARER	9	6	Wetzlarer
WICHT	5	6	Wicht
WIDERFAHREN	11	6	widerfahren
WIDERHALL	9	6	Widerhall
WIDERLEGTE	10	6	widerlegte
WIDERRUFBAR	11	6	widerrufbar
WIDERSTEHT	10	6	widersteht
WIEDERKOMMT	11	6	wiederkommt
WIEDERMAL	9	6	wiedermal
WIEGELN	7	6	wiegeln
WILLIGEN	8	6	willigen
WINDSTAERKE	11	6	Windstärke
WINTERHUDER	11	6	Winterhuder
WIRBELTE	8	6	wirbelte
WIRBELTEN	9	6	wirbelten
WIRTSZELLE	10	6	Wirtszelle
WISMARER	8	6	Wismarer
WITTERTE	8	6	witterte
WOELFIN	7	6	Wölfin
WOERTHERSEE	11	6	Wörthersee
WOHLTUEND	9	6	wohltuend
WOHNFORMEN	10	6	Wohnformen
WOHNLICH	8	6	wohnlich
WOHNNUTZUNG	11	6	Wohnnutzung
WOHNSITZES	10	6	Wohnsitzes
WOHNSTATT	9	6	Wohnstatt
WOHNTRAKT	9	6	Wohntrakt
WOLFE	5	6	Wolfe
WOLGA	5	6	Wolga
WOLLTET	7	6	wolltet
WORTSPIELE	10	6	Wortspiele
WORTSTAMM	9	6	Wortstamm
WUCHERER	8	6	Wucherer
WUCHERN	7	6	wuchern
WUCHTIGER	9	6	wuchtiger
WUERDIGTEN	10	6	würdigten
WUERFELT	8	6	würfelt
WUERGEGRIFF	11	6	Würgegriff
WUERGTE	7	6	würgte
WUNDERE	7	6	wundere
WUNDERLAND	10	6	Wunderland
WUNSCHES	8	6	Wunsches
WURDEST	7	6	wurdest
WURZELWERK	10	6	Wurzelwerk
YAKUZA	6	6	Yakuza
YANKEES	7	6	Yankees
YARIS	5	6	Yaris
YOKOSUKA	8	6	Yokosuka
ZAEHLUNGEN	10	6	Zählungen
ZAERTLICHEN	11	6	zärtlichen
ZAEUNEN	7	6	Zäunen
ZAGATO	6	6	Zagato
ZAGHAFTEN	9	6	zaghaften
ZAHLENREIHE	11	6	Zahlenreihe
ZAHNSPANGE	10	6	Zahnspange
ZANKAPFEL	9	6	Zankapfel
ZARTES	6	6	zartes
ZAUBERKRAFT	11	6	Zauberkraft
ZAUBERS	7	6	Zaubers
ZEIGENDE	8	6	zeigende
ZEITACHSE	9	6	Zeitachse
ZEITEBENEN	10	6	Zeitebenen
ZEITGERECHT	11	6	zeitgerecht
ZEITGLEICHE	11	6	zeitgleiche
ZEITIGTE	8	6	zeitigte
ZEITNAHME	9	6	Zeitnahme
ZEITTAFEL	9	6	Zeittafel
ZEITWEISEN	10	6	zeitweisen
ZEITZONE	8	6	Zeitzone
ZELEBRIERTE	11	6	zelebrierte
ZELLMEMBRAN	11	6	Zellmembran
ZELLSTOFF	9	6	Zellstoff
ZELLWAENDE	10	6	Zellwände
ZENSOREN	8	6	Zensoren
ZERBRACHEN	10	6	zerbrachen
ZERRISSENE	10	6	zerrissene
ZERRISSENEN	11	6	zerrissenen
ZETTELN	7	6	Zetteln
ZIERDE	6	6	Zierde
ZISCHTE	7	6	zischte
ZOEGEN	6	6	zögen
ZOEGLINGE	9	6	Zöglinge
ZOELIAKIE	9	6	Zöliakie
ZOLLBEAMTE	10	6	Zollbeamte
ZOLLSTATION	11	6	Zollstation
ZOLLUNION	9	6	Zollunion
ZUBROT	6	6	Zubrot
ZUCCHINI	8	6	Zucchini
ZUECHTERN	9	6	Züchtern
ZUECKTE	7	6	zückte
ZUERICHSEE	10	6	Zürichsee
ZUFRIEDENES	11	6	zufriedenes
ZUGAENGIG	9	6	zugängig
ZUGEKAUFTEN	11	6	zugekauften
ZUGELIEFERT	11	6	zugeliefert
ZUGEORDNETE	11	6	zugeordnete
ZUGESTOCHEN	11	6	zugestochen
ZUGEWACHSEN	11	6	zugewachsen
ZUKAEUFEN	9	6	Zukäufen
ZULAESSIGES	11	6	zulässiges
ZULUFT	6	6	Zuluft
ZUSCHUSSES	10	6	Zuschusses
ZUSEHER	7	6	Zuseher
ZUSENDUNGEN	11	6	Zusendungen
ZUSICHERTE	10	6	zusicherte
ZUSTELLER	9	6	Zusteller
ZUSTIMMTE	9	6	zustimmte
ZUTRAEGLICH	11	6	zuträglich
ZUZAHLEN	8	6	zuzahlen
ZUZOG	5	6	zuzog
ZUZUFUEHREN	11	6	zuzuführen
ZWEIDEUTIG	10	6	zweideutig
ZWEIERBOB	9	6	Zweierbob
ZWEIFARBIG	10	6	zweifarbig
ZWEISAMKEIT	11	6	Zweisamkeit
ZWERCHFELL	10	6	Zwerchfell
ZWITTRIG	8	6	zwittrig
ZYTOLOGIE	9	6	Zytologie
ABAENDERN	9	5	abändern
ABFUEHRUNG	10	5	Abführung
ABGAS	5	5	Abgas
ABGASNORM	9	5	Abgasnorm
ABGEBENDEN	10	5	abgebenden
ABGEFACKELT	11	5	abgefackelt
ABGEFLAUT	9	5	abgeflaut
ABGEGRAST	9	5	abgegrast
ABGEHACKT	9	5	abgehackt
ABGEHEFTET	10	5	abgeheftet
ABGELEGTE	9	5	abgelegte
ABGELICHTET	11	5	abgelichtet
ABGENICKT	9	5	abgenickt
ABGEREGELT	10	5	abgeregelt
ABGERIEBEN	10	5	abgerieben
ABGERUNGEN	10	5	abgerungen
ABGESEILT	9	5	abgeseilt
ABGESPUELT	10	5	abgespült
ABGESUNKEN	10	5	abgesunken
ABGETRAGENE	11	5	abgetragene
ABGEWINKT	9	5	abgewinkt
ABGEWORBEN	10	5	abgeworben
ABGEZOCKT	9	5	abgezockt
ABGOETTISCH	11	5	abgöttisch
ABGRUNDS	8	5	Abgrunds
ABHEBT	6	5	abhebt
ABHING	6	5	abhing
ABKOEMMLING	11	5	Abkömmling
ABLAUFDATUM	11	5	Ablaufdatum
ABLEGT	6	5	ablegt
ABLOESTE	8	5	ablöste
ABNEHMBARE	10	5	abnehmbare
ABNEHMEND	9	5	abnehmend
ABONNENT	8	5	Abonnent
ABRISSES	8	5	Abrisses
ABSCHIEBEN	10	5	abschieben
ABSEHBAREN	10	5	absehbaren
ABSETZTE	8	5	absetzte
ABSIEHT	7	5	absieht
ABSOLUTION	10	5	Absolution
ABSORBER	8	5	Absorber
ABSPANNS	8	5	Abspanns
ABSPERREN	9	5	absperren
ABSTANDS	8	5	Abstands
ABSTEIGENDE	11	5	absteigende
ABSTELLUNG	10	5	Abstellung
ABSTRICH	8	5	Abstrich
ABSTRUSE	8	5	abstruse
ABTEUFEN	8	5	Abteufen
ABTRAG	6	5	Abtrag
ABWEISEN	8	5	abweisen
ABZEICHNET	10	5	abzeichnet
ABZULOESEN	10	5	abzulösen
ABZWEIGT	8	5	abzweigt
ACHSFOLGE	9	5	Achsfolge
ACHSSTAND	9	5	Achsstand
ACHTECKIGER	11	5	achteckiger
ACTORS	6	5	Actors
ADAPTIERUNG	11	5	Adaptierung
ADMIRALS	8	5	Admirals
ADOPTIONEN	10	5	Adoptionen
ADRIAKUESTE	11	5	Adriaküste
ADULTER	7	5	adulter
AEFFCHEN	8	5	Äffchen
AENDERNDEN	10	5	ändernden
AEROSOL	7	5	Aerosol
AGAMEN	6	5	Agamen
AGGRESSOR	9	5	Aggressor
AGIERE	6	5	agiere
AICHACHER	9	5	Aichacher
AISCH	5	5	Aisch
AKKUMULIERT	11	5	akkumuliert
AKQUISE	7	5	Akquise
AKTIENQUOTE	11	5	Aktienquote
AKTIVIERTEN	11	5	aktivierten
AKTUELLEREN	11	5	aktuelleren
ALBATROS	8	5	Albatros
ALEVITEN	8	5	Aleviten
ALGERIER	8	5	Algerier
ALGONKIN	8	5	Algonkin
ALKOHOLS	8	5	Alkohols
ALKOMATTEST	11	5	Alkomattest
ALLERBESTEN	11	5	allerbesten
ALLERGEN	8	5	Allergen
ALLEZEIT	8	5	allezeit
ALPENPAESSE	11	5	Alpenpässe
ALPINISTEN	10	5	Alpinisten
ALTAEREN	8	5	Altären
ALTAI	5	5	Altai
ALTARRAUMS	10	5	Altarraums
ALTARTISCH	10	5	Altartisch
ALTEFRAUEN	10	5	altefrauen
ALTERSSTUFE	11	5	Altersstufe
ALTMARKT	8	5	Altmarkt
AMAZONAS	8	5	Amazonas
AMAZONE	7	5	Amazone
AMBITION	8	5	Ambition
AMMERLAND	9	5	Ammerland
AMMERSEE	8	5	Ammersee
AMOEBE	6	5	Amöbe
AMTIERTEN	9	5	amtierten
AMTMANNS	8	5	Amtmanns
AMTSBEREICH	11	5	Amtsbereich
AMTSGEBIET	10	5	Amtsgebiet
AMTSSTUBEN	10	5	Amtsstuben
AMUESANTEN	10	5	amüsanten
AMUESIERTEN	11	5	amüsierten
ANAEROBE	8	5	anaerobe
ANDUENSTEN	10	5	andünsten
ANERKANNTES	11	5	anerkanntes
ANFAELLIGER	11	5	anfälliger
ANFAELLT	8	5	anfällt
ANGEFEUERT	10	5	angefeuert
ANGEHENDER	10	5	angehender
ANGELASSEN	10	5	angelassen
ANGELOBUNG	10	5	Angelobung
ANGEMALT	8	5	angemalt
ANGEPEILTEN	11	5	angepeilten
ANGEPOEBELT	11	5	angepöbelt
ANGEREGTEN	10	5	angeregten
ANGESTANDEN	11	5	angestanden
ANGEWAEHLT	10	5	angewählt
ANGEZETTELT	11	5	angezettelt
ANGSTFREIE	10	5	angstfreie
ANIMALISCHE	11	5	animalische
ANIMIERTES	10	5	animiertes
ANLAGENTEIL	11	5	Anlagenteil
ANLAGEVOTUM	11	5	Anlagevotum
ANLANDUNG	9	5	Anlandung
ANLAUFENDEN	11	5	anlaufenden
ANLEGT	6	5	anlegt
ANMARSCH	8	5	Anmarsch
ANPASST	7	5	anpasst
ANREGENDES	10	5	anregendes
ANREICHERN	10	5	anreichern
ANSAGER	7	5	Ansager
ANSAHEN	7	5	ansahen
ANSBACHER	9	5	Ansbacher
ANSCHAUT	8	5	anschaut
ANSCHIEBER	10	5	Anschieber
ANSETZUNG	9	5	Ansetzung
ANSTECKENDE	11	5	ansteckende
ANSTREBT	8	5	anstrebt
ANTICHRIST	10	5	Antichrist
ANTIPATHIE	10	5	Antipathie
ANTIPPEN	8	5	Antippen
ANTONINUS	9	5	Antoninus
ANTRIFFT	8	5	antrifft
ANWALTLICHE	11	5	anwaltliche
ANZUBAHNEN	10	5	anzubahnen
ANZUWERBEN	10	5	anzuwerben
APFELSINE	9	5	Apfelsine
APIKAL	6	5	apikal
APOPTOSE	8	5	Apoptose
APPALACHEN	10	5	Appalachen
APPARTMENTS	11	5	Appartments
ARARAT	6	5	Ararat
ARBORETUM	9	5	Arboretum
ARCHIPELS	9	5	Archipels
ARENDSEE	8	5	Arendsee
ARETE	5	5	Arete
ARIDEN	6	5	ariden
ARKADE	6	5	Arkade
ARLBERG	7	5	Arlberg
ARMDECKEN	9	5	Armdecken
ARMENPFLEGE	11	5	Armenpflege
ARMINEN	7	5	Arminen
ARRAY	5	5	Array
ARRAYS	6	5	Arrays
ARTERIAE	8	5	Arteriae
ARTET	5	5	artet
ARZTBESUCHE	11	5	Arztbesuche
ASIATISCHES	11	5	asiatisches
ASPIRIN	7	5	Aspirin
ASSOZIATIV	10	5	assoziativ
ASTES	5	5	Astes
ASYLANTRAG	10	5	Asylantrag
ATEMLOS	7	5	atemlos
ATHENISCHEN	11	5	athenischen
ATOLLS	6	5	Atolls
ATOMRAKETEN	11	5	Atomraketen
ATOMS	5	5	Atoms
ATTIKA	6	5	Attika
AUDIENCIA	9	5	Audiencia
AUDITING	8	5	Auditing
AUFBAUSPIEL	11	5	Aufbauspiel
AUFBLASBARE	11	5	aufblasbare
AUFBRINGUNG	11	5	Aufbringung
AUFDRAENGEN	11	5	aufdrängen
AUFFASSEN	9	5	auffassen
AUFFUEHRTE	10	5	aufführte
AUFFUEHRTEN	11	5	aufführten
AUFFUELLUNG	11	5	Auffüllung
AUFGEBAUTES	11	5	aufgebautes
AUFGEBOHRT	10	5	aufgebohrt
AUFGEGESSEN	11	5	aufgegessen
AUFGELESEN	10	5	aufgelesen
AUFGEREGTE	10	5	aufgeregte
AUFGERUECKT	11	5	aufgerückt
AUFGIBT	7	5	aufgibt
AUFKAUF	7	5	Aufkauf
AUFKAUFTE	9	5	aufkaufte
AUFLIEGEN	9	5	aufliegen
AUFMASS	7	5	Aufmaß
AUFNAEHER	9	5	Aufnäher
AUFPOLIEREN	11	5	aufpolieren
AUFPOLIERT	10	5	aufpoliert
AUFRECHTER	10	5	aufrechter
AUFRICHTIGE	11	5	aufrichtige
AUFRIEF	7	5	aufrief
AUFRUEHRER	10	5	Aufrührer
AUFSETZT	8	5	aufsetzt
AUFSPANNUNG	11	5	Aufspannung
AUFSUCHTEN	10	5	aufsuchten
AUFTAKTSIEG	11	5	Auftaktsieg
AUFZUGS	7	5	Aufzugs
AUFZUKAUFEN	11	5	aufzukaufen
AUGENFLECK	10	5	Augenfleck
AUSBILDETE	10	5	ausbildete
AUSBRACHEN	10	5	ausbrachen
AUSBRUECHEN	11	5	Ausbrüchen
AUSERWAEHLT	11	5	auserwählt
AUSFALLRATE	11	5	Ausfallrate
AUSFIELEN	9	5	ausfielen
AUSFLUECHTE	11	5	Ausflüchte
AUSFLUSS	8	5	Ausfluss
AUSFUEHRT	9	5	ausführt
AUSGAENGEN	10	5	Ausgängen
AUSGEBAUTER	11	5	ausgebauter
AUSGEKOMMEN	11	5	ausgekommen
AUSGENUETZT	11	5	ausgenützt
AUSGEPOWERT	11	5	ausgepowert
AUSGEROLLT	10	5	ausgerollt
AUSGERUECKT	11	5	ausgerückt
AUSGESPAEHT	11	5	ausgespäht
AUSGEZOGENE	11	5	ausgezogene
AUSGIBT	7	5	ausgibt
AUSGIEBIGER	11	5	ausgiebiger
AUSGRENZEN	10	5	ausgrenzen
AUSGUCK	7	5	Ausguck
AUSLAEUFT	9	5	ausläuft
AUSLAGE	7	5	Auslage
AUSLENKUNG	10	5	Auslenkung
AUSRAEUMEN	10	5	ausräumen
AUSSENAMT	9	5	Außenamt
AUSSENBAU	9	5	Außenbau
AUSSENLINIE	11	5	Außenlinie
AUSSENNETZ	10	5	Außennetz
AUSSENWETTE	11	5	Außenwette
AUSSIEDLUNG	11	5	Aussiedlung
AUSSOEHNEN	10	5	aussöhnen
AUSSPANNE	9	5	Ausspanne
AUSSPERRUNG	11	5	Aussperrung
AUSSPRICHT	10	5	ausspricht
AUSSPUELEN	10	5	ausspülen
AUSSTANDS	9	5	Ausstands
AUSTELLUNG	10	5	Austellung
AUSTRETENDE	11	5	austretende
AUSTRIEB	8	5	Austrieb
AUSWAEHLTE	10	5	auswählte
AUSWUECHSEN	11	5	Auswüchsen
AUSZEITEN	9	5	Auszeiten
AUSZUHALTEN	11	5	auszuhalten
AUSZULEGEN	10	5	auszulegen
AUSZUROTTEN	11	5	auszurotten
AUSZUWEITEN	11	5	auszuweiten
AUSZUZAHLEN	11	5	auszuzahlen
AUTOBOMBEN	10	5	Autobomben
AUTOBUS	7	5	Autobus
AUTOHAUSES	10	5	Autohauses
AUTOKRAFT	9	5	Autokraft
AUTOKRAN	8	5	Autokran
AUTOMUSEUM	10	5	Automuseum
AUTORSCHAFT	11	5	Autorschaft
AUTOSTRASSE	11	5	Autostraße
AUWALD	6	5	Auwald
BACHLAUFS	9	5	Bachlaufs
BACKEND	7	5	Backend
BADEANLAGE	10	5	Badeanlage
BADEANZUG	9	5	Badeanzug
BADEINSEL	9	5	Badeinsel
BADET	5	5	badet
BADEWASSER	10	5	Badewasser
BAECHLEIN	9	5	Bächlein
BAEUERINNEN	11	5	Bäuerinnen
BAGLER	6	5	Bagler
BAHNBRUECKE	11	5	Bahnbrücke
BAHNFAHRER	10	5	Bahnfahrer
BAHNKOERPER	11	5	Bahnkörper
BAHNSTRASSE	11	5	Bahnstraße
BAHRE	5	5	Bahre
BALATON	7	5	Balaton
BALKONS	7	5	Balkons
BALLSAAL	8	5	Ballsaal
BALLWECHSEL	11	5	Ballwechsel
BALTEN	6	5	Balten
BANKERN	7	5	Bankern
BANKETTE	8	5	Bankette
BANNMEILE	9	5	Bannmeile
BARGELDES	9	5	Bargeldes
BARKASSE	8	5	Barkasse
BAROCKS	7	5	Barocks
BASSGITARRE	11	5	Bassgitarre
BATZEN	6	5	Batzen
BAUAUFTRAG	10	5	Bauauftrag
BAUBESTAND	10	5	Baubestand
BAUCHSCHUSS	11	5	Bauchschuss
BAUCHWAND	9	5	Bauchwand
BAUGEWERBES	11	5	Baugewerbes
BAUHOFES	8	5	Bauhofes
BAUJAHRES	9	5	Baujahres
BAUKASTEN	9	5	Baukasten
BAULEUTE	8	5	Bauleute
BAUMASCHINE	11	5	Baumaschine
BAUME	5	5	Baume
BAUMEISTERN	11	5	Baumeistern
BAUMLOSE	8	5	baumlose
BAUPLANUNG	10	5	Bauplanung
BAUREIF	7	5	baureif
BAURESTE	8	5	Baureste
BAUVOLUMEN	10	5	Bauvolumen
BEAGLE	6	5	Beagle
BEAMTENTUM	10	5	Beamtentum
BEAUJOLAIS	10	5	Beaujolais
BEDARFSPLAN	11	5	Bedarfsplan
BEDRUCKTE	9	5	bedruckte
BEDRUCKTEN	10	5	bedruckten
BEDRUECKTE	10	5	bedrückte
BEDUERFTE	9	5	bedürfte
BEDURFTEN	9	5	bedurften
BEELZEBUB	9	5	Beelzebub
BEERBT	6	5	beerbt
BEFAEHRT	8	5	befährt
BEFAHRBAREN	11	5	befahrbaren
BEFEUCHTET	10	5	befeuchtet
BEFEUERUNG	10	5	Befeuerung
BEFIEDERT	9	5	befiedert
BEFIEL	6	5	befiel
BEFINDENDEN	11	5	befindenden
BEFREIEND	9	5	befreiend
BEFUGNISSEN	11	5	Befugnissen
BEFUHREN	8	5	befuhren
BEGAENNEN	9	5	begännen
BEGINNENDER	11	5	beginnender
BEGNUEGTE	9	5	begnügte
BEGREIFBAR	10	5	begreifbar
BEGRENZE	8	5	begrenze
BEGRUENDBAR	11	5	begründbar
BEGUETERT	9	5	begütert
BEHAELTNIS	10	5	Behältnis
BEHRDEN	7	5	Behrden
BEIBEHIELT	10	5	beibehielt
BEIBOOT	7	5	Beiboot
BEIGABE	7	5	Beigabe
BEIGELEGTEN	11	5	beigelegten
BEINBRUCH	9	5	Beinbruch
BEISSENDE	9	5	beißende
BEJUBELTE	9	5	bejubelte
BEKANNTGAB	10	5	bekanntgab
BEKENNER	8	5	Bekenner
BEKLATSCHT	10	5	beklatscht
BEKLEMMEND	10	5	beklemmend
BEKUEMMERT	10	5	bekümmert
BELADENE	8	5	beladene
BELEDIYE	8	5	Belediye
BELIEFERTE	10	5	belieferte
BEMAECHTIGT	11	5	bemächtigt
BEMUSTERUNG	11	5	Bemusterung
BENUETZT	8	5	benützt
BEPLANKUNG	10	5	Beplankung
BERECHTSAME	11	5	Berechtsame
BERGAMT	7	5	Bergamt
BERGBAUERN	10	5	Bergbauern
BERGBAUES	9	5	Bergbaues
BERGHOF	7	5	Berghof
BERGKIRCHE	10	5	Bergkirche
BERGORDNUNG	11	5	Bergordnung
BERGSEEN	8	5	Bergseen
BERGWIESEN	10	5	Bergwiesen
BERNAUER	8	5	Bernauer
BERUFES	7	5	Berufes
BERUHIGTEN	10	5	beruhigten
BESAENFTIGT	11	5	besänftigt
BESAESSE	8	5	besäße
BESCHALLT	9	5	beschallt
BESCHALLUNG	11	5	Beschallung
BESCHATTET	10	5	beschattet
BESCHLAG	8	5	Beschlag
BESCHNEIDET	11	5	beschneidet
BESCHULUNG	10	5	Beschulung
BESEITIGTEN	11	5	beseitigten
BESETZERN	9	5	Besetzern
BESETZTES	9	5	besetztes
BESIEGELUNG	11	5	Besiegelung
BESITZENDEN	11	5	besitzenden
BESPRACHEN	10	5	besprachen
BESTAUNTEN	10	5	bestaunten
BESTEHLEN	9	5	bestehlen
BESTREITE	9	5	bestreite
BESTSELLERS	11	5	Bestsellers
BESUCHERS	9	5	Besuchers
BETAUCHT	8	5	betaucht
BETETEN	7	5	beteten
BETOERT	7	5	betört
BETONIEREN	10	5	Betonieren
BETONSOCKEL	11	5	Betonsockel
BETREUENDE	10	5	betreuende
BETRUEGERIN	11	5	Betrügerin
BETTLAKEN	9	5	Bettlaken
BETZENBERG	10	5	Betzenberg
BEUGTEN	7	5	beugten
BEUTETIER	9	5	Beutetier
BEWANDERT	9	5	bewandert
BEWEISBAR	9	5	beweisbar
BEWERBERS	9	5	Bewerbers
BEWOHNERS	9	5	Bewohners
BEWUSSTHEIT	11	5	Bewusstheit
BEZEICHNE	9	5	bezeichne
BEZEUGTEN	9	5	bezeugten
BEZUGSFRIST	11	5	Bezugsfrist
BEZUNGTER	9	5	bezungter
BIEBERER	8	5	Bieberer
BIEGSAMKEIT	11	5	Biegsamkeit
BIELER	6	5	Bieler
BIENENHAUS	10	5	Bienenhaus
BIERBRAUER	10	5	Bierbrauer
BIERDECKEL	10	5	Bierdeckel
BIERKONSUM	10	5	Bierkonsum
BIERMARKE	9	5	Biermarke
BIEST	5	5	Biest
BILANZRECHT	11	5	Bilanzrecht
BILDHAFTEN	10	5	bildhaften
BILDZEILE	9	5	Bildzeile
BILLIGEM	8	5	billigem
BILLIGTEN	9	5	billigten
BINDEHAUT	9	5	Bindehaut
BIOBAUERN	9	5	Biobauern
BIOLADEN	8	5	Bioladen
BIOSYNTHESE	11	5	Biosynthese
BISCHEN	7	5	bischen
BISSIG	6	5	bissig
BISSIGEN	8	5	bissigen
BISSIGER	8	5	bissiger
BLADES	6	5	Blades
BLAEULICHE	10	5	bläuliche
BLANKEM	7	5	blankem
BLASSBRAUN	10	5	blassbraun
BLASSROSA	9	5	blassrosa
BLATTBASEN	10	5	Blattbasen
BLAUGRUENEN	11	5	blaugrünen
BLEISTIFTE	10	5	Bleistifte
BLESSUR	7	5	Blessur
BLITZER	7	5	Blitzer
BLOCKTE	7	5	blockte
BLOCKWEISE	10	5	blockweise
BLUMENLADEN	11	5	Blumenladen
BLUTIGSTEN	10	5	blutigsten
BODENNIVEAU	11	5	Bodenniveau
BODENSEES	9	5	Bodensees
BOELLER	7	5	Böller
BOHRENDE	8	5	bohrende
BOHRKOPF	8	5	Bohrkopf
BOLTE	5	5	Bolte
BOMBERS	7	5	Bombers
BONUSTRACKS	11	5	Bonustracks
BOOKLETS	8	5	Booklets
BORDEIGENE	10	5	bordeigene
BOSPORUS	8	5	Bosporus
BOTANISCH	9	5	botanisch
BOTTROPER	9	5	Bottroper
BOXSET	6	5	Boxset
BRAEUTE	7	5	Bräute
BRAUMEISTER	11	5	Braumeister
BRAUNBAEREN	11	5	Braunbären
BREAKDANCE	10	5	Breakdance
BREISGAUER	10	5	Breisgauer
BREMSUNG	8	5	Bremsung
BRENNEND	8	5	brennend
BRENNESSELN	11	5	Brennesseln
BRENNSTOFFS	11	5	Brennstoffs
BRETTSPIEL	10	5	Brettspiel
BREWERS	7	5	Brewers
BREZEL	6	5	Brezel
BRIEFFREUND	11	5	Brieffreund
BRIEFKOPF	9	5	Briefkopf
BRILLIEREN	10	5	brillieren
BRILLIERTE	10	5	brillierte
BRINGER	7	5	Bringer
BRISANTER	9	5	brisanter
BRSEN	5	5	Brsen
BRUECKENZUG	11	5	Brückenzug
BRUNFTZEIT	10	5	Brunftzeit
BRUNNENHAUS	11	5	Brunnenhaus
BRUSTBAND	9	5	Brustband
BRUTHOEHLE	10	5	Bruthöhle
BRUTREVIER	10	5	Brutrevier
BUCHDRUCK	9	5	Buchdruck
BUCHDRUCKS	10	5	Buchdrucks
BUCHPROJEKT	11	5	Buchprojekt
BUCHTIPS	8	5	Buchtips
BUDWEISER	9	5	Budweiser
BUERGERNAH	10	5	bürgernah
BUESCHELIG	10	5	büschelig
BUNDESADLER	11	5	Bundesadler
BUNDESTREND	11	5	Bundestrend
BUNDLES	7	5	Bundles
BURGFELSEN	10	5	Burgfelsen
BURGFEST	8	5	Burgfest
BURGGASSE	9	5	Burggasse
BURNOUT	7	5	Burnout
BURSAE	6	5	bursae
BUSSYSTEM	9	5	Bussystem
BUSTRANSFER	11	5	Bustransfer
CABRIOLETS	10	5	Cabriolets
CADDY	5	5	Caddy
CANNSTATTER	11	5	Cannstatter
CAPITANO	8	5	Capitano
CARAVELLE	9	5	Caravelle
CAVATINE	8	5	Cavatine
CHALUMEAU	9	5	Chalumeau
CHARGEN	7	5	Chargen
CHARTERED	9	5	Chartered
CHARTSPITZE	11	5	Chartspitze
CHEFPOSTEN	10	5	Chefposten
CHEMIERAUM	10	5	Chemieraum
CHIFFRE	7	5	Chiffre
CHINESINNEN	11	5	Chinesinnen
CHORAL	6	5	Choral
CHORJOCH	8	5	Chorjoch
CHORRAUMES	10	5	Chorraumes
CHORSCHLUSS	11	5	Chorschluss
CHRONICLE	9	5	Chronicle
CLEARING	8	5	Clearing
CLIPPER	7	5	Clipper
COACHEN	7	5	coachen
COASTAL	7	5	Coastal
COLLIE	6	5	Collie
COMETS	6	5	Comets
COMICSERIE	10	5	Comicserie
COMPETENCE	10	5	Competence
CONTAINERS	10	5	Containers
COOLEN	6	5	coolen
COPENHAGEN	10	5	Copenhagen
COPYRIGHTS	10	5	Copyrights
COSMOS	6	5	Cosmos
COTTAGES	8	5	Cottages
CRACKER	7	5	Cracker
CREMIGEN	8	5	cremigen
CREPES	6	5	Crepes
CROCODILES	10	5	Crocodiles
DACHBEREICH	11	5	Dachbereich
DACHLUKE	8	5	Dachluke
DACHSBERG	9	5	Dachsberg
DAEMPFTEN	9	5	dämpften
DAMES	5	5	Dames
DAMMES	6	5	Dammes
DAMMKRONE	9	5	Dammkrone
DAMMS	5	5	Damms
DAMPFKRAFT	10	5	Dampfkraft
DARBIETEN	9	5	darbieten
DARSTELLEND	11	5	darstellend
DATEIFORMAT	11	5	Dateiformat
DATEITYPEN	10	5	Dateitypen
DATENMODELL	11	5	Datenmodell
DAUERKRISE	10	5	Dauerkrise
DAUERNDER	9	5	dauernder
DAUMENS	7	5	Daumens
DEBUETROMAN	11	5	Debütroman
DECKHAAR	8	5	Deckhaar
DECKSCHICHT	11	5	Deckschicht
DEFEKTEM	8	5	defektem
DEFENSIVES	10	5	defensives
DEFINIERBAR	11	5	definierbar
DEHNBAR	7	5	dehnbar
DEHNBARER	9	5	dehnbarer
DEHNTEN	7	5	dehnten
DEKLINIERT	10	5	dekliniert
DEKORIERTE	10	5	dekorierte
DELEGIERUNG	11	5	Delegierung
DELTAS	6	5	Deltas
DENKANSTOSS	11	5	Denkanstoß
DENKENDER	9	5	denkender
DEPUTATION	10	5	Deputation
DEPUTIERTEN	11	5	Deputierten
DESJENIGEN	10	5	desjenigen
DESTILLAT	9	5	Destillat
DESTRUKTIVE	11	5	destruktive
DETAILIERT	10	5	detailiert
DEUTSCHKURS	11	5	Deutschkurs
DHAKA	5	5	Dhaka
DHARMA	6	5	Dharma
DIAGRAMMS	9	5	Diagramms
DIAMETRAL	9	5	diametral
DICHTERE	8	5	dichtere
DIENERIN	8	5	Dienerin
DIENLICH	8	5	dienlich
DIENSTHUND	10	5	Diensthund
DIENSTHUNDE	11	5	Diensthunde
DIENSTLICH	10	5	dienstlich
DIESELLOK	9	5	Diesellok
DINGOS	6	5	Dingos
DIOEZESANEN	11	5	diözesanen
DIPLOMIERTE	11	5	diplomierte
DIPLOMS	7	5	Diploms
DISAGIO	7	5	Disagio
DISKRETEN	9	5	diskreten
DISKUSWURF	10	5	Diskuswurf
DISTALEN	8	5	distalen
DISTANZIERE	11	5	distanziere
DISTEL	6	5	Distel
DIVIZIA	7	5	Divizia
DOERFLICH	9	5	dörflich
DOKTORAT	8	5	Doktorat
DOKTORS	7	5	Doktors
DOMINIERE	9	5	dominiere
DONAUKANAL	10	5	Donaukanal
DOPINGPROBE	11	5	Dopingprobe
DOPPELBODEN	11	5	Doppelboden
DORFBILD	8	5	Dorfbild
DORFMUSEUM	10	5	Dorfmuseum
DORFTEICH	9	5	Dorfteich
DORNBIRNER	10	5	Dornbirner
DORNIGEN	8	5	dornigen
DOZENTUR	8	5	Dozentur
DRAENGE	7	5	dränge
DRECKIG	7	5	dreckig
DRECKIGEN	9	5	dreckigen
DREHBARE	8	5	drehbare
DREHLEIER	9	5	Drehleier
DREHPUNKT	9	5	Drehpunkt
DREHST	6	5	drehst
DREHZEIT	8	5	Drehzeit
DREIACHSIGE	11	5	dreiachsige
DREITUERIGE	11	5	dreitürige
DRESCHER	8	5	Drescher
DRINGLICHER	11	5	dringlicher
DROGENKRIEG	11	5	Drogenkrieg
DROHBRIEFE	10	5	Drohbriefe
DRUCKABFALL	11	5	Druckabfall
DRUCKVOLLEN	11	5	druckvollen
DRUCKWERK	9	5	Druckwerk
DRUIDEN	7	5	Druiden
DUBIOSEN	8	5	dubiosen
DUBLINER	8	5	Dubliner
DUELLIEREN	10	5	duellieren
DUENNSTEN	9	5	dünnsten
DUEPIERT	8	5	düpiert
DUESSEL	7	5	Düssel
DUFTENDEN	9	5	duftenden
DUFTETE	7	5	duftete
DUKTUS	6	5	Duktus
DUMPFES	7	5	dumpfes
DUNKELT	7	5	dunkelt
DUPLIKAT	8	5	Duplikat
DUPLIZIERT	10	5	dupliziert
DURCHLEBTE	10	5	durchlebte
DURCHLEBTEN	11	5	durchlebten
DURCHQUERTE	11	5	durchquerte
DURLACHER	9	5	Durlacher
DYNASTISCHE	11	5	dynastische
DYNASTY	7	5	Dynasty
EBENBILD	8	5	Ebenbild
EBENERDIGE	10	5	ebenerdige
EBENERDIGEN	11	5	ebenerdigen
ECHOS	5	5	Echos
ECKZAEHNE	9	5	Eckzähne
ECOLE	5	5	Ecole
EDELSITZ	8	5	Edelsitz
EDITIERBAR	10	5	editierbar
EDITOREN	8	5	Editoren
EGOISTEN	8	5	Egoisten
EHRENAEMTER	11	5	Ehrenämter
EHRENHALLE	10	5	Ehrenhalle
EHRENKREUZ	10	5	Ehrenkreuz
EHRENMORD	9	5	Ehrenmord
EHRENRATES	10	5	Ehrenrates
EHRENTOR	8	5	Ehrentor
EHRENVOLLEN	11	5	ehrenvollen
EIFRIGE	7	5	eifrige
EIGENDLICH	10	5	eigendlich
EIGENSINNIG	11	5	eigensinnig
EIGENWERT	9	5	Eigenwert
EILTEMPO	8	5	Eiltempo
EINBESTELLT	11	5	einbestellt
EINBEZOG	8	5	einbezog
EINDEICHUNG	11	5	Eindeichung
EINFAHRTEN	10	5	Einfahrten
EINFUEHRT	9	5	einführt
EINGEATMET	10	5	eingeatmet
EINGECHECKT	11	5	eingecheckt
EINGECREMT	10	5	eingecremt
EINGEGIPST	10	5	eingegipst
EINGEKOCHT	10	5	eingekocht
EINGEPRESST	11	5	eingepresst
EINGESTUFTE	11	5	eingestufte
EINGETUETET	11	5	eingetütet
EINHERGING	10	5	einherging
EINJOCHIGE	10	5	einjochige
EINKASSIERT	11	5	einkassiert
EINLAUF	7	5	Einlauf
EINLOESUNG	10	5	Einlösung
EINLUD	6	5	einlud
EINPFLANZEN	11	5	Einpflanzen
EINREICHTE	10	5	einreichte
EINSCHLOSS	10	5	einschloss
EINSEGNUNG	10	5	Einsegnung
EINSEITIGES	11	5	einseitiges
EINSEN	6	5	Einsen
EINSENDUNG	10	5	Einsendung
EINSETZBARE	11	5	einsetzbare
EINSTELLIGE	11	5	einstellige
EINSTELLT	9	5	einstellt
EINSTUFEN	9	5	einstufen
EINTAUSCHEN	11	5	eintauschen
EINTAUSEND	10	5	eintausend
EINTEILIGE	10	5	einteilige
EINTREFFENS	11	5	Eintreffens
EINTREIBUNG	11	5	Eintreibung
EINWAERTS	9	5	einwärts
EINWILLIGEN	11	5	einwilligen
EINZELBILD	10	5	Einzelbild
EINZELLAGEN	11	5	Einzellagen
EINZUFAHREN	11	5	einzufahren
EINZUFANGEN	11	5	einzufangen
EISBLOCK	8	5	Eisblock
EISDIELE	8	5	Eisdiele
EISDIELEN	9	5	Eisdielen
EISENWERK	9	5	Eisenwerk
EKLATANT	8	5	eklatant
EKLATANTER	10	5	eklatanter
ELBINGER	8	5	Elbinger
ELDAR	5	5	Eldar
ELEMENTES	9	5	Elementes
ELENDER	7	5	elender
ELITAER	7	5	elitär
ELITAEREN	9	5	elitären
ELITAERER	9	5	elitärer
ELITEKLASSE	11	5	Eliteklasse
ELITELIGA	9	5	Eliteliga
ELSEYER	7	5	Elseyer
ELTERNTEILS	11	5	Elternteils
EMBARGOS	8	5	Embargos
EMIGRIERT	9	5	emigriert
EMIRATE	7	5	Emirate
EMMENTALER	10	5	Emmentaler
EMOTIONALES	11	5	emotionales
EMPFAENGEN	10	5	Empfängen
EMPFIELT	8	5	empfielt
EMPIRISCHER	11	5	empirischer
EMPIRISMUS	10	5	Empirismus
ENDEAVOUR	9	5	Endeavour
ENDENDE	7	5	endende
ENDGERAET	9	5	Endgerät
ENDGLIED	8	5	Endglied
ENDGLIEDER	10	5	Endglieder
ENDMONTAGE	10	5	Endmontage
ENDOGENEN	9	5	endogenen
ENDPREIS	8	5	Endpreis
ENDPREISE	9	5	Endpreise
ENDSIEG	7	5	Endsieg
ENDSPIELEN	10	5	Endspielen
ENDWAGEN	8	5	Endwagen
ENGELSKOPF	10	5	Engelskopf
ENKELN	6	5	Enkeln
ENSTEHEN	8	5	enstehen
ENTARTET	8	5	entartet
ENTBEHRE	8	5	entbehre
ENTBINDET	9	5	entbindet
ENTBLOESST	10	5	entblößt
ENTERBT	7	5	enterbt
ENTFESSELT	10	5	entfesselt
ENTFLAMMBAR	11	5	entflammbar
ENTGELTS	8	5	Entgelts
ENTHUELLTEN	11	5	enthüllten
ENTKERNUNG	10	5	Entkernung
ENTKLEIDET	10	5	entkleidet
ENTMACHTETE	11	5	entmachtete
ENTMUENDIGT	11	5	entmündigt
ENTNEHMT	8	5	entnehmt
ENTRICHTUNG	11	5	Entrichtung
ENTRIEGELT	10	5	entriegelt
ENTRUECKT	9	5	entrückt
ENTRUEMPELT	11	5	entrümpelt
ENTSORGER	9	5	Entsorger
ENTSORGTE	9	5	entsorgte
ENTSPANN	8	5	entspann
ENTSTELLTEN	11	5	entstellten
ENTWIDMET	9	5	entwidmet
ENTWURFES	9	5	Entwurfes
EPITAPHE	8	5	Epitaphe
EPPENDORFER	11	5	Eppendorfer
ERBANLAGEN	10	5	Erbanlagen
ERBLUEHTE	9	5	erblühte
ERBTEIL	7	5	Erbteil
ERDDAMM	7	5	Erddamm
ERDGASNETZ	10	5	Erdgasnetz
ERDINGER	8	5	Erdinger
ERERBTE	7	5	ererbte
ERGATTERT	9	5	ergattert
ERGINGEN	8	5	ergingen
ERGRAUT	7	5	ergraut
ERHAENGTE	9	5	erhängte
ERHELLENDE	10	5	erhellende
ERINNERNDE	10	5	erinnernde
ERINNERNS	9	5	Erinnerns
ERKAEMPFTEN	11	5	erkämpften
ERKENNTLICH	11	5	erkenntlich
ERKLIMMT	8	5	erklimmt
ERLOESERS	9	5	Erlösers
ERMITTLERIN	11	5	Ermittlerin
ERMUNTERTE	10	5	ermunterte
ERNAEHRE	8	5	ernähre
ERNAEHRTEN	10	5	ernährten
ERNSTHAFTES	11	5	ernsthaftes
ERNUECHTERT	11	5	ernüchtert
ERPROBUNGEN	11	5	Erprobungen
ERSATZTEIL	10	5	Ersatzteil
ERSETZE	7	5	ersetze
ERSTEIGERTE	11	5	ersteigerte
ERSTIRBT	8	5	erstirbt
ERSTRAHLTE	10	5	erstrahlte
ERSTSPRACHE	11	5	Erstsprache
ERTAPPTEN	9	5	ertappten
ERTINGER	8	5	Ertinger
ERUEBRIGEN	10	5	erübrigen
ERWAERMTE	9	5	erwärmte
ERWANDERT	9	5	erwandert
ERWUERGEN	9	5	erwürgen
ERZAEHLENDE	11	5	erzählende
ERZEN	5	5	Erzen
ERZIELBARE	10	5	erzielbare
ERZSTIFT	8	5	Erzstift
ESSBAREN	8	5	essbaren
ETABLIERTES	11	5	etabliertes
ETLICHER	8	5	etlicher
EUGENIK	7	5	Eugenik
EUROCENT	8	5	Eurocent
EUROCUP	7	5	Eurocup
EUROHYPO	8	5	Eurohypo
EVERGREENS	10	5	Evergreens
EVONIK	6	5	Evonik
EXEKUTIONEN	11	5	Exekutionen
EXERZITIEN	10	5	Exerzitien
EXOTISCHES	10	5	exotisches
EXPANSIVEN	10	5	expansiven
EXPLOSIVES	10	5	explosives
EXPORTEUREN	11	5	Exporteuren
EXPORTMARKT	11	5	Exportmarkt
EXPRESSIVE	10	5	expressive
EXPRESSIVEN	11	5	expressiven
EXPRESSWAY	10	5	Expressway
EXPRIMIERT	10	5	exprimiert
EXTRALIGA	9	5	Extraliga
EXTREMEM	8	5	extremem
EXTRUDER	8	5	Extruder
EYECATCHER	10	5	Eyecatcher
FABELHAFT	9	5	fabelhaft
FABRIKATE	9	5	Fabrikate
FABRIZIERT	10	5	fabriziert
FACHBEGRIFF	11	5	Fachbegriff
FACHBEZOGEN	11	5	fachbezogen
FACHJARGON	10	5	Fachjargon
FACHLEHRERN	11	5	Fachlehrern
FACHRAEUMEN	11	5	Fachräumen
FADENS	6	5	Fadens
FAEHIGEN	8	5	fähigen
FAEHIGER	8	5	fähiger
FAELSCHTE	9	5	fälschte
FAENGST	7	5	fängst
FAERBER	7	5	Färber
FAHLEN	6	5	fahlen
FAHNDETE	8	5	fahndete
FAHRBERICHT	11	5	Fahrbericht
FAHRERFELD	10	5	Fahrerfeld
FAHRLEITUNG	11	5	Fahrleitung
FAHRMINUTEN	11	5	Fahrminuten
FAHRTECHNIK	11	5	Fahrtechnik
FAHRTENBUCH	11	5	Fahrtenbuch
FAKTISCHES	10	5	faktisches
FAKTUM	6	5	Faktum
FAKULTATIVE	11	5	fakultative
FALSCHGELD	10	5	Falschgeld
FAMILIAERES	11	5	familiäres
FANATISCH	9	5	fanatisch
FANATISCHEN	11	5	fanatischen
FANPROJEKT	10	5	Fanprojekt
FARBMONITOR	11	5	Farbmonitor
FARBSEHEN	9	5	Farbsehen
FARBTUPFER	10	5	Farbtupfer
FARBWERTE	9	5	Farbwerte
FARMHAUS	8	5	Farmhaus
FASSENDE	8	5	fassende
FEDERBALL	9	5	Federball
FEDERBEIN	9	5	Federbein
FEHLERLOS	9	5	fehlerlos
FEHLSTARTS	10	5	Fehlstarts
FEHLVERSUCH	11	5	Fehlversuch
FEINDLICHES	11	5	feindliches
FEINEREN	8	5	feineren
FEINTUNING	10	5	Feintuning
FELLOWSHIP	10	5	Fellowship
FEMININE	8	5	feminine
FERIENDORF	10	5	Feriendorf
FERIENJOB	9	5	Ferienjob
FERTIGKEIT	10	5	Fertigkeit
FERTILEN	8	5	fertilen
FESTLANDS	9	5	Festlands
FESTLEGT	8	5	festlegt
FESTPLATZES	11	5	Festplatzes
FESTSAALS	9	5	Festsaals
FESTWIESE	9	5	Festwiese
FETZIGEN	8	5	fetzigen
FEUERPROBE	10	5	Feuerprobe
FEUERSCHALE	11	5	Feuerschale
FEUERSCHEIN	11	5	Feuerschein
FEUERWERKE	10	5	Feuerwerke
FIBEL	5	5	Fibel
FICHTENWALD	11	5	Fichtenwald
FILAMENTE	9	5	Filamente
FILLMORE	8	5	Fillmore
FILMISCHER	10	5	filmischer
FILMKAMERA	10	5	Filmkamera
FILMKULISSE	11	5	Filmkulisse
FILMOGRAFIE	11	5	Filmografie
FILMRECHTE	10	5	Filmrechte
FILMSTARS	9	5	Filmstars
FINALFELD	9	5	Finalfeld
FINALIST	8	5	Finalist
FINALISTIN	10	5	Finalistin
FINANZLOCH	10	5	Finanzloch
FINITE	6	5	finite
FIRMENCHEFS	11	5	Firmenchefs
FISCHERBOOT	11	5	Fischerboot
FISCHERHAUS	11	5	Fischerhaus
FISCHWEIHER	11	5	Fischweiher
FLACHBAU	8	5	Flachbau
FLACHSCHUSS	11	5	Flachschuss
FLAECHIGEN	10	5	flächigen
FLAESCHCHEN	11	5	Fläschchen
FLAGELLUM	9	5	Flagellum
FLAMMENDE	9	5	flammende
FLANSCH	7	5	Flansch
FLAUE	5	5	flaue
FLEISCHIGE	10	5	fleischige
FLIEGEND	8	5	fliegend
FLIEGENS	8	5	Fliegens
FLINKEN	7	5	flinken
FLORALEN	8	5	floralen
FLORIEREN	9	5	florieren
FLOSSE	6	5	Flosse
FLUGDAUER	9	5	Flugdauer
FLUGGAESTEN	11	5	Fluggästen
FLUGLIZENZ	10	5	Fluglizenz
FLUGLOTSE	9	5	Fluglotse
FLUGZEITEN	10	5	Flugzeiten
FLURSTUECKE	11	5	Flurstücke
FLUSSMITTE	10	5	Flussmitte
FOERDERNDEN	11	5	fördernden
FOERDERTOPF	11	5	Fördertopf
FOLGETAGEN	10	5	Folgetagen
FORDERNDE	9	5	fordernde
FORESTER	8	5	Forester
FORMALIE	8	5	Formalie
FORMALIEN	9	5	Formalien
FORMIERUNG	10	5	Formierung
FORMMASSE	9	5	Formmasse
FORMSPRACHE	11	5	Formsprache
FORMTEILE	9	5	Formteile
FORTUNEN	8	5	Fortunen
FOSSILS	7	5	Fossils
FOTOARCHIV	10	5	Fotoarchiv
FOTOPLATTEN	11	5	Fotoplatten
FOTOSERIE	9	5	Fotoserie
FRAESE	6	5	Fräse
FRAGESTUNDE	11	5	Fragestunde
FRAKTUR	7	5	Fraktur
FREIGEKAUFT	11	5	freigekauft
FREIHANDEL	10	5	Freihandel
FREIWUERFE	10	5	Freiwürfe
FREIZUEGIG	10	5	freizügig
FREUDIGE	8	5	freudige
FREUDIGEN	9	5	freudigen
FRIEDMANN	9	5	Friedmann
FRISOER	7	5	Frisör
FRISTLOSEN	10	5	fristlosen
FROENT	6	5	frönt
FRUCHTIGE	9	5	fruchtige
FRUEHEM	7	5	frühem
FRUEHGEBURT	11	5	Frühgeburt
FUENFFACH	9	5	fünffach
FUENFFACHEN	11	5	fünffachen
FUENFTUERER	11	5	Fünftürer
FUERSTABTEI	11	5	Fürstabtei
FUNDORTES	9	5	Fundortes
FUNERAL	7	5	Funeral
FUNKELT	7	5	funkelt
FUNKFEUER	9	5	Funkfeuer
FUNKGERAETE	11	5	Funkgeräte
FUNKWAGEN	9	5	Funkwagen
FUSSMATTEN	10	5	Fußmatten
FUTTERMENGE	11	5	Futtermenge
FUTTERS	7	5	Futters
FYNBOS	6	5	Fynbos
GALERIA	7	5	Galeria
GAMASCHEN	9	5	Gamaschen
GANGBAREN	9	5	gangbaren
GANGSTERN	9	5	Gangstern
GANOVE	6	5	Ganove
GARANTIERE	10	5	garantiere
GARNICHTS	9	5	garnichts
GASNETZ	7	5	Gasnetz
GASOMETER	9	5	Gasometer
GASTLANDES	10	5	Gastlandes
GASWERK	7	5	Gaswerk
GAUBEN	6	5	Gauben
GAUES	5	5	Gaues
GAULT	5	5	Gault
GAZETTE	7	5	Gazette
GEBAREN	7	5	Gebaren
GEBASTELTE	10	5	gebastelte
GEBETES	7	5	Gebetes
GEBIRGSKAMM	11	5	Gebirgskamm
GECHARTERT	10	5	gechartert
GEDAEMPFTEN	11	5	gedämpften
GEDICHTES	9	5	Gedichtes
GEDRAFTET	9	5	gedraftet
GEDRUECKTE	10	5	gedrückte
GEDULDIGE	9	5	geduldige
GEEILT	6	5	geeilt
GEEINTES	8	5	geeintes
GEENTERT	8	5	geentert
GEFEILSCHT	10	5	gefeilscht
GEFESSELTE	10	5	gefesselte
GEFLICKT	8	5	geflickt
GEFLIRTET	9	5	geflirtet
GEFORMTER	9	5	geformter
GEFUELLTES	10	5	gefülltes
GEFUNDENER	10	5	gefundener
GEGABELT	8	5	gegabelt
GEGEBENES	9	5	gegebenes
GEGLAUBTE	9	5	geglaubte
GEGLUECKTE	10	5	geglückte
GEHAELTERN	10	5	Gehältern
GEHAEMMERT	10	5	gehämmert
GEHAERTET	9	5	gehärtet
GEHEIMAGENT	11	5	Geheimagent
GEHEUL	6	5	Geheul
GEHOBENES	9	5	gehobenes
GEHOERLOS	9	5	gehörlos
GEHOERS	7	5	Gehörs
GEHORCHTE	9	5	gehorchte
GEHORSAMS	9	5	Gehorsams
GEHSTEIG	8	5	Gehsteig
GEISSEN	7	5	Geissen
GEISTWESEN	10	5	Geistwesen
GEKALKT	7	5	gekalkt
GEKAPERTEN	10	5	gekaperten
GEKAPSELT	9	5	gekapselt
GEKEHRTEN	9	5	gekehrten
GEKENTERT	9	5	gekentert
GEKEULT	7	5	gekeult
GEKIELTEN	9	5	gekielten
GEKLEIDETE	10	5	gekleidete
GEKLOPFT	8	5	geklopft
GEKNICKTE	9	5	geknickte
GEKOCHTE	8	5	gekochte
GEKOPPELTEN	11	5	gekoppelten
GELBBRAUNE	10	5	gelbbraune
GELBORANGE	10	5	gelborange
GELBPHASE	9	5	Gelbphase
GELDAUTOMAT	11	5	Geldautomat
GELDTASCHE	10	5	Geldtasche
GELIEHENE	9	5	geliehene
GELINKTEN	9	5	gelinkten
GELLENDEN	9	5	gellenden
GELOBEN	7	5	geloben
GELOCKERTEN	11	5	gelockerten
GEMACHTER	9	5	gemachter
GEMALTES	8	5	gemaltes
GEMISCHES	9	5	Gemisches
GENAGT	6	5	genagt
GENDARMEN	9	5	Gendarmen
GENIALITAET	11	5	Genialität
GENOMS	6	5	Genoms
GENTEST	7	5	Gentest
GEORDNETER	10	5	geordneter
GEPACHTETEN	11	5	gepachteten
GEPAECKS	8	5	Gepäcks
GEPARKTE	8	5	geparkte
GEPENNT	7	5	gepennt
GEPFLUEGT	9	5	gepflügt
GEPLAUDER	9	5	Geplauder
GEPOKERT	8	5	gepokert
GERATENEN	9	5	geratenen
GERAUSCHT	9	5	gerauscht
GERUCHS	7	5	Geruchs
GERUDERT	8	5	gerudert
GERUHT	6	5	geruht
GESAGTEN	8	5	Gesagten
GESALBT	7	5	gesalbt
GESALZEN	8	5	gesalzen
GESAMTSTADT	11	5	Gesamtstadt
GESANGSPART	11	5	Gesangspart
GESAUGT	7	5	gesaugt
GESCHLUNGEN	11	5	geschlungen
GESCHUERFT	10	5	geschürft
GESCHUETZES	11	5	Geschützes
GESCHWANKT	10	5	geschwankt
GESELLTE	8	5	gesellte
GESELLTEN	9	5	gesellten
GESICHTES	9	5	Gesichtes
GESICHTETEN	11	5	gesichteten
GESPENDETE	10	5	gespendete
GESPERRTE	9	5	gesperrte
GESPRAECHIG	11	5	gesprächig
GESPREIZTEN	11	5	gespreizten
GESPRENGTEN	11	5	gesprengten
GESTALTENDE	11	5	gestaltende
GESTIFTETEN	11	5	gestifteten
GESTOERTE	9	5	gestörte
GESTROEMT	9	5	geströmt
GESTUECKELT	11	5	gestückelt
GESTUELPT	9	5	gestülpt
GESTUFT	7	5	gestuft
GESUENDERE	10	5	gesündere
GESUNGENE	9	5	gesungene
GETAETIGTEN	11	5	getätigten
GETAPPT	7	5	getappt
GETARNTE	8	5	getarnte
GETARNTEN	9	5	getarnten
GETOBT	6	5	getobt
GETRAENKT	9	5	getränkt
GETRENNTER	10	5	getrennter
GETROESTET	10	5	getröstet
GETROGEN	8	5	getrogen
GETUSCHELT	10	5	getuschelt
GEWALTIGEM	10	5	gewaltigem
GEWEHT	6	5	geweht
GEWERKELT	9	5	gewerkelt
GEWICHTETE	10	5	gewichtete
GEWICHTETEN	11	5	gewichteten
GEWICHTIGEN	11	5	gewichtigen
GEWINNST	8	5	gewinnst
GEWIRR	6	5	Gewirr
GEWONNENES	10	5	gewonnenes
GEYSIRE	7	5	Geysire
GEZAEHNTEN	10	5	gezähnten
GEZAPFT	7	5	gezapft
GEZETER	7	5	Gezeter
GHANAISCHEN	11	5	ghanaischen
GHIBLI	6	5	Ghibli
GIEBT	5	5	giebt
GIESSKANNE	10	5	Gießkanne
GIFTIGES	8	5	giftiges
GIFTIGKEIT	10	5	Giftigkeit
GIGAWATT	8	5	Gigawatt
GIPSABBAU	9	5	Gipsabbau
GIRONDINS	9	5	Girondins
GISCHT	6	5	Gischt
GLACIS	6	5	Glacis
GLAENZENDEM	11	5	glänzendem
GLAESCHEN	9	5	Gläschen
GLANZPARADE	11	5	Glanzparade
GLASBLAESER	11	5	Glasbläser
GLASMALEREI	11	5	Glasmalerei
GLASPALAST	10	5	Glaspalast
GLASWAND	8	5	Glaswand
GLATTES	7	5	glattes
GLEICHKLANG	11	5	Gleichklang
GLEICHNISSE	11	5	Gleichnisse
GLEITEND	8	5	gleitend
GLEITMITTEL	11	5	Gleitmittel
GLOTZEN	7	5	glotzen
GLUECKLOS	9	5	glücklos
GLUECKLOSEN	11	5	glücklosen
GLUECKSFEE	10	5	Glücksfee
GLUEHBIRNEN	11	5	Glühbirnen
GOENNTE	7	5	gönnte
GOETTLICHES	11	5	göttliches
GOLDDUKATEN	11	5	Golddukaten
GOLFCLUBS	9	5	Golfclubs
GOSPELCHOR	10	5	Gospelchor
GOTISCHEM	9	5	gotischem
GRABANLAGE	10	5	Grabanlage
GRAFENTITEL	11	5	Grafentitel
GRAFIKCHIPS	11	5	Grafikchips
GRAMMYS	7	5	Grammys
GRAUGRUENE	10	5	graugrüne
GRELLER	7	5	greller
GRENZLINIE	10	5	Grenzlinie
GRENZLINIEN	11	5	Grenzlinien
GRENZORT	8	5	Grenzort
GRILLHUETTE	11	5	Grillhütte
GROEBERE	8	5	gröbere
GROLLT	6	5	grollt
GROSSFELD	9	5	Großfeld
GROSSKOENIG	11	5	Großkönig
GROSSLOGE	9	5	Großloge
GROSSNEFFE	10	5	Großneffe
GROSSWESIR	10	5	Großwesir
GRUENSTE	8	5	grünste
GRUNDERWERB	11	5	Grunderwerb
GRUNDMUSTER	11	5	Grundmuster
GRUNDRISSEN	11	5	Grundrissen
GRUSELIGE	9	5	gruselige
GRUSELIGEN	10	5	gruseligen
GUENZBURGER	11	5	Günzburger
GUIDES	6	5	Guides
GUILLOTINE	10	5	Guillotine
GULASCH	7	5	Gulasch
GUTGEGANGEN	11	5	gutgegangen
HAARGENAU	9	5	haargenau
HACHINGER	9	5	Hachinger
HACKS	5	5	Hacks
HADERTE	7	5	haderte
HAEMMERTE	9	5	hämmerte
HAENDIGT	8	5	händigt
HAENGIG	7	5	hängig
HAERETIKER	10	5	Häretiker
HAESCHEN	8	5	Häschen
HAEUFIGEM	9	5	häufigem
HAEUFIGEREN	11	5	häufigeren
HAEUTIG	7	5	häutig
HAEUTIGEN	9	5	häutigen
HAFTETE	7	5	haftete
HAINICH	7	5	Hainich
HALLT	5	5	hallt
HALLTEN	7	5	hallten
HALSKETTEN	10	5	Halsketten
HAMBACHER	9	5	Hambacher
HAMMERWERKE	11	5	Hammerwerke
HAMSTERN	8	5	Hamstern
HANDGELENKE	11	5	Handgelenke
HANDGEPAECK	11	5	Handgepäck
HANDGRIFFEN	11	5	Handgriffen
HANDKAMERA	10	5	Handkamera
HANDLICHE	9	5	handliche
HANDSTREICH	11	5	Handstreich
HANTEL	6	5	Hantel
HARAM	5	5	Haram
HARDEN	6	5	Harden
HARNLEITER	10	5	Harnleiter
HARPOON	7	5	Harpoon
HARRTE	6	5	harrte
HASPEL	6	5	Haspel
HAUPTBAHN	9	5	Hauptbahn
HAUPTBILD	9	5	Hauptbild
HAUPTFILM	9	5	Hauptfilm
HAUPTHAAR	9	5	Haupthaar
HAUPTHAUSES	11	5	Haupthauses
HAUPTMARKT	10	5	Hauptmarkt
HAUPTORGEL	10	5	Hauptorgel
HAUPTPREISE	11	5	Hauptpreise
HAUPTTEILE	10	5	Hauptteile
HAUPTTHEMAS	11	5	Hauptthemas
HAUSAERZTEN	11	5	Hausärzten
HAUSBESUCH	10	5	Hausbesuch
HAUSECKE	8	5	Hausecke
HAUSSTAND	9	5	Hausstand
HAUSTEN	7	5	hausten
HAUTBILD	8	5	Hautbild
HAVARISTEN	10	5	Havaristen
HEBER	5	5	Heber
HEBESAETZE	10	5	Hebesätze
HEGERHAUS	9	5	Hegerhaus
HEHLER	6	5	Hehler
HEHLEREI	8	5	Hehlerei
HEILLOSEN	9	5	heillosen
HEIMATHAUS	10	5	Heimathaus
HEIMGEKEHRT	11	5	heimgekehrt
HEIMLEITUNG	11	5	Heimleitung
HEIMSTE	7	5	heimste
HEIMWAERTS	10	5	heimwärts
HEIST	5	5	heist
HEITERER	8	5	heiterer
HEIZFLAECHE	11	5	Heizfläche
HEIZWERT	8	5	Heizwert
HELDENTATEN	11	5	Heldentaten
HELLEBARDE	10	5	Hellebarde
HELLGELBEN	10	5	hellgelben
HELLGRUENEN	11	5	hellgrünen
HELLT	5	5	hellt
HELLTE	6	5	hellte
HERALDIKER	10	5	Heraldiker
HERALDISCHE	11	5	heraldische
HERANKOMMEN	11	5	herankommen
HERERO	6	5	Herero
HERGEHOLT	9	5	hergeholt
HERRENTEAM	10	5	Herrenteam
HERRNHUTER	10	5	Herrnhuter
HERRUEHREN	10	5	herrühren
HERSTELLBAR	11	5	herstellbar
HERTHANER	9	5	Herthaner
HERZLEIDEN	10	5	Herzleiden
HERZLICHEM	10	5	herzlichem
HESKETH	7	5	Hesketh
HEUHAUFEN	9	5	Heuhaufen
HEXAHYDRAT	10	5	Hexahydrat
HEXENSABBAT	11	5	Hexensabbat
HEXENSCHUSS	11	5	Hexenschuss
HIGHSCORE	9	5	Highscore
HILDENER	8	5	Hildener
HILFSFONDS	10	5	Hilfsfonds
HINAUSGING	10	5	hinausging
HINGEBEN	8	5	hingeben
HINKTE	6	5	hinkte
HINTERLASSE	11	5	hinterlasse
HINTERLEGTE	11	5	hinterlegte
HINTERMANN	10	5	Hintermann
HINTERSTE	9	5	hinterste
HIRNOEDEM	9	5	Hirnödem
HIRNRINDE	9	5	Hirnrinde
HIRNSCHLAG	10	5	Hirnschlag
HIRSCHEN	8	5	Hirschen
HISTOGRAMM	10	5	Histogramm
HOBBIT	6	5	Hobbit
HOCHBLUETE	10	5	Hochblüte
HOCHCHOR	8	5	Hochchor
HOCHGEFUEHL	11	5	Hochgefühl
HOCHS	5	5	Hochs
HOCHSCHLOSS	11	5	Hochschloss
HOECHSTNOTE	11	5	Höchstnote
HOEFLICHE	9	5	höfliche
HOEHENRUDER	11	5	Höhenruder
HOERBAREN	9	5	hörbaren
HOERDER	7	5	Hörder
HOERENSAGEN	11	5	Hörensagen
HOERENSWERT	11	5	hörenswert
HOERFUNKS	9	5	Hörfunks
HOERSTURZ	9	5	Hörsturz
HOFBURG	7	5	Hofburg
HOFEINGANG	10	5	Hofeingang
HOFFAEHIG	9	5	hoffähig
HOFGUTES	8	5	Hofgutes
HOFGUTS	7	5	Hofguts
HOFMUSIKER	10	5	Hofmusiker
HOFRAUM	7	5	Hofraum
HOFSCHAFT	9	5	Hofschaft
HOKUSPOKUS	10	5	Hokuspokus
HOLME	5	5	Holme
HOLPRIGEN	9	5	holprigen
HOLZHAMMER	10	5	Holzhammer
HOLZKISTE	9	5	Holzkiste
HOLZKLOTZ	9	5	Holzklotz
HOLZKREUZE	10	5	Holzkreuze
HOLZPLATTE	10	5	Holzplatte
HOLZSTEG	8	5	Holzsteg
HOLZSTUECK	10	5	Holzstück
HOLZWERK	8	5	Holzwerk
HONIGTOPF	9	5	Honigtopf
HOOLIGAN	8	5	Hooligan
HORCHTE	7	5	horchte
HORIZONTEN	10	5	Horizonten
HORNBERG	8	5	Hornberg
HORRORFILMS	11	5	Horrorfilms
HORTPLAETZE	11	5	Hortplätze
HOSENBUND	9	5	Hosenbund
HOSPICE	7	5	Hospice
HOTELBAR	8	5	Hotelbar
HOTELGAST	9	5	Hotelgast
HUELSER	7	5	Hülser
HUERDENLAUF	11	5	Hürdenlauf
HUETCHEN	8	5	Hütchen
HULDIGEN	8	5	huldigen
HUMUS	5	5	Humus
HUNDEDAME	9	5	Hundedame
HUNGERS	7	5	Hungers
HUSSITEN	8	5	Hussiten
HYGROMETER	10	5	Hygrometer
HYPERION	8	5	Hyperion
HYPOPHYSE	9	5	Hypophyse
IDEALISTEN	10	5	Idealisten
IDEALLINIE	10	5	Ideallinie
IDEELLER	8	5	ideeller
IDEENGEBER	10	5	Ideengeber
IDEENLEHRE	10	5	Ideenlehre
IDOLE	5	5	Idole
ILLUSTRE	8	5	illustre
IMBISSBUDEN	11	5	Imbissbuden
IMPLOSION	9	5	Implosion
IMPORTWARE	10	5	Importware
IMPULSARMEN	11	5	impulsarmen
INDIFFERENT	11	5	indifferent
INDUZIERTEN	11	5	induzierten
INFINITY	8	5	Infinity
INFORMELL	9	5	informell
INITIALE	8	5	initiale
INKLUDIERT	10	5	inkludiert
INNENHOEFEN	11	5	Innenhöfen
INNENSCHALE	11	5	Innenschale
INNENSEITEN	11	5	Innenseiten
INNENTEIL	9	5	Innenteil
INNERLICHEN	11	5	innerlichen
INNIGEN	7	5	innigen
INNIGKEIT	9	5	Innigkeit
INNTAL	6	5	Inntal
INSELLAGE	9	5	Insellage
INSELSPITAL	11	5	Inselspital
INSERIERT	9	5	inseriert
INSTABILER	10	5	instabiler
INSTALLER	9	5	Installer
INSTRUIERT	10	5	instruiert
INTERDIKT	9	5	Interdikt
INTERIEURS	10	5	Interieurs
INTERNISTEN	11	5	Internisten
INTOLERANT	10	5	intolerant
INTRIGIERT	10	5	intrigiert
IRGENDWOHIN	11	5	irgendwohin
IRREPARABLE	11	5	irreparable
IRRTUMS	7	5	Irrtums
ISTITUTO	8	5	Istituto
JAEGERHOF	9	5	Jägerhof
JAEGERIN	8	5	Jägerin
JAEHE	5	5	jähe
JAGDHUNDE	9	5	Jagdhunde
JAGENDE	7	5	jagende
JAHRBUCHS	9	5	Jahrbuchs
JAHRESKARTE	11	5	Jahreskarte
JAHRESRINGE	11	5	Jahresringe
JAHRGAENGER	11	5	Jahrgänger
JAZZCLUBS	9	5	Jazzclubs
JEWEILIG	8	5	jeweilig
JOBMASCHINE	11	5	Jobmaschine
JOINTS	6	5	Joints
JOLLEN	6	5	Jollen
JORDANIER	9	5	Jordanier
JOURNALE	8	5	Journale
JOURNALEN	9	5	Journalen
JUDAEA	6	5	Judäa
JUENGEREM	9	5	jüngerem
JUGENDSPORT	11	5	Jugendsport
JUICE	5	5	Juice
KAEHNE	6	5	Kähne
KAEMME	6	5	Kämme
KAEMPFENDE	10	5	kämpfende
KAENGURU	8	5	Känguru
KAIROER	7	5	Kairoer
KAISERHAUS	10	5	Kaiserhaus
KAISERKRONE	11	5	Kaiserkrone
KAISERTUMS	10	5	Kaisertums
KALENDARIUM	11	5	Kalendarium
KALENDERN	9	5	Kalendern
KALIFAT	7	5	Kalifat
KALKIGEN	8	5	kalkigen
KAMERUNER	9	5	Kameruner
KAMIKAZE	8	5	Kamikaze
KAMPFPLATZ	10	5	Kampfplatz
KAMPFS	6	5	Kampfs
KANTONALER	10	5	kantonaler
KANTSTRASSE	11	5	Kantstraße
KARAWANEN	9	5	Karawanen
KARDIOLOGE	10	5	Kardiologe
KARENZZEIT	10	5	Karenzzeit
KARLSTRASSE	11	5	Karlstraße
KARRE	5	5	Karre
KARREE	6	5	Karree
KARSAMSTAG	10	5	Karsamstag
KARTENHAUS	10	5	Kartenhaus
KARTENLESER	11	5	Kartenleser
KARTIERTEN	10	5	kartierten
KARZINOME	9	5	Karzinome
KASACHEN	8	5	Kasachen
KASCHIERT	9	5	kaschiert
KASKADEN	8	5	Kaskaden
KASPISCHE	9	5	Kaspische
KASUS	5	5	Kasus
KATAMARAN	9	5	Katamaran
KATHARSIS	9	5	Katharsis
KAUFANREIZ	10	5	Kaufanreiz
KAUSALEN	8	5	kausalen
KAVALIER	8	5	Kavalier
KAVERNE	7	5	Kaverne
KEILER	6	5	Keiler
KEILRIEMEN	10	5	Keilriemen
KELLERDUELL	11	5	Kellerduell
KELLEREI	8	5	Kellerei
KELLYS	6	5	Kellys
KELTER	6	5	Kelter
KENTERT	7	5	kentert
KERNZONE	8	5	Kernzone
KERPENER	8	5	Kerpener
KEUSCHHEIT	10	5	Keuschheit
KICHERTE	8	5	kicherte
KIELWASSER	10	5	Kielwasser
KIFFER	6	5	Kiffer
KINDERSCHAR	11	5	Kinderschar
KINDERTAG	9	5	Kindertag
KINEMATIK	9	5	Kinematik
KINETISCHE	10	5	kinetische
KINOBESUCH	10	5	Kinobesuch
KINOCHARTS	10	5	Kinocharts
KINOFASSUNG	11	5	Kinofassung
KIPPER	6	5	Kipper
KIPPTEN	7	5	kippten
KIRCHENLIED	11	5	Kirchenlied
KIRCHHEIMER	11	5	Kirchheimer
KIRCHLEIN	9	5	Kirchlein
KIRCHWEIH	9	5	Kirchweih
KLADEN	6	5	Kladen
KLAERBECKEN	11	5	Klärbecken
KLAGEFLUT	9	5	Klageflut
KLAGELIED	9	5	Klagelied
KLAGEMAUER	10	5	Klagemauer
KLAMMEN	7	5	klammen
KLAMMERTE	9	5	klammerte
KLANGES	7	5	Klanges
KLARGEMACHT	11	5	klargemacht
KLARKOMMEN	10	5	klarkommen
KLAVIATUREN	11	5	Klaviaturen
KLEBRIG	7	5	klebrig
KLEINGRUPPE	11	5	Kleingruppe
KLEINKINDES	11	5	Kleinkindes
KLEINKRIEG	10	5	Kleinkrieg
KLEINLICH	9	5	kleinlich
KLEINSERIE	10	5	Kleinserie
KLICKRATE	9	5	Klickrate
KLIENTINNEN	11	5	Klientinnen
KLINGONEN	9	5	Klingonen
KLOPFTEN	8	5	klopften
KLOSTERBAU	10	5	Klosterbau
KLUBHAUS	8	5	Klubhaus
KLUBOBMANN	10	5	Klubobmann
KNABENCHOR	10	5	Knabenchor
KNACKIGE	8	5	knackige
KNACKTEN	8	5	knackten
KNALLHARTE	10	5	knallharte
KNALLHARTEN	11	5	knallharten
KNALLTRAUMA	11	5	Knalltrauma
KNECHTEN	8	5	Knechten
KNIEHOHE	8	5	kniehohe
KNIPST	6	5	knipst
KNOECHERNE	10	5	knöcherne
KNOELLCHEN	10	5	Knöllchen
KNORPEL	7	5	Knorpel
KNORRIGEN	9	5	knorrigen
KNURRTE	7	5	knurrte
KOCHENDEM	9	5	kochendem
KOCHERS	7	5	Kochers
KOCHKUNST	9	5	Kochkunst
KOCHTOPF	8	5	Kochtopf
KOEDERN	7	5	ködern
KOEPFT	6	5	köpft
KOESTLICHEN	11	5	köstlichen
KOFFEIN	7	5	Koffein
KOHLEABBAU	10	5	Kohleabbau
KOHLEGRUBE	10	5	Kohlegrube
KOJEN	5	5	Kojen
KOLCHOSE	8	5	Kolchose
KOLLEKTOREN	11	5	Kollektoren
KOLLOQUIEN	10	5	Kolloquien
KOMBIS	6	5	Kombis
KOMMANDEURS	11	5	Kommandeurs
KOMMTS	6	5	kommts
KOMPETENTES	11	5	kompetentes
KONKAVE	7	5	konkave
KONKAVEN	8	5	konkaven
KONKLAVE	8	5	Konklave
KONKUBINE	9	5	Konkubine
KONSORTIEN	10	5	Konsortien
KONSULS	7	5	Konsuls
KONTAKTES	9	5	Kontaktes
KONTAKTS	8	5	Kontakts
KONTRAERE	9	5	konträre
KOOPERIERE	10	5	kooperiere
KOPFSTOSS	9	5	Kopfstoß
KOPFZEILE	9	5	Kopfzeile
KOPILOT	7	5	Kopilot
KOREANERIN	10	5	Koreanerin
KORNS	5	5	Korns
KORSO	5	5	Korso
KORVETTEN	9	5	Korvetten
KOSENAMEN	9	5	Kosenamen
KOSMISCHER	10	5	kosmischer
KOSTENFALLE	11	5	Kostenfalle
KRABBELT	8	5	krabbelt
KRABBELTE	9	5	krabbelte
KRAEHE	6	5	Krähe
KRAENGUNG	9	5	Krängung
KRAFTFELDER	11	5	Kraftfelder
KRAKE	5	5	Krake
KRAMTE	6	5	kramte
KRANKHAFTER	11	5	krankhafter
KRAUTIGE	8	5	krautige
KREBSTIERE	10	5	Krebstiere
KREISBAUAMT	11	5	Kreisbauamt
KREISGRUPPE	11	5	Kreisgruppe
KREISKLINIK	11	5	Kreisklinik
KREISRUND	9	5	kreisrund
KREISRUNDEN	11	5	kreisrunden
KREUZALTAR	10	5	Kreuzaltar
KREUZENDE	9	5	kreuzende
KREUZZUEGEN	11	5	Kreuzzügen
KRIEGSENDES	11	5	Kriegsendes
KRIEGSZUG	9	5	Kriegszug
KRIMISERIE	10	5	Krimiserie
KRIMKRIEG	9	5	Krimkrieg
KROENTEN	8	5	krönten
KUBISCH	7	5	kubisch
KUBISMUS	8	5	Kubismus
KUEHLBOX	8	5	Kühlbox
KUESSCHEN	9	5	Küsschen
KUESSTEN	8	5	küssten
KUHHANDEL	9	5	Kuhhandel
KULTBILDER	10	5	Kultbilder
KULTPLATZ	9	5	Kultplatz
KULTURBUND	10	5	Kulturbund
KULTURELLEM	11	5	kulturellem
KUNDTUN	7	5	kundtun
KUNSTFREUND	11	5	Kunstfreund
KUNSTSTADT	10	5	Kunststadt
KUNSTSTIL	9	5	Kunststil
KUPFERDACH	10	5	Kupferdach
KUPFERSTICH	11	5	Kupferstich
KURIOSESTE	10	5	kurioseste
KURSAAL	7	5	Kursaal
KURSIERTE	9	5	kursierte
KURSINHALT	10	5	Kursinhalt
KURSZIELS	9	5	Kursziels
KUSCHELIG	9	5	kuschelig
KUVERT	6	5	Kuvert
KYRILLISCHE	11	5	kyrillische
LABILE	6	5	labile
LACOSTE	7	5	Lacoste
LADENDIEB	9	5	Ladendieb
LADENTHEKE	10	5	Ladentheke
LAEGER	6	5	Läger
LAEHMTE	7	5	lähmte
LAENGENGRAD	11	5	Längengrad
LAENGLICHER	11	5	länglicher
LAERMS	6	5	Lärms
LAESION	7	5	Läsion
LAESSIGKEIT	11	5	Lässigkeit
LAESTIGER	9	5	lästiger
LAEUTERUNG	10	5	Läuterung
LAGERKOSTEN	11	5	Lagerkosten
LAGONDA	7	5	Lagonda
LANCIERTE	9	5	lancierte
LANCIERUNG	10	5	Lancierung
LANDEPUNKT	10	5	Landepunkt
LANDER	6	5	Lander
LANDESPOKAL	11	5	Landespokal
LANDGASTHOF	11	5	Landgasthof
LANDHAUSES	10	5	Landhauses
LANDLAEUFIG	11	5	landläufig
LANDSFRAU	9	5	Landsfrau
LANDSTURM	9	5	Landsturm
LANGLEBIGEN	11	5	langlebigen
LAPSUS	6	5	Lapsus
LASAGNE	7	5	Lasagne
LASTE	5	5	laste
LASTERS	7	5	Lasters
LASTETEN	8	5	lasteten
LAUBENGANG	10	5	Laubengang
LAUFGANG	8	5	Laufgang
LAUFLAENGE	10	5	Lauflänge
LAUFSPIEL	9	5	Laufspiel
LAUNEN	6	5	Launen
LAUSCHER	8	5	Lauscher
LAUSIG	6	5	lausig
LAUTSPRACHE	11	5	Lautsprache
LAUTSTARKEN	11	5	lautstarken
LEBENSLAUFS	11	5	Lebenslaufs
LEBENSSINN	10	5	Lebenssinn
LEBENSTAG	9	5	Lebenstag
LEBENSWERT	10	5	lebenswert
LECHZT	6	5	lechzt
LEDERHAUT	9	5	Lederhaut
LEDERSESSEL	11	5	Ledersessel
LEDRIGE	7	5	ledrige
LEERSTELLE	10	5	Leerstelle
LEERSTELLEN	11	5	Leerstellen
LEERZEILE	9	5	Leerzeile
LEHRREICHER	11	5	lehrreicher
LEHRSAAL	8	5	Lehrsaal
LEHRTER	7	5	Lehrter
LEIBARZT	8	5	Leibarzt
LEIBWACHE	9	5	Leibwache
LEICHLINGER	11	5	Leichlinger
LEICHTERER	10	5	leichterer
LEIDS	5	5	Leids
LEIHMUTTER	10	5	Leihmutter
LEINEWEBER	10	5	Leineweber
LEINWAENDE	10	5	Leinwände
LEISESTE	8	5	leiseste
LEITGEDANKE	11	5	Leitgedanke
LEMMA	5	5	Lemma
LENAPE	6	5	Lenape
LENKERIN	8	5	Lenkerin
LENKSAEULE	10	5	Lenksäule
LENKWAFFEN	10	5	Lenkwaffen
LERNPHASE	9	5	Lernphase
LERNSTOFF	9	5	Lernstoff
LESBARE	7	5	lesbare
LESEGERAETE	11	5	Lesegeräte
LESENDE	7	5	lesende
LESEPROBE	9	5	Leseprobe
LESERAUM	8	5	Leseraum
LESERKREIS	10	5	Leserkreis
LETTE	5	5	Lette
LETZE	5	5	letze
LETZIGRUND	10	5	Letzigrund
LEUGNUNG	8	5	Leugnung
LEVITEN	7	5	Leviten
LICHTANLAGE	11	5	Lichtanlage
LIDERN	6	5	Lidern
LIDSCHLAG	9	5	Lidschlag
LIEBAEUGELN	11	5	liebäugeln
LIEBENDER	9	5	liebender
LIEBEVOLLER	11	5	liebevoller
LIEGST	6	5	liegst
LIFTEN	6	5	Liften
LIGAREFORM	10	5	Ligareform
LIGASYSTEM	10	5	Ligasystem
LIGATUR	7	5	Ligatur
LIMITIERTER	11	5	limitierter
LINDERT	7	5	lindert
LINDWURM	8	5	Lindwurm
LINIENFLUG	10	5	Linienflug
LINKSEITE	9	5	Linkseite
LINKSRUCK	9	5	Linksruck
LIZENTIAT	9	5	Lizentiat
LOBPREIS	8	5	Lobpreis
LOCKEREM	8	5	lockerem
LOCKERHEIT	10	5	Lockerheit
LOCKERTE	8	5	lockerte
LOECHRIG	8	5	löchrig
LOESBARE	8	5	lösbare
LOESBAREN	9	5	lösbaren
LOESUNGSWEG	11	5	Lösungsweg
LOGBUCH	7	5	Logbuch
LOHNES	6	5	Lohnes
LOKALTEIL	9	5	Lokalteil
LONGLIST	8	5	Longlist
LONGPLAYER	10	5	Longplayer
LOTHRINGER	10	5	Lothringer
LOYALER	7	5	loyaler
LOYALISTEN	10	5	Loyalisten
LUCKAUER	8	5	Luckauer
LUEFTETE	8	5	lüftete
LUFTBILDER	10	5	Luftbilder
LUFTBILDERN	11	5	Luftbildern
LUFTDICHTEN	11	5	luftdichten
LUFTRAUMS	9	5	Luftraums
LUFTSCHUTZ	10	5	Luftschutz
LUFTSIEG	8	5	Luftsieg
LUFTWEGE	8	5	Luftwege
LUFTZUG	7	5	Luftzug
LUTHERTUM	9	5	Luthertum
LUTTER	6	5	Lutter
LUXURIOESER	11	5	luxuriöser
LYRIKBAND	9	5	Lyrikband
LYRISCH	7	5	lyrisch
MACHBAREN	9	5	Machbaren
MACHTFAKTOR	11	5	Machtfaktor
MACHWERK	8	5	Machwerk
MADRAS	6	5	Madras
MAEANDERT	9	5	mäandert
MAEHRISCHEN	11	5	mährischen
MAGERER	7	5	magerer
MAHINDRA	8	5	Mahindra
MAHLMUEHLE	10	5	Mahlmühle
MAILING	7	5	Mailing
MAINOVA	7	5	Mainova
MAKEFILE	8	5	Makefile
MALSTIL	7	5	Malstil
MALTESISCHE	11	5	maltesische
MALWEISE	8	5	Malweise
MANDALAS	8	5	Mandalas
MANDIBELN	9	5	Mandibeln
MANNEN	6	5	Mannen
MARATHONS	9	5	Marathons
MARGINALE	9	5	marginale
MARIENFIGUR	11	5	Marienfigur
MARIONETTEN	11	5	Marionetten
MARKISE	7	5	Markise
MARKTNISCHE	11	5	Marktnische
MARKTRECHTE	11	5	Marktrechte
MARKTTREND	10	5	Markttrend
MARKUSPLATZ	11	5	Markusplatz
MARMORIERT	10	5	marmoriert
MARMORNEN	9	5	marmornen
MARSILIUS	9	5	Marsilius
MARTYRIUMS	10	5	Martyriums
MASSEINHEIT	11	5	Maßeinheit
MASTABA	7	5	Mastaba
MAUSERT	7	5	mausert
MAUSKLICKS	10	5	Mausklicks
MECHANIKERN	11	5	Mechanikern
MEDER	5	5	Meder
MEDIANE	7	5	mediane
MEDIENSTAR	10	5	Medienstar
MEEREIS	7	5	Meereis
MEERESTIEFE	11	5	Meerestiefe
MEGATREND	9	5	Megatrend
MEHRDEUTIG	10	5	mehrdeutig
MEHRMALIGE	10	5	mehrmalige
MEHRSPURIGE	11	5	mehrspurige
MEHRT	5	5	mehrt
MELANOM	7	5	Melanom
MELDEST	7	5	meldest
MELODIC	7	5	Melodic
MENHIRE	7	5	Menhire
MESSEHALLE	10	5	Messehalle
MESSENDEN	9	5	messenden
MESSSTRECKE	11	5	Messstrecke
METALLS	7	5	Metalls
METALLZAUN	10	5	Metallzaun
METAPHORIK	10	5	Metaphorik
METHODISTEN	11	5	Methodisten
METRISCHEN	10	5	metrischen
MIBRAG	6	5	Mibrag
MIDDLEWARE	10	5	Middleware
MIETDAUER	9	5	Mietdauer
MIETET	6	5	mietet
MIETFLAECHE	11	5	Mietfläche
MIKROCHIP	9	5	Mikrochip
MIKROKLIMA	10	5	Mikroklima
MILCHKUH	8	5	Milchkuh
MILCHMARKT	10	5	Milchmarkt
MILCHSTREIK	11	5	Milchstreik
MILESTONE	9	5	Milestone
MINARDI	7	5	Minardi
MINBARI	7	5	Minbari
MINDESTWERT	11	5	Mindestwert
MINERALISCH	11	5	mineralisch
MINIBAR	7	5	Minibar
MINIVAN	7	5	Minivan
MINOISCHE	9	5	minoische
MISSISSAUGA	11	5	Mississauga
MISSLICHE	9	5	missliche
MITGEKOCHT	10	5	mitgekocht
MITGEPRAEGT	11	5	mitgeprägt
MITGESUNGEN	11	5	mitgesungen
MITKAEMPFEN	11	5	mitkämpfen
MITNIMMT	8	5	mitnimmt
MITSPIELT	9	5	mitspielt
MITTELBAR	9	5	mittelbar
MITTELLANG	10	5	mittellang
MITTELLOSEN	11	5	mittellosen
MITZUMACHEN	11	5	mitzumachen
MOBILFUNKS	10	5	Mobilfunks
MOENCHTUM	9	5	Mönchtum
MOFAFAHRER	10	5	Mofafahrer
MOFAS	5	5	Mofas
MOHRENKOPF	10	5	Mohrenkopf
MONARCHIN	9	5	Monarchin
MONARCHS	8	5	Monarchs
MONATSPREIS	11	5	Monatspreis
MONATSRATEN	11	5	Monatsraten
MONDLICHT	9	5	Mondlicht
MONDSCHEIN	10	5	Mondschein
MONETAERE	9	5	monetäre
MONOGRAFIE	10	5	Monografie
MOORHUHN	8	5	Moorhuhn
MOPEDFAHRER	11	5	Mopedfahrer
MORALIST	8	5	Moralist
MORTALITAET	11	5	Mortalität
MOSTVIERTEL	11	5	Mostviertel
MOTHERBOARD	11	5	Motherboard
MOTORISCH	9	5	motorisch
MOTORKRAFT	10	5	Motorkraft
MUEDER	6	5	müder
MUEHLBACHER	11	5	Mühlbacher
MUEHSELIGE	10	5	mühselige
MUENZRECHT	10	5	Münzrecht
MUESSIG	7	5	müßig
MUEZZIN	7	5	Muezzin
MULLAHS	7	5	Mullahs
MUNDES	6	5	Mundes
MUNDSAUM	8	5	Mundsaum
MUNIZIPS	8	5	Munizips
MUROS	5	5	muros
MUSEN	5	5	Musen
MUSEUMSHOF	10	5	Museumshof
MUSIKLEBENS	11	5	Musiklebens
MUSKULAEREN	11	5	muskulären
MUSKULOESE	10	5	muskulöse
MUSTERT	7	5	mustert
MUTEN	5	5	muten
MUTIERTE	8	5	mutierte
MUTMASSUNG	10	5	Mutmaßung
MUTTERN	7	5	Muttern
NABBURG	7	5	Nabburg
NACHDENKT	9	5	nachdenkt
NACHGESEHEN	11	5	nachgesehen
NACHLESE	8	5	Nachlese
NACHLIEFERN	11	5	nachliefern
NACHRANGIG	10	5	nachrangig
NACHRUFE	8	5	Nachrufe
NACHSCHUSS	10	5	Nachschuß
NACHTARBEIT	11	5	Nachtarbeit
NACHTZUG	8	5	Nachtzug
NACHWEISES	10	5	Nachweises
NACHWIRKUNG	11	5	Nachwirkung
NACHZUAHMEN	11	5	nachzuahmen
NACKENLINIE	11	5	Nackenlinie
NAEHRWERT	9	5	Nährwert
NAEHT	5	5	näht
NAGAR	5	5	Nagar
NAHENDEN	8	5	nahenden
NAHESTAND	9	5	nahestand
NAHTLOSEN	9	5	nahtlosen
NAHTSTELLE	10	5	Nahtstelle
NALBACHER	9	5	Nalbacher
NARZISSMUS	10	5	Narzissmus
NATIV	5	5	nativ
NATIVEN	7	5	nativen
NATURGESETZ	11	5	Naturgesetz
NATURLAND	9	5	Naturland
NAUHEIMER	9	5	Nauheimer
NAZIZEIT	8	5	Nazizeit
NEBELS	6	5	Nebels
NEBENBAHN	9	5	Nebenbahn
NEBENTISCH	10	5	Nebentisch
NEBLIG	6	5	neblig
NEBULOES	8	5	nebulös
NEGIEREN	8	5	negieren
NEINSAGER	9	5	Neinsager
NEKROSE	7	5	Nekrose
NESSELTIERE	11	5	Nesseltiere
NETTOLOHN	9	5	Nettolohn
NEUANFANGS	10	5	Neuanfangs
NEUBEBAUUNG	11	5	Neubebauung
NEUEINSTIEG	11	5	Neueinstieg
NEUENGLAND	10	5	Neuengland
NEUERBAUTEN	11	5	neuerbauten
NEUGOTIK	8	5	Neugotik
NEULINGEN	9	5	Neulingen
NEUNKIRCHER	11	5	Neunkircher
NEURONALER	10	5	neuronaler
NEURONE	7	5	Neurone
NEUROSEN	8	5	Neurosen
NEUTRON	7	5	Neutron
NEWSGRUPPEN	11	5	Newsgruppen
NICKNAME	8	5	Nickname
NIERS	5	5	Niers
NIPPEL	6	5	Nippel
NISAN	5	5	Nisan
NISTHILFEN	10	5	Nisthilfen
NISTHOEHLE	10	5	Nisthöhle
NISTMULDE	9	5	Nistmulde
NIVELLIERT	10	5	nivelliert
NOERDLINGER	11	5	Nördlinger
NOMINALWERT	11	5	Nominalwert
NONVERBALEN	11	5	nonverbalen
NORDFRONT	9	5	Nordfront
NORDHORNER	10	5	Nordhorner
NORDLICHTER	11	5	Nordlichter
NORDSTRAND	10	5	Nordstrand
NORMALSPUR	10	5	Normalspur
NORMIERTE	9	5	normierte
NORSK	5	5	Norsk
NOTAERZTIN	10	5	Notärztin
NOTARZTES	9	5	Notarztes
NOTENSYSTEM	11	5	Notensystem
NOTITIA	7	5	Notitia
NOTKIRCHE	9	5	Notkirche
NOTORISCHEN	11	5	notorischen
NOUVEAU	7	5	Nouveau
NUDEL	5	5	Nudel
NUETZTEN	8	5	nützten
NUMEROLOGIE	11	5	Numerologie
OBERAERZTIN	11	5	Oberärztin
OBERLAEUFE	10	5	Oberläufe
OBERMEISTER	11	5	Obermeister
OBERSEE	7	5	Obersee
OBERWELT	8	5	Oberwelt
OBSERVER	8	5	Observer
ODERBRUCH	9	5	Oderbruch
ODYSSEY	7	5	Odyssey
OEDNIS	6	5	Ödnis
OEFFNENDE	9	5	öffnende
OELFILM	7	5	Ölfilm
OELMAERKTEN	11	5	Ölmärkten
OELSPUR	7	5	Ölspur
OELTANK	7	5	Öltank
OESTLICHES	10	5	östliches
OHLIGSER	8	5	Ohligser
OKTOGON	7	5	Oktogon
OKTOGONALEN	11	5	oktogonalen
OLYMPISCH	9	5	olympisch
ONTOLOGIE	9	5	Ontologie
OPELANER	8	5	Opelaner
OPERIERE	8	5	operiere
OPFERROLLE	10	5	Opferrolle
OPFERSCHUTZ	11	5	Opferschutz
ORANGEGELB	10	5	orangegelb
ORANGEROTE	10	5	orangerote
ORANJE	6	5	Oranje
ORATORIUMS	10	5	Oratoriums
ORBITAL	7	5	Orbital
ORDENSBURG	10	5	Ordensburg
ORDENSREGEL	11	5	Ordensregel
ORDERTE	7	5	orderte
ORGANISCHEM	11	5	organischem
ORGELSPIEL	10	5	Orgelspiel
ORQUESTA	8	5	Orquesta
ORTSANGABE	10	5	Ortsangabe
OSTALB	6	5	Ostalb
OSTALPEN	8	5	Ostalpen
OSTERNACHT	10	5	Osternacht
OSTFENSTER	10	5	Ostfenster
OSTFRIESE	9	5	Ostfriese
OSTKIRCHE	9	5	Ostkirche
OSTKIRCHEN	10	5	Ostkirchen
OSTKURVE	8	5	Ostkurve
OSTSACHSEN	10	5	Ostsachsen
OSTSEEBAD	9	5	Ostseebad
OSTTANGENTE	11	5	Osttangente
OTTOMOTOR	9	5	Ottomotor
OUSIA	5	5	ousia
OUTING	6	5	Outing
OVALEM	6	5	ovalem
OZONLOCH	8	5	Ozonloch
PACKEND	7	5	packend
PAGANEN	7	5	paganen
PAKETDIENST	11	5	Paketdienst
PAPSTTUMS	9	5	Papsttums
PARFUEMERIE	11	5	Parfümerie
PARFUMS	7	5	Parfums
PARIERTE	8	5	parierte
PARKHOTEL	9	5	Parkhotel
PARKSCHEIBE	11	5	Parkscheibe
PARKSTRASSE	11	5	Parkstraße
PAROCHIE	8	5	Parochie
PARTEILINIE	11	5	Parteilinie
PARTEILINKE	11	5	Parteilinke
PARTEITAGES	11	5	Parteitages
PARTEITAGS	10	5	Parteitags
PARTI	5	5	Parti
PARTNERSHIP	11	5	Partnership
PARTYRAUM	9	5	Partyraum
PARZELLAR	9	5	Parzellar
PASSIVER	8	5	passiver
PASSWORTES	10	5	Passwortes
PASTORALE	9	5	pastorale
PATENTIEREN	11	5	patentieren
PATRIOTISCH	11	5	patriotisch
PATZT	5	5	patzt
PAULSKIRCHE	11	5	Paulskirche
PEENE	5	5	Peene
PEITSCHT	8	5	peitscht
PEITSCHTE	9	5	peitschte
PELZBRANCHE	11	5	Pelzbranche
PERIHEL	7	5	Perihel
PERPLEX	7	5	perplex
PERVERSE	8	5	perverse
PERVERSION	10	5	Perversion
PFADANGABE	10	5	Pfadangabe
PFADES	6	5	Pfades
PFAENDUNG	9	5	Pfändung
PFARRBLATT	10	5	Pfarrblatt
PFERDEHOF	9	5	Pferdehof
PFERDEKOPF	10	5	Pferdekopf
PFIFFIGEN	9	5	pfiffigen
PFLEGLICH	9	5	pfleglich
PFLICHTSIEG	11	5	Pflichtsieg
PFLICHTTEIL	11	5	Pflichtteil
PFRIEMLICH	10	5	pfriemlich
PFRUENDE	8	5	Pfründe
PHILOLOGEN	10	5	Philologen
PHOTON	6	5	Photon
PHRASIERUNG	11	5	Phrasierung
PHYSIS	6	5	Physis
PIEPST	6	5	piepst
PIETAET	7	5	Pietät
PIKES	5	5	Pikes
PINKFARBENE	11	5	pinkfarbene
PIRATES	7	5	Pirates
PISANER	7	5	Pisaner
PISTENRAUPE	11	5	Pistenraupe
PITTORESKEN	11	5	pittoresken
PLANBAREN	9	5	planbaren
PLANETOID	9	5	Planetoid
PLASTISCHER	11	5	plastischer
PLATZARTIG	10	5	platzartig
PLATZMITTE	10	5	Platzmitte
PLAUDERT	8	5	plaudert
PLUSZEICHEN	11	5	Pluszeichen
POLEMISCH	9	5	polemisch
POLEMISCHEN	11	5	polemischen
POLIERTEM	9	5	poliertem
POLITBUEROS	11	5	Politbüros
POLITISIERT	11	5	politisiert
POLITUR	7	5	Politur
POLLINIEN	9	5	Pollinien
POLTERABEND	11	5	Polterabend
POLYGONALEM	11	5	polygonalem
PONGAU	6	5	Pongau
PONTEN	6	5	Ponten
PONTIFIKAT	10	5	Pontifikat
PONTONS	7	5	Pontons
POOLBAR	7	5	Poolbar
POROSITAET	10	5	Porosität
PORTMONEE	9	5	Portmonee
PORTOKASSE	10	5	Portokasse
PORTWEIN	8	5	Portwein
POSAUNIST	9	5	Posaunist
POSTAEMTERN	11	5	Postämtern
POSTDIENST	10	5	Postdienst
POSTEINGANG	11	5	Posteingang
POSTENS	7	5	Postens
POSTFACHS	9	5	Postfachs
POSTFAECHER	11	5	Postfächer
PRAECHTIGER	11	5	prächtiger
PRAEGNANT	9	5	prägnant
PRAELATEN	9	5	Prälaten
PRAESIDIERT	11	5	präsidiert
PRAEZESSION	11	5	Präzession
PRAEZISERE	10	5	präzisere
PRAXISNAHEN	11	5	praxisnahen
PRAXISZEIT	10	5	Praxiszeit
PREISGIBT	9	5	preisgibt
PREISLAGE	9	5	Preislage
PREISWERTES	11	5	preiswertes
PREKAERER	9	5	prekärer
PREKARIAT	9	5	Prekariat
PRESSEBUERO	11	5	Pressebüro
PREVIEWS	8	5	Previews
PRIESTERAMT	11	5	Priesteramt
PRIOREI	7	5	Priorei
PRISMEN	7	5	Prismen
PRIVATHAUS	10	5	Privathaus
PRIVATJET	9	5	Privatjet
PROBATES	8	5	probates
PROBESTUNDE	11	5	Probestunde
PROBLEMZONE	11	5	Problemzone
PROFUNDER	9	5	profunder
PROKURATOR	10	5	Prokurator
PROMOTEN	8	5	promoten
PROMOTET	8	5	promotet
PROMOVIEREN	11	5	promovieren
PROTESTANT	10	5	Protestant
PROVIDERS	9	5	Providers
PROVOKANTE	10	5	provokante
PROVOKATIV	10	5	provokativ
PROZESSIERT	11	5	prozessiert
PROZESSTAGE	11	5	Prozesstage
PRUEFERN	8	5	Prüfern
PRUEGELT	8	5	prügelt
PRUNKVOLLEN	11	5	prunkvollen
PSALTER	7	5	Psalter
PSYCHOPATH	10	5	Psychopath
PUENKTLICHE	11	5	pünktliche
PULLI	5	5	Pulli
PULSMESSER	10	5	Pulsmesser
PULVERFASS	10	5	Pulverfaß
PULVERS	7	5	Pulvers
PUNISCHEN	9	5	Punischen
PUNKTUELLEN	11	5	punktuellen
PUNKTWERT	9	5	Punktwert
PUTZKOLONNE	11	5	Putzkolonne
PYLONE	6	5	Pylone
PYROLYSE	8	5	Pyrolyse
PYTHAGORAS	10	5	Pythagoras
QUALLEN	7	5	Quallen
QUALVOLLEN	10	5	qualvollen
QUERENDEN	9	5	querenden
QUIRLIG	7	5	quirlig
QUIZFRAGEN	10	5	Quizfragen
QUOTIENTEN	10	5	Quotienten
QURAISCH	8	5	Quraisch
RABBINERS	9	5	Rabbiners
RADIALER	8	5	radialer
RADIOSHOWS	10	5	Radioshows
RADRENNBAHN	11	5	Radrennbahn
RADSPORTS	9	5	Radsports
RAEDCHEN	8	5	Rädchen
RAEUBERISCH	11	5	räuberisch
RAFFINESSE	10	5	Raffinesse
RAFFINIERT	10	5	raffiniert
RAGENDEN	8	5	ragenden
RAHMUNG	7	5	Rahmung
RANDSTEINE	10	5	Randsteine
RANGSTUFE	9	5	Rangstufe
RANKT	5	5	rankt
RAPPT	5	5	rappt
RAREN	5	5	raren
RARER	5	5	rarer
RASENDER	8	5	rasender
RASENPLATZ	10	5	Rasenplatz
RASTANLAGE	10	5	Rastanlage
RASTET	6	5	rastet
RATIONELLE	10	5	rationelle
RAUBMORD	8	5	Raubmord
RAUBTIER	8	5	Raubtier
RAUCHGAS	8	5	Rauchgas
RAUCHKAMMER	11	5	Rauchkammer
RAUFEREI	8	5	Rauferei
RAUMBEDARF	10	5	Raumbedarf
RAUMSCHAFT	10	5	Raumschaft
RAUSCHENDES	11	5	rauschendes
RAUSGEHOLT	10	5	rausgeholt
RCKGANG	7	5	Rckgang
REAKTIVEN	9	5	reaktiven
REBELLISCH	10	5	rebellisch
REBFLAECHE	10	5	Rebfläche
RECHNEREI	9	5	Rechnerei
RECHTSKLICK	11	5	Rechtsklick
RECHTSNORM	10	5	Rechtsnorm
RECHTSWEGES	11	5	Rechtsweges
RECYCELN	8	5	recyceln
RECYCELTEN	10	5	recycelten
REDIGIERTE	10	5	redigierte
REDUZIERTES	11	5	reduziertes
REELL	5	5	reell
REFERIEREN	10	5	referieren
REFORMATORS	11	5	Reformators
REFORMERN	9	5	Reformern
REGEM	5	5	regem
REGENBOGENS	11	5	Regenbogens
REGENTANZ	9	5	Regentanz
REGIONALEM	10	5	regionalem
REGISTERS	9	5	Registers
REGISTRATUR	11	5	Registratur
REGRESS	7	5	Regress
REGULATIV	9	5	Regulativ
REGULIERTEN	11	5	regulierten
REICHSGAU	9	5	Reichsgau
REICHSTAGES	11	5	Reichstages
REICHTUEMER	11	5	Reichtümer
REIFENDRUCK	11	5	Reifendruck
REINGELEGT	10	5	reingelegt
REINIGENDE	10	5	reinigende
REINLASSEN	10	5	reinlassen
REISEBUSSE	10	5	Reisebusse
REISEPASSES	11	5	Reisepasses
REISETASCHE	11	5	Reisetasche
REISFELD	8	5	Reisfeld
REITVEREIN	10	5	Reitverein
REITWEGE	8	5	Reitwege
REIZBAR	7	5	reizbar
REIZTHEMA	9	5	Reizthema
REKLAMIERT	10	5	reklamiert
REKORDFAHRT	11	5	Rekordfahrt
REKORDHOCHS	11	5	Rekordhochs
REKORDTEMPO	11	5	Rekordtempo
REKTORATS	9	5	Rektorats
REKTOREN	8	5	Rektoren
RENNSTALLS	10	5	Rennstalls
RENNUNFALL	10	5	Rennunfall
RENNVERLAUF	11	5	Rennverlauf
RENOVIERTES	11	5	renoviertes
RENTABLER	9	5	rentabler
REPLIKAT	8	5	Replikat
REPUBLICAN	10	5	Republican
REQUIRIERT	10	5	requiriert
RESERVATES	10	5	Reservates
RESERVATS	9	5	Reservats
RESOLUTE	8	5	resolute
RESTFEUCHTE	11	5	Restfeuchte
RESTSCHULD	10	5	Restschuld
RESTTIEF	8	5	Resttief
REVOLTIERT	10	5	revoltiert
REVOLUZZER	10	5	Revoluzzer
RHEINBACHER	11	5	Rheinbacher
RHEINEBENE	10	5	Rheinebene
RIECHENDEN	10	5	riechenden
RIESENGAUDI	11	5	Riesengaudi
RIESIGEM	8	5	riesigem
RIFUGIO	7	5	Rifugio
RINDERHERDE	11	5	Rinderherde
RINDERMARKT	11	5	Rindermarkt
RINGBAHN	8	5	Ringbahn
RINNSAL	7	5	Rinnsal
RITUELL	7	5	rituell
RITZE	5	5	Ritze
ROBOTIK	7	5	Robotik
ROCKMUSIKER	11	5	Rockmusiker
ROHENTWURF	10	5	Rohentwurf
ROHER	5	5	roher
ROHERTRAG	9	5	Rohertrag
ROHRRAHMEN	10	5	Rohrrahmen
ROHWARE	7	5	Rohware
ROLLFELD	8	5	Rollfeld
ROLLLADEN	9	5	Rollladen
ROMANISCH	9	5	romanisch
ROMULANER	9	5	Romulaner
RONDELL	7	5	Rondell
ROSAROT	7	5	rosarot
ROSSAU	6	5	Rossau
ROSTIG	6	5	rostig
ROTHENBAUM	10	5	Rothenbaum
ROTHIRSCH	9	5	Rothirsch
ROTKEHLCHEN	11	5	Rotkehlchen
ROTTON	6	5	Rotton
ROTWILD	7	5	Rotwild
ROUTINIERS	10	5	Routiniers
ROWDYS	6	5	Rowdys
RUCKARTIGE	10	5	ruckartige
RUCKSAECKE	10	5	Rucksäcke
RUDERERN	8	5	Ruderern
RUDERTEN	8	5	ruderten
RUDOLFPLATZ	11	5	Rudolfplatz
RUECKFLUSS	10	5	Rückfluss
RUECKSTAUS	10	5	Rückstaus
RUESTIGE	8	5	rüstige
RUFER	5	5	Rufer
RUFES	5	5	Rufes
RUHENDER	8	5	ruhender
RUHEPHASEN	10	5	Ruhephasen
RUHEPLAETZE	11	5	Ruheplätze
RUHERAUM	8	5	Ruheraum
RUHMESBLATT	11	5	Ruhmesblatt
RUNDSAEULEN	11	5	Rundsäulen
RUNDSTRECKE	11	5	Rundstrecke
RUTSCHIG	8	5	rutschig
SAALESTADT	10	5	Saalestadt
SACKEN	6	5	sacken
SAEFTEN	7	5	Säften
SAEGEWERKEN	11	5	Sägewerken
SAEGEWERKS	10	5	Sägewerks
SAENGERBUND	11	5	Sängerbund
SAETTIGT	8	5	sättigt
SAEUGETIER	10	5	Säugetier
SAEULENGANG	11	5	Säulengang
SAGENHAFT	9	5	sagenhaft
SAISONTOREN	11	5	Saisontoren
SALOONS	7	5	Saloons
SALZACH	7	5	Salzach
SALZES	6	5	Salzes
SAMMLERS	8	5	Sammlers
SANDTEN	7	5	sandten
SANDWUESTE	10	5	Sandwüste
SANITAET	8	5	Sanität
SATIRISCH	9	5	satirisch
SATTER	6	5	satter
SAUBERSTE	9	5	sauberste
SAUROPODEN	10	5	Sauropoden
SCHADHAFT	9	5	schadhaft
SCHAEFTE	8	5	Schäfte
SCHAERFTE	9	5	schärfte
SCHAETZCHEN	11	5	Schätzchen
SCHALK	6	5	Schalk
SCHALLENDES	11	5	schallendes
SCHANKRAUM	10	5	Schankraum
SCHARLACH	9	5	Scharlach
SCHATZTRUHE	11	5	Schatztruhe
SCHELLEN	8	5	Schellen
SCHELM	6	5	Schelm
SCHEMENHAFT	11	5	schemenhaft
SCHIENENBUS	11	5	Schienenbus
SCHLAEFER	9	5	Schläfer
SCHLAEGERN	10	5	Schlägern
SCHLAEGST	9	5	schlägst
SCHLAFF	7	5	schlaff
SCHLAFLOSEN	11	5	schlaflosen
SCHLAFSAAL	10	5	Schlafsaal
SCHLAGSAHNE	11	5	Schlagsahne
SCHLANKEREN	11	5	schlankeren
SCHLEIFER	9	5	Schleifer
SCHLEIFEREI	11	5	Schleiferei
SCHLENDRIAN	11	5	Schlendrian
SCHLITTERTE	11	5	schlitterte
SCHMECKTEN	10	5	schmeckten
SCHMERZVOLL	11	5	schmerzvoll
SCHNEID	7	5	Schneid
SCHNEIDEREI	11	5	Schneiderei
SCHNURLOSE	10	5	schnurlose
SCHOCKWELLE	11	5	Schockwelle
SCHOENSTEM	10	5	schönstem
SCHOEPFE	8	5	schöpfe
SCHOEPFTEN	10	5	schöpften
SCHONENDEN	10	5	schonenden
SCHOPPEN	8	5	Schoppen
SCHRILLER	9	5	schriller
SCHUBKARREN	11	5	Schubkarren
SCHUBSTE	8	5	schubste
SCHUHFABRIK	11	5	Schuhfabrik
SCHUHS	6	5	Schuhs
SCHUL	5	5	Schul
SCHULARBEIT	11	5	Schularbeit
SCHULBAU	8	5	Schulbau
SCHULBEZIRK	11	5	Schulbezirk
SCHULMUSEUM	11	5	Schulmuseum
SCHULRANZEN	11	5	Schulranzen
SCHULRAUM	9	5	Schulraum
SCHULSTUNDE	11	5	Schulstunde
SCHUND	6	5	Schund
SCHUSSES	8	5	Schusses
SCHWAERZE	9	5	Schwärze
SCHWAMMEN	9	5	schwammen
SCHWAMMIG	9	5	schwammig
SCHWANDEN	9	5	schwanden
SCHWANGEN	9	5	schwangen
SCHWEIGENDE	11	5	schweigende
SCHWEINCHEN	11	5	Schweinchen
SCHWEINEREI	11	5	Schweinerei
SCHWEISST	9	5	schweißt
SCHWELLWERK	11	5	Schwellwerk
SCHWELTE	8	5	schwelte
SCHWENKTEN	10	5	schwenkten
SCHWERMUT	9	5	Schwermut
SCHWERST	8	5	schwerst
SCHWUNGRAD	10	5	Schwungrad
SCOPE	5	5	Scope
SCOUTS	6	5	Scouts
SCRIPTS	7	5	Scripts
SECHSER	7	5	Sechser
SECHSFACH	9	5	sechsfach
SEEBUEHNE	9	5	Seebühne
SEGMENTIERT	11	5	segmentiert
SEGUNDA	7	5	Segunda
SEICHT	6	5	seicht
SEITENARM	9	5	Seitenarm
SEITENTEIL	10	5	Seitenteil
SEITLICHEM	10	5	seitlichem
SEKRETAERS	10	5	Sekretärs
SELBSTMORDE	11	5	Selbstmorde
SELBSTWERT	10	5	Selbstwert
SELTENEREN	10	5	selteneren
SELTSAMSTEN	11	5	seltsamsten
SEMINOLEN	9	5	Seminolen
SENDEZEITEN	11	5	Sendezeiten
SENIORS	7	5	Seniors
SENKTEN	7	5	senkten
SENKUNGEN	9	5	Senkungen
SEPARIERUNG	11	5	Separierung
SEPTEMBERS	10	5	Septembers
SERVETTE	8	5	Servette
SETZER	6	5	Setzer
SEXISTISCH	10	5	sexistisch
SEZIERT	7	5	seziert
SHOAH	5	5	Shoah
SHUTTLEBUS	10	5	Shuttlebus
SICHERERE	9	5	sicherere
SICHTET	7	5	sichtet
SICKERT	7	5	sickert
SICKERTEN	9	5	sickerten
SIEBTES	7	5	siebtes
SIECHTUM	8	5	Siechtum
SIEGCHANCEN	11	5	Siegchancen
SIEGELRING	10	5	Siegelring
SIEGELS	7	5	Siegels
SIEGERLISTE	11	5	Siegerliste
SIEGERZEIT	10	5	Siegerzeit
SIEKER	6	5	Sieker
SIGNIFIKANZ	11	5	Signifikanz
SILBERPREIS	11	5	Silberpreis
SILBERSEE	9	5	Silbersee
SILHOUETTEN	11	5	Silhouetten
SINFONIKER	10	5	Sinfoniker
SINGULAEREN	11	5	singulären
SINGVOEGEL	10	5	Singvögel
SINKENDEM	9	5	sinkendem
SINNFRAGE	9	5	Sinnfrage
SITZGRUPPE	10	5	Sitzgruppe
SITZHOEHE	9	5	Sitzhöhe
SIXPACK	7	5	Sixpack
SKALIERBAR	10	5	skalierbar
SKANDIEREN	10	5	skandieren
SKATEBOARD	10	5	Skateboard
SKIHUETTE	9	5	Skihütte
SKIPISTE	8	5	Skipiste
SKRUPELLOSE	11	5	skrupellose
SKURRILER	9	5	skurriler
SLIPANLAGE	10	5	Slipanlage
SLOPESTYLE	10	5	Slopestyle
SMARTE	6	5	smarte
SMETANAI	8	5	smetanai
SMOKING	7	5	Smoking
SOHNEMANN	9	5	Sohnemann
SOJABOHNE	9	5	Sojabohne
SOLARIEN	8	5	Solarien
SOLARMODULE	11	5	Solarmodule
SOLARPARK	9	5	Solarpark
SOLARZELLE	10	5	Solarzelle
SOLUTION	8	5	Solution
SOMMERKLEID	11	5	Sommerkleid
SOMMERNACHT	11	5	Sommernacht
SONDERKONTO	11	5	Sonderkonto
SONDERRECHT	11	5	Sonderrecht
SONDERSCHAU	11	5	Sonderschau
SONDERSEITE	11	5	Sonderseite
SONGTEXT	8	5	Songtext
SONNENDECK	10	5	Sonnendeck
SONNIGEM	8	5	sonnigem
SONNYBOY	8	5	Sonnyboy
SONSTIGER	9	5	sonstiger
SORGENFREIE	11	5	sorgenfreie
SORTIMENTE	10	5	Sortimente
SORTIMENTS	10	5	Sortiments
SOUNDKARTEN	11	5	Soundkarten
SOUVERAENS	10	5	Souveräns
SPAETEREM	9	5	späterem
SPANGE	6	5	Spange
SPANGEN	7	5	Spangen
SPANNER	7	5	Spanner
SPARKURSES	10	5	Sparkurses
SPARSAMEN	9	5	sparsamen
SPASSMACHER	11	5	Spaßmacher
SPAZIERTE	9	5	spazierte
SPAZIERTEN	10	5	spazierten
SPAZIERWEGE	11	5	Spazierwege
SPEERWURF	9	5	Speerwurf
SPENDABEL	9	5	spendabel
SPENDERIN	9	5	Spenderin
SPENDIERTE	10	5	spendierte
SPERRBEZIRK	11	5	Sperrbezirk
SPERRIG	7	5	sperrig
SPEZIELLERE	11	5	speziellere
SPIEGELE	8	5	spiegele
SPIEGELEI	9	5	Spiegelei
SPIELBARE	9	5	spielbare
SPIELCASINO	11	5	Spielcasino
SPIELERPASS	11	5	Spielerpass
SPIELFREIEN	11	5	spielfreien
SPIELJAHRES	11	5	Spieljahres
SPIELMOBIL	10	5	Spielmobil
SPIELPAUSE	10	5	Spielpause
SPIELSAISON	11	5	Spielsaison
SPIELSTEIN	10	5	Spielstein
SPIELSTEINE	11	5	Spielsteine
SPIELVEREIN	11	5	Spielverein
SPIRIDON	8	5	Spiridon
SPIRITUALS	10	5	Spirituals
SPITZBOGIG	10	5	spitzbogig
SPITZDACH	9	5	Spitzdach
SPITZENTRIO	11	5	Spitzentrio
SPITZGRABEN	11	5	Spitzgraben
SPLITT	6	5	Splitt
SPORTES	7	5	Sportes
SPORTGRUPPE	11	5	Sportgruppe
SPORTHILFE	10	5	Sporthilfe
SPORTJUGEND	11	5	Sportjugend
SPRACHTEST	10	5	Sprachtest
SPRECHERN	9	5	Sprechern
SPRECHZEIT	10	5	Sprechzeit
SPREIZER	8	5	Spreizer
SPRINGFORM	10	5	Springform
SPRINTERIN	10	5	Sprinterin
SPRITZDECKE	11	5	Spritzdecke
SPROESSLING	11	5	Sprössling
SPUERBARES	10	5	spürbares
SPULTE	6	5	spulte
SPURWECHSEL	11	5	Spurwechsel
STAATE	6	5	Staate
STAATSLIGA	10	5	Staatsliga
STACHELT	8	5	stachelt
STACHEN	7	5	stachen
STADTBILDES	11	5	Stadtbildes
STADTBUCH	9	5	Stadtbuch
STADTFLAGGE	11	5	Stadtflagge
STADTHAFEN	10	5	Stadthafen
STADTLAUF	9	5	Stadtlauf
STADTNETZ	9	5	Stadtnetz
STADTPARKS	10	5	Stadtparks
STADTRAETEN	11	5	Stadträten
STADTTOREN	10	5	Stadttoren
STAGNIERE	9	5	stagniere
STAHLSEKTOR	11	5	Stahlsektor
STAHLWERKE	10	5	Stahlwerke
STALLUNG	8	5	Stallung
STAMMBURG	9	5	Stammburg
STAMMENDES	10	5	stammendes
STAMMKNEIPE	11	5	Stammkneipe
STAMMWAPPEN	11	5	Stammwappen
STANDARTEN	10	5	Standarten
STANDBILDER	11	5	Standbilder
STAPELTEN	9	5	stapelten
STARKULT	8	5	Starkult
STARTENDEN	10	5	startenden
STARTGELDER	11	5	Startgelder
STARTPAKET	10	5	Startpaket
STARTUPS	8	5	Startups
STAUBBLATT	10	5	Staubblatt
STECKBRIEFE	11	5	Steckbriefe
STEHLAMPE	9	5	Stehlampe
STEHTS	6	5	stehts
STEIFF	6	5	Steiff
STEILSTUFE	10	5	Steilstufe
STEILUFER	9	5	Steilufer
STEILWAND	9	5	Steilwand
STEINDAMM	9	5	Steindamm
STEINGARTEN	11	5	Steingarten
STEINKREIS	10	5	Steinkreis
STEINMETZE	10	5	Steinmetze
STEINWUERFE	11	5	Steinwürfe
STELLEND	8	5	stellend
STEMMTE	7	5	stemmte
STEMMTEN	8	5	stemmten
STERBE	6	5	sterbe
STERBENS	8	5	Sterbens
STERNUM	7	5	Sternum
STETIGKEIT	10	5	Stetigkeit
STEUERAMT	9	5	Steueramt
STEUERRAD	9	5	Steuerrad
STICHKANAL	10	5	Stichkanal
STICKIG	7	5	stickig
STIEFKINDER	11	5	Stiefkinder
STIEFVATERS	11	5	Stiefvaters
STIERES	7	5	Stieres
STIFTERIN	9	5	Stifterin
STILLZEIT	9	5	Stillzeit
STILWANDEL	10	5	Stilwandel
STIMMIGE	8	5	stimmige
STIMMIGES	9	5	stimmiges
STIMMRECHTS	11	5	Stimmrechts
STINKENDEN	10	5	stinkenden
STIPPVISITE	11	5	Stippvisite
STOEHNTE	8	5	stöhnte
STOERFAKTOR	11	5	Störfaktor
STOERRISCH	10	5	störrisch
STOIKER	7	5	Stoiker
STOISCH	7	5	stoisch
STOLLENS	8	5	Stollens
STOSSWELLEN	11	5	Stoßwellen
STRAEHNE	8	5	Strähne
STRAFFT	7	5	strafft
STRAFLOS	8	5	straflos
STRAFRUNDEN	11	5	Strafrunden
STRAFWURF	9	5	Strafwurf
STREIKKASSE	11	5	Streikkasse
STREITWAGEN	11	5	Streitwagen
STRENGSTER	10	5	strengster
STRICKLAND	10	5	Strickland
STROHBALLEN	11	5	Strohballen
STROKES	7	5	Strokes
STROMNETZE	10	5	Stromnetze
STROMQUELLE	11	5	Stromquelle
STROMZUFUHR	11	5	Stromzufuhr
STUDIENFACH	11	5	Studienfach
STUERMUNG	9	5	Stürmung
STUNT	5	5	Stunt
STURMTIEF	9	5	Sturmtief
STURZHELM	9	5	Sturzhelm
SUBMISSION	10	5	Submission
SUBOPTIMAL	10	5	suboptimal
SUBVERSIVE	10	5	subversive
SUBWOOFER	9	5	Subwoofer
SUCHDIENSTE	11	5	Suchdienste
SUCHTRUPP	9	5	Suchtrupp
SUEDHAELFTE	11	5	Südhälfte
SUEDHAENGEN	11	5	Südhängen
SUEDOSTRAND	11	5	Südostrand
SUENDERIN	9	5	Sünderin
SULTANAT	8	5	Sultanat
SUPERMODEL	10	5	Supermodel
SUPPORTER	9	5	Supporter
SUPPORTERS	10	5	Supporters
SURREALE	8	5	surreale
SURREALEN	9	5	surrealen
SWINGERCLUB	11	5	Swingerclub
SYNTAKTISCH	11	5	syntaktisch
SYSOP	5	5	Sysop
SYSTEMISCH	10	5	systemisch
SZENENBILD	10	5	Szenenbild
TABUTHEMA	9	5	Tabuthema
TAELCHEN	8	5	Tälchen
TAELON	6	5	Taelon
TAEUBLINGE	10	5	Täublinge
TAFELRUNDE	10	5	Tafelrunde
TAGESTREND	10	5	Tagestrend
TAGHELL	7	5	taghell
TAIWANER	8	5	Taiwaner
TALBECKEN	9	5	Talbecken
TALSTRASSE	10	5	Talstraße
TAMILISCHEN	11	5	tamilischen
TANKLASTER	10	5	Tanklaster
TANKSTOPP	9	5	Tankstopp
TANKVOLUMEN	11	5	Tankvolumen
TANZLOKAL	9	5	Tanzlokal
TANZSPORT	9	5	Tanzsport
TAPES	5	5	Tapes
TARNKAPPE	9	5	Tarnkappe
TARNNAMEN	9	5	Tarnnamen
TARTANBAHN	10	5	Tartanbahn
TASCHENUHR	10	5	Taschenuhr
TATAREN	7	5	Tataren
TATKRAFT	8	5	Tatkraft
TATNACHT	8	5	Tatnacht
TATORTEN	8	5	Tatorten
TATTOOS	7	5	Tattoos
TAUCHERS	8	5	Tauchers
TAUCHGANGS	10	5	Tauchgangs
TEAMER	6	5	Teamer
TEAMNAME	8	5	Teamname
TECHNIKUM	9	5	Technikum
TEEKUECHE	9	5	Teeküche
TEENAGERS	9	5	Teenagers
TEGELER	7	5	Tegeler
TEILORT	7	5	Teilort
TEILZUHABEN	11	5	teilzuhaben
TELEMEDIZIN	11	5	Telemedizin
TELEPORTER	10	5	Teleporter
TEMPORAERES	11	5	temporäres
TEMPOREICHE	11	5	temporeiche
TENNISCLUBS	11	5	Tennisclubs
TENNISPROFI	11	5	Tennisprofi
TERABYTE	8	5	Terabyte
TERMINDRUCK	11	5	Termindruck
TERRANER	8	5	Terraner
TERRORAKTE	10	5	Terrorakte
TERRORISTIN	11	5	Terroristin
TESTAT	6	5	Testat
TESTFALL	8	5	Testfall
TESTSERIE	9	5	Testserie
TESTUNG	7	5	Testung
TETRA	5	5	Tetra
TETRAEDER	9	5	Tetraeder
TETRAEDERS	10	5	Tetraeders
TEXTS	5	5	Texts
THALBACH	8	5	Thalbach
THEATERBAU	10	5	Theaterbau
THEMENABEND	11	5	Themenabend
THEMENFELD	10	5	Themenfeld
THEMENWAHL	10	5	Themenwahl
THEMES	6	5	Themes
THEOLOGIN	9	5	Theologin
THERMALBAD	10	5	Thermalbad
THRONE	6	5	Throne
TIBIEN	6	5	Tibien
TIEBREAK	8	5	Tiebreak
TIEFSCHWARZ	11	5	tiefschwarz
TIERFREUND	10	5	Tierfreund
TIERREICH	9	5	Tierreich
TIMEOUT	7	5	Timeout
TIPPE	5	5	tippe
TIPPSPIEL	9	5	Tippspiel
TISCHBEIN	9	5	Tischbein
TISCHMITTE	10	5	Tischmitte
TITELLOS	8	5	titellos
TITELZEILE	10	5	Titelzeile
TITRATION	9	5	Titration
TITULIERTEN	11	5	titulierten
TOBENDEN	8	5	tobenden
TODSUENDE	9	5	Todsünde
TOEDLICHEM	10	5	tödlichem
TOKEN	5	5	Token
TOLERANTE	9	5	tolerante
TONTRAEGERS	11	5	Tonträgers
TORBOEGEN	9	5	Torbögen
TORHAUSES	9	5	Torhauses
TORIES	6	5	Tories
TORNEO	6	5	Torneo
TORPFOSTEN	10	5	Torpfosten
TORREIGEN	9	5	Torreigen
TORSCHUESSE	11	5	Torschüsse
TOSENDEN	8	5	tosenden
TOTENMASKE	10	5	Totenmaske
TOTENRUHE	9	5	Totenruhe
TOXISCH	7	5	toxisch
TRACKING	8	5	Tracking
TRACKLIST	9	5	Tracklist
TRACKLISTE	10	5	Trackliste
TRADIERTEN	10	5	tradierten
TRAGEZEIT	9	5	Tragezeit
TRAINEES	8	5	Trainees
TRAMBAHN	8	5	Trambahn
TRAMWAY	7	5	Tramway
TRAUERZEIT	10	5	Trauerzeit
TRECKER	7	5	Trecker
TREFFSICHER	11	5	treffsicher
TREIBLADUNG	11	5	Treibladung
TRENDSETTER	11	5	Trendsetter
TRENNLINIE	10	5	Trennlinie
TRIATHLETEN	11	5	Triathleten
TRIBUNALS	9	5	Tribunals
TRIFORIUM	9	5	Triforium
TRIKOLORE	9	5	Trikolore
TRIVIALNAME	11	5	Trivialname
TROCKENRAUM	11	5	Trockenraum
TROESTETE	9	5	tröstete
TROMMELT	8	5	trommelt
TROSTES	7	5	Trostes
TRUDELTE	8	5	trudelte
TRUEBTEN	8	5	trübten
TRUMPFKARTE	11	5	Trumpfkarte
TRUMPFTE	8	5	trumpfte
TRUMPFTEN	9	5	trumpften
TRUTHAHN	8	5	Truthahn
TUERMTEN	8	5	türmten
TUETCHEN	8	5	Tütchen
TUGENDHAFT	10	5	tugendhaft
TULPE	5	5	Tulpe
TUMULTE	7	5	Tumulte
TUNLICHST	9	5	tunlichst
TUNTEN	6	5	Tunten
TURKEY	6	5	Turkey
TURMARTIGEN	11	5	turmartigen
TURMBAU	7	5	Turmbau
TURNBETRIEB	11	5	Turnbetrieb
TURNSTUNDE	10	5	Turnstunde
TYPES	5	5	Types
TYPISIERT	9	5	typisiert
TYPOLOGISCH	11	5	typologisch
UEBELSTEN	9	5	übelsten
UEBERDECKEN	11	5	überdecken
UEBERHAENGE	11	5	Überhänge
UEBERHITZT	10	5	überhitzt
UEBERLEBENS	11	5	Überlebens
UEBERLINGER	11	5	Überlinger
UEBERMENSCH	11	5	Übermensch
UEBERPRUEFE	11	5	überprüfe
UEBERRENNEN	11	5	überrennen
UEBERROLLTE	11	5	überrollte
UEBERTREIBE	11	5	übertreibe
UEBERVOLL	9	5	übervoll
UEBERWIEGE	10	5	überwiege
UEBERZOG	8	5	überzog
UETERSENER	10	5	Uetersener
UFERWEG	7	5	Uferweg
UHRMACHERS	10	5	Uhrmachers
UMBAUTE	7	5	umbaute
UMBAUZEIT	9	5	Umbauzeit
UMBENANNTEN	11	5	umbenannten
UMBESETZT	9	5	umbesetzt
UMBESETZUNG	11	5	Umbesetzung
UMBETTUNG	9	5	Umbettung
UMERZIEHUNG	11	5	Umerziehung
UMGAENGLICH	11	5	umgänglich
UMGEDACHT	9	5	umgedacht
UMGEFAHREN	10	5	umgefahren
UMGELENKT	9	5	umgelenkt
UMGEPUMPT	9	5	umgepumpt
UMGESCHAUT	10	5	umgeschaut
UMGESEHEN	9	5	umgesehen
UMGESTOSSEN	11	5	umgestoßen
UMGINGEN	8	5	umgingen
UMHUELLEN	9	5	umhüllen
UMKLAMMERTE	11	5	umklammerte
UMLANDS	7	5	Umlands
UMMANTELUNG	11	5	Ummantelung
UMSCHIFFT	9	5	umschifft
UMSCHLAGS	9	5	Umschlags
UMSCHREIBT	10	5	umschreibt
UMSETZBARE	10	5	umsetzbare
UMSETZTEN	9	5	umsetzten
UMSICHTIG	9	5	umsichtig
UMSPANNT	8	5	umspannt
UMSPUELT	8	5	umspült
UMSTELLTE	9	5	umstellte
UMTAUSCHEN	10	5	umtauschen
UMTRUNK	7	5	Umtrunk
UNBEDINGTES	11	5	unbedingtes
UNBEMERKTEN	11	5	unbemerkten
UNBEQUEMEN	10	5	unbequemen
UNBETEILIGT	11	5	unbeteiligt
UNBEWACHTEN	11	5	unbewachten
UNBEZAHLT	9	5	unbezahlt
UNBEZAHLTEN	11	5	unbezahlten
UNBILLIG	8	5	unbillig
UNDERDOG	8	5	Underdog
UNFAIREN	8	5	unfairen
UNFALLWAGEN	11	5	Unfallwagen
UNGEAHNTER	10	5	ungeahnter
UNGEDECKTE	10	5	ungedeckte
UNGEFRAGT	9	5	ungefragt
UNGENANNT	9	5	ungenannt
UNGENUTZTEN	11	5	ungenutzten
UNGESUNDEN	10	5	ungesunden
UNGLAUBEN	9	5	Unglauben
UNGLEICHUNG	11	5	Ungleichung
UNGUTE	6	5	ungute
UNHALTBARER	11	5	unhaltbarer
UNHANDLICH	10	5	unhandlich
UNHEILVOLLE	11	5	unheilvolle
UNITARY	7	5	Unitary
UNKONKRET	9	5	unkonkret
UNLESERLICH	11	5	unleserlich
UNLIEBSAMEN	11	5	unliebsamen
UNSCHAERFER	11	5	unschärfer
UNSINNIGEN	10	5	unsinnigen
UNSTRUT	7	5	Unstrut
UNTEILBAR	9	5	unteilbar
UNTERBIETEN	11	5	unterbieten
UNTERBRUCH	10	5	Unterbruch
UNTERDECK	9	5	Unterdeck
UNTERGING	9	5	unterging
UNTERGRAEBT	11	5	untergräbt
UNTERHAUSES	11	5	Unterhauses
UNTERHOEHLT	11	5	unterhöhlt
UNTERKLASSE	11	5	Unterklasse
UNTERRAND	9	5	Unterrand
UNTERWARFEN	11	5	unterwarfen
UNTERWESER	10	5	Unterweser
UNTERWIRFT	10	5	unterwirft
UNTYPISCHE	10	5	untypische
UNTYPISCHES	11	5	untypisches
UNUMWUNDEN	10	5	unumwunden
UNVERBLUEMT	11	5	unverblümt
UNVERZWEIGT	11	5	unverzweigt
UNWAEHLBAR	10	5	unwählbar
UNWUERDIGE	10	5	unwürdige
URADEL	6	5	Uradel
URBANISIERT	11	5	urbanisiert
URFORM	6	5	Urform
URVATER	7	5	Urvater
URWAHL	6	5	Urwahl
URZUSTAND	9	5	Urzustand
UTILITY	7	5	Utility
VAMPIREN	8	5	Vampiren
VANITY	6	5	Vanity
VARELER	7	5	Vareler
VARIIERBAR	10	5	variierbar
VATERFIGUR	10	5	Vaterfigur
VEDANTA	7	5	Vedanta
VERARSCHEN	10	5	verarschen
VERARSCHUNG	11	5	Verarschung
VERBAUEN	8	5	verbauen
VERBINDER	9	5	Verbinder
VERBOTENER	10	5	verbotener
VERBRIEFTEN	11	5	verbrieften
VERCHROMTE	10	5	verchromte
VERDAMPFTE	10	5	verdampfte
VERDENER	8	5	Verdener
VERDICKTE	9	5	verdickte
VERDICKUNG	10	5	Verdickung
VERDIENSTEN	11	5	Verdiensten
VERDREHTE	9	5	verdrehte
VERDREHUNG	10	5	Verdrehung
VERDRUSS	8	5	Verdruss
VERDUESTERT	11	5	verdüstert
VEREDLUNG	9	5	Veredlung
VEREHELICHT	11	5	verehelicht
VEREISTE	8	5	vereiste
VERENGTE	8	5	verengte
VERFEHLUNG	10	5	Verfehlung
VERFEINDETE	11	5	verfeindete
VERFING	7	5	verfing
VERFLACHT	9	5	verflacht
VERFLIEGT	9	5	verfliegt
VERFREMDET	10	5	verfremdet
VERFUEHRER	10	5	Verführer
VERGEBLICHE	11	5	vergebliche
VERGITTERT	10	5	vergittert
VERGITTERTE	11	5	vergitterte
VERGNUEGTE	10	5	vergnügte
VERGOLDETER	11	5	vergoldeter
VERGRAEBT	9	5	vergräbt
VERGRAULT	9	5	vergrault
VERHUETTUNG	11	5	Verhüttung
VERITAS	7	5	Veritas
VERKAUFTER	10	5	verkaufter
VERKEILTEN	10	5	verkeilten
VERKETTET	9	5	verkettet
VERKLEBUNG	10	5	Verklebung
VERKNEIFEN	10	5	verkneifen
VERKOMMENEN	11	5	verkommenen
VERKRATZT	9	5	verkratzt
VERLEGERIN	10	5	Verlegerin
VERLEITEN	9	5	verleiten
VERLETZTES	10	5	verletztes
VERLOBEN	8	5	verloben
VERLOGENE	9	5	verlogene
VERLUSTIG	9	5	verlustig
VERMOCHTEN	10	5	vermochten
VERNAEHT	8	5	vernäht
VERNEHMBAR	10	5	vernehmbar
VERNEIGT	8	5	verneigt
VERNEIGUNG	10	5	Verneigung
VERNIMMT	8	5	vernimmt
VERPAARUNG	10	5	Verpaarung
VERPENNT	8	5	verpennt
VERPFLEGT	9	5	verpflegt
VERPULVERT	10	5	verpulvert
VERPUTZTER	10	5	verputzter
VERRANNT	8	5	verrannt
VERRICHTETE	11	5	verrichtete
VERRISSEN	9	5	verrissen
VERSA	5	5	versa
VERSAHEN	8	5	versahen
VERSANDET	9	5	versandet
VERSCHALUNG	11	5	Verschalung
VERSCHNUPFT	11	5	verschnupft
VERSENKTEN	10	5	versenkten
VERSEUCHTEN	11	5	verseuchten
VERSICKERN	10	5	versickern
VERSIEGELN	10	5	versiegeln
VERSORGERN	10	5	Versorgern
VERSPERRTEN	11	5	versperrten
VERSPIELTER	11	5	verspielter
VERSPOTTEN	10	5	verspotten
VERSTEIFT	9	5	versteift
VERSTEIFUNG	11	5	Versteifung
VERSTELLUNG	11	5	Verstellung
VERSTOPFTE	10	5	verstopfte
VERSTRAHLT	10	5	verstrahlt
VERSUCHST	9	5	versuchst
VERTIKALES	10	5	vertikales
VERWARFEN	9	5	verwarfen
VERWERTETE	10	5	verwertete
VERWICKELN	10	5	verwickeln
VERWUNDBAR	10	5	verwundbar
VERZAGT	7	5	verzagt
VERZICHTS	9	5	Verzichts
VERZINSEN	9	5	verzinsen
VETERINAER	10	5	Veterinär
VIECHER	7	5	Viecher
VIELHEIT	8	5	Vielheit
VIELMALS	8	5	vielmals
VIERECKIG	9	5	viereckig
VIERERBOB	9	5	Viererbob
VIERTEILIGE	11	5	vierteilige
VIKARE	6	5	Vikare
VINETA	6	5	Vineta
VINTAGE	7	5	Vintage
VIOLETTER	9	5	violetter
VIRENSCHUTZ	11	5	Virenschutz
VIRULENT	8	5	virulent
VISUMS	6	5	Visums
VOGELPARK	9	5	Vogelpark
VOGELSBERG	10	5	Vogelsberg
VOGELSPINNE	11	5	Vogelspinne
VOJVODINA	9	5	Vojvodina
VOKABEL	7	5	Vokabel
VOLKSGARTEN	11	5	Volksgarten
VOLKSKULTUR	11	5	Volkskultur
VOLKSLAUF	9	5	Volkslauf
VOLKSLIEDES	11	5	Volksliedes
VOLKSTAENZE	11	5	Volkstänze
VOLKSWIRTEN	11	5	Volkswirten
VOLLFUEHREN	11	5	vollführen
VOLLTEXTE	9	5	Volltexte
VOLLZIEHE	9	5	vollziehe
VOLLZOGENE	10	5	vollzogene
VOLLZOGENEN	11	5	vollzogenen
VOLONTAERE	10	5	Volontäre
VORAUSSICHT	11	5	Voraussicht
VORBEIFLUG	10	5	Vorbeiflug
VORFINDEN	9	5	vorfinden
VORFLUTER	9	5	Vorfluter
VORGEFALLEN	11	5	vorgefallen
VORGEMERKT	10	5	vorgemerkt
VORGERUECKT	11	5	vorgerückt
VORGING	7	5	vorging
VORGRIFF	8	5	Vorgriff
VORHAT	6	5	vorhat
VORHERRSCHT	11	5	vorherrscht
VORKAMPF	8	5	Vorkampf
VORKOSTEN	9	5	Vorkosten
VORLAND	7	5	Vorland
VORLAUFS	8	5	Vorlaufs
VORMACHEN	9	5	vormachen
VORNIMMT	8	5	vornimmt
VORPLATZES	10	5	Vorplatzes
VORPRUEFUNG	11	5	Vorprüfung
VORRATSRAUM	11	5	Vorratsraum
VORREDE	7	5	Vorrede
VORSCHLAEGT	11	5	vorschlägt
VORSORGENDE	11	5	vorsorgende
VORSTOESSEN	11	5	Vorstößen
VORTEST	7	5	Vortest
VORZEITIGEM	11	5	vorzeitigem
WACHSTUBE	9	5	Wachstube
WACHTEN	7	5	wachten
WACHTUERME	10	5	Wachtürme
WAESSRIG	8	5	wässrig
WAFFENROCK	10	5	Waffenrock
WAGENPARK	9	5	Wagenpark
WAGGONBAU	9	5	Waggonbau
WAGHALSIGEN	11	5	waghalsigen
WAHLBEZIRKS	11	5	Wahlbezirks
WAHLNACHT	9	5	Wahlnacht
WAHLURNE	8	5	Wahlurne
WAHLVOLK	8	5	Wahlvolk
WAHRSAGERIN	11	5	Wahrsagerin
WAHRTEN	7	5	wahrten
WALDHORN	8	5	Waldhorn
WALDHUETTE	10	5	Waldhütte
WALDMEISTER	11	5	Waldmeister
WALDREICHEN	11	5	waldreichen
WALLSTRASSE	11	5	Wallstraße
WANDERLEBEN	11	5	Wanderleben
WANDERTOUR	10	5	Wandertour
WANDERVOGEL	11	5	Wandervogel
WANDUHR	7	5	Wanduhr
WANZE	5	5	Wanze
WASCHBAEREN	11	5	Waschbären
WASSERGLAS	10	5	Wasserglas
WASSERKUPPE	11	5	Wasserkuppe
WASSERMANN	10	5	Wassermann
WASSERNETZ	10	5	Wassernetz
WASSERPUMPE	11	5	Wasserpumpe
WASSERTURMS	11	5	Wasserturms
WASSERWAAGE	11	5	Wasserwaage
WEBADRESSE	10	5	Webadresse
WEBZINE	7	5	Webzine
WEGERECHT	9	5	Wegerecht
WEGGESTECKT	11	5	weggesteckt
WEGSTECKEN	10	5	wegstecken
WEHRTUERMEN	11	5	Wehrtürmen
WEHWEHCHEN	10	5	Wehwehchen
WEICHHEIT	9	5	Weichheit
WEIDENER	8	5	Weidener
WEILHEIMER	10	5	Weilheimer
WEINGUTES	9	5	Weingutes
WEINHEIMER	10	5	Weinheimer
WEINLAGEN	9	5	Weinlagen
WEINROTEN	9	5	weinroten
WEISSENSEER	11	5	Weißenseer
WEISSGRAU	9	5	weißgrau
WEIZENFELD	10	5	Weizenfeld
WEIZENPREIS	11	5	Weizenpreis
WELTERBES	9	5	Welterbes
WELTERFOLG	10	5	Welterfolg
WELTGRUPPE	10	5	Weltgruppe
WELTKONZERN	11	5	Weltkonzern
WELTWEITEM	10	5	weltweitem
WERBESPRUCH	11	5	Werbespruch
WERBUNGEN	9	5	Werbungen
WERKELN	7	5	werkeln
WERKGRUPPE	10	5	Werkgruppe
WERKSHALLE	10	5	Werkshalle
WERKSTOFFES	11	5	Werkstoffes
WERKZEUGS	9	5	Werkzeugs
WERTPAPIERS	11	5	Wertpapiers
WERTS	5	5	Werts
WERTSTOFFE	10	5	Wertstoffe
WESTBAHN	8	5	Westbahn
WESTGRAT	8	5	Westgrat
WESTHAFEN	9	5	Westhafen
WESTLER	7	5	Westler
WESTSCHWEIZ	11	5	Westschweiz
WETTBUERO	9	5	Wettbüro
WHITEPAPER	10	5	Whitepaper
WIDERRUFS	9	5	Widerrufs
WIDERSINNIG	11	5	widersinnig
WIEVIELTE	9	5	wievielte
WILDAUER	8	5	Wildauer
WILDFORM	8	5	Wildform
WILDKATZE	9	5	Wildkatze
WILDKATZEN	10	5	Wildkatzen
WILLIGTEN	9	5	willigten
WIRKSAMSTEN	11	5	wirksamsten
WOERTCHEN	9	5	Wörtchen
WOERTHER	8	5	Wörther
WOERTLICHEN	11	5	wörtlichen
WOHLGESINNT	11	5	wohlgesinnt
WOHNEINHEIT	11	5	Wohneinheit
WOHNFORM	8	5	Wohnform
WOHNORTES	9	5	Wohnortes
WOLFEN	6	5	Wolfen
WOLKENBRUCH	11	5	Wolkenbruch
WOLKENLOS	9	5	wolkenlos
WOLLDECKE	9	5	Wolldecke
WORTS	5	5	Worts
WUCHSFORM	9	5	Wuchsform
WUCHTIGEN	9	5	wuchtigen
WUERDEVOLL	10	5	würdevoll
WUERDEVOLLE	11	5	würdevolle
WUESTUNGEN	10	5	Wüstungen
WUHLHEIDE	9	5	Wuhlheide
WUNDERSAMEN	11	5	wundersamen
WURMS	5	5	Wurms
WURMT	5	5	wurmt
XEROX	5	5	Xerox
YELLOWSTONE	11	5	Yellowstone
ZAHLR	5	5	zahlr
ZAHNPASTA	9	5	Zahnpasta
ZAHNRADBAHN	11	5	Zahnradbahn
ZAHNSCHMELZ	11	5	Zahnschmelz
ZAUBERERS	9	5	Zauberers
ZAUNPFAHL	9	5	Zaunpfahl
ZEHNFACHEN	10	5	zehnfachen
ZEICHNERN	9	5	Zeichnern
ZEICHNERS	9	5	Zeichners
ZEITEPOCHE	10	5	Zeitepoche
ZEITFAKTOR	10	5	Zeitfaktor
ZEITRAFFER	10	5	Zeitraffer
ZEITSTRAFEN	11	5	Zeitstrafen
ZEITZONEN	9	5	Zeitzonen
ZEITZUENDER	11	5	Zeitzünder
ZELEBRIEREN	11	5	zelebrieren
ZELLKERNE	9	5	Zellkerne
ZELLKULTUR	10	5	Zellkultur
ZELLULAERE	10	5	zelluläre
ZELLULAEREN	11	5	zellulären
ZELTES	6	5	Zeltes
ZELTLAGERS	10	5	Zeltlagers
ZEMENTWERK	10	5	Zementwerk
ZERDRUECKT	10	5	zerdrückt
ZERHACKT	8	5	zerhackt
ZERKLUEFTET	11	5	zerklüftet
ZERLEGTE	8	5	zerlegte
ZERPLATZTE	10	5	zerplatzte
ZERREDET	8	5	zerredet
ZERRIEBEN	9	5	zerrieben
ZERSCHELLT	10	5	zerschellt
ZERSCHELLTE	11	5	zerschellte
ZERSIEDLUNG	11	5	Zersiedlung
ZERSTOERERS	11	5	Zerstörers
ZEUGENSTAND	11	5	Zeugenstand
ZEUGS	5	5	Zeugs
ZHLER	5	5	Zhler
ZICKENKRIEG	11	5	Zickenkrieg
ZICKZACK	8	5	Zickzack
ZIELANKUNFT	11	5	Zielankunft
ZIELBEREICH	11	5	Zielbereich
ZIERTEN	7	5	zierten
ZIMMERPREIS	11	5	Zimmerpreis
ZIMTBRAUNEN	11	5	zimtbraunen
ZIMTFARBEN	10	5	zimtfarben
ZIVILES	7	5	ziviles
ZOELLER	7	5	Zöller
ZOLLEN	6	5	zollen
ZOOLOGEN	8	5	Zoologen
ZUCKTEN	7	5	zuckten
ZUDRINGLICH	11	5	zudringlich
ZUECHTETE	9	5	züchtete
ZUECHTIGUNG	11	5	Züchtigung
ZUEGELLOSEN	11	5	zügellosen
ZUFLIESSEN	10	5	zufließen
ZUGAB	5	5	zugab
ZUGANGSWEG	10	5	Zugangsweg
ZUGEBAUT	8	5	zugebaut
ZUGEBUNDEN	10	5	zugebunden
ZUGEDACHTEN	11	5	zugedachten
ZUGEDREHT	9	5	zugedreht
ZUGEKLEBT	9	5	zugeklebt
ZUGEMUTET	9	5	zugemutet
ZUGENEIGT	9	5	zugeneigt
ZUGESTOSSEN	11	5	zugestoßen
ZUGETEILTEN	11	5	zugeteilten
ZUGEWANDTE	10	5	zugewandte
ZUGFAHRTEN	10	5	Zugfahrten
ZUGNUMMERN	10	5	Zugnummern
ZUGSEIL	7	5	Zugseil
ZUKAM	5	5	zukam
ZULAESSIGER	11	5	zulässiger
ZULIESSEN	9	5	zuließen
ZUMUTE	6	5	zumute
ZUORDNET	8	5	zuordnet
ZURUECKKAM	10	5	zurückkam
ZUSCHRIEB	9	5	zuschrieb
ZUSTEHEN	8	5	zustehen
ZUSTIEG	7	5	Zustieg
ZUSTIMMT	8	5	zustimmt
ZUZUEGE	7	5	Zuzüge
ZUZUGREIFEN	11	5	zuzugreifen
ZWANGSGELD	10	5	Zwangsgeld
ZWANGSJACKE	11	5	Zwangsjacke
ZWEIACHSIGE	11	5	zweiachsige
ZWEIFELND	9	5	zweifelnd
ZWEIGES	7	5	Zweiges
ZWEIMALIGEN	11	5	zweimaligen
ZWEISTUFIG	10	5	zweistufig
ZWEITEILIG	10	5	zweiteilig
ZWERGEN	7	5	Zwergen
ZWICKELN	8	5	Zwickeln
ZYTOKINE	8	5	Zytokine
